date,avg_gas_price_wei,gas_used_daily,gas_limit_per_block,block_time_sec,block_count,block_size_bytes,transaction_count,pol_usd,avg_gas_gwei,gas_used_per_block,utilization,gas_used_per_sec,gas_capacity_per_sec,gas_capacity_daily,transactions_per_sec,log_avg_gas_gwei,log_gas_used_per_sec,log_gas_capacity_per_sec,gas_limit_level_millions,block_time_level_sec,supply_state,supply_epoch_id,baseline_gwei,gas_price_to_baseline_ratio,gwei_above_baseline,is_spike_day,baseline_band,fee_state
2025-01-01 00:00:00+00:00,61213010029,526189971160,29989385,2.22,38990,58715,2869021,0.47,61.213010029,13495510.929982048,0.45000959272696145,6090161.703240741,13508731.981981982,1167154443243.2432,33.20626157407408,4.1305641423266755,15.622185355789094,16.418846921821313,30,2.0,30M/2s,1,,,,False,insufficient_history,insufficient_history
2025-01-02 00:00:00+00:00,90606330549,546736499381,29981642,2.26,38311,65350,3241823,0.48,90.606330549,14271005.700216647,0.47599146505106854,6327968.742835648,13266213.274336284,1146200826902.655,37.52109953703704,4.517500380088987,15.66049000694469,16.40073108108074,30,2.0,30M/2s,1,,,,False,insufficient_history,insufficient_history
2025-01-03 00:00:00+00:00,107250573106,569421641508,29992172,2.26,38245,75744,3164636,0.52,107.250573106,14888786.547470257,0.4964224180719642,6590528.258194445,13270872.566371683,1146603389734.5134,36.62773148148148,4.6844486611503395,15.701144215574685,16.40108223431287,30,2.0,30M/2s,1,,,,False,insufficient_history,insufficient_history
2025-01-04 00:00:00+00:00,66197841917,545553441753,29981194,2.22,38943,65738,3051381,0.52,66.197841917,14009024.516678222,0.4672603938548352,6314275.946215278,13505042.342342341,1166835658378.3782,35.31690972222222,4.2076411326830705,15.658323809383209,16.41857375455893,30,2.0,30M/2s,1,,,,False,insufficient_history,insufficient_history
2025-01-05 00:00:00+00:00,62281949271,518585783999,29979614,2.24,38511,64952,2841674,0.52,62.281949271,13465913.219573628,0.4491689992931073,6002150.2777662035,13383756.249999998,1156356539999.9998,32.88974537037037,4.147600126888255,15.607628509224334,16.40955238415616,30,2.0,30M/2s,1,,,,False,insufficient_history,insufficient_history
2025-01-06 00:00:00+00:00,135174697602,560188576687,29986120,2.31,37370,70292,3209906,0.52,135.174697602,14990328.517179556,0.4999089084276177,6483664.082025463,12981004.329004329,1121558774025.974,37.151689814814816,4.91393860261003,15.684796507515589,16.378997718398452,30,2.0,30M/2s,1,,,,False,insufficient_history,insufficient_history
2025-01-07 00:00:00+00:00,154657053320,581744228638,29994093,2.2,39203,66766,3185127,0.47,154.65705332,14839278.336810958,0.4947400255380604,6733150.794421297,13633678.636363635,1177949834181.818,36.864895833333335,5.047655211119505,15.722553912115304,16.428053733222583,30,2.0,30M/2s,1,,,,False,insufficient_history,insufficient_history
2025-01-08 00:00:00+00:00,117773309088,591426994242,29979342,2.15,40247,67767,3418724,0.46,117.773309088,14694933.64081795,0.49016865149401706,6845219.840763889,13943880.0,1204751232000.0,39.56856481481481,4.777216710709809,15.739061279261511,16.45055133200903,30,2.0,30M/2s,1,90.606330549,1.2998353246885774,27.166978539,False,middle_baseline,middle_baseline
2025-01-09 00:00:00+00:00,108027288768,581164700837,29949355,2.17,39827,66539,3446136,0.45,108.027288768,14592228.910964923,0.48723015607397635,6726443.296724537,13801546.082949309,1192453581566.8203,39.88583333333333,4.691598206565118,15.721557225705608,16.440291251303957,30,2.0,30M/2s,1,98.9284518275,1.0919739142018063,9.098836940500007,False,middle_baseline,middle_baseline
2025-01-10 00:00:00+00:00,114275140832,596810576644,29963592,2.17,39789,75753,3359447,0.46,114.275140832,14999386.178189952,0.5005870517189646,6907529.822268519,13808106.912442397,1193020437235.0232,38.88248842592593,4.747321799796643,15.748122797915032,16.440766507486455,30,2.0,30M/2s,1,107.250573106,1.0654967849827464,7.024567726000001,False,middle_baseline,middle_baseline
2025-01-11 00:00:00+00:00,65225825733,548812452979,29981916,2.15,40191,62627,3298148,0.46,65.225825733,13655108.182901645,0.4554448148978086,6351995.983553241,13945077.209302327,1204854670883.721,38.17300925925926,4.1930705036798726,15.66427980702758,16.450637187439785,30,2.0,30M/2s,1,107.638930937,0.6059687249325806,-42.413105204000004,False,middle_baseline,middle_baseline
2025-01-12 00:00:00+00:00,71992684814,518695572015,29993779,2.23,38696,61196,3026532,0.45,71.992684814,13404371.821764523,0.4469050672729343,6003420.972395834,13450125.112107623,1162090809686.0986,35.02930555555555,4.290359228099834,15.607840193349348,16.414499040333045,30,2.0,30M/2s,1,107.250573106,0.6712568775072817,-35.257888292000004,False,middle_baseline,middle_baseline
2025-01-13 00:00:00+00:00,174823240828,585103525460,29995421,2.15,40119,66981,3600617,0.44,174.823240828,14584200.141080286,0.4862142171993614,6772031.544675926,13951358.604651164,1205397383441.8606,41.67380787037037,5.169479176900179,15.728311827993835,16.451087524181478,30,2.0,30M/2s,1,98.9284518275,1.7671684697223056,75.8947890005,False,middle_baseline,middle_baseline
2025-01-14 00:00:00+00:00,65706001452,547226400188,29958167,2.17,39776,65252,3372931,0.46,65.706001452,13757703.142296862,0.459230471019701,6333638.891064815,13805606.912442397,1192804437235.0232,39.03855324074074,4.2002949256655135,15.661385651143515,16.440585438048156,30,2.0,30M/2s,1,107.250573106,0.6126400964502087,-41.54457165400001,False,middle_baseline,middle_baseline
2025-01-15 00:00:00+00:00,106945127956,564892540433,29988130,2.15,40256,64202,3394113,0.49,106.945127956,14032505.475780008,0.46793532893781664,6538108.106863426,13947967.441860465,1205104386976.7441,39.28371527777778,4.6816230235291645,15.693158554237085,16.450844424218513,30,2.0,30M/2s,1,98.9284518275,1.0810350913251785,8.016676128499995,False,middle_baseline,middle_baseline
2025-01-16 00:00:00+00:00,93708115944,590980754543,29973597,2.14,40286,64772,3461578,0.47,93.708115944,14669631.001911335,0.4894184372303175,6840055.02943287,14006353.738317756,1210148962990.654,40.06456018518519,4.550799698146046,15.738306481002738,16.455021694473444,30,2.0,30M/2s,1,107.097850531,0.8749766263224463,-13.389734587000007,False,middle_baseline,middle_baseline
2025-01-17 00:00:00+00:00,119434233591,604018434276,29983166,2.16,40026,73704,3288198,0.51,119.434233591,15090651.933143457,0.503304151841185,6990954.100416667,13881095.37037037,1199326640000.0,38.05784722222222,4.791103824611158,15.760127742989829,16.446038499143217,30,2.0,30M/2s,1,107.097850531,1.1151879612787294,12.336383059999989,False,middle_baseline,middle_baseline
2025-01-18 00:00:00+00:00,123705493342,607227474139,29989540,2.15,40142,67716,3607399,0.48,123.705493342,15126986.052986896,0.5044087389465426,7028095.765497685,13948623.255813954,1205161049302.3257,41.752303240740744,4.825954904177618,15.765426496762592,16.450891441713498,30,2.0,30M/2s,1,107.486208362,1.150896428734145,16.219284979999998,False,middle_baseline,middle_baseline
2025-01-19 00:00:00+00:00,329809817532,608877244694,29988480,2.14,40303,68457,3661234,0.44,329.809817532,15107491.866461555,0.5037765123961453,7047190.332106481,14013308.411214953,1210749846728.972,42.37539351851852,5.801543640859088,15.768139702800022,16.455518108206522,30,2.0,30M/2s,1,111.1512148,2.967217390520144,218.65860273200002,True,middle_baseline,spike_day
2025-01-20 00:00:00+00:00,507677674604,578912391380,29988895,2.26,38270,71976,3544232,0.44,507.677674604,15127054.909328455,0.5044218838116061,6700374.9002314815,13269422.566371683,1146478109734.5134,41.021203703703705,6.231814563710156,15.717674187299556,16.400972966508203,30,2.0,30M/2s,1,116.02422496,4.375617891686195,391.65344964400003,True,middle_baseline,spike_day
2025-01-21 00:00:00+00:00,201798595813,595717967551,29960557,2.19,39488,67685,3440239,0.45,201.798595813,15086050.636927674,0.5035303795229066,6894883.8836921295,13680619.634703197,1182005536438.3562,39.81758101851852,5.312213347694043,15.74629037344901,16.43149083716344,30,2.0,30M/2s,1,116.02422496,1.7392798433479835,85.774370853,False,middle_baseline,middle_baseline
2025-01-22 00:00:00+00:00,115611150658,585720752641,29971532,2.16,40065,65401,3455655,0.44,115.611150658,14619262.514439037,0.48777161322414336,6779175.377789352,13875709.259259257,1198861279999.9998,39.996006944444446,4.758844901059237,15.729366174335343,16.44565040614314,30,2.0,30M/2s,1,116.02422496,0.9964397581441082,-0.4130743019999983,False,middle_baseline,middle_baseline
2025-01-23 00:00:00+00:00,133571950448,600995523184,29989758,2.16,40025,67189,3795458,0.44,133.571950448,15015503.389981262,0.5006877144517559,6955966.703518518,13884147.222222222,1199590320000.0,43.92891203703704,4.9020990035772245,15.755110511478097,16.446258331664694,30,2.0,30M/2s,1,114.94314574500001,1.1620697309287826,18.628804702999986,False,middle_baseline,middle_baseline
2025-01-24 00:00:00+00:00,120113736702,606175489355,29978433,2.15,40203,74493,3597139,0.43,120.113736702,15077867.058552844,0.5029571445096161,7015920.0156828705,13943457.209302327,1204714702883.721,41.63355324074074,4.796730076842805,15.763692555228893,16.450521010672563,30,2.0,30M/2s,1,117.5226921245,1.022047185361914,2.5910445775,False,middle_baseline,middle_baseline
2025-01-25 00:00:00+00:00,69829287054,558973411648,29982846,2.15,40196,61851,3552004,0.43,69.829287054,13906194.936013533,0.46380503491941805,6469599.671851852,13945509.767441861,1204892043906.9768,41.111157407407404,4.260272574121198,15.682624944611254,16.45066820565456,30,2.0,30M/2s,1,119.7739851465,0.5830087975163323,-49.94469809249999,False,middle_baseline,middle_baseline
2025-01-26 00:00:00+00:00,77716907112,542432817796,29976898,2.16,40046,59968,3241320,0.43,77.716907112,13545243.414972782,0.4518560731324763,6278157.613379629,13878193.518518517,1199075919999.9998,37.515277777777776,4.365857962236364,15.652587281018631,16.445829426665533,30,2.0,30M/2s,1,119.7739851465,0.6488629982290526,-42.057078034499995,False,middle_baseline,middle_baseline
2025-01-27 00:00:00+00:00,121344344258,569301836497,29965356,2.15,40276,63039,3623126,0.42,121.344344258,14135014.31366074,0.4717118766638628,6589141.626122685,13937374.88372093,1204189189953.4885,41.934328703703706,4.806839562894607,15.700933795757098,16.45008470194108,30,2.0,30M/2s,1,119.7739851465,1.013111019972987,1.5703591115000108,False,middle_baseline,middle_baseline
2025-01-28 00:00:00+00:00,75187823880,519879340031,29987052,2.14,40338,59851,3411745,0.39,75.18782388,12888079.231270762,0.42978813760254797,6017121.991099537,14012641.121495327,1210692192897.1963,39.48778935185185,4.333201658323513,15.610119794595134,16.455470488790713,30,2.0,30M/2s,1,119.7739851465,0.6277475345588192,-44.5861612665,False,middle_baseline,middle_baseline
2025-01-29 00:00:00+00:00,70249412770,530798948403,29994835,2.14,40395,59954,3433549,0.39,70.24941277,13140214.095878202,0.43808255974330923,6143506.3472569445,14016278.037383176,1211006422429.9065,39.740150462962966,4.2661865772902345,15.630906366228976,16.455730000449236,30,2.0,30M/2s,1,119.7739851465,0.5865164516658217,-49.52457237649999,False,middle_baseline,middle_baseline
2025-01-30 00:00:00+00:00,65280321966,532555333778,30000581,2.17,39900,61665,3574283,0.41,65.280321966,13347251.473132832,0.44489976621228877,6163834.881689815,13825152.534562213,1194493178986.1753,41.3690162037037,4.193893050211018,15.634209849774013,16.442000210885126,30,2.0,30M/2s,1,119.7739851465,0.5450292222151014,-54.49366318049999,False,middle_baseline,middle_baseline
2025-01-31 00:00:00+00:00,72012586573,583839880750,29994486,2.17,39782,71573,3655091,0.41,72.012586573,14675981.11583128,0.4892893019013988,6757406.027199074,13822343.778801844,1194250502488.4792,42.30429398148148,4.290631845094196,15.726149798576985,16.4417970275274,30,2.0,30M/2s,1,119.7739851465,0.6012372927636893,-47.7613985735,False,middle_baseline,middle_baseline
2025-02-01 00:00:00+00:00,55187647664,571741148269,29973853,2.16,40069,61047,3729420,0.37,55.187647664,14268914.828645587,0.47604539959028913,6617374.401261574,13876783.796296295,1198954119999.9998,43.16458333333333,4.028696940286228,15.70520938423391,16.445727843291433,30,2.0,30M/2s,1,117.86244368,0.468237768884515,-62.674796015999995,False,middle_baseline,middle_baseline
2025-02-02 00:00:00+00:00,219927880471,602690998369,29982232,2.14,40454,60069,3494477,0.33,219.927880471,14898180.60930934,0.4969003178052034,6975590.258900463,14010388.785046728,1210497591028.0374,40.445335648148145,5.39783631554924,15.757927650380216,16.455309739842424,30,2.0,30M/2s,1,96.664028885,2.275178088559142,123.26385158600002,True,middle_baseline,spike_day
2025-02-03 00:00:00+00:00,957208032006,590993002855,29984394,2.21,39113,66073,3610831,0.34,957.208032006,15109886.811418198,0.5039250355174161,6840196.792303241,13567599.095022624,1172240561809.9548,41.79202546296296,6.865064906803788,15.738327206184042,16.42319516245081,30,2.0,30M/2s,1,96.664028885,9.902422266557695,860.5440031210001,True,middle_baseline,spike_day
2025-02-04 00:00:00+00:00,140309276711,603750343136,29994960,2.16,40054,64548,3583062,0.31,140.309276711,15073409.47560793,0.5025314077967742,6987851.193703704,13886555.555555554,1199798399999.9998,41.470625,4.950950940125678,15.759683798567584,16.44643177582887,30,2.0,30M/2s,1,96.664028885,1.4515148843829406,43.645247826,False,middle_baseline,middle_baseline
2025-02-05 00:00:00+00:00,80139534827,591099894281,29994493,2.19,39403,65984,3481370,0.31,80.139534827,15001393.149785548,0.5001382470370661,6841433.961585648,13696115.525114156,1183344381369.863,40.29363425925926,4.3961703247941575,15.738508057301454,16.432622885294332,30,2.0,30M/2s,1,96.664028885,0.8290522933028275,-16.524494057999988,False,middle_baseline,middle_baseline
2025-02-06 00:00:00+00:00,105623777735,577871173315,29983367,2.21,39145,66881,3668715,0.3,105.623777735,14762324.008557925,0.49235044244890597,6688323.765219907,13567134.389140273,1172200411221.7195,42.461979166666666,4.669306542533948,15.715873991960635,16.42316091071597,30,2.0,30M/2s,1,78.9282209695,1.3382257504044832,26.6955567655,False,low_baseline,low_baseline
2025-02-07 00:00:00+00:00,139241763441,585484239612,29986670,2.23,38766,75453,3351513,0.3,139.241763441,15103034.607955424,0.5036582790938582,6776437.958472222,13446937.219730942,1161815375784.7534,38.79065972222222,4.943367814984862,15.72896229457239,16.414261996442136,30,2.0,30M/2s,1,78.9282209695,1.7641568722904164,60.313542471499986,False,low_baseline,low_baseline
2025-02-08 00:00:00+00:00,76660178343,565607110300,29984645,2.25,38343,67116,3235262,0.31,76.660178343,14751248.214798007,0.491960075391855,6546378.591435186,13326508.888888888,1151410368000.0,37.445162037037036,4.352342620759808,15.694422720665578,16.405265834083778,30,2.0,30M/2s,1,78.9282209695,0.9712644907152229,-2.268042626500005,False,low_baseline,low_baseline
2025-02-09 00:00:00+00:00,102127270113,561078940417,29993645,2.31,37353,68021,3547263,0.3,102.127270113,15020987.348191578,0.5008056656065503,6493969.217789352,12984261.904761905,1121840228571.4285,41.05628472222222,4.635963857629528,15.686384645522518,16.379248636335856,30,2.0,30M/2s,1,78.9282209695,1.2939259096244515,23.19904914349999,False,low_baseline,low_baseline
2025-02-10 00:00:00+00:00,105630860186,553595866059,29991957,2.32,37202,68829,3380663,0.31,105.630860186,14880809.259152735,0.4961599957999651,6407359.560868056,12927567.672413794,1116941846896.5518,39.12804398148148,4.669372965014337,15.672957975121387,16.374872695357052,30,2.0,30M/2s,1,91.13340247,1.159079517751709,14.497457716000014,False,middle_baseline,middle_baseline
2025-02-11 00:00:00+00:00,73041617523,574904481901,29999837,2.28,37970,69937,3481119,0.31,73.041617523,15141018.749038715,0.5047033671895855,6653987.0590393515,13157823.245614037,1136835928421.0527,40.290729166666665,4.304627334076604,15.7107269410052,16.392527139312396,30,2.0,30M/2s,1,91.13340247,0.8014801987344258,-18.091784946999994,False,middle_baseline,middle_baseline
2025-02-12 00:00:00+00:00,117522624582,570641042891,29997096,2.27,38067,68563,3357590,0.33,117.522624582,14990439.03882628,0.4997296751267616,6604641.700127315,13214579.735682819,1141739689162.9956,38.86099537037037,4.775103867093993,15.703283399112346,16.396831379121686,30,2.0,30M/2s,1,91.13340247,1.2895669578526603,26.389222112000013,False,middle_baseline,middle_baseline
2025-02-13 00:00:00+00:00,65815033120,556683146407,29987955,2.21,39151,66786,3343676,0.32,65.81503312,14218874.26648106,0.4741528479178077,6443091.972303241,13569210.407239819,1172379779185.5203,38.699953703703706,4.201928101929975,15.678519257987682,16.423313917170315,30,2.0,30M/2s,1,103.87552392399999,0.6335951977306342,-38.060490804,False,middle_baseline,middle_baseline
2025-02-14 00:00:00+00:00,78872588514,582116646104,29983736,2.16,39973,73392,3215370,0.32,78.872588514,14562746.006154153,0.48568817462087294,6737461.18175926,13881359.259259257,1199349439999.9998,37.214930555555554,4.380432721493905,15.723193881086681,16.446057509628666,30,2.0,30M/2s,1,103.87552392399999,0.7592990681010354,-25.002935409999992,False,middle_baseline,middle_baseline
2025-02-15 00:00:00+00:00,54665948068,548640700489,29988857,2.15,40176,60495,3162154,0.32,54.665948068,13655931.414003385,0.4553668522279254,6350008.107511574,13948305.581395349,1205133602232.558,36.59900462962963,4.01936861470724,15.663966805121637,16.450868666848372,30,2.0,30M/2s,1,103.87552392399999,0.5262639937007304,-49.209575855999994,False,middle_baseline,middle_baseline
2025-02-16 00:00:00+00:00,53521289727,523900530366,29977347,2.15,40224,57192,3234855,0.33,53.521289727,13024575.635590693,0.4344805974855177,6063663.545902777,13942952.093023255,1204671060837.2092,37.44045138888889,3.998591262583015,15.617824885826764,16.45048478397608,30,2.0,30M/2s,1,103.87552392399999,0.5152444743976318,-50.35423419699999,False,middle_baseline,middle_baseline
2025-02-17 00:00:00+00:00,76875962635,549247402543,30001130,2.14,40449,62116,3505064,0.32,76.875962635,13578763.44391703,0.45260839988083884,6357030.122025463,14019219.626168223,1211260575700.9346,40.56787037037037,4.355117338315326,15.665072021616089,16.455939847880607,30,2.0,30M/2s,1,91.13340247,0.8435541804807148,-14.257439835,False,middle_baseline,middle_baseline
2025-02-18 00:00:00+00:00,77086667791,560699360803,29977737,2.16,40079,63843,3539734,0.3,77.086667791,13989854.058309838,0.46667478797048084,6489575.935219907,13878581.944444444,1199109480000.0,40.96914351851852,4.357819335372151,15.685707899378286,16.445857414491314,30,2.0,30M/2s,1,79.5060616705,0.9695696928175516,-2.4193938795000065,False,low_baseline,low_baseline
2025-02-19 00:00:00+00:00,62550096263,539269522120,29970772,2.15,40108,62316,3421223,0.3,62.550096263,13445435.377480801,0.44861825305937403,6241545.394907407,13939893.953488372,1204406837581.3953,39.597488425925924,4.1518285123943475,15.646738529340082,16.450265427650496,30,2.0,30M/2s,1,77.9796281525,0.802133810393076,-15.429531889499998,False,low_baseline,low_baseline
2025-02-20 00:00:00+00:00,80788104761,568047303666,29995222,2.17,39843,61405,3420525,0.31,80.788104761,14257141.8735035,0.47531376408894394,6574621.570208333,13822682.949308757,1194279806820.2766,39.58940972222222,4.404131814464714,15.698727730609848,16.441821565067965,30,2.0,30M/2s,1,76.98131521299999,1.0494508250147063,3.806789548000012,False,low_baseline,low_baseline
2025-02-21 00:00:00+00:00,180325645021,602337592707,29984571,2.14,40429,66598,3175660,0.29,180.325645021,14898651.777362784,0.49687726989199826,6971499.915590278,14011481.775700934,1210592025420.5608,36.755324074074075,5.200294558507729,15.75734109895053,16.4553877496651,30,2.0,30M/2s,1,76.98131521299999,2.342459914098065,103.34432980800003,True,low_baseline,spike_day
2025-02-22 00:00:00+00:00,156732111149,579429240825,30005402,2.16,39995,50104,2822050,0.3,156.732111149,14487541.963370422,0.4828311236546813,6706356.953993056,13891389.814814813,1200216080000.0,32.66261574074074,5.060898094984717,15.718566582751516,16.446779840374003,30,2.0,30M/2s,1,76.98131521299999,2.0359760120405466,79.750795936,False,low_baseline,low_baseline
2025-02-23 00:00:00+00:00,57382129737,566326322677,29986097,2.16,40058,53076,3088735,0.3,57.382129737,14137658.462154875,0.4714737787366884,6554702.808761574,13882452.314814813,1199443880000.0,35.74924768518518,4.067009845353237,15.69569348861542,16.446136249211985,30,2.0,30M/2s,1,77.9796281525,0.7358605201961372,-20.5974984155,False,low_baseline,low_baseline
2025-02-24 00:00:00+00:00,137672266921,606630786280,29977816,2.15,40210,59734,3415717,0.27,137.672266921,15086565.189753793,0.5032576485809971,7021189.656018519,13943170.23255814,1204689908093.0234,39.53376157407408,4.932113357227162,15.764443370739441,16.450500428999558,30,2.0,30M/2s,1,76.98131521299999,1.7883854873104454,60.690951708,False,low_baseline,low_baseline
2025-02-25 00:00:00+00:00,377646162897,600104666209,29982231,2.15,40265,60033,3526562,0.27,377.646162897,14903878.460424686,0.49709037531011907,6945655.858900463,13945223.720930234,1204867329488.372,40.816689814814815,5.936602161867921,15.753627109813422,16.450647693717055,30,2.0,30M/2s,1,76.98131521299999,4.905686033709465,300.66484768400005,True,low_baseline,spike_day
2025-02-26 00:00:00+00:00,166163900525,608527379727,30003162,2.14,40381,61884,3645296,0.27,166.163900525,15069646.113939725,0.5022685980210927,7043140.9690625,14020169.158878503,1211342615327.1028,42.190925925925924,5.118974771388599,15.767564930994572,16.456007576364293,30,2.0,30M/2s,1,77.9796281525,2.1308629505137344,88.1842723725,False,low_baseline,low_baseline
2025-02-27 00:00:00+00:00,109514652485,604067663858,29993967,2.13,40483,61017,3544815,0.28,109.514652485,14921514.31114295,0.49748385437454634,6991523.88724537,14081674.647887325,1216656689577.4648,41.02795138888889,4.705148113841191,15.760209243099897,16.460384910696057,30,2.0,30M/2s,1,77.9796281525,1.4044008041539886,31.5350243325,False,low_baseline,low_baseline
2025-02-28 00:00:00+00:00,247171683010,598670774686,29988463,2.14,40326,65763,3599352,0.27,247.17168301,14845776.290383376,0.49504958924981834,6929059.892199074,14013300.46728972,1210749160373.8318,41.659166666666664,5.5141207768581095,15.75123484859213,16.455517541322052,30,2.0,30M/2s,1,79.8303466375,3.0962120724888855,167.3413363725,True,low_baseline,spike_day
2025-03-01 00:00:00+00:00,61500977059,540256817242,29970520,2.13,40475,56033,3238962,0.28,61.500977059,13347913.95285979,0.44536811349485395,6252972.421782407,14070666.666666668,1215705600000.0,37.48798611111111,4.135182189564163,15.648567656065815,16.459602881174845,30,2.0,30M/2s,1,95.151378623,0.6463487754883036,-33.650401564,False,middle_baseline,middle_baseline
2025-03-02 00:00:00+00:00,198431742109,569424576676,29990432,2.17,39763,55639,3198372,0.3,198.431742109,14320463.161129693,0.4775010630433631,6590562.2300462965,13820475.576036867,1194089089769.5852,37.01819444444445,5.295472032967983,15.701149370208396,16.441661860227082,30,2.0,30M/2s,1,95.151378623,2.0854321291045914,103.280363486,True,middle_baseline,spike_day
2025-03-03 00:00:00+00:00,158334852863,599506940351,29966102,2.17,39730,62862,3465306,0.25,158.334852863,15089527.821570601,0.5035532423126171,6938737.735543981,13809263.594470046,1193120374562.212,40.107708333333335,5.071007980574943,15.752630577572326,16.440850272299926,30,2.0,30M/2s,1,123.593459703,1.2810941067875676,34.741393160000015,False,middle_baseline,middle_baseline
2025-03-04 00:00:00+00:00,258871270327,605476301641,29972077,2.15,40100,67509,3527644,0.25,258.871270327,15099159.6419202,0.5037742176466515,7007827.565289352,13940500.930232558,1204459280372.093,40.82921296296296,5.560186394279133,15.762538448583587,16.45030896912136,30,2.0,30M/2s,1,147.202189035,1.7586101947536164,111.66908129199999,False,middle_baseline,middle_baseline
2025-03-05 00:00:00+00:00,91886098670,576909377228,29989654,2.16,39978,61488,3313120,0.26,91.88609867,14430671.299914952,0.4811883224766432,6677191.866064815,13884099.074074073,1199586160000.0,38.346296296296295,4.531373997055699,15.714208227560597,16.446254863808342,30,2.0,30M/2s,1,157.53348200599999,0.5832798050290053,-65.64738333599999,False,middle_baseline,middle_baseline
2025-03-06 00:00:00+00:00,112871555739,587290446452,29981857,2.15,40106,59823,3537133,0.25,112.871555739,14643456.002892336,0.48841057453153536,6797343.130231481,13945049.767441861,1204852299906.9768,40.939039351851854,4.735071109142462,15.73204252477076,16.4506352195851,30,2.0,30M/2s,1,157.53348200599999,0.7164924833864909,-44.661926266999984,False,middle_baseline,middle_baseline
2025-03-07 00:00:00+00:00,163844151986,614076439690,29982586,2.13,40611,65269,3506495,0.24,163.844151986,15120938.654305484,0.5043240317664889,7107366.20011574,14076331.455399062,1216195037746.479,40.58443287037037,5.105000494129624,15.776642437860803,16.460005395743664,30,2.0,30M/2s,1,157.53348200599999,1.04005922994681,6.3106699800000285,False,middle_baseline,middle_baseline
2025-03-08 00:00:00+00:00,59188933020,538915718383,29978164,2.17,39862,54902,3343023,0.25,59.18893302,13519535.356555115,0.45097943144734,6237450.444247685,13814822.119815668,1193600631152.0737,38.692395833333336,4.097488498537629,15.646082234522263,16.441252712769863,30,2.0,30M/2s,1,157.53348200599999,0.3757228765993103,-98.34454898599998,False,middle_baseline,middle_baseline
2025-03-09 00:00:00+00:00,127087591366,569041692385,29951189,2.14,40467,58558,3227533,0.22,127.087591366,14061869.977636099,0.46949287981976606,6586130.698900463,13995882.710280374,1209244266168.2244,37.35570601851852,4.852714337434843,15.700476738514817,16.454273823652716,30,2.0,30M/2s,1,148.003559892,0.8586792875707676,-20.915968526,False,middle_baseline,middle_baseline
2025-03-10 00:00:00+00:00,348172849179,608471384780,29954324,2.14,40299,62253,3473934,0.2,348.172849179,15098920.19107174,0.5040647951551749,7042492.8793981485,13997347.663551401,1209370838130.841,40.207569444444445,5.855567069450662,15.767472909637242,16.454378488469754,30,2.0,30M/2s,1,148.003559892,2.3524626666619777,200.16928928700003,True,middle_baseline,spike_day
2025-03-11 00:00:00+00:00,234013010581,587507848691,29976354,2.15,40156,59882,3435007,0.21,234.013010581,14630636.734012352,0.488072589949143,6799859.359849537,13942490.23255814,1204631156093.0234,39.757025462962964,5.459640876786088,15.732412634619237,16.450451658417112,30,2.0,30M/2s,1,161.0895024245,1.4526893873216726,72.92350815649999,False,middle_baseline,middle_baseline
2025-03-12 00:00:00+00:00,112975792468,566676837572,29976005,2.14,40298,56742,3326087,0.22,112.975792468,14062157.863219019,0.46911380830164057,6558759.694120371,14007478.971962616,1210246183177.57,38.496377314814815,4.735986079073798,15.696312224493697,16.455102028612423,30,2.0,30M/2s,1,161.0895024245,0.7013231201763125,-48.11370995650002,False,middle_baseline,middle_baseline
2025-03-13 00:00:00+00:00,85303574996,547348159120,29983064,2.14,40377,54985,3251835,0.21,85.303574996,13555939.250563439,0.4521198784274829,6335048.1379629625,14010777.570093457,1210531182056.0747,37.63697916666667,4.45787102244575,15.66160812829182,16.45533748922402,30,2.0,30M/2s,1,142.7112221145,0.5977355791092537,-57.40764711850001,False,middle_baseline,middle_baseline
2025-03-14 00:00:00+00:00,82977856330,563660030105,29991131,2.13,40553,65985,3129730,0.21,82.97785633,13899342.344709393,0.46344842229222344,6523842.941030093,14080343.192488264,1216541651830.986,36.22372685185185,4.4305531489716925,15.69097432168741,16.46029035388461,30,2.0,30M/2s,1,142.7112221145,0.58143890228496,-59.73336578450001,False,middle_baseline,middle_baseline
2025-03-15 00:00:00+00:00,58134332008,546650699328,29989989,2.15,40203,53865,3111389,0.22,58.134332008,13597261.381687934,0.453393343414962,6326975.6866666665,13948832.093023255,1205179092837.2092,36.01144675925926,4.079811669587872,15.660333063384863,16.45090641348721,30,2.0,30M/2s,1,120.03169191699999,0.4843248568736244,-61.89735990899999,False,middle_baseline,middle_baseline
2025-03-16 00:00:00+00:00,64834702643,501558647099,29974610,2.13,40479,48899,2989229,0.21,64.834702643,12390588.87568863,0.4133694775574604,5805076.9340162035,14072586.854460094,1215871504225.352,34.59755787037037,4.187147095097264,15.574243598349799,16.459739339289644,30,2.0,30M/2s,1,120.03169191699999,0.5401465363650141,-55.19698927399999,False,middle_baseline,middle_baseline
2025-03-17 00:00:00+00:00,63188255759,526595564482,29979864,2.16,39956,52302,3184475,0.21,63.188255759,13179386.437130844,0.43960794609111115,6094856.070393519,13879566.666666666,1199194560000.0,36.85734953703704,4.161820261858994,15.622955870317956,16.445928364623146,30,2.0,30M/2s,1,112.92367410349999,0.5595660631895922,-49.73541834449999,False,middle_baseline,middle_baseline
2025-03-18 00:00:00+00:00,57588783214,472827743110,29984041,2.15,40123,49170,3073416,0.21,57.588783214,11784456.374398723,0.3930242883005237,5472543.323032407,13946065.581395349,1204940066232.558,35.57194444444445,4.070543265530837,15.515254207575667,16.45070806098053,30,2.0,30M/2s,1,102.3788272045,0.5625067681129748,-44.790043990499996,False,middle_baseline,middle_baseline
2025-03-19 00:00:00+00:00,71530386621,516794309400,29980519,2.15,40176,51953,3291495,0.22,71.530386621,12863259.393667862,0.42905392644029483,5981415.618055556,13944427.441860465,1204798530976.7441,38.09600694444445,4.2840055998588396,15.604167990523612,16.45059059160357,30,2.0,30M/2s,1,88.59483683299999,0.8073877573230793,-17.064450211999983,False,middle_baseline,middle_baseline
2025-03-20 00:00:00+00:00,54857544255,498472906989,29993180,2.14,40466,49621,3081070,0.21,54.857544255,12318314.312978797,0.410703843773111,5769362.349409722,14015504.672897195,1210939603738.3176,35.66053240740741,4.022804597055127,15.56807229433935,16.45567482276475,30,2.0,30M/2s,1,84.140715663,0.651973825308489,-29.283171407999994,False,middle_baseline,middle_baseline
2025-03-21 00:00:00+00:00,52021549203,501881428015,29981054,2.14,40440,49213,3066493,0.21,52.021549203,12410519.980588526,0.4139454196836618,5808812.824247685,14009838.317757009,1210450030654.2056,35.49181712962963,3.970698419653169,15.574886946925469,16.45527044913657,30,2.0,30M/2s,1,77.2541214755,0.6733821860817855,-25.2325722725,False,low_baseline,low_baseline
2025-03-22 00:00:00+00:00,63436128996,473827468444,29991060,2.13,40542,45659,3001425,0.21,63.436128996,11687323.47797346,0.3896935779520117,5484114.218101852,14080309.85915493,1216538771830.986,34.73871527777778,4.165674485058106,15.517366329309038,16.460287986515436,30,2.0,30M/2s,1,68.182544632,0.9303866457079636,-4.746415636000002,False,low_baseline,low_baseline
2025-03-23 00:00:00+00:00,49570753002,473410323379,29953292,2.13,40496,45177,2979885,0.21,49.570753002,11690298.384507112,0.39028425938982303,5479286.150219907,14062578.40375587,1215006774084.507,34.48940972222222,3.9233734052717186,15.516485568386132,16.45902788440228,30,2.0,30M/2s,1,68.182544632,0.7270299644806016,-18.611791630000006,False,low_baseline,low_baseline
2025-03-24 00:00:00+00:00,57450694798,520499905477,29983924,2.15,40205,51640,3318544,0.22,57.450694798,12946148.625220744,0.4317696584750129,6024304.461539352,13946011.162790699,1204935364465.1165,38.40907407407408,4.068183574896187,15.611312754603139,16.450704158897427,30,2.0,30M/2s,1,64.1354158195,0.8957717676562168,-6.684721021499996,False,low_baseline,low_baseline
2025-03-25 00:00:00+00:00,50636234794,503274374589,29967695,2.13,40479,50507,3181988,0.23,50.636234794,12432974.495145632,0.4148792389653469,5824934.891076389,14069340.375586854,1215591008450.704,36.82856481481482,3.9442236507330484,15.577658551531679,16.459508617446726,30,2.0,30M/2s,1,63.3121923775,0.7997864691224182,-12.675957583499994,False,low_baseline,low_baseline
2025-03-26 00:00:00+00:00,70077708922,546204081751,29974632,2.16,39995,57075,3473622,0.23,70.077708922,13656809.144918114,0.45561223720505106,6321806.5017476855,13877144.444444444,1198985280000.0,40.20395833333333,4.263773770380932,15.659515722345638,16.445753832269933,30,2.0,30M/2s,1,60.6612938835,1.1552293799829627,9.416415038499999,False,low_baseline,low_baseline
2025-03-27 00:00:00+00:00,55260267901,510241072356,29986882,2.14,40325,53973,3142175,0.23,55.260267901,12653219.401264723,0.4219584884238623,5905567.967083333,14012561.68224299,1210685329345.7942,36.3677662037037,4.029988564888269,15.591406356415314,16.455464819661593,30,2.0,30M/2s,1,60.6612938835,0.910964213970235,-5.401025982500002,False,low_baseline,low_baseline
2025-03-28 00:00:00+00:00,71755014723,562387351300,29978093,2.14,40458,58646,3371426,0.21,71.755014723,13900522.7964803,0.4636893613106177,6509112.862268519,14008454.672897195,1210330483738.3176,39.021134259259256,4.28709783457632,15.688713885452454,16.455171681894566,30,2.0,30M/2s,1,57.861557611,1.2401155047606034,13.893457112,False,low_baseline,low_baseline
2025-03-29 00:00:00+00:00,62035252515,544611826958,29986118,2.13,40611,54255,3310821,0.2,62.035252515,13410451.034399547,0.4472219789970661,6303377.626828704,14077989.671361502,1216338307605.6338,38.3196875,4.143694133624285,15.656596337582497,16.460123190510522,30,2.0,30M/2s,1,57.861557611,1.072132432591247,4.173694904000001,False,low_baseline,low_baseline
2025-03-30 00:00:00+00:00,59391025172,522167007473,29972873,2.14,40405,50920,3161788,0.2,59.391025172,12923326.505952233,0.43116742615738685,6043599.623530093,14006015.420560747,1210119732336.4485,36.59476851851852,4.100840504032652,15.614510522019783,16.454997539591655,30,2.0,30M/2s,1,59.81201786450001,0.9929614029499266,-0.4209926925000076,False,low_baseline,low_baseline
2025-03-31 00:00:00+00:00,76673431291,550282399138,29978020,2.16,40088,56393,3400546,0.2,76.673431291,13726860.884504091,0.45789751572999454,6369009.249282408,13878712.962962963,1199120800000.0,39.3581712962963,4.352513259272148,15.666954638597366,16.445866854785084,30,2.0,30M/2s,1,58.489904193,1.310883174607357,18.183527098,False,low_baseline,low_baseline
2025-04-01 00:00:00+00:00,77612240722,568380174539,29975989,2.13,40516,59394,3486631,0.2,77.612240722,14028536.245902853,0.467992440412987,6578474.242349537,14073234.27230047,1215927441126.7607,40.35452546296296,4.364527421686412,15.699313550362165,16.459785343830895,30,2.0,30M/2s,1,58.489904193,1.3269339690812578,19.122336528999995,False,low_baseline,low_baseline
2025-04-02 00:00:00+00:00,104102309075,593505543522,29975894,2.13,40627,61289,3554932,0.19,104.102309075,14608648.030176977,0.48734653352380336,6869277.124097222,14073189.671361502,1215923587605.6338,41.14504629629629,4.654934247907976,15.742569582126983,16.459782174622905,30,2.0,30M/2s,1,60.713138843500005,1.7146586563963373,43.38917023149999,False,low_baseline,low_baseline
2025-04-03 00:00:00+00:00,93479940227,611630807171,29970860,2.13,40577,53717,3237482,0.19,93.479940227,15073337.288882865,0.502933091972765,7079060.26818287,14070826.291079814,1215719391549.296,37.47085648148148,4.548387539236494,15.772651867639464,16.459614225590865,30,2.0,30M/2s,1,60.713138843500005,1.5396986880873156,32.766801383499995,False,low_baseline,low_baseline
2025-04-04 00:00:00+00:00,123428520584,610239060951,29999969,2.14,40425,47125,2947828,0.19,123.428520584,15095585.923339518,0.5031867174042586,7062952.094340278,14018677.102803737,1211213701682.243,34.11837962962963,4.823731419172536,15.770373807329829,16.455901148592208,30,2.0,30M/2s,1,62.7356907555,1.9674370218547261,60.692829828499995,False,low_baseline,low_baseline
2025-04-05 00:00:00+00:00,59156969043,590370172236,29968542,2.14,40395,42722,2760301,0.19,59.156969043,14614931.853843298,0.4876757719425689,6832988.104583333,14003991.588785047,1209944873271.028,31.94792824074074,4.096957296773319,15.737272779232642,16.454853031835263,30,2.0,30M/2s,1,66.756918959,0.8861548730152202,-7.599949916000007,False,low_baseline,low_baseline
2025-04-06 00:00:00+00:00,330192857375,613799827464,29977440,2.14,40387,45774,2919804,0.17,330.192857375,15197955.467452398,0.5069797643645487,7104164.669722222,14008149.53271028,1210304119626.1682,33.79402777777778,5.8027008563818185,15.776191884007535,16.45514989908585,30,2.0,30M/2s,1,66.0564807185,4.9986443992091925,264.13637665650003,True,low_baseline,spike_day
2025-04-07 00:00:00+00:00,511612783340,593663848533,29991298,2.14,40408,50728,3101134,0.17,511.61278334,14691740.460626608,0.4898667760437247,6871109.358020834,14014625.23364486,1210863620186.9158,35.89275462962963,6.239520751855459,15.742836275304814,16.45561207320256,30,2.0,30M/2s,1,70.9163618225,7.2143123278171055,440.6964215175,True,low_baseline,spike_day
2025-04-08 00:00:00+00:00,75620561355,560262518686,29981655,2.14,40360,50836,3259105,0.17,75.620561355,13881628.31233895,0.46300407073388544,6484519.892199074,14010119.158878503,1210474295327.1028,37.721122685185186,4.338865465727001,15.68492849362013,16.45529049492727,30,2.0,30M/2s,1,74.214223007,1.0189497146371438,1.4063383480000056,False,low_baseline,low_baseline
2025-04-09 00:00:00+00:00,158313755057,574524453603,29966460,2.14,40394,58958,3563865,0.19,158.313755057,14223014.645813735,0.4746311257924271,6649588.5833680555,14003018.691588784,1209860814953.271,41.2484375,5.07087556006215,15.710065693940718,16.454783556577645,30,2.0,30M/2s,1,76.146996323,2.0790544959313353,82.16675873400001,False,low_baseline,low_baseline
2025-04-10 00:00:00+00:00,93314030788,513118634335,29970022,2.13,40637,52136,3103633,0.18,93.314030788,12626882.75057214,0.42131709981968446,5938873.082581018,14070432.863849767,1215685399436.6199,35.92167824074074,4.546629967415564,15.597030124985228,16.45958626470966,30,2.0,30M/2s,1,77.1428360065,1.209626656455013,16.17119478149999,False,low_baseline,low_baseline
2025-04-11 00:00:00+00:00,67707595322,504029014779,29981915,2.13,40560,49276,2932596,0.18,67.707595322,12426750.857470414,0.41447488786057907,5833669.152534722,14076016.431924883,1216167819718.3098,33.942083333333336,4.229859750933833,15.579156888993241,16.459983015837516,30,2.0,30M/2s,1,85.463135755,0.7922432838890865,-17.755540432999993,False,middle_baseline,middle_baseline
2025-04-12 00:00:00+00:00,61124667646,451757406173,29992791,2.13,40613,44054,2614314,0.19,61.124667646,11123468.007115949,0.3708713872982327,5228673.682557871,14081122.535211269,1216608987042.2537,30.258263888888887,4.129143134639907,15.469668397151485,16.460345702045487,30,2.0,30M/2s,1,85.463135755,0.7152167669254275,-24.338468108999997,False,middle_baseline,middle_baseline
2025-04-13 00:00:00+00:00,81544572435,475088585079,29988836,2.13,40608,47015,2846568,0.18,81.544572435,11699383.990322104,0.3901246447285284,5498710.475451389,14079265.727699531,1216448558873.2395,32.94638888888889,4.413338419385691,15.520024345564854,16.4602138283394,30,2.0,30M/2s,1,85.463135755,0.9541490809413609,-3.91856331999999,False,middle_baseline,middle_baseline
2025-04-14 00:00:00+00:00,70030529888,500871027198,29981842,2.14,40392,48684,2803384,0.18,70.030529888,12400253.198603684,0.41359210680263353,5797118.370347222,14010206.542056074,1210481845233.6448,32.44657407407407,4.263109783041022,15.572871691855115,16.45529673205472,30,2.0,30M/2s,1,87.4293016115,0.8009961031049635,-17.39877172349999,False,middle_baseline,middle_baseline
2025-04-15 00:00:00+00:00,68470412827,480109807924,30002809,2.14,40421,48634,2829059,0.18,68.470412827,11877732.068083422,0.39588733401873877,5556826.480601852,14020004.205607476,1211328363364.4858,32.743738425925926,4.240900947209084,15.530537906360282,16.45599581086933,30,2.0,30M/2s,1,87.4293016115,0.7831517759486913,-18.95888878449999,False,middle_baseline,middle_baseline
2025-04-16 00:00:00+00:00,64254713799,507486322256,29979944,2.13,40532,49760,2930648,0.18,64.254713799,12520633.629132537,0.41763365632479293,5873684.28537037,14075091.079812208,1216087869295.775,33.91953703703704,4.178298285723734,15.58599281173819,16.4599172740512,30,2.0,30M/2s,1,87.4293016115,0.734933398925244,-23.174587812499993,False,middle_baseline,middle_baseline
2025-04-17 00:00:00+00:00,57036480976,473175807964,30005717,2.16,40037,48498,2788256,0.18,57.036480976,11818463.12071334,0.3938737114901584,5476571.851435185,13891535.648148147,1200228680000.0,32.27148148148148,4.061071795164758,15.515990071211132,16.446790338427782,30,2.0,30M/2s,1,78.58256689500001,0.725815956765712,-21.546085919000014,False,low_baseline,low_baseline
2025-04-18 00:00:00+00:00,55765515166,486948888231,29982621,2.13,40516,46837,2741625,0.19,55.765515166,12018681.218062,0.40085492252535226,5635982.502673611,14076347.887323944,1216196457464.7888,31.731770833333332,4.038929013991505,15.544682224862571,16.460006563087173,30,2.0,30M/2s,1,72.8255456215,0.7657411240807315,-17.060030455499998,False,low_baseline,low_baseline
2025-04-19 00:00:00+00:00,57917851831,458067178604,29968509,2.13,40501,46631,2580385,0.19,57.917851831,11310021.446482804,0.37739686837549385,5301703.456064815,14069722.535211269,1215624027042.2537,29.86556712962963,4.076144131849673,15.483538922305534,16.459535779658808,30,2.0,30M/2s,1,69.2504713575,0.8363531784787968,-11.332619526500004,False,low_baseline,low_baseline
2025-04-20 00:00:00+00:00,59408366222,468717966091,29980888,2.13,40634,45825,2532479,0.19,59.408366222,11535117.539277453,0.38474902875716865,5424976.459386574,14075534.27230047,1216126161126.7607,29.311099537037038,4.101127608957917,15.506524302430382,16.459948761270493,30,2.0,30M/2s,1,69.2504713575,0.8578767054928633,-9.842105135500006,False,low_baseline,low_baseline
2025-04-21 00:00:00+00:00,69108091358,509197310523,29984336,2.13,40597,50993,2836119,0.2,69.108091358,12542732.480799073,0.41830949602482687,5893487.3903125,14077153.051643193,1216266023661.972,32.82545138888889,4.2500382133138634,15.589358636732932,16.460063761249774,30,2.0,30M/2s,1,68.0890040745,1.014966987656112,1.0190872834999993,False,low_baseline,low_baseline
2025-04-22 00:00:00+00:00,94859665166,545501198076,29988537,2.13,40483,53066,3045852,0.22,94.859665166,13474821.482498826,0.44933240599562513,6313671.274027778,14079125.352112677,1216436430422.5354,35.252916666666664,4.562885300777336,15.658228042101062,16.460203857913427,30,2.0,30M/2s,1,68.0890040745,1.393171576752815,26.770661091500003,False,low_baseline,low_baseline
2025-04-23 00:00:00+00:00,79422024697,552344547258,29997457,2.13,40615,53831,3101622,0.22,79.422024697,13599521.045377323,0.453355797639024,6392876.704375,14083313.145539908,1216798255774.648,35.898402777777775,4.3872880776878915,15.670695069951469,16.460501260651547,30,2.0,30M/2s,1,68.0890040745,1.1664442119038767,11.333020622500001,False,low_baseline,low_baseline
2025-04-24 00:00:00+00:00,332953033168,547643090421,29960462,2.13,40508,55462,3224492,0.25,332.953033168,13519381.120297225,0.4512407425592177,6338461.6946875,14065944.600938968,1215297613521.127,37.32050925925926,5.8110003638314005,15.662146819832437,16.459267228427507,30,2.0,30M/2s,1,68.0890040745,4.889967736988742,264.8640290935,True,low_baseline,spike_day
2025-04-25 00:00:00+00:00,69381268214,558953187258,30013059,2.13,40561,54534,3199024,0.25,69.381268214,13780557.364414092,0.45915204326270415,6469365.593263889,14090638.028169015,1217431125633.803,37.025740740740744,4.253927151253681,15.682588762652804,16.46102123615864,30,2.0,30M/2s,1,68.0890040745,1.018979043049096,1.2922641395000056,False,low_baseline,low_baseline
2025-04-26 00:00:00+00:00,56132450923,521448041565,29992540,2.13,40507,49983,2754276,0.25,56.132450923,12873035.316488508,0.42920790691580335,6035278.258854167,14081004.694835681,1216598805633.803,31.878194444444443,4.045372272621339,15.613132684658469,16.460337333333403,30,2.0,30M/2s,1,68.78925209249999,0.8160061232751803,-12.656801169499992,False,low_baseline,low_baseline
2025-04-27 00:00:00+00:00,60206040490,529906520451,29999029,2.13,40538,49432,2757842,0.24,60.20604049,13071846.673516206,0.4357423259771577,6133177.320034722,14084051.173708921,1216862021408.4507,31.919467592592593,4.114245885464669,15.629223659684332,16.46055366371691,30,2.0,30M/2s,1,68.78925209249999,0.8752245250325115,-8.583211602499993,False,low_baseline,low_baseline
2025-04-28 00:00:00+00:00,82934453653,557482872377,30015553,2.13,40527,55821,3023586,0.24,82.934453653,13755838.635403559,0.45829036151369784,6452348.059918981,14091808.920187794,1217532290704.2253,34.99520833333333,4.430036180585384,15.679954817805207,16.461104329861506,30,2.0,30M/2s,1,66.36256331300001,1.2497174538276714,16.571890339999996,False,low_baseline,low_baseline
2025-04-29 00:00:00+00:00,83165481801,587855036619,29983218,2.13,40529,61846,2820030,0.24,83.165481801,14504553.199412767,0.48375571959663455,6803877.738645833,14076628.169014085,1216220673802.817,32.63923611111111,4.432784882336333,15.73300341027056,16.46002647442228,30,2.0,30M/2s,1,66.36256331300001,1.2531987561834943,16.80291848799999,False,low_baseline,low_baseline
2025-04-30 00:00:00+00:00,79646788266,538703621602,30006671,2.13,40510,52877,2840228,0.24,79.646788266,13298040.523376944,0.44316947132779055,6234995.620393518,14087638.96713615,1217172006760.5635,32.87300925925926,4.390078980666043,15.645688595058198,16.460808372836173,30,2.0,30M/2s,1,66.6814025785,1.1944378070367767,12.965385687500003,False,low_baseline,low_baseline
2025-05-01 00:00:00+00:00,57277221516,522816307750,30025812,2.13,40650,51861,2700262,0.24,57.277221516,12861409.784747848,0.4283451113577827,6051114.673032408,14096625.352112677,1217948430422.5354,31.253032407407407,4.065211305447906,15.615753221771506,16.461446060912156,30,2.0,30M/2s,1,69.244679786,0.8271714403621286,-11.967458270000009,False,low_baseline,low_baseline
2025-05-02 00:00:00+00:00,58430261308,519060721928,29990930,2.14,40410,53522,2683457,0.24,58.430261308,12844858.25112596,0.42829142847940893,6007647.244537037,14014453.271028036,1210848762616.8223,31.058530092592594,4.084803546272823,15.608543922865417,16.455599802902302,30,2.0,30M/2s,1,69.244679786,0.8438231137551382,-10.814418478000007,False,low_baseline,low_baseline
2025-05-03 00:00:00+00:00,56773673818,502609814259,29989785,2.14,40363,57268,2630119,0.23,56.773673818,12452241.266977182,0.41521608997787685,5817243.220590278,14013918.224299064,1210802534579.4392,30.44119212962963,4.056533201643422,15.57633720595354,16.45556162396701,30,2.0,30M/2s,1,69.244679786,0.819899434779083,-12.471005968000007,False,low_baseline,low_baseline
2025-05-04 00:00:00+00:00,57329947833,504970104903,29989734,2.13,40522,49932,2542995,0.23,57.329947833,12461628.372316273,0.41552980671039874,5844561.399340278,14079687.323943663,1216484984788.7324,29.4328125,4.066115646422612,15.581022282564682,16.46024377236562,30,2.0,30M/2s,1,69.244679786,0.8279328897205913,-11.914731953000008,False,low_baseline,low_baseline
2025-05-05 00:00:00+00:00,61836519179,535236061823,29997157,2.14,40468,54245,2861730,0.22,61.836519179,13226155.525921715,0.4409136347795131,6194861.826655093,14017363.084112149,1211100170467.2896,33.121875,4.1405364200486545,15.639230930210251,16.45580741077545,30,2.0,30M/2s,1,69.244679786,0.8930147322524293,-7.408160607000006,False,low_baseline,low_baseline
2025-05-06 00:00:00+00:00,63390193654,571037868186,29981467,2.13,40640,55548,3108125,0.22,63.390193654,14051128.646309055,0.46866047769807445,6609234.585486111,14075806.103286386,1216149647323.9436,35.97366898148148,4.164961349062264,15.7039785599795,16.459968073385863,30,2.0,30M/2s,1,65.6088936965,0.9661829377467713,-2.2187000425000036,False,low_baseline,low_baseline
2025-05-07 00:00:00+00:00,56880581145,563478692728,29996024,2.13,40625,54314,3098154,0.22,56.880581145,13870244.744073845,0.46240277525027473,6521744.128796296,14082640.375586854,1216740128450.704,35.85826388888889,4.058381942227736,15.690652555879723,16.460453488797853,30,2.0,30M/2s,1,62.6133564165,0.9084416552697487,-5.732775271499996,False,low_baseline,low_baseline
2025-05-08 00:00:00+00:00,156482414170,610964635790,29997851,2.13,40513,59674,3339136,0.25,156.48241417,15080705.842322217,0.5027262066980137,7071349.951273148,14083498.122065729,1216814237746.479,38.64740740740741,5.059313795968193,15.771562101835727,16.460514395011057,30,2.0,30M/2s,1,61.0212798345,2.5643908910859734,95.46113433549999,False,low_baseline,low_baseline
2025-05-09 00:00:00+00:00,180892205878,590848049426,30009591,2.13,40551,54623,3079567,0.25,180.892205878,14570492.698725061,0.48552786669851855,6838519.090578704,14089009.85915493,1217290451830.986,35.64313657407408,5.203414236216833,15.738081905162804,16.460905679789246,30,2.0,30M/2s,1,61.0212798345,2.9644118636746093,119.87092604349999,True,low_baseline,spike_day
2025-05-10 00:00:00+00:00,102928036317,609635765367,30009297,2.13,40502,56894,3110078,0.27,102.928036317,15051991.639104242,0.5015776157336922,7055969.5065625,14088871.830985917,1217278526197.183,35.99627314814815,4.643698701137216,15.769384696751086,16.46089588287401,30,2.0,30M/2s,1,61.0212798345,1.6867564331026519,41.90675648249999,False,low_baseline,low_baseline
2025-05-11 00:00:00+00:00,102993753828,596950314881,30008247,2.14,40445,55729,3029642,0.26,102.993753828,14759557.791593522,0.4918500501410003,6909147.162974537,14022545.327102803,1211547916261.6821,35.065300925925925,4.644330837991584,15.748356912164214,16.456177044128314,30,2.0,30M/2s,1,62.6133564165,1.6449166714988446,40.3803974115,False,low_baseline,low_baseline
2025-05-12 00:00:00+00:00,125464898466,599985039588,29994146,2.13,40617,56658,3086194,0.26,125.464898466,14771771.415614152,0.49248848143948326,6944271.291527778,14081758.68544601,1216663950422.5354,35.71983796296296,4.839964787179975,15.753427747043133,16.460390878544633,30,2.0,30M/2s,1,71.51849096000001,1.7543001366761497,53.946407505999986,False,low_baseline,low_baseline
2025-05-13 00:00:00+00:00,91940266108,600188418560,30004490,2.13,40489,57744,3131663,0.26,91.940266108,14823493.258909827,0.4940425002694539,6946625.214814815,14086615.02347418,1217083538028.1692,36.24609953703704,4.5319569868763185,15.753766662961134,16.4607356863622,30,2.0,30M/2s,1,71.51849096000001,1.2855453865689337,20.421775147999995,False,low_baseline,low_baseline
2025-05-14 00:00:00+00:00,107703530046,573552478052,29995060,2.14,40445,54243,2948424,0.25,107.703530046,14181047.79458524,0.47277944416798096,6638338.866342593,14016383.177570093,1211015506542.0562,34.125277777777775,4.688624268724054,15.708372470063246,16.455737501712036,30,2.0,30M/2s,1,71.51849096000001,1.5059536156354043,36.18503908599999,False,low_baseline,low_baseline
2025-05-15 00:00:00+00:00,95147743574,590999617190,29994605,2.14,40436,56904,3081753,0.24,95.147743574,14615679.522949846,0.48727694606912964,6840273.347106482,14016170.560747663,1210997136448.5981,35.6684375,4.565886003990306,15.738338398020474,16.455722332433545,30,2.0,30M/2s,1,77.665229881,1.2251009070569547,17.482513693,False,low_baseline,low_baseline
2025-05-16 00:00:00+00:00,76802282012,574933804767,30017645,2.14,40307,53534,2974504,0.24,76.802282012,14263869.917557744,0.47518284387591847,6654326.4440625,14026936.91588785,1211927349532.7102,34.42712962962963,4.354170762527957,15.710777944458362,16.456490175648515,30,2.0,30M/2s,1,93.544004841,0.8210283720751909,-16.741722828999997,False,middle_baseline,middle_baseline
2025-05-17 00:00:00+00:00,90592086655,602333545997,30012614,2.14,40364,56635,3027234,0.23,90.592086655,14922543.504038252,0.4972090569664559,6971453.078668982,14024585.98130841,1211724228785.0466,35.03743055555555,4.517344877718976,15.757334380586837,16.45632256019135,30,2.0,30M/2s,1,93.544004841,0.9684435342380575,-2.9519181860000003,False,middle_baseline,middle_baseline
2025-05-18 00:00:00+00:00,89410428861,604040309580,29984670,2.13,40581,54605,2951224,0.24,89.410428861,14884805.933318548,0.49641386526243403,6991207.286805555,14077309.85915493,1216279571830.986,34.15768518518519,4.5043596242509105,15.76016395861425,16.460074900336398,30,2.0,30M/2s,1,93.544004841,0.9558114281398793,-4.133575980000003,False,middle_baseline,middle_baseline
2025-05-19 00:00:00+00:00,122981940760,611078460291,30012870,2.14,40352,55259,3165285,0.23,122.98194076,15143696.97390464,0.5045734371256277,7072667.364479166,14024705.607476635,1211734564485.9812,36.635243055555556,4.820135915966385,15.771748387385882,16.45633108990122,30,2.0,30M/2s,1,93.544004841,1.3146961258397765,29.437935918999997,False,middle_baseline,middle_baseline
2025-05-20 00:00:00+00:00,109007316436,608389014999,29992996,2.14,40313,58428,3133028,0.23,109.007316436,15091633.344057748,0.5031719186725376,7041539.525451389,14015418.691588784,1210932174953.271,36.26189814814815,4.700546876635067,15.767337528833588,16.455668688018406,30,2.0,30M/2s,1,99.0378899455,1.1006627513569414,9.969426490499998,False,middle_baseline,middle_baseline
2025-05-21 00:00:00+00:00,103595100542,593770326044,30009845,2.15,40218,56627,3213125,0.24,103.595100542,14763795.465811329,0.4919650689902373,6872341.73662037,13958067.441860465,1205977026976.7441,37.18894675925926,4.65009671059116,15.743015615765229,16.451568281961777,30,2.0,30M/2s,1,102.9608950725,1.0061596732337401,0.634205469500003,False,middle_baseline,middle_baseline
2025-05-22 00:00:00+00:00,89952987507,547344233264,30036423,2.23,38781,52636,3002129,0.25,89.952987507,14113721.494133726,0.46988689346044055,6335002.699814815,13469247.982062781,1163743025650.2244,34.74686342592592,4.510342752220146,15.6616009557648,16.41591979197419,30,2.0,30M/2s,1,103.29442718499999,0.8708406635131873,-13.341439677999986,False,middle_baseline,middle_baseline
2025-05-23 00:00:00+00:00,145422351826,585815543725,30012753,2.15,40276,54283,3180514,0.24,145.422351826,14545027.900610786,0.4846282478855167,6780272.49681713,13959420.0,1206093888000.0,36.81150462962963,4.986495266280459,15.729527997866581,16.451665178793665,30,2.0,30M/2s,1,102.9608950725,1.4124037259349849,42.461456753500016,False,middle_baseline,middle_baseline
2025-05-24 00:00:00+00:00,71510871269,582117676129,29983407,2.14,40393,52498,3018444,0.23,71.510871269,14411350.38568564,0.48064419049128204,6737473.103344907,14010937.850467289,1210545030280.3738,34.935694444444444,4.283736499157402,15.72319565053262,16.455348928949245,30,2.0,30M/2s,1,102.9608950725,0.6945439938011958,-31.450023803499988,False,middle_baseline,middle_baseline
2025-05-25 00:00:00+00:00,61336229804,521729134533,30002432,2.14,40380,48254,2944081,0.24,61.336229804,12920483.767533433,0.4306478810628896,6038531.6496875,14019828.037383176,1211313142429.9065,34.075011574074075,4.132542794550749,15.613671601603128,16.45598324530116,30,2.0,30M/2s,1,99.070748701,0.6191154362738845,-37.734518897,False,middle_baseline,middle_baseline
2025-05-26 00:00:00+00:00,64870264303,569601700160,30005912,2.14,40471,52311,3185274,0.23,64.870264303,14074317.416421635,0.46905147946916714,6592612.270370371,14021454.205607476,1211453643364.4858,36.866597222222225,4.187687115138859,15.701460378763965,16.456099229163527,30,2.0,30M/2s,1,93.544004841,0.6934732419598909,-28.673740538000004,False,middle_baseline,middle_baseline
2025-05-27 00:00:00+00:00,72575244137,568274287252,29993383,2.13,40536,53017,3171183,0.23,72.575244137,14019002.54716795,0.46740317846666213,6577248.695046296,14081400.46948357,1216633000563.3804,36.70350694444444,4.298308612319944,15.699127236447483,16.460365439925685,30,2.0,30M/2s,1,91.2661763815,0.7952041710789943,-18.690932244500004,False,middle_baseline,middle_baseline
2025-05-28 00:00:00+00:00,65689793305,560692427766,29999540,2.13,40520,52233,3171781,0.23,65.689793305,13837424.179812439,0.4612545452301081,6489495.691736111,14084291.079812208,1216882749295.775,36.71042824074074,4.200051917299181,15.685695534322644,16.460570697455292,30,2.0,30M/2s,1,90.272537081,0.7276830299569145,-24.582743776,False,middle_baseline,middle_baseline
2025-05-29 00:00:00+00:00,88145090358,578055253646,29987802,2.13,40513,55297,3190606,0.22,88.145090358,14268389.249031175,0.4758064378653419,6690454.324606482,14078780.281690141,1216406616338.0283,36.92831018518518,4.490265271093265,15.716192490267696,16.46017934824978,30,2.0,30M/2s,1,89.681708184,0.9828658724603314,-1.536617825999997,False,middle_baseline,middle_baseline
2025-05-30 00:00:00+00:00,113191805948,596517978275,29983481,2.13,40489,60398,3396847,0.21,113.191805948,14732840.48198276,0.49136524481539556,6904143.267071759,14076751.643192489,1216231341971.831,39.315358796296294,4.737879542878802,15.747632407684634,16.460035245956668,30,2.0,30M/2s,1,88.77775960950001,1.275001829803863,24.414046338499986,False,middle_baseline,middle_baseline
2025-05-31 00:00:00+00:00,76055720736,582494280999,29985270,2.13,40556,58201,3050536,0.21,76.055720736,14362715.28254759,0.47899236133433476,6741831.956006944,14077591.549295776,1216303909859.155,35.30712962962963,4.344528806070299,15.72384239784608,16.46009491036,30,2.0,30M/2s,1,89.681708184,0.8480628020594394,-13.625987448000004,False,middle_baseline,middle_baseline
2025-06-01 00:00:00+00:00,60385530267,536159951973,30008929,2.14,40388,47953,2836600,0.22,60.385530267,13275229.077275429,0.4423759700746211,6205554.9996875,14022864.018691588,1211575451214.9531,32.83101851851852,4.117174143976205,15.640955577713315,16.456199770954093,30,2.0,30M/2s,1,88.77775960950001,0.6801875890156864,-28.39222934250001,False,middle_baseline,middle_baseline
2025-06-02 00:00:00+00:00,64888481784,558288905139,29987628,2.14,40337,52318,3137414,0.22,64.888481784,13840615.443364652,0.4615441889356722,6461677.1428125,14012910.28037383,1210715448224.2988,36.312662037037036,4.187963642984745,15.68139961645243,16.455489696895164,30,2.0,30M/2s,1,82.10040554700001,0.7903551919345064,-17.211923763,False,low_baseline,low_baseline
2025-06-03 00:00:00+00:00,93082100773,592341733372,29996945,2.14,40456,54837,3162464,0.22,93.082100773,14641628.766363457,0.4881039974691908,6855807.099212963,14017264.018691588,1211091611214.9531,36.60259259259259,4.544167813545997,15.740606748671544,16.455800343414566,30,2.0,30M/2s,1,74.31548243649999,1.252526360876893,18.766618336500002,False,low_baseline,low_baseline
2025-06-04 00:00:00+00:00,78129090795,541068756875,29997614,2.16,39888,49503,3095679,0.21,78.129090795,13564700.082104893,0.45219263379097063,6262369.871238426,13887784.259259257,1199904559999.9998,35.82961805555556,4.3710805795386625,15.65006940479955,16.446520253439804,30,2.0,30M/2s,1,74.31548243649999,1.0513164717965546,3.813608358500005,False,low_baseline,low_baseline
2025-06-05 00:00:00+00:00,91100825889,602622946348,29959311,2.14,40405,55347,3412099,0.2,91.100825889,14914563.701225096,0.4978273265772065,6974802.619768519,13999678.037383176,1209572182429.9065,39.49188657407407,4.52288391052833,15.757814730403451,16.45454496141553,30,2.0,30M/2s,1,74.31548243649999,1.2258660362844649,16.785343452500015,False,low_baseline,low_baseline
2025-06-06 00:00:00+00:00,100734570211,603113313889,30001185,2.13,40632,59701,3231308,0.21,100.734570211,14843308.571790706,0.4947574094753493,6980478.170011574,14085063.38028169,1216949476056.3381,37.39939814814815,4.622367168705637,15.758628121381113,16.460625530122183,30,2.0,30M/2s,1,74.31548243649999,1.3554991087768853,26.419087774500014,False,low_baseline,low_baseline
2025-06-07 00:00:00+00:00,64474225372,557182012730,30000298,2.13,40593,52276,3078226,0.21,64.474225372,13726061.457147785,0.457530837098611,6448865.888078704,14084646.94835681,1216913496338.0283,35.627615740740744,4.181656559426501,15.679414997072204,16.460595964188386,30,2.0,30M/2s,1,74.31548243649999,0.8675746056966125,-9.841257064499985,False,low_baseline,low_baseline
2025-06-08 00:00:00+00:00,59708179142,521001679214,29989719,2.13,40534,47385,2824426,0.21,59.708179142,12853448.443627572,0.42859516101593254,6030112.027939815,14079680.281690141,1216484376338.0283,32.690115740740744,4.106078435973066,15.612276312796322,16.46024327219437,30,2.0,30M/2s,1,74.31548243649999,0.8034419906110221,-14.607303294499992,False,low_baseline,low_baseline
2025-06-09 00:00:00+00:00,104680665987,576639146060,30020900,2.13,40618,57761,3206330,0.22,104.680665987,14196640.554926388,0.4728919038045624,6674064.19050926,14094319.248826291,1217749183098.5916,37.11030092592593,4.660421962115106,15.713739706077526,16.461282454962756,30,2.0,30M/2s,1,74.31548243649999,1.4085983506390611,30.365183550500007,False,low_baseline,low_baseline
2025-06-10 00:00:00+00:00,78701008214,547948335991,29977083,2.13,40518,55250,3187173,0.23,78.701008214,13523578.063848166,0.4511305540918763,6341994.629525463,14073747.887323944,1215971817464.7888,36.888576388888886,4.378282235829081,15.662704044948288,16.45982183903909,30,2.0,30M/2s,1,77.09240576549999,1.020865900246946,1.608602448500008,False,low_baseline,low_baseline
2025-06-11 00:00:00+00:00,79547355480,564684792521,30008919,2.14,40360,54431,3324181,0.23,79.54735548,13991199.021828543,0.4662346891545325,6535703.617141204,14022859.34579439,1211575047476.6353,38.47431712962963,4.388845278295711,15.692790721284881,16.45619943771991,30,2.0,30M/2s,1,78.41504950449999,1.0144399064038725,1.1323059755000031,False,low_baseline,low_baseline
2025-06-12 00:00:00+00:00,72739708400,551616190851,30051515,2.13,40457,52736,3194875,0.21,72.7397084,13634629.133425612,0.453708544591699,6384446.653368056,14108692.488262912,1218991030985.9155,36.977719907407405,4.30054143836368,15.669375536795021,16.46230172480498,30,2.0,30M/2s,1,79.12418184699999,0.9193107176849493,-6.384473446999991,False,low_baseline,low_baseline
2025-06-13 00:00:00+00:00,143108015587,581045494696,30135357,2.13,40483,59048,3299078,0.2,143.108015587,14352826.981597213,0.4762786444374033,6725063.596018518,14148054.929577466,1222391945915.4932,38.18377314814815,4.970563126628475,15.721352088761959,16.465087782478765,30,2.0,30M/2s,1,78.41504950449999,1.8250070170367934,64.69296608250002,False,low_baseline,low_baseline
2025-06-14 00:00:00+00:00,58393514360,581242464180,30242807,2.13,40472,55824,3012662,0.2,58.39351436,14361594.786024906,0.47487638254031467,6727343.335416666,14198500.938967137,1226750481126.7605,34.86877314814815,4.0841850345488036,15.721691022767251,16.468647019750428,30,2.0,30M/2s,1,78.41504950449999,0.7446722884061813,-20.021535144499992,False,low_baseline,low_baseline
2025-06-15 00:00:00+00:00,57133605543,493321107885,31231075,2.13,40532,47241,2615641,0.2,57.133605543,12171151.383721504,0.3897128543837029,5709735.044965277,14662476.525821596,1266837971830.9858,30.273622685185185,4.062743905301541,15.557683353762524,16.500802239176902,30,2.0,30M/2s,1,78.41504950449999,0.7286051071066567,-21.28144396149999,False,low_baseline,low_baseline
2025-06-16 00:00:00+00:00,78014775283,595049105914,32376678,2.14,40447,59058,3395875,0.2,78.014775283,14711823.025539596,0.45439569265072827,6887142.429560185,15129288.785046728,1307170551028.0374,39.3041087962963,4.369634863878032,15.745166960440391,16.53214314381987,30,2.0,30M/2s,1,78.41504950449999,0.9948954413211585,-0.40027422149998415,False,low_baseline,low_baseline
2025-06-17 00:00:00+00:00,114276786563,683578651065,40139971,2.13,40461,70781,3643120,0.19,114.276786563,16894754.23407726,0.42089602491434935,7911789.942881945,18845056.80751174,1628212908169.0144,42.16574074074074,4.7473360762420285,15.883864729145145,16.751761252203835,40,2.0,40M/2s,2,78.41504950449999,1.4573323269590237,35.86173705850001,False,low_baseline,low_baseline
2025-06-18 00:00:00+00:00,90126922464,693559979647,44151895,2.13,40567,83773,4074275,0.19,90.126922464,17096654.414844576,0.38722357024187926,8027314.579247685,20728589.201877937,1790950107042.2537,47.155960648148145,4.512253287104912,15.898360731059695,16.847024474471645,45,2.0,45M/2s,3,78.41504950449999,1.1493574643325055,11.711872959500013,False,low_baseline,low_baseline
2025-06-19 00:00:00+00:00,56998095583,621908289044,44401463,2.13,40627,57858,3407223,0.19,56.998095583,15307758.117606517,0.3447579670428093,7198012.604675926,20845757.276995305,1801073428732.3943,39.435451388888886,4.0604101752314845,15.789315657682668,16.852661045560108,45,2.0,45M/2s,3,79.12418184699999,0.7203625270112173,-22.126086263999987,False,low_baseline,low_baseline
2025-06-20 00:00:00+00:00,61621338777,677352900926,43752706,2.13,40526,73326,3940091,0.18,61.621338777,16714032.989340177,0.3820114118047962,7839732.649606481,20541176.525821596,1774757651830.9858,45.60290509259259,4.137106095053308,15.874715418485007,16.837942089245118,45,2.0,45M/2s,3,78.35789174850001,0.7864088402835264,-16.73655297150001,False,low_baseline,low_baseline
2025-06-21 00:00:00+00:00,75250112604,634159420935,44231795,2.14,40364,68076,3669570,0.17,75.250112604,15711015.28428798,0.3551973254598413,7339808.112673611,20669063.08411215,1785807050467.2896,42.471875,4.334018892260201,15.808823393804788,16.84414865168325,45,2.0,45M/2s,3,75.3772418415,0.998313426779832,-0.12712923750000016,False,low_baseline,low_baseline
2025-06-22 00:00:00+00:00,88399848567,617378314754,44253296,2.14,40319,63374,3586719,0.17,88.399848567,15312341.941863637,0.34601585251104544,7145582.346689815,20679110.28037383,1786675128224.2988,41.51295138888889,4.493118988296602,15.782005010056773,16.8446346318442,45,2.0,45M/2s,3,76.6324439435,1.1535564314270852,11.767404623500013,False,low_baseline,low_baseline
2025-06-23 00:00:00+00:00,72800846697,664679457026,44518911,2.13,40498,67353,3975740,0.18,72.800846697,16412648.946268952,0.3686669008203941,7693049.271134259,20900897.183098592,1805837516619.7183,46.01550925925926,4.301370204399692,15.855827917079056,16.855302691279505,45,2.0,45M/2s,3,78.35789174850001,0.9290812332044859,-5.557045051500012,False,low_baseline,low_baseline
2025-06-24 00:00:00+00:00,72437350244,632924245901,44727386,2.13,40651,60941,3789917,0.18,72.437350244,15569709.13141128,0.3481023713617264,7325512.105335648,20998772.769953053,1814293967323.9438,43.86478009259259,4.296432665105761,15.806873758924109,16.859974602075827,45,2.0,45M/2s,3,76.6324439435,0.9452569501425144,-4.195093699499992,False,low_baseline,low_baseline
2025-06-25 00:00:00+00:00,70749786278,603445699129,44772560,2.14,40447,61801,4063283,0.18,70.749786278,14919417.982273098,0.33322682424844813,6984325.221400463,20921757.009345792,1807639805607.4766,47.02873842592592,4.273184875931461,15.759179085233223,16.85630022849383,45,2.0,45M/2s,3,74.02547965049999,0.9557491097934702,-3.275693372499987,False,low_baseline,low_baseline
2025-06-26 00:00:00+00:00,58391208130,574325574114,44786809,2.13,40567,56836,3590913,0.17,58.39120813,14157457.394285996,0.31610774936624747,6647286.737430556,21026670.89201878,1816704365070.4226,41.56149305555556,4.084146204134387,15.70971947040192,16.861302279901693,45,2.0,45M/2s,3,72.77027754849999,0.8024046368530529,-14.379069418499988,False,low_baseline,low_baseline
2025-06-27 00:00:00+00:00,55650114500,557915707584,44845810,2.13,40595,54806,3600251,0.17,55.6501145,13743458.740830151,0.3064602633073224,6457357.726666667,21054370.89201878,1819097645070.4226,41.669571759259256,4.036894008654674,15.680730926309282,16.862618787360155,45,2.0,45M/2s,3,72.6190984705,0.7663289089523289,-16.968983970500005,False,low_baseline,low_baseline
2025-06-28 00:00:00+00:00,50543280220,512315085244,44807253,2.13,40577,50509,3128281,0.18,50.54328022,12625750.677575966,0.2817791726168968,5929572.74587963,21036269.014084507,1817533642816.9014,36.20695601851852,3.942421847358891,15.595462887425699,16.8617586494183,45,2.0,45M/2s,3,71.593568261,0.7059751517865471,-21.050288041,False,low_baseline,low_baseline
2025-06-29 00:00:00+00:00,58797730729,585449430827,44883172,2.14,40444,57253,3082523,0.18,58.797730729,14475557.087009197,0.3225163561748532,6776035.079016204,20973444.859813083,1812105635887.8503,35.67734953703704,4.090967712560969,15.728902839829988,16.85876771268862,45,2.0,45M/2s,3,71.593568261,0.8212711303150617,-12.795837532,False,low_baseline,low_baseline
2025-06-30 00:00:00+00:00,61782744252,696525148824,44896603,2.13,40508,75981,3527201,0.19,61.782744252,17194755.327935223,0.3829856643705365,8061633.666944444,21078217.370892018,1821157980845.0703,40.82408564814815,4.1396802626597955,15.902626906195167,16.863750760555764,45,2.0,45M/2s,3,71.593568261,0.8629650086271177,-9.810824009000001,False,low_baseline,low_baseline
2025-07-01 00:00:00+00:00,63069182478,697349845884,44957450,2.17,39843,66650,3329041,0.18,63.069182478,17502443.23680446,0.38931129850123747,8071178.771805556,20717718.894009218,1790010912442.3965,38.53056712962963,4.159963475744331,15.90381022185421,16.84649992557488,45,2.0,45M/2s,3,66.266265265,0.9517539916545047,-3.1970827869999994,False,low_baseline,low_baseline
2025-07-02 00:00:00+00:00,55466167899,665118234925,45000000,2.13,40571,59537,3623072,0.19,55.466167899,16393932.486874862,0.36430961081944135,7698127.719039352,21126760.563380282,1825352112676.0564,41.933703703703706,4.033641660553337,15.856487833787533,16.866051115346593,45,2.0,45M/2s,3,62.425963365,0.888511204459808,-6.959795466000003,False,low_baseline,low_baseline
2025-07-03 00:00:00+00:00,56421288340,693876844103,45000000,2.14,40324,61074,3694550,0.19,56.42128834,17207540.028345402,0.38238977840767563,8030981.991932871,21028037.383177567,1816822429906.5417,42.760995370370374,4.050415111571129,15.898817493366447,16.861367266256387,45,2.0,45M/2s,3,61.702041514499996,0.914415260097042,-5.280753174499999,False,low_baseline,low_baseline
2025-07-04 00:00:00+00:00,56519591019,673747348625,45000000,2.13,40547,58257,3647450,0.18,56.519591019,16616453.71112536,0.36925452691389693,7798001.720196759,21126760.563380282,1825352112676.0564,42.21585648148148,4.052125603147597,15.869378197357237,16.866051115346593,45,2.0,45M/2s,3,61.702041514499996,0.9160084436706666,-5.182450495499992,False,low_baseline,low_baseline
2025-07-05 00:00:00+00:00,51922643899,635841066802,45000000,2.13,40659,53525,3631751,0.18,51.922643899,15638384.28889053,0.347519650864234,7359271.606504629,21126760.563380282,1825352112676.0564,42.03415509259259,3.968831298297345,15.811471655183032,16.866051115346593,45,2.0,45M/2s,3,60.290237490500004,0.8612114673985404,-8.367593591500004,False,low_baseline,low_baseline
2025-07-06 00:00:00+00:00,49912297296,668448898234,45000000,2.13,40635,56432,3995692,0.18,49.912297296,16450077.475919774,0.3655572772426616,7736677.062893518,21126760.563380282,1825352112676.0564,46.246435185185184,3.9301044915475036,15.86148296259653,16.866051115346593,45,2.0,45M/2s,3,58.5944694295,0.8518260815733426,-8.682172133500003,False,low_baseline,low_baseline
2025-07-07 00:00:00+00:00,51966939006,714093822883,45000000,2.13,40644,61121,3809706,0.19,51.966939006,17569476.992495816,0.3904328220554626,8264974.801886574,21126760.563380282,1825352112676.0564,44.09381944444444,3.9696679265731105,15.927537361451558,16.866051115346593,45,2.0,45M/2s,3,57.45539957450001,0.9044744165187929,-5.48846056850001,False,low_baseline,low_baseline
2025-07-08 00:00:00+00:00,54050152600,678230775302,45000000,2.13,40658,61713,3619656,0.19,54.0501526,16681360.994195484,0.3706969109821219,7849893.232662037,21126760.563380282,1825352112676.0564,41.89416666666666,4.0082446351902785,15.876010616121585,16.866051115346593,45,2.0,45M/2s,3,56.470439679500004,0.9571406368847767,-2.4202870795000067,False,low_baseline,low_baseline
2025-07-09 00:00:00+00:00,53854354234,665289764366,45000000,2.16,37943,67013,4121047,0.21,53.854354234,17533926.267453812,0.38964280594341805,7700113.013495371,20833333.333333332,1800000000000.0,47.69730324074074,4.004681567964266,15.856745693661741,16.85206487403852,45,2.0,45M/2s,3,56.035701419999995,0.9610721891450895,-2.1813471859999964,False,low_baseline,low_baseline
2025-07-10 00:00:00+00:00,72453266433,603938993759,45000000,2.71,31850,74410,3436192,0.22,72.453266433,18961977.826028258,0.42137728502285016,6990034.649988426,16605166.051660517,1434686346863.4688,39.77074074074074,4.296649373149097,15.759996214338393,16.625224473065206,45,2.0,45M/2s,3,55.5581411995,1.3040981009935597,16.895125233499996,False,low_baseline,low_baseline
2025-07-11 00:00:00+00:00,65436164863,543388190371,45000000,2.57,33562,64544,2956452,0.23,65.436164863,16190578.343692271,0.35979062985982824,6289215.166331018,17509727.626459144,1512840466926.07,34.21819444444444,4.196241559764771,15.654347005065798,16.678267205938575,45,2.0,45M/2s,3,55.5581411995,1.1777961510272577,9.878023663500002,False,low_baseline,low_baseline
2025-07-12 00:00:00+00:00,61977985119,575939539128,45000000,2.25,38337,57368,3187236,0.23,61.977985119,15023072.726817435,0.333846060595943,6665966.8880555555,20000000.0,1728000000000.0,36.88930555555555,4.1427852227667,15.712525720564825,16.811242881518265,45,2.0,45M/2s,3,55.943728119499994,1.1078629759284255,6.034256999500009,False,low_baseline,low_baseline
2025-07-13 00:00:00+00:00,53773714448,562835826161,45000000,2.35,36695,59712,3233962,0.23,53.773714448,15338215.728600627,0.34084923841334724,6514303.543530093,19148936.170212764,1654468085106.3828,37.43011574074074,4.003210415521037,15.689511015879305,16.767757771800746,45,2.0,45M/2s,3,56.470439679500004,0.9522453650652383,-2.696725231500004,False,low_baseline,low_baseline
2025-07-14 00:00:00+00:00,58227545398,658430632871,45000000,2.23,38672,63986,4046132,0.23,58.227545398,17026030.018385395,0.37835622263078655,7620724.917488426,20179372.197309416,1743497757847.5334,46.83023148148148,4.081386727559462,15.84638218788769,16.82017151181812,45,2.0,45M/2s,3,55.943728119499994,1.0408234730731851,2.2838172785000026,False,low_baseline,low_baseline
2025-07-15 00:00:00+00:00,64921374992,666073313365,45000000,2.19,39522,63931,4065927,0.23,64.921374992,16853228.919715602,0.37451619821590226,7709181.867650463,20547945.205479454,1775342465753.4248,47.05934027777778,4.1884627438788264,15.85792275647935,16.83827155257285,45,2.0,45M/2s,3,55.943728119499994,1.160476378215679,8.977646872500003,False,low_baseline,low_baseline
2025-07-16 00:00:00+00:00,62287530390,743592073963,45000000,2.18,39695,65731,4146160,0.23,62.28753039,18732638.215467945,0.41628084923262093,8606389.74494213,20642201.834862385,1783486238532.11,47.98796296296296,4.147688317485523,15.968015595131291,16.84284821937804,45,2.0,45M/2s,3,55.943728119499994,1.1133961300710808,6.343802270500007,False,low_baseline,low_baseline
2025-07-17 00:00:00+00:00,64140621926,802705577381,45000000,2.13,40476,78534,4464192,0.24,64.140621926,19831642.884202983,0.44070317520451074,9290573.812280092,21126760.563380282,1825352112676.0564,51.66888888888889,4.17654834733091,16.044510983179446,16.866051115346593,45,2.0,45M/2s,3,56.470439679500004,1.1358265012638893,7.670182246499991,False,low_baseline,low_baseline
2025-07-18 00:00:00+00:00,71073665136,773282634444,45000000,2.14,40355,71523,4360126,0.24,71.073665136,19162003.08373188,0.4258222907495973,8950030.49125,21028037.383177567,1816822429906.5417,50.464421296296294,4.277688722867354,16.007167608820268,16.861367266256387,45,2.0,45M/2s,3,57.373568208500004,1.23878760473312,13.700096927499999,False,low_baseline,low_baseline
2025-07-19 00:00:00+00:00,54954417207,608413022200,45000000,2.16,39984,55844,3393970,0.24,54.954417207,15216412.119847938,0.3381424915521764,7041817.386574074,20833333.333333332,1800000000000.0,39.28206018518519,4.024537380828385,15.767376988329643,16.85206487403852,45,2.0,45M/2s,3,60.1027652585,0.9143409121134922,-5.148348051500001,False,low_baseline,low_baseline
2025-07-20 00:00:00+00:00,60246699464,612694914465,45000000,2.13,40586,55449,3388386,0.25,60.246699464,15096213.336248953,0.33547140747219895,7091376.324826389,21126760.563380282,1825352112676.0564,39.21743055555555,4.114909961670877,15.77439014266375,16.866051115346593,45,2.0,45M/2s,3,60.1027652585,1.00239480171804,0.14393420550000258,False,low_baseline,low_baseline
2025-07-21 00:00:00+00:00,63060377560,649666296021,44998132,2.14,40376,61033,3658391,0.26,63.06037756,16090407.569372894,0.35757945617326725,7519285.833576389,21027164.485981308,1816747011588.785,42.34248842592593,4.1598260380131595,15.832981855468223,16.86132575428564,45,2.0,45M/2s,3,61.1123422915,1.031876298558613,1.9480352685,False,low_baseline,low_baseline
2025-07-22 00:00:00+00:00,58456596102,775824784365,45000000,2.14,40409,62606,3686943,0.25,58.456596102,19199306.698136553,0.4266512599585901,8979453.522743056,21028037.383177567,1816822429906.5417,42.67295138888889,4.08524656907626,16.010449694863603,16.861367266256387,45,2.0,45M/2s,3,62.132757754500005,0.9408337600750748,-3.6761616525000065,False,low_baseline,low_baseline
2025-07-23 00:00:00+00:00,61663215985,848443337533,45000000,2.15,40213,80830,4386591,0.23,61.663215985,21098732.68676796,0.46886072637262133,9819946.036261573,20930232.558139537,1808372093023.2559,50.77072916666667,4.137774608576609,16.099926286860054,16.856705253372798,45,2.0,45M/2s,3,62.132757754500005,0.9924429272662375,-0.4695417695000046,False,low_baseline,low_baseline
2025-07-24 00:00:00+00:00,62935898302,752225234035,44997861,2.13,40653,59049,3695857,0.23,62.935898302,18503560.23011832,0.4112097735071967,8706310.579108797,21125756.33802817,1825265347605.6338,42.776122685185186,4.157880992402951,15.97955878946256,16.866003580885764,45,2.0,45M/2s,3,62.132757754500005,1.01292620151633,0.8031405474999929,False,low_baseline,low_baseline
2025-07-25 00:00:00+00:00,68910143830,636941816206,45000000,2.13,40523,58596,3617680,0.23,68.91014383,15718032.13498507,0.3492896029996682,7372011.761643519,21126760.563380282,1825352112676.0564,41.87129629629629,4.2472107578812395,15.81320132886687,16.866051115346593,45,2.0,45M/2s,3,62.132757754500005,1.1090791125396189,6.77738607549999,False,low_baseline,low_baseline
2025-07-26 00:00:00+00:00,57064397502,586821014337,44997830,2.13,40531,53042,3320295,0.24,57.064397502,14478325.586267302,0.32175608437712,6791909.888159722,21125741.78403756,1825264090140.8452,38.429340277777776,4.061552696375911,15.731242886769424,16.866002891963923,45,2.0,45M/2s,3,62.132757754500005,0.9184269226785942,-5.068360252500007,False,low_baseline,low_baseline
2025-07-27 00:00:00+00:00,58741371488,687628417162,45000000,2.13,40498,50313,3097621,0.24,58.741371488,16979317.920934368,0.37731817602076373,7958662.235671297,21126760.563380282,1825352112676.0564,35.852094907407405,4.090024770140779,15.889771608500695,16.866051115346593,45,2.0,45M/2s,3,61.9753731875,0.9478179552107598,-3.2340016994999985,False,low_baseline,low_baseline
2025-07-28 00:00:00+00:00,58160311474,747143424302,44997835,2.13,40617,58483,3621490,0.23,58.160311474,18394845.12155009,0.4087940035681737,8647493.336828703,21125744.1314554,1825264292957.7466,41.91539351851852,4.080250902771268,15.972780164902087,16.866003003080383,45,2.0,45M/2s,3,61.9753731875,0.9384422954266377,-3.8150617135000005,False,low_baseline,low_baseline
2025-07-29 00:00:00+00:00,57744237167,755431095314,44998047,2.13,40653,58203,3760290,0.22,57.744237167,18582419.38636755,0.41296057551936755,8743415.455023149,21125843.661971834,1825272892394.3665,43.521875,4.073193057438585,15.983811569994776,16.86600771440684,45,2.0,45M/2s,3,61.9753731875,0.9317287528435022,-4.231136020499996,False,low_baseline,low_baseline
2025-07-30 00:00:00+00:00,65333022710,556349786826,45000000,2.41,35788,52423,2624063,0.22,65.33302271,15545707.6904549,0.3454601708989978,6439233.643819445,18672199.17012448,1613278008298.755,30.371099537037036,4.194687853281599,15.677920246890599,16.742546353787585,45,2.0,45M/2s,3,60.954957724500005,1.0718245922716847,4.378064985499989,False,low_baseline,low_baseline
2025-07-31 00:00:00+00:00,63433124483,626133643529,45000000,2.27,38016,56817,2942867,0.2,63.433124483,16470266.296533039,0.3660059177007342,7246917.170474537,19823788.546255507,1712775330396.4758,34.060960648148146,4.165627856201036,15.796086856524225,16.802393266685726,45,2.0,45M/2s,3,60.954957724500005,1.0406557046549132,2.478166758499995,False,low_baseline,low_baseline
2025-08-01 00:00:00+00:00,75408645550,769654186513,44982695,2.2,39345,64926,3741072,0.2,75.40864555,19561677.125759307,0.43487116825168676,8908034.566122685,20446679.545454543,1766593112727.2725,43.29944444444445,4.336095851419393,16.002464299956127,16.833331106762014,45,2.0,45M/2s,3,60.954957724500005,1.2371207915659097,14.453687825499998,False,low_baseline,low_baseline
2025-08-02 00:00:00+00:00,59438363829,634822056119,44997813,2.13,40520,56899,3250942,0.19,59.438363829,15666881.937783811,0.34816985300560743,7347477.501377315,21125733.8028169,1825263400563.3804,37.62664351851852,4.101624066042084,15.80986775129302,16.866002514167874,45,2.0,45M/2s,3,60.954957724500005,0.9751194332320825,-1.5165938955000087,False,low_baseline,low_baseline
2025-08-03 00:00:00+00:00,58851591902,590113024031,45000000,2.13,40592,52247,3298067,0.2,58.851591902,14537668.112706937,0.3230592913934875,6830011.852210648,21126760.563380282,1825352112676.0564,38.17207175925926,4.091868029845745,15.736837113274433,16.866051115346593,45,2.0,45M/2s,3,60.954957724500005,0.9654931132590289,-2.1033658225000025,False,low_baseline,low_baseline
2025-08-04 00:00:00+00:00,60134452763,611260969084,45000000,2.14,40414,58782,3564681,0.21,60.134452763,15124980.677092098,0.3361106817131577,7074779.734768518,21028037.383177567,1816822429906.5417,41.25788194444444,4.113075582267958,15.772047009461174,16.861367266256387,45,2.0,45M/2s,3,60.550789906999995,0.993124166594037,-0.41633714399999633,False,low_baseline,low_baseline
2025-08-05 00:00:00+00:00,58177021958,665900143038,45000000,2.14,40416,65751,4051911,0.21,58.177021958,16476151.599317102,0.3661367022070467,7707177.581458333,21028037.383177567,1816822429906.5417,46.89711805555555,4.080533323941772,15.857662735824018,16.861367266256387,45,2.0,45M/2s,3,59.786408296,0.9730810666860602,-1.6093863380000002,False,low_baseline,low_baseline
2025-08-06 00:00:00+00:00,54198453868,691808330888,45000000,2.13,40654,66922,4043201,0.22,54.198453868,17016980.638756335,0.3781551253056963,8007040.866759259,21126760.563380282,1825352112676.0564,46.79630787037037,4.010934943253091,15.895831945810835,16.866051115346593,45,2.0,45M/2s,3,59.786408296,0.9065347026646212,-5.587954427999996,False,low_baseline,low_baseline
2025-08-07 00:00:00+00:00,50702643465,760135620705,45000000,2.13,40653,76795,4499581,0.24,50.702643465,18698143.327798687,0.41551429617330415,8797865.980381945,21126760.563380282,1825352112676.0564,52.0784837962963,3.94550891105831,15.990019861474611,16.866051115346593,45,2.0,45M/2s,3,59.144977865499996,0.8572603337565113,-8.442334400499995,False,low_baseline,low_baseline
2025-08-08 00:00:00+00:00,58201778641,766205272358,45000000,2.14,40444,74334,4502338,0.24,58.201778641,18944844.040104836,0.4209965342245519,8868116.578217592,21028037.383177567,1816822429906.5417,52.11039351851852,4.080951586050116,15.997973108337884,16.861367266256387,45,2.0,45M/2s,3,58.796481695,0.989885397274535,-0.594703054,False,low_baseline,low_baseline
2025-08-09 00:00:00+00:00,53433446384,703362297650,45000000,2.13,40650,65654,4126707,0.25,53.433446384,17302885.55104551,0.38450856780101134,8140767.333912037,21126760.563380282,1825352112676.0564,47.7628125,3.996978788170819,15.91239512343976,16.866051115346593,45,2.0,45M/2s,3,58.4715750645,0.9138362755759112,-5.038128680500002,False,low_baseline,low_baseline
2025-08-10 00:00:00+00:00,56943605170,678163318773,45000000,2.13,40657,62283,3715943,0.24,56.94360517,16680112.127628699,0.37066915839174885,7849112.485798611,21126760.563380282,1825352112676.0564,43.008599537037036,4.059470212876989,15.875911151635922,16.866051115346593,45,2.0,45M/2s,3,58.4715750645,0.9738681591386157,-1.5279698945000035,False,low_baseline,low_baseline
2025-08-11 00:00:00+00:00,65565625843,757294725782,44998185,2.13,40653,67499,4001816,0.24,65.565625843,18628261.771136202,0.4139780698073978,8764985.252106482,21125908.450704228,1825278490140.8452,46.317314814814814,4.198188315822707,15.986275507837266,16.86601078120176,45,2.0,45M/2s,3,58.189400299499994,1.1267623571567105,7.376225543500013,False,low_baseline,low_baseline
2025-08-12 00:00:00+00:00,62371305653,772879723486,45000000,2.13,40633,67424,3938649,0.25,62.371305653,19020985.98395393,0.4226885774211984,8945367.169976851,21126760.563380282,1825352112676.0564,45.586215277777775,4.149011166768432,16.006646433382222,16.866051115346593,45,2.0,45M/2s,3,58.5266852715,1.0656900414514363,3.8446203815000004,False,low_baseline,low_baseline
2025-08-13 00:00:00+00:00,70719587238,707176882330,45000000,2.13,40589,66074,3924145,0.26,70.719587238,17422870.293182883,0.387174895404064,8184917.619560185,21126760.563380282,1825352112676.0564,45.41834490740741,4.272763893533534,15.917803826106324,16.866051115346593,45,2.0,45M/2s,3,59.144977865499996,1.1956989382737029,11.574609372500007,False,low_baseline,low_baseline
2025-08-14 00:00:00+00:00,82257435306,755010511887,45000000,2.15,40250,70690,4064521,0.24,82.257435306,18758025.14004969,0.41684500311221534,8738547.591284722,20930232.558139537,1808372093023.2559,47.04306712962963,4.4219374378573715,15.98325466877099,16.856705253372798,45,2.0,45M/2s,3,59.144977865499996,1.3907763308840766,23.11245744050001,False,low_baseline,low_baseline
2025-08-15 00:00:00+00:00,63809787702,751369648645,45000000,2.13,40642,73980,3777244,0.23,63.809787702,18487516.57509473,0.41083370166877176,8696407.970428241,21126760.563380282,1825352112676.0564,43.71810185185185,4.171456636736065,15.978420736395378,16.866051115346593,45,2.0,45M/2s,3,59.144977865499996,1.0788707681505625,4.664809836500005,False,low_baseline,low_baseline
2025-08-16 00:00:00+00:00,54948132630,712404782050,45000000,2.13,40553,70507,3762510,0.24,54.94813263,17567252.288363375,0.39038338418585283,8245425.718171297,21126760.563380282,1825352112676.0564,43.54756944444444,4.0244250585083705,15.925169267417841,16.866051115346593,45,2.0,45M/2s,3,59.144977865499996,0.9290413930825382,-4.1968452354999926,False,low_baseline,low_baseline
2025-08-17 00:00:00+00:00,57704090836,680265867506,45000000,2.13,40645,69659,3717313,0.25,57.704090836,16736766.330569565,0.37192814067932367,7873447.540578703,21126760.563380282,1825352112676.0564,43.02445601851852,4.072509414967957,15.879006712546644,16.866051115346593,45,2.0,45M/2s,3,58.5266852715,0.985944967980263,-0.822594435500001,False,low_baseline,low_baseline
2025-08-18 00:00:00+00:00,72765473052,819560543157,45000000,2.13,40645,83073,4416370,0.26,72.765473052,20163871.156526018,0.44808602570057815,9485654.4346875,21126760.563380282,1825352112676.0564,51.115393518518516,4.300890777309044,16.065291261197594,16.866051115346593,45,2.0,45M/2s,3,58.189400299499994,1.2504936066960164,14.57607275250001,False,low_baseline,low_baseline
2025-08-19 00:00:00+00:00,69606519757,790807863562,45000000,2.13,40643,74876,4072061,0.23,69.606519757,19457418.58529144,0.4323870796731431,9152868.791226853,21126760.563380282,1825352112676.0564,47.13033564814815,4.2571224880682585,16.029578026462914,16.866051115346593,45,2.0,45M/2s,3,58.189400299499994,1.1962061715490495,11.417119457500007,False,low_baseline,low_baseline
2025-08-20 00:00:00+00:00,62299075637,732637441315,45000000,2.13,40538,67371,3928737,0.24,62.299075637,18072856.118086733,0.40161902484637185,8479600.015219908,21126760.563380282,1825352112676.0564,45.471493055555555,4.147870726152512,15.953173956569204,16.866051115346593,45,2.0,45M/2s,3,60.286542147,1.0333827985206505,2.0125334900000027,False,low_baseline,low_baseline
2025-08-21 00:00:00+00:00,61566090389,720344625353,45000000,2.15,40167,66074,3869104,0.24,61.566090389,17933742.25988996,0.3985276057753324,8337322.052696759,20930232.558139537,1808372093023.2559,44.7812962962963,4.136223444263928,15.936252745915947,16.856705253372798,45,2.0,45M/2s,3,62.335190645,0.9876618608519218,-0.7691002559999944,False,low_baseline,low_baseline
2025-08-22 00:00:00+00:00,83406412567,753638423925,45000000,2.14,40298,71320,3911953,0.25,83.406412567,18701633.429078367,0.41559185397951925,8722666.943576388,21028037.383177567,1816822429906.5417,45.277233796296294,4.435643376997699,15.98143570592207,16.861367266256387,45,2.0,45M/2s,3,62.335190645,1.338030921281704,21.071221922000007,False,low_baseline,low_baseline
2025-08-23 00:00:00+00:00,59969816707,709039800982,45000000,2.21,39140,69393,3634110,0.25,59.969816707,18115477.797189575,0.40256617327087946,8206479.178032408,20361990.950226244,1759276018099.5474,42.061458333333334,4.110378933633428,15.920434665752735,16.82918058131604,45,2.0,45M/2s,3,63.0905466775,0.9505356961566328,-3.120729970500001,False,low_baseline,low_baseline
2025-08-24 00:00:00+00:00,66265373810,709956957096,45000000,2.2,39289,85171,3620406,0.25,66.26537381,18070120.316017207,0.4015582292448268,8217094.410833334,20454545.454545453,1767272727272.727,41.90284722222222,4.208645599195536,15.921727348240989,16.83371573625921,45,2.0,45M/2s,3,63.0905466775,1.050321756581517,3.174827132499999,False,low_baseline,low_baseline
2025-08-25 00:00:00+00:00,69889373188,741682309956,45000000,2.14,40296,87161,3870639,0.23,69.889373188,18405854.426146515,0.40901898724770036,8584285.994861111,21028037.383177567,1816822429906.5417,44.7990625,4.261120537790877,15.965443996431484,16.861367266256387,45,2.0,45M/2s,3,64.68770677250001,1.0804119774069858,5.201666415499986,False,low_baseline,low_baseline
2025-08-26 00:00:00+00:00,61451493727,712079198979,45000000,2.13,40646,72915,3613754,0.24,61.451493727,17519047.35961718,0.3893121635470485,8241657.395590277,21126760.563380282,1825352112676.0564,41.82585648148148,4.134390155052551,15.924712143236018,16.866051115346593,45,2.0,45M/2s,3,65.037580756,0.944861309610303,-3.586087028999998,False,low_baseline,low_baseline
2025-08-27 00:00:00+00:00,57563826572,736013077694,45000000,2.13,40427,75534,3726680,0.24,57.563826572,18205978.12585648,0.4045772916856996,8518669.880717592,21126760.563380282,1825352112676.0564,43.13287037037037,4.070117211985413,15.957770886720471,16.866051115346593,45,2.0,45M/2s,3,65.037580756,0.8850856059354497,-7.4737541839999935,False,low_baseline,low_baseline
2025-08-28 00:00:00+00:00,61659820327,733527814990,45000000,2.11,40427,77897,3704627,0.25,61.659820327,18144502.80728226,0.4032111734951614,8489905.266087962,21327014.21800948,1842654028436.019,42.877627314814816,4.137720418092549,15.954388517718687,16.875485147135507,45,2.0,45M/2s,3,63.054431669500005,0.9778824214956077,-1.3946113425000064,False,low_baseline,low_baseline
2025-08-29 00:00:00+00:00,64179570614,816882800813,44998047,2.11,40572,86066,4036973,0.24,64.179570614,20134151.65170561,0.44744501137361825,9454662.04644676,21326088.625592418,1842574057251.1848,46.72422453703704,4.1771460856921045,16.062018621834877,16.875441746195733,45,2.0,45M/2s,3,61.979447981999996,1.0354976158006273,2.200122632000003,False,low_baseline,low_baseline
2025-08-30 00:00:00+00:00,48391208245,715278577382,45000000,2.13,40338,73166,3629095,0.26,48.391208245,17732127.95334424,0.39404728785209425,8278687.238217592,21126760.563380282,1825352112676.0564,42.00341435185185,3.899772437606216,15.929195088474783,16.866051115346593,45,2.0,45M/2s,3,61.979447981999996,0.7807621690831084,-13.588239736999995,False,low_baseline,low_baseline
2025-08-31 00:00:00+00:00,61516866999,755005301266,45000000,2.13,40536,72201,3986125,0.28,61.516866999,18625550.15951253,0.41390111465583407,8738487.283171296,21126760.563380282,1825352112676.0564,46.13570601851852,4.135436392317462,15.983247767359284,16.866051115346593,45,2.0,45M/2s,3,61.979447981999996,0.9925365423852381,-0.46258098299999517,False,low_baseline,low_baseline
2025-09-01 00:00:00+00:00,61620504536,827013753285,45000000,2.12,40636,78068,4399302,0.27,61.620504536,20351750.991362337,0.45226113314138533,9571918.44079861,21226415.09433962,1833962264150.943,50.91784722222222,4.137092772972157,16.07434431184446,16.87075700616178,45,2.0,45M/2s,3,61.979447981999996,0.9942086698464265,-0.35894344599999783,False,low_baseline,low_baseline
2025-09-02 00:00:00+00:00,61487881975,827425062239,45000000,2.12,40639,77230,4365731,0.29,61.487881975,20360369.650803417,0.4524526589067426,9576678.961099537,21226415.09433962,1833962264150.943,50.52929398148148,4.13497264954357,16.07484153049728,16.87075700616178,45,2.0,45M/2s,3,61.6401624315,0.9975295253858354,-0.15228045650000155,False,low_baseline,low_baseline
2025-09-03 00:00:00+00:00,56786644508,749175826955,44998306,2.13,40492,70831,4327646,0.28,56.786644508,18501823.247925516,0.41116710588895317,8671016.51568287,21125965.258215964,1825283398309.8594,50.08849537037037,4.056757685103529,15.975496702387574,16.86601347019536,45,2.0,45M/2s,3,61.593297462500004,0.9219614283936259,-4.806652954500002,False,low_baseline,low_baseline
2025-09-04 00:00:00+00:00,54101687462,842218278471,45000000,2.11,40655,81576,4826695,0.28,54.101687462,20716228.71654163,0.4603606381453696,9747896.7415625,21327014.21800948,1842654028436.019,55.864525462962966,4.009180341134566,16.092562203475506,16.875485147135507,45,2.0,45M/2s,3,61.541478694000006,0.879109319602271,-7.439791232000005,False,low_baseline,low_baseline
2025-09-05 00:00:00+00:00,103068503771,846683469392,45000000,2.12,40649,77532,4664246,0.28,103.068503771,20829134.035080813,0.4628696452240181,9799577.192037037,21226415.09433962,1833962264150.943,53.9843287037037,4.64504937240603,16.09784990108561,16.87075700616178,45,2.0,45M/2s,3,61.502374487,1.6758459267745183,41.566129284,False,low_baseline,low_baseline
2025-09-06 00:00:00+00:00,55092067149,688457751515,45000000,2.12,40655,68610,3431501,0.27,55.092067149,16934147.128643464,0.3763143806365214,7968261.012905093,21226415.09433962,1833962264150.943,39.716446759259256,4.0269943969862725,15.890976960851653,16.87075700616178,45,2.0,45M/2s,3,61.502374487,0.8957713845771115,-6.4103073379999955,False,low_baseline,low_baseline
2025-09-07 00:00:00+00:00,52358944986,646127579844,44997160,2.12,40657,60439,3129615,0.28,52.358944986,15892160.755687827,0.35318141757586097,7478328.470416667,21225075.471698113,1833846520754.717,36.22239583333333,3.9770416297852202,15.827519992176173,16.870693893062054,45,2.0,45M/2s,3,61.502374487,0.851332089577571,-9.143429501,False,low_baseline,low_baseline
2025-09-08 00:00:00+00:00,51523859027,744438978002,45000000,2.12,40611,73202,4050629,0.27,51.523859027,18330968.900100958,0.40735486444668795,8616191.875023149,21226415.09433962,1833962264150.943,46.882280092592595,3.961267524020116,15.969153883248302,16.87075700616178,45,2.0,45M/2s,3,61.469687851,0.8381994577862786,-9.945828824000003,False,low_baseline,low_baseline
2025-09-09 00:00:00+00:00,84246103958,701498698851,44981548,2.12,40541,62177,3752947,0.27,84.246103958,17303438.466022052,0.38467859011926514,8119197.903368056,21217711.320754714,1833210258113.2073,43.43688657407407,4.445542413746852,15.909742050050234,16.870346877645453,45,2.0,45M/2s,3,59.5076601495,1.4157186443955294,24.73844380850001,False,low_baseline,low_baseline
2025-09-10 00:00:00+00:00,143112417889,620595937817,44998222,2.43,34726,74460,2804921,0.27,143.112417889,17871218.620543685,0.39715388355885894,7182823.354363426,18517786.83127572,1599936782222.2222,32.464363425925924,4.9705936747887645,15.787203227794494,16.734242332492574,45,2.0,45M/2s,3,59.5258542735,2.4042060317429406,83.5865636155,False,low_baseline,low_baseline
2025-09-11 00:00:00+00:00,62133181740,616899489157,45000000,2.27,37885,62721,3067698,0.27,62.13318174,16283476.023676917,0.36185502274837594,7140040.3837615745,19823788.546255507,1712775330396.4758,35.505763888888886,4.145246490919423,15.781229130344009,16.802393266685726,45,2.0,45M/2s,3,61.502374487,1.0102566325001539,0.6308072530000004,False,low_baseline,low_baseline
2025-09-12 00:00:00+00:00,58202653330,786499189611,45000000,2.17,39739,63893,3165215,0.27,58.20265333,19791620.06117416,0.4398137791372036,9102999.879756944,20737327.188940093,1791705069124.424,36.63443287037037,4.080966360649098,16.024114684132147,16.847445928404447,45,2.0,45M/2s,3,61.502374487,0.9463480689237864,-3.2997211570000005,False,low_baseline,low_baseline
2025-09-13 00:00:00+00:00,67345728361,718819846567,45000000,2.14,40233,61839,2966199,0.28,67.345728361,17866424.24295976,0.3970316498435502,8319674.150081019,21028037.383177567,1816822429906.5417,34.33100694444445,4.2245790646697845,15.934133767573721,16.861367266256387,45,2.0,45M/2s,3,59.8452676525,1.1253308908576112,7.5004607085,False,low_baseline,low_baseline
2025-09-14 00:00:00+00:00,69541828514,722951006948,45000000,2.14,40366,57460,2817220,0.27,69.541828514,17909899.592429273,0.3979977687206505,8367488.506342593,21028037.383177567,1816822429906.5417,32.606712962962966,4.2562058461334145,15.939864457969742,16.861367266256387,45,2.0,45M/2s,3,61.502374487,1.1307177827532389,8.039454027000005,False,low_baseline,low_baseline
2025-09-15 00:00:00+00:00,189411383470,847860230377,45000000,2.14,40243,62420,3616374,0.26,189.41138347,21068514.53363318,0.4681892118585151,9813197.110844908,21028037.383177567,1816822429906.5417,41.856180555555554,5.2491869077024385,16.09923878359637,16.861367266256387,45,2.0,45M/2s,3,61.554193255499996,3.0771483379497577,127.85719021450001,True,low_baseline,spike_day
2025-09-16 00:00:00+00:00,80515341001,911225086795,45000000,2.13,40442,75160,3862911,0.26,80.515341001,22531652.410736363,0.5007033869052525,10546586.652719907,21126760.563380282,1825352112676.0564,44.70961805555555,4.400791235674286,16.171312920326837,16.866051115346593,45,2.0,45M/2s,3,61.810531857499996,1.3026152434122824,18.7048091435,False,low_baseline,low_baseline
2025-09-17 00:00:00+00:00,91997333447,900990102165,44997850,2.15,39984,74311,3691569,0.26,91.997333447,22533766.06054922,0.5007742827834935,10428126.182465278,20929232.558139537,1808285693023.2559,42.72649305555556,4.532570820129285,16.160017250208305,16.85665747445591,45,2.0,45M/2s,3,64.7394550505,1.4210396639149574,27.257878396500004,False,low_baseline,low_baseline
2025-09-18 00:00:00+00:00,70486437015,865711070337,45000000,2.12,40575,71307,3632489,0.26,70.486437015,21336070.74151571,0.4741349053670158,10019804.054826388,21226415.09433962,1833962264150.943,42.04269675925926,4.269507739608239,16.12007419782558,16.87075700616178,45,2.0,45M/2s,3,68.4437784375,1.029844328062123,2.0426585775000063,False,low_baseline,low_baseline
2025-09-19 00:00:00+00:00,61445498854,859394748045,45000000,2.13,40538,66258,3724679,0.25,61.445498854,21199732.30166757,0.47110516225927934,9946698.472743055,21126760.563380282,1825352112676.0564,43.109710648148145,4.13429415797719,16.112751342824314,16.866051115346593,45,2.0,45M/2s,3,70.0141327645,0.8776156531236127,-8.568633910500004,False,low_baseline,low_baseline
2025-09-20 00:00:00+00:00,54907305537,757493248462,45000000,2.12,40648,64247,3571217,0.25,54.907305537,18635437.130043298,0.4141208251120733,8767282.968310185,21226415.09433962,1833962264150.943,41.33353009259259,4.02369506101371,15.986537620637032,16.87075700616178,45,2.0,45M/2s,3,68.4437784375,0.8022249324990007,-13.536472900500002,False,low_baseline,low_baseline
2025-09-21 00:00:00+00:00,57226695868,728713078036,45000000,2.12,40658,67590,3520669,0.25,57.226695868,17922993.704461608,0.3982887489880357,8434179.143935185,21226415.09433962,1833962264150.943,40.7484837962963,4.06434394146046,15.94780307231299,16.87075700616178,45,2.0,45M/2s,3,68.4437784375,0.8361124586401528,-11.2170825695,False,low_baseline,low_baseline
2025-09-22 00:00:00+00:00,103550493825,875181923647,45000000,2.12,40522,81383,4173254,0.23,103.550493825,21597698.13057105,0.4799488473460233,10129420.41258102,21226415.09433962,1833962264150.943,48.30155092592592,4.6496701492016035,16.130954758362776,16.87075700616178,45,2.0,45M/2s,3,68.4437784375,1.512927780858241,35.1067153875,False,low_baseline,low_baseline
2025-09-23 00:00:00+00:00,65370736246,837146813846,45000000,2.12,40617,70448,3786464,0.23,65.370736246,20610749.534579117,0.45801665632398036,9689199.234328704,21226415.09433962,1833962264150.943,43.824814814814815,4.195256240150397,16.08652244530374,16.87075700616178,45,2.0,45M/2s,3,70.0141327645,0.9336791539771183,-4.643396518499998,False,low_baseline,low_baseline
2025-09-24 00:00:00+00:00,58827216103,788670402145,45000000,2.13,40423,65269,3697412,0.22,58.827216103,19510437.180441827,0.43356527067648504,9128129.65445602,21126760.563380282,1825352112676.0564,42.79412037037037,4.091460676200711,16.02687148401232,16.866051115346593,45,2.0,45M/2s,3,68.4437784375,0.8594969103980511,-9.616562334500003,False,low_baseline,low_baseline
2025-09-25 00:00:00+00:00,74393261255,812846452110,44998318,2.14,40196,71727,3942391,0.22,74.393261255,20222073.14434272,0.44939620063893765,9407945.047569444,21027251.40186916,1816754521121.4954,45.62952546296296,4.3227178977440195,16.05706521436446,16.86132988778182,45,2.0,45M/2s,3,66.3582323035,1.121085638851115,8.035028951499996,False,low_baseline,low_baseline
2025-09-26 00:00:00+00:00,62809266495,851290277640,44998112,2.13,40505,72495,3963583,0.22,62.809266495,21016918.346870758,0.4670622257856231,9852896.731944444,21125874.178403758,1825275529014.0847,45.87480324074074,4.155898422672359,16.10327615586827,16.866009158912863,45,2.0,45M/2s,3,68.4437784375,0.9176767841996742,-5.634511942499998,False,low_baseline,low_baseline
2025-09-27 00:00:00+00:00,54323397718,843385616337,45000000,2.12,40579,63033,3661173,0.22,54.323397718,20783794.976145297,0.46186211058100657,9761407.596493056,21226415.09433962,1833962264150.943,42.3746875,4.013195924252477,16.093947271386828,16.87075700616178,45,2.0,45M/2s,3,68.4437784375,0.7936937287529481,-14.120380719499998,False,low_baseline,low_baseline
2025-09-28 00:00:00+00:00,56806862332,810330523539,44998239,2.12,40644,64963,3893132,0.23,56.806862332,19937272.99328314,0.44306784968369856,9378825.503923612,21225584.433962263,1833890495094.3396,45.05939814814815,4.057107494098149,16.053965206964463,16.870717872064564,45,2.0,45M/2s,3,67.45628238,0.8421285657574656,-10.649420048000003,False,low_baseline,low_baseline
2025-09-29 00:00:00+00:00,87083311383,876097723977,45000000,2.12,40523,66560,4139965,0.23,87.083311383,21619764.676282603,0.48043921502850234,10140019.9534375,21226415.09433962,1833962264150.943,47.91626157407408,4.478283086882585,16.13200062253913,16.87075700616178,45,2.0,45M/2s,3,64.0900013705,1.3587659466501991,22.99331001249999,False,low_baseline,low_baseline
2025-09-30 00:00:00+00:00,74394471211,927577252021,45000000,2.12,40532,73144,3852602,0.22,74.394471211,22885060.002491858,0.5085568889442635,10735847.82431713,21226415.09433962,1833962264150.943,44.59030092592592,4.322733946211361,16.18909905690194,16.87075700616178,45,2.0,45M/2s,3,64.0900013705,1.1607812391972117,10.30446984049999,False,low_baseline,low_baseline
2025-10-01 00:00:00+00:00,90433529787,917813284048,45000000,2.12,40647,73320,3725617,0.24,90.433529787,22580098.99987699,0.5017799777750442,10622838.935740741,21226415.09433962,1833962264150.943,43.12056712962963,4.5156122578732125,16.178516951940896,16.87075700616178,45,2.0,45M/2s,3,64.0900013705,1.4110395982707165,26.343528416499993,False,low_baseline,low_baseline
2025-10-02 00:00:00+00:00,75511087091,898333102860,45000000,2.12,40635,77687,3702457,0.24,75.511087091,22107373.024732374,0.49127495610516386,10397373.875694444,21226415.09433962,1833962264150.943,42.85251157407407,4.337435659625372,16.15706391645076,16.87075700616178,45,2.0,45M/2s,3,64.0900013705,1.1782038613866688,11.421085720499988,False,low_baseline,low_baseline
2025-10-03 00:00:00+00:00,78652379810,932391820157,45000000,2.12,40638,76822,3690067,0.24,78.65237981,22943841.23620749,0.5098631385823886,10791571.99255787,21226415.09433962,1833962264150.943,42.7091087962963,4.377671914252458,16.194276109051895,16.87075700616178,45,2.0,45M/2s,3,64.0900013705,1.2272176334544893,14.562378439499994,False,low_baseline,low_baseline
2025-10-04 00:00:00+00:00,76100929105,915098306698,45000000,2.12,40605,63988,3395197,0.24,76.100929105,22536591.71771949,0.5008131492826554,10591415.586782407,21226415.09433962,1833962264150.943,39.29626157407407,4.345115331145184,16.175554475088916,16.87075700616178,45,2.0,45M/2s,3,69.8819987505,1.088991878676846,6.218930354500003,False,low_baseline,low_baseline
2025-10-05 00:00:00+00:00,72137411678,914556130586,45000000,2.12,40578,67805,3625142,0.24,72.137411678,22538225.900389373,0.5008494644530972,10585140.400300926,21226415.09433962,1833962264150.943,41.95766203703704,4.292340023497833,16.174961821016524,16.87075700616178,45,2.0,45M/2s,3,74.393866233,0.9696688091470764,-2.2564545549999906,False,low_baseline,low_baseline
2025-10-06 00:00:00+00:00,113094232737,915608743543,44998034,2.12,40631,73525,3445017,0.25,113.094232737,22534733.172774483,0.5007937274053903,10597323.420636574,21225487.735849056,1833882140377.3584,39.872881944444444,4.737024709902561,16.17611211407324,16.870713316320565,45,2.0,45M/2s,3,74.393866233,1.5202091041053207,38.700366504,False,low_baseline,low_baseline
2025-10-07 00:00:00+00:00,135802322781,915141381390,45000000,2.11,40618,75894,3465709,0.24,135.802322781,22530439.248362795,0.5006764277413954,10591914.136458334,21327014.21800948,1842654028436.019,40.112372685185186,4.918536984437576,16.17560154508551,16.875485147135507,45,2.0,45M/2s,3,74.393866233,1.8254505331887176,61.40845654799999,False,low_baseline,low_baseline
2025-10-08 00:00:00+00:00,115970632866,932481351892,45000000,2.08,41394,68492,3713894,0.24,115.970632866,22526968.930086486,0.5005993095574774,10792608.23949074,21634615.384615384,1869230769230.7693,42.98488425925926,4.761922902146398,16.19437212815723,16.88980520024359,45,2.0,45M/2s,3,74.95277915099999,1.5472492705355914,41.017853715000015,False,low_baseline,low_baseline
2025-10-09 00:00:00+00:00,109983309962,971612566603,45000000,1.99,43140,71389,3929755,0.24,109.983309962,22522312.624084376,0.5004958360907639,11245515.817164352,22613065.326633167,1953768844221.1055,45.483275462962965,4.709379829304328,16.235480102049483,16.934038453220413,45,2.0,45M/2s,3,75.806008098,1.4508521517162134,34.177301864,False,low_baseline,low_baseline
2025-10-10 00:00:00+00:00,855932959106,977236389234,45000000,1.96,43170,73636,4372473,0.18,855.932959106,22636932.805976372,0.5030429512439194,11310606.356875,22959183.673469387,1983673469387.7551,50.607326388888886,6.75335968812362,16.241251547523586,16.949228618047723,45,2.0,45M/2s,3,77.3766544575,11.0619018760514,778.5563046485,True,low_baseline,spike_day
2025-10-11 00:00:00+00:00,144690832351,939380959961,45000000,1.98,43176,73655,4527344,0.19,144.690832351,21757016.860315915,0.48348926356257593,10872464.814363426,22727272.727272727,1963636363636.3635,52.39981481481482,4.981486789814523,16.201744079219363,16.939076247028147,45,2.0,45M/2s,3,82.86784559649999,1.7460431281818092,61.82298675450002,False,low_baseline,low_baseline
2025-10-12 00:00:00+00:00,100158007771,930208903415,45000000,1.96,43199,71868,4581190,0.2,100.158007771,21533111.956642516,0.4785135990365003,10766306.752488425,22959183.673469387,1983673469387.7551,53.023032407407406,4.616683727766399,16.19193216328694,16.949228618047723,45,2.0,45M/2s,3,88.758420585,1.1284338670164047,11.399587186000005,False,middle_baseline,middle_baseline
2025-10-13 00:00:00+00:00,101781991925,936464772135,45000000,1.98,43200,68866,4220949,0.21,101.781991925,21677425.280902777,0.4817205617978395,10838712.640451388,22727272.727272727,1963636363636.3635,48.85357638888889,4.632610161849139,16.19863487907915,16.939076247028147,45,2.0,45M/2s,3,95.295768779,1.0680641252923009,6.486223146,False,middle_baseline,middle_baseline
2025-10-14 00:00:00+00:00,95008822192,921028561672,45000000,1.97,43186,77496,4520095,0.2,95.008822192,21327017.127587643,0.4739337139463921,10660052.79712963,22842639.59390863,1973604060913.7056,52.31591435185185,4.5644400850788225,16.18201402332429,16.944139548762475,45,2.0,45M/2s,3,100.969999848,0.9409609025950881,-5.961177656000004,False,middle_baseline,middle_baseline
2025-10-15 00:00:00+00:00,70221548649,858002261445,45000000,2.0,43195,75208,4638453,0.2,70.221548649,19863462.471235096,0.4414102771385577,9930581.7296875,22500000.0,1944000000000.0,53.68579861111111,4.265795422193396,16.111129718054567,16.929025911619092,45,2.0,45M/2s,3,100.969999848,0.695469434036955,-30.748451199,False,middle_baseline,middle_baseline
2025-10-16 00:00:00+00:00,98736777115,903108101319,45000000,2.0,43196,76796,4708745,0.19,98.736777115,20907215.976456154,0.4646047994768034,10452640.0615625,22500000.0,1944000000000.0,54.49936342592593,4.60253448673246,16.162365237607325,16.929025911619092,45,2.0,45M/2s,3,100.969999848,0.9778823141887502,-2.233222733000005,False,middle_baseline,middle_baseline
2025-10-17 00:00:00+00:00,121419795448,969063515414,45000000,2.0,43194,76054,4747723,0.19,121.419795448,22435141.81168681,0.4985587069263735,11216012.90988426,22500000.0,1944000000000.0,54.950497685185184,4.807456084518081,16.232853128438002,16.929025911619092,45,2.0,45M/2s,3,100.969999848,1.2025333824976239,20.4497956,False,middle_baseline,middle_baseline
2025-10-18 00:00:00+00:00,62543706452,894086688727,45000000,2.0,43198,81432,4097392,0.19,62.543706452,20697409.34133525,0.4599424298074499,10348225.563969908,22500000.0,1944000000000.0,47.42351851851852,4.151727959717995,16.15232571651783,16.929025911619092,45,2.0,45M/2s,3,105.88265094350001,0.5906888984615045,-43.33894449150001,False,middle_baseline,middle_baseline
2025-10-19 00:00:00+00:00,70764696642,908399057351,45000000,2.0,43194,88344,4095312,0.2,70.764696642,21030676.88454415,0.4673483752120922,10513877.978599537,22500000.0,1944000000000.0,47.39944444444444,4.273392664912062,16.168206749794955,16.929025911619092,45,2.0,45M/2s,3,105.88265094350001,0.6683313650671697,-35.117954301500006,False,middle_baseline,middle_baseline
2025-10-20 00:00:00+00:00,73568171305,904899869088,45000000,2.0,43197,80588,4139658,0.2,73.568171305,20948210.965761513,0.4655157992391447,10473378.114444444,22500000.0,1944000000000.0,47.912708333333335,4.311713758055327,16.164347273321386,16.929025911619092,45,2.0,45M/2s,3,105.88265094350001,0.6948085512541302,-32.3144796385,False,middle_baseline,middle_baseline
2025-10-21 00:00:00+00:00,135996803734,979531806957,45000000,2.0,43190,72640,4267990,0.19,135.996803734,22679597.29004399,0.5039910508898665,11337173.691631945,22500000.0,1944000000000.0,49.398032407407406,4.919957595147207,16.243597679863285,16.929025911619092,45,2.0,45M/2s,3,100.969999848,1.3469030795159875,35.026803885999996,False,middle_baseline,middle_baseline
2025-10-22 00:00:00+00:00,124707622888,972764969217,45000000,2.0,43181,71127,4104928,0.19,124.707622888,22527615.599847157,0.5006136799966034,11258853.810381945,22500000.0,1944000000000.0,47.510740740740744,4.833958757257856,16.236665471274637,16.929025911619092,45,2.0,45M/2s,3,100.969999848,1.235095801482961,23.737623040000003,False,middle_baseline,middle_baseline
2025-10-23 00:00:00+00:00,83758130573,959181864333,45000000,2.0,43195,75452,4055956,0.19,83.758130573,22205854.018590115,0.4934634226353359,11101641.94829861,22500000.0,1944000000000.0,46.94393518518518,4.439801677623601,16.222603668689903,16.929025911619092,45,2.0,45M/2s,3,100.969999848,0.829534819244224,-17.211869274999998,False,middle_baseline,middle_baseline
2025-10-24 00:00:00+00:00,80683083344,920676593559,45000000,2.0,43198,78288,4209932,0.19,80.683083344,21312944.8946479,0.47362099765884225,10655979.092118055,22500000.0,1944000000000.0,48.72606481481481,4.402846922213471,16.181631803528397,16.929025911619092,45,2.0,45M/2s,3,99.447392443,0.8113142171147917,-18.764309099000002,False,middle_baseline,middle_baseline
2025-10-25 00:00:00+00:00,56822664126,823566992966,45000000,2.0,43200,73950,4042480,0.2,56.822664126,19064050.763101853,0.4236455725133745,9532025.381550927,22500000.0,1944000000000.0,46.787962962962965,4.057380811728731,16.07016788487958,16.929025911619092,45,2.0,45M/2s,3,96.8727996535,0.586569855823786,-40.0501355275,False,middle_baseline,middle_baseline
2025-10-26 00:00:00+00:00,61828771549,816970091263,45000000,2.0,43200,74981,4059201,0.2,61.828771549,18911344.705162037,0.4202521045591564,9455672.352581019,22500000.0,1944000000000.0,46.98149305555555,4.140413114242175,16.062125474099574,16.929025911619092,45,2.0,45M/2s,3,89.38347638249999,0.6917248472683615,-27.55470483349999,False,middle_baseline,middle_baseline
2025-10-27 00:00:00+00:00,65633704362,935757274342,45000000,2.0,43200,83518,4390602,0.2,65.633704362,21661048.017175928,0.4813566226039095,10830524.008587964,22500000.0,1944000000000.0,50.81715277777778,4.199210521036849,16.197879095049462,16.929025911619092,45,2.0,45M/2s,3,82.2206069585,0.7982634377185751,-16.586902596499996,False,low_baseline,low_baseline
2025-10-28 00:00:00+00:00,68588989350,955747915876,45000000,2.0,43199,83410,4531065,0.19,68.58898935,22124306.48570569,0.49165125523790415,11061897.17449074,22500000.0,1944000000000.0,52.442881944444444,4.242606355831341,16.21901716451254,16.929025911619092,45,2.0,45M/2s,3,77.1256273245,0.8893151567042331,-8.536637974499996,False,low_baseline,low_baseline
2025-10-29 00:00:00+00:00,92431457836,994822773085,45000000,2.0,43200,84819,4732864,0.2,92.431457836,23028304.93252315,0.5117401096116255,11514152.466261575,22500000.0,1944000000000.0,54.77851851851852,4.537228096193781,16.259087572795174,16.929025911619092,45,2.0,45M/2s,3,72.1664339735,1.2808095501842511,20.2650238625,False,low_baseline,low_baseline
2025-10-30 00:00:00+00:00,167554820590,965067743685,45000000,2.0,43200,78860,4550968,0.18,167.55482059,22339531.103819445,0.496434024529321,11169765.551909722,22500000.0,1944000000000.0,52.67324074074074,5.127261041627065,16.22872127126653,16.929025911619092,45,2.0,45M/2s,3,77.1256273245,2.172492158605418,90.42919326549999,False,low_baseline,low_baseline
2025-10-31 00:00:00+00:00,117932783352,983193385057,45000000,2.0,43194,81115,4548010,0.18,117.932783352,22762267.56162893,0.5058281680361985,11379553.067789352,22500000.0,1944000000000.0,52.63900462962963,4.778558487744541,16.24732880028742,16.929025911619092,45,2.0,45M/2s,3,77.1256273245,1.5290998263885376,40.8071560275,False,low_baseline,low_baseline
2025-11-01 00:00:00+00:00,87366552856,972386713135,45000000,2.0,43194,78692,4401696,0.19,87.366552856,22512078.370491274,0.5002684082331393,11254475.846469907,22500000.0,1944000000000.0,50.94555555555556,4.481493536689413,16.236276549365257,16.929025911619092,45,2.0,45M/2s,3,77.1256273245,1.1327823952525158,10.240925531499997,False,low_baseline,low_baseline
2025-11-02 00:00:00+00:00,95290261683,971444855027,45000000,2.0,43200,88446,4519809,0.19,95.290261683,22487149.421921298,0.499714431598251,11243574.710960649,22500000.0,1944000000000.0,52.31260416666667,4.5673671889035,16.235307475590137,16.929025911619092,45,2.0,45M/2s,3,82.2206069585,1.1589583829160586,13.069654724499998,False,low_baseline,low_baseline
2025-11-03 00:00:00+00:00,161245693165,975641547519,45000000,2.0,43195,81519,4956662,0.17,161.245693165,22586909.307072576,0.5019313179349462,11292147.540729167,22500000.0,1944000000000.0,57.36877314814815,5.089111810794293,16.239618222779196,16.929025911619092,45,2.0,45M/2s,3,85.56234171450001,1.884540440735438,75.6833514505,False,middle_baseline,middle_baseline
2025-11-04 00:00:00+00:00,280292639222,973706362973,45000000,2.0,43200,86264,5181343,0.16,280.292639222,22539499.14289352,0.5008777587309671,11269749.57144676,22500000.0,1944000000000.0,59.96924768518519,5.63939554815025,16.237632753690008,16.929025911619092,45,2.0,45M/2s,3,89.899005346,3.1178614061770755,190.393633876,True,middle_baseline,spike_day
2025-11-05 00:00:00+00:00,228099086278,971083623773,45000000,2.0,43200,82752,4908178,0.17,228.099086278,22478787.587337963,0.49952861305195473,11239393.793668982,22500000.0,1944000000000.0,56.807615740740744,5.434154601140715,16.23493555700055,16.929025911619092,45,2.0,45M/2s,3,89.899005346,2.53728153498585,138.200080932,True,middle_baseline,spike_day
2025-11-06 00:00:00+00:00,146122894167,974318777303,45000000,2.0,43200,81204,4939940,0.16,146.122894167,22553675.400532406,0.501192786678498,11276837.700266203,22500000.0,1944000000000.0,57.17523148148148,4.991268252254556,16.238261507686236,16.929025911619092,45,2.0,45M/2s,3,89.899005346,1.6254116895354689,56.223888821,False,middle_baseline,middle_baseline
2025-11-07 00:00:00+00:00,247674975066,971595487381,45000000,2.0,43199,82339,5092334,0.18,247.674975066,22491156.910599783,0.4998034869022174,11245318.140983796,22500000.0,1944000000000.0,58.939050925925926,5.516146722771055,16.235462523673924,16.929025911619092,45,2.0,45M/2s,3,93.8608597595,2.6387460726507133,153.8141153065,True,middle_baseline,spike_day
2025-11-08 00:00:00+00:00,220742976463,972583578882,45000000,2.0,43192,80685,4757668,0.18,220.742976463,22517678.710918687,0.5003928602426375,11256754.385208333,22500000.0,1944000000000.0,55.06560185185185,5.401518947465985,16.2364789850847,16.929025911619092,45,2.0,45M/2s,3,106.61152251749999,2.0705358224929733,114.1314539455,True,middle_baseline,spike_day
2025-11-09 00:00:00+00:00,161769169989,973399567665,45000000,2.0,43200,80374,4650798,0.18,161.769169989,22532397.39965278,0.5007199422145062,11266198.69982639,22500000.0,1944000000000.0,53.82868055555556,5.092333062103068,16.237317624165225,16.929025911619092,45,2.0,45M/2s,3,132.0278387595,1.2252656069276144,29.74133122949999,False,middle_baseline,middle_baseline
2025-11-10 00:00:00+00:00,206242382327,973196830677,45000000,2.0,43198,79891,4935878,0.18,206.242382327,22528747.411384787,0.5006388313641064,11263852.206909722,22500000.0,1944000000000.0,57.12821759259259,5.333889037378488,16.237109325238023,16.929025911619092,45,2.0,45M/2s,3,153.684293666,1.3419873781976952,52.558088661,False,middle_baseline,middle_baseline
2025-11-11 00:00:00+00:00,255331486842,972119245576,45000000,2.0,43200,81068,5222577,0.17,255.331486842,22502760.31425926,0.5000613403168724,11251380.15712963,22500000.0,1944000000000.0,60.44649305555556,5.546471477334346,16.236001448601776,16.929025911619092,45,2.0,45M/2s,3,161.507431577,1.5809271706501542,93.824055265,False,middle_baseline,middle_baseline
2025-11-12 00:00:00+00:00,271889086704,974115722695,45000000,2.0,43199,81274,4870212,0.17,271.889086704,22549497.04148244,0.5010999342551654,11274487.53119213,22500000.0,1944000000000.0,56.36819444444444,5.609065436823059,16.23805307923691,16.929025911619092,45,2.0,45M/2s,3,164.6619952895,1.6511951420604314,107.22709141450002,False,middle_baseline,middle_baseline
2025-11-13 00:00:00+00:00,404158666661,974041071117,45000000,2.0,43194,84788,5239292,0.17,404.158666661,22550379.013682455,0.5011195336373879,11273623.508298611,22500000.0,1944000000000.0,60.6399537037037,6.004278759918226,16.23797644108165,16.929025911619092,45,2.0,45M/2s,3,186.8986014585,2.162448854657383,217.2600652025,True,middle_baseline,spike_day
2025-11-14 00:00:00+00:00,344489572834,970169376332,45000000,2.0,43139,81571,5114494,0.15,344.489572834,22489380.290039174,0.499764006445315,11228812.226064814,22500000.0,1944000000000.0,59.195532407407406,5.844962462821766,16.233993642240176,16.929025911619092,45,2.0,45M/2s,3,213.49267939499998,1.613589626633671,130.99689343900002,False,middle_baseline,middle_baseline
2025-11-15 00:00:00+00:00,114320486291,974527088292,45000000,2.0,43200,76936,4935920,0.16,114.320486291,22558497.414166667,0.501299942537037,11279248.707083333,22500000.0,1944000000000.0,57.12870370370371,4.747715089644765,16.238475286492452,16.929025911619092,45,2.0,45M/2s,3,224.42103137049997,0.5094018398938138,-110.10054507949998,False,middle_baseline,middle_baseline
2025-11-16 00:00:00+00:00,184156066225,972256641854,45000000,2.0,43195,77228,4800250,0.15,184.156066225,22508545.939437434,0.5001899097652763,11252970.391828705,22500000.0,1944000000000.0,55.558449074074076,5.221199070663029,16.236142775458283,16.929025911619092,45,2.0,45M/2s,3,224.42103137049997,0.8205829244273191,-40.264965145499986,False,middle_baseline,middle_baseline
2025-11-17 00:00:00+00:00,248102268628,971660698021,45000000,2.0,43200,81095,5194249,0.14,248.102268628,22492145.787523147,0.49982546194495886,11246072.893761573,22500000.0,1944000000000.0,60.11862268518519,5.517863529524937,16.235529638483296,16.929025911619092,45,2.0,45M/2s,3,224.42103137049997,1.1055214705719996,23.681237257500015,False,middle_baseline,middle_baseline
2025-11-18 00:00:00+00:00,229101515453,973006912929,45000000,2.0,43200,83291,4986492,0.15,229.101515453,22523308.16965278,0.5005179593256173,11261654.08482639,22500000.0,1944000000000.0,57.71402777777778,5.438520583082213,16.236914157869382,16.929025911619092,45,2.0,45M/2s,3,237.88703067199998,0.9630685405833935,-8.78551521899999,False,middle_baseline,middle_baseline
2025-11-19 00:00:00+00:00,233977762827,971991769305,45000000,2.0,43200,80934,5099371,0.15,233.977762827,22499809.47465278,0.4999957661033951,11249904.73732639,22500000.0,1944000000000.0,59.020497685185184,5.459490883398726,16.235870307675278,16.929025911619092,45,2.0,45M/2s,3,228.6003008655,1.0235234246899083,5.377461961499989,False,middle_baseline,middle_baseline
2025-11-20 00:00:00+00:00,205252422659,976145245475,45000000,2.0,43200,86801,5520607,0.14,205.252422659,22595954.756365743,0.5021323279192387,11297977.378182871,22500000.0,1944000000000.0,63.89591435185185,5.329100771371259,16.24013436309165,16.929025911619092,45,2.0,45M/2s,3,231.53963914,0.8864677487680392,-26.287216481,False,middle_baseline,middle_baseline
2025-11-21 00:00:00+00:00,528920768261,970040101790,45000000,2.0,43200,85687,5224693,0.13,528.920768261,22454631.98587963,0.4989918219084362,11227315.992939815,22500000.0,1944000000000.0,60.470983796296295,6.272727501523679,16.233860383917158,16.929025911619092,45,2.0,45M/2s,3,231.53963914,2.284363792850127,297.3811291210001,True,middle_baseline,spike_day
2025-11-22 00:00:00+00:00,126592243692,974205534432,45000000,2.0,43199,84999,5114985,0.13,126.592243692,22551576.065001506,0.5011461347778112,11275527.018888889,22500000.0,1944000000000.0,59.20121527777778,4.848839582950286,16.238145273200065,16.929025911619092,45,2.0,45M/2s,3,231.53963914,0.5467411289151066,-104.947395448,False,middle_baseline,middle_baseline
2025-11-23 00:00:00+00:00,227379028827,963188645656,45000000,2.0,43200,80319,5076836,0.13,227.379028827,22296033.46425926,0.4954674103168724,11148016.73212963,22500000.0,1944000000000.0,58.759675925925926,5.4310066558211645,16.22677225819355,16.929025911619092,45,2.0,45M/2s,3,231.53963914,0.9820306780797724,-4.160610312999978,False,middle_baseline,middle_baseline
2025-11-24 00:00:00+00:00,306618823492,973665604817,45000000,2.0,43199,85066,5287686,0.14,306.618823492,22539077.404963076,0.5008683867769573,11269277.833530093,22500000.0,1944000000000.0,61.200069444444445,5.728861430466582,16.23759089404217,16.929025911619092,45,2.0,45M/2s,3,231.53963914,1.3242606088135238,75.079184352,False,middle_baseline,middle_baseline
2025-11-25 00:00:00+00:00,483586490182,1000648596245,46307388,2.0,43200,89508,5465100,0.14,483.586490182,23163161.95011574,0.5002044587381119,11581580.97505787,23153694.0,2000479161600.0,63.25347222222222,6.1832959297065715,16.264926633477756,16.9576649369911,45,2.0,45M/2s,3,241.0400157275,2.0062498283633663,242.5464744545,True,middle_baseline,spike_day
2025-11-26 00:00:00+00:00,79624351139,1032788591331,50000000,2.0,43200,96594,6012160,0.14,79.624351139,23907143.317847222,0.4781428663569444,11953571.658923611,25000000.0,2160000000000.0,69.58518518518518,4.38980072719518,16.296540758933926,17.034386422832473,50,2.0,50M/2s,4,241.0400157275,0.3303366492848919,-161.4156645885,False,middle_baseline,middle_baseline
2025-11-27 00:00:00+00:00,111555989899,1108935157444,50000000,2.0,43200,100884,6046362,0.14,111.555989899,25669795.311203703,0.513395906224074,12834897.655601852,25000000.0,2160000000000.0,69.98104166666667,4.723450785829994,16.36767847631556,17.034386422832473,50,2.0,50M/2s,4,231.53963914,0.4818008282009453,-119.983649241,False,middle_baseline,middle_baseline
2025-11-28 00:00:00+00:00,144095117199,1081628663147,50000000,2.0,43200,101085,5901122,0.14,144.095117199,25037700.535810184,0.5007540107162037,12518850.267905092,25000000.0,2160000000000.0,68.30002314814814,4.977389508042051,16.342746167662007,17.034386422832473,50,2.0,50M/2s,4,228.24027214,0.6313308157581133,-84.14515494100002,False,middle_baseline,middle_baseline
2025-11-29 00:00:00+00:00,88659982329,1079856253865,50000000,2.0,43199,99235,5336173,0.13,88.659982329,24997251.18324498,0.4999450236648996,12498336.271585649,25000000.0,2160000000000.0,61.76126157407408,4.496024541638271,16.341106175151666,17.034386422832473,50,2.0,50M/2s,4,216.315725743,0.4098637860214333,-127.655743414,False,middle_baseline,middle_baseline
2025-11-30 00:00:00+00:00,138010818128,1078588802451,50000000,2.0,43199,97902,5184005,0.13,138.010818128,24967911.350980345,0.4993582270196069,12483666.695034722,25000000.0,2160000000000.0,60.00005787037037,4.934551758361223,16.339931763549668,17.034386422832473,50,2.0,50M/2s,4,216.315725743,0.638006403158907,-78.30490761499999,False,middle_baseline,middle_baseline
2025-12-01 00:00:00+00:00,317911473993,1102338026372,50747598,2.0,43200,106373,5404954,0.12,317.911473993,25517083.943796296,0.502823482281788,12758541.971898148,25373799.0,2192296233600.0,62.55733796296296,5.764913553277813,16.36171164220575,17.049227703567595,50,2.0,50M/2s,4,216.315725743,1.469664181376733,101.59574825000001,False,middle_baseline,middle_baseline
2025-12-02 00:00:00+00:00,112795045287,1185916393902,55000000,2.0,43199,121689,5574896,0.13,112.795045287,27452403.849672448,0.49913461544858995,13725884.188680556,27500000.0,2376000000000.0,64.52425925925925,4.734398981965832,16.434794037901714,17.129696599000436,55,2.0,55M/2s,5,216.315725743,0.5214371026404679,-103.52068045600001,False,middle_baseline,middle_baseline
2025-12-03 00:00:00+00:00,113969072819,1191629402170,55000000,2.0,43200,113962,5816125,0.13,113.969072819,27584013.93912037,0.501527526165825,13792006.969560185,27500000.0,2376000000000.0,67.31626157407408,4.744663160185857,16.439599849724786,17.129696599000436,55,2.0,55M/2s,5,174.673769929,0.6524681574418715,-60.70469711,False,middle_baseline,middle_baseline
2025-12-04 00:00:00+00:00,123661766615,1189851870975,55000000,2.0,43200,114517,6184858,0.12,123.661766615,27542867.383680556,0.5007794069760101,13771433.691840278,27500000.0,2376000000000.0,71.58400462962963,4.825604202746679,16.438107054953598,17.129696599000436,55,2.0,55M/2s,5,141.0529676635,0.8767044654459951,-17.391201048499994,False,middle_baseline,middle_baseline
2025-12-05 00:00:00+00:00,96615596716,1156392324109,55000000,2.0,43200,107682,5799539,0.12,96.615596716,26768340.835856482,0.4866971061064815,13384170.417928241,27500000.0,2376000000000.0,67.12429398148149,4.581037283070033,16.40958332924223,17.129696599000436,55,2.0,55M/2s,5,132.30153091,0.7302681688674044,-35.685934194,False,middle_baseline,middle_baseline
2025-12-06 00:00:00+00:00,67171208893,1123013944266,55000000,2.0,43200,112632,5803026,0.12,67.171208893,25995693.154305555,0.47264896644191917,12997846.577152777,27500000.0,2376000000000.0,67.16465277777777,4.2220223187219315,16.380294330729175,17.129696599000436,55,2.0,55M/2s,5,125.1270051535,0.5368242355884526,-57.955796260499994,False,middle_baseline,middle_baseline
2025-12-07 00:00:00+00:00,79842150010,1151189615924,55000000,2.0,43199,112138,5665904,0.12,79.84215001,26648524.640014816,0.4845186298184512,13323953.88800926,27500000.0,2376000000000.0,65.5775925925926,4.392498488050139,16.405074092520632,17.129696599000436,55,2.0,55M/2s,5,118.815419717,0.6719847491190258,-38.973269707,False,middle_baseline,middle_baseline
2025-12-08 00:00:00+00:00,107670460227,1164500620309,55826989,2.0,43200,117974,5533137,0.12,107.670460227,26956032.877523147,0.4828494848167998,13478016.438761573,27913494.5,2411725924800.0,64.0409375,4.688320002153673,16.416570578356104,17.1446208395192,55,2.0,55M/2s,5,113.382059053,0.9496251975514916,-5.7115988259999995,False,middle_baseline,middle_baseline
2025-12-09 00:00:00+00:00,89355592961,1288080015832,60000000,2.0,43170,137607,6323795,0.13,89.355592961,29837387.44109335,0.4972897906848892,14908333.516574074,30000000.0,2592000000000.0,73.19207175925926,4.503752918398457,16.517430978058684,17.216707972959764,60,2.0,60M/2s,6,112.175517593,0.796569473253547,-22.819924631999996,False,middle_baseline,middle_baseline
2025-12-10 00:00:00+00:00,72312733208,1313840036185,60000000,2.0,43155,128528,6685079,0.12,72.312733208,30444677.005793072,0.5074112834298845,15206481.900289351,30000000.0,2592000000000.0,77.37359953703704,4.294734307421423,16.537232401486403,17.216707972959764,60,2.0,60M/2s,6,109.613225063,0.6597081069956512,-37.300491855000004,False,middle_baseline,middle_baseline
2025-12-11 00:00:00+00:00,111830168422,1193068890764,60000000,2.0,43139,119537,8125858,0.12,111.830168422,27656387.27749832,0.4609397879583053,13808667.717175925,30000000.0,2592000000000.0,94.0492824074074,4.725883753855081,16.440807120823855,17.216707972959764,60,2.0,60M/2s,6,109.613225063,1.0202251448921953,2.2169433589999983,False,middle_baseline,middle_baseline
2025-12-12 00:00:00+00:00,150575123097,1179740600410,60000000,2.0,43160,115034,6460813,0.12,150.575123097,27334119.56464319,0.4555686594107198,13654405.097337963,30000000.0,2592000000000.0,74.77792824074074,5.021081364076878,16.4295728185232,17.216707972959764,60,2.0,60M/2s,6,109.75031432450001,1.3719789690241142,40.82480877249998,False,middle_baseline,middle_baseline
2025-12-13 00:00:00+00:00,108956170841,1097865889946,60000000,2.0,43187,112155,5047956,0.12,108.956170841,25421212.16907866,0.4236868694846443,12706781.13363426,30000000.0,2592000000000.0,58.42541666666666,4.700081839491358,16.35764643515795,17.216707972959764,60,2.0,60M/2s,6,109.75031432450001,0.9927640892111529,-0.7941434835000081,False,middle_baseline,middle_baseline
2025-12-14 00:00:00+00:00,55523941608,1222978044911,60000000,2.0,43199,119001,5093585,0.12,55.523941608,28310332.297298547,0.47183887162164245,14154838.482766204,30000000.0,2592000000000.0,58.953530092592594,4.034664293672058,16.465567136496773,17.216707972959764,60,2.0,60M/2s,6,110.3931696315,0.5029653718010157,-54.8692280235,False,middle_baseline,middle_baseline
2025-12-15 00:00:00+00:00,85897969481,1291769282106,60000000,2.04,42323,136323,5701721,0.11,85.897969481,30521685.185501974,0.5086947530916995,14951033.357708333,29411764.70588235,2541176470588.2354,65.99214120370371,4.464734665841852,16.520291043214183,17.19690534633025,60,2.0,60M/2s,6,108.313315534,0.7930508733622532,-22.415346052999993,False,middle_baseline,middle_baseline
2025-12-16 00:00:00+00:00,141641569586,1229505993694,60000000,2.11,40945,129203,6454810,0.11,141.641569586,30028232.841470264,0.5004705473578378,14230393.445532408,28436018.957345974,2456872037914.692,74.70844907407407,4.960334977322161,16.47089068897437,17.163167207865065,60,2.0,60M/2s,6,102.1430284715,1.3866983552922645,39.4985411145,False,middle_baseline,middle_baseline
2025-12-17 00:00:00+00:00,145217151487,1143918245327,60000000,2.19,39512,119429,6125744,0.11,145.217151487,28951160.288697105,0.48251933814495174,13239794.506099537,27397260.273972604,2367123287671.233,70.89981481481482,4.985092855667342,16.398737663195213,17.125953612857966,60,2.0,60M/2s,6,102.1430284715,1.4217039935086568,43.07412301549999,False,middle_baseline,middle_baseline
2025-12-18 00:00:00+00:00,71497597147,1271396934813,60000000,2.0,43170,125095,7854829,0.1,71.497597147,29450936.641487144,0.49084894402478574,14715242.301076388,30000000.0,2592000000000.0,90.91237268518519,4.283553418511394,16.504394473734997,17.216707972959764,60,2.0,60M/2s,6,102.1430284715,0.6999753014661132,-30.64543132450001,False,middle_baseline,middle_baseline
2025-12-19 00:00:00+00:00,142834898921,1305158683652,60000000,2.0,43191,125408,6004467,0.11,142.834898921,30218302.045611355,0.5036383674268559,15106003.283009259,30000000.0,2592000000000.0,69.49614583333333,4.968666106530781,16.530602857385826,17.216707972959764,60,2.0,60M/2s,6,92.98559483849999,1.5360970607230042,49.8493040825,False,middle_baseline,middle_baseline
2025-12-20 00:00:00+00:00,108059198339,1290201868060,60000000,2.0,43182,122007,6514686,0.11,108.059198339,29878233.24672317,0.4979705541120529,14932891.991435185,30000000.0,2592000000000.0,75.40145833333334,4.691890838829051,16.519076921101668,17.216707972959764,60,2.0,60M/2s,6,98.513026594,1.0969026338449885,9.54617174500001,False,middle_baseline,middle_baseline
2025-12-21 00:00:00+00:00,116990623486,1272437629703,60000000,2.0,43182,121194,5700529,0.11,116.990623486,29466852.61690056,0.491114210281676,14727287.380821759,30000000.0,2592000000000.0,65.9783449074074,4.770605159325343,16.505212683293028,17.216707972959764,60,2.0,60M/2s,6,107.864829283,1.0846039831858174,9.125794202999998,False,middle_baseline,middle_baseline
2025-12-22 00:00:00+00:00,196944922683,1327597260314,60000000,2.0,43193,128249,6769442,0.11,196.944922683,30736398.497765843,0.5122733082960974,15365709.031412037,30000000.0,2592000000000.0,78.35002314814815,5.28798882373089,16.547648963439787,17.216707972959764,60,2.0,60M/2s,6,108.50768459,1.8150320267837539,88.43723809299999,False,middle_baseline,middle_baseline
2025-12-23 00:00:00+00:00,267535135570,1280270702221,60000000,2.0,43192,123540,6881701,0.11,267.53513557,29641385.03012132,0.4940230838353553,14817947.942372685,30000000.0,2592000000000.0,79.64931712962964,5.592981764121368,16.511349770303774,17.216707972959764,60,2.0,60M/2s,6,110.3931696315,2.423475442031882,157.14196593850002,True,middle_baseline,spike_day
2025-12-24 00:00:00+00:00,116800779090,1255741198371,60000000,2.0,43200,120177,6609854,0.11,116.80077909,29068083.295625,0.48446805492708334,14534041.6478125,30000000.0,2592000000000.0,76.50293981481481,4.768994884862849,16.49200422450232,17.216707972959764,60,2.0,60M/2s,6,114.410395954,1.0208930588524585,2.390383136000011,False,middle_baseline,middle_baseline
2025-12-25 00:00:00+00:00,79961184862,1267439393346,60000000,2.0,43200,117051,6299177,0.1,79.961184862,29338874.84597222,0.48898124743287036,14669437.42298611,30000000.0,2592000000000.0,72.9071412037037,4.393969840585225,16.501276868744732,17.216707972959764,60,2.0,60M/2s,6,116.895701288,0.684038711269603,-36.934516426,False,middle_baseline,middle_baseline
2025-12-26 00:00:00+00:00,238565182940,1317575976811,60000000,2.0,43200,125689,6706079,0.1,238.56518294,30499443.907662038,0.5083240651277006,15249721.953831019,30000000.0,2592000000000.0,77.6166550925926,5.478825542410178,16.540071893890772,17.216707972959764,60,2.0,60M/2s,6,116.895701288,2.0408379462324167,121.669481652,True,middle_baseline,spike_day
2025-12-27 00:00:00+00:00,171404009896,1298020031704,60000000,2.0,43200,121294,6883052,0.11,171.404009896,30046759.993148148,0.5007793332191358,15023379.996574074,30000000.0,2592000000000.0,79.6649537037037,5.149840617216641,16.525118278607895,17.216707972959764,60,2.0,60M/2s,6,116.895701288,1.4662986577556516,54.50830860799999,False,middle_baseline,middle_baseline
2025-12-28 00:00:00+00:00,85730226055,1311767633521,60000000,2.0,43200,123135,6766229,0.11,85.730226055,30364991.516689815,0.5060831919448302,15182495.758344907,30000000.0,2592000000000.0,78.31283564814815,4.462802451115198,16.53565379324124,17.216707972959764,60,2.0,60M/2s,6,129.316096536,0.6629509268487219,-43.585870481,False,middle_baseline,middle_baseline
2025-12-29 00:00:00+00:00,497948950774,1295141154374,60000000,2.0,43200,125808,6348899,0.1,497.948950774,29980119.314212963,0.4996686552368827,14990059.657106481,30000000.0,2592000000000.0,73.48262731481482,6.212503787460088,16.522897916575364,17.216707972959764,60,2.0,60M/2s,6,129.316096536,3.8506339435893597,368.63285423800005,True,middle_baseline,spike_day
2025-12-30 00:00:00+00:00,733900909587,1298319853538,60000000,2.0,43200,126584,6575131,0.1,733.900909587,30053700.31337963,0.5008950052229938,15026850.156689815,30000000.0,2592000000000.0,76.10105324074074,6.599735673235788,16.525349235900567,17.216707972959764,60,2.0,60M/2s,6,142.2382342535,5.159659872316935,591.6626753335,True,middle_baseline,spike_day
2025-12-31 00:00:00+00:00,506964387480,1292220912278,60000000,2.0,43192,122521,6281521,0.1,506.96438748,29918061.499305427,0.4986343583217571,14956260.558773149,30000000.0,2592000000000.0,72.70278935185185,6.230411341735298,16.520640603477514,17.216707972959764,60,2.0,60M/2s,6,144.026025204,3.5199498615748803,362.938362276,True,middle_baseline,spike_day
2026-01-01 00:00:00+00:00,90745022563,1281336371878,60000000,2.0,43200,116017,5632483,0.11,90.745022563,29660564.163842592,0.4943427360640432,14830282.081921296,30000000.0,2592000000000.0,65.19077546296296,4.519013235468545,16.512181802395943,17.216707972959764,60,2.0,60M/2s,6,157.1194544085,0.5775543385421201,-66.37443184549998,False,middle_baseline,middle_baseline
2026-01-02 00:00:00+00:00,694050722966,1321982660174,60000000,2.0,43200,124103,5719402,0.11,694.050722966,30601450.46699074,0.5100241744498457,15300725.23349537,30000000.0,2592000000000.0,66.19678240740741,6.543984825586578,16.543410851477706,17.216707972959764,60,2.0,60M/2s,6,157.1194544085,4.4173442784590815,536.9312685575,True,middle_baseline,spike_day
2026-01-03 00:00:00+00:00,607167988713,1297379925436,60000000,2.0,43200,122975,5527935,0.12,607.167988713,30031942.718425926,0.5005323786404321,15015971.359212963,30000000.0,2592000000000.0,63.98072916666667,6.410451141028447,16.524625016491125,17.216707972959764,60,2.0,60M/2s,6,184.1744662895,3.296700139522084,422.9935224235,True,middle_baseline,spike_day
2026-01-04 00:00:00+00:00,733258850928,1297726388426,60000000,2.0,43200,126293,5886084,0.12,733.258850928,30039962.695046294,0.5006660449174383,15019981.347523147,30000000.0,2592000000000.0,68.12597222222222,6.598861624385375,16.524892029034802,17.216707972959764,60,2.0,60M/2s,6,217.75505281149998,3.367356309122006,515.5037981165001,True,middle_baseline,spike_day
2026-01-05 00:00:00+00:00,2359010639418,1298964464671,60000000,2.0,43200,137168,5956522,0.13,2359.010639418,30068621.86738426,0.5011436977897377,15034310.93369213,30000000.0,2592000000000.0,68.94122685185185,7.76642140623746,16.525845609053732,17.216707972959764,60,2.0,60M/2s,6,253.050159255,9.322304504226027,2105.9604801630003,True,middle_baseline,spike_day
2026-01-06 00:00:00+00:00,2153306866609,1317926867366,61285507,2.0,43200,135833,5391799,0.13,2153.306866609,30507566.37421296,0.4977941420018433,15253783.18710648,30642753.5,2647533902400.0,62.405081018518516,7.675224311176136,16.540338173652028,17.237906797621072,60,2.0,60M/2s,6,382.742043172,5.626000344156933,1770.5648234369999,True,middle_baseline,spike_day
2026-01-07 00:00:00+00:00,820858060994,1406532497133,65000000,2.0,43200,134209,6096743,0.13,820.858060994,32558622.618819445,0.5009018864433761,16279311.309409723,32500000.0,2808000000000.0,70.56415509259259,6.711567704956322,16.605405676209724,17.296750678069195,65,2.0,65M/2s,7,502.45666912700005,1.633689254080776,318.4013918669999,False,high_baseline,high_baseline
2026-01-08 00:00:00+00:00,1081009920023,1406005562730,65000000,2.0,43198,139767,5812262,0.14,1081.009920023,32547931.911894068,0.5007374140291395,16273212.531597223,32500000.0,2808000000000.0,67.27155092592592,6.986575627592679,16.605030972390203,17.296750678069195,65,2.0,65M/2s,7,557.0661880965,1.940541255459823,523.9437319264999,False,high_baseline,high_baseline
2026-01-09 00:00:00+00:00,776168650160,1550438403758,63998986,2.0,43200,151109,6256008,0.16,776.16865016,35889777.86476852,0.5607866641007174,17944888.93238426,31999493.0,2764756195200.0,72.4075,6.655657379788032,16.70281594893591,17.281230648138983,65,2.0,65M/2s,7,650.6093558395,1.1929872252735856,125.55929432049993,False,high_baseline,high_baseline
2026-01-10 00:00:00+00:00,385000423729,1471728059076,52414592,2.0,43199,135849,6095599,0.18,385.000423729,34068567.769531704,0.6499825042906315,17033889.572638888,26207296.0,2264310374400.0,70.55091435185186,5.955838467207752,16.650715480607044,17.081548441404593,50,2.0,50M/2s,8,713.654786947,0.5394771124229736,-328.65436321800007,False,high_baseline,high_baseline
2026-01-11 00:00:00+00:00,385619077319,1440276210806,51433170,2.0,43200,133082,5975514,0.16,385.619077319,33339727.10199074,0.6482145102468065,16669863.55099537,25716585.0,2221912944000.0,69.16104166666666,5.957439911958702,16.62911312937875,17.062646711353818,50,2.0,50M/2s,8,713.654786947,0.5403439931632353,-328.03570962800006,False,high_baseline,high_baseline
2026-01-12 00:00:00+00:00,553343673620,1513541393730,54934313,2.02,42857,145854,6267069,0.15,553.34367362,35316083.57397858,0.642878405960562,17517840.205208335,27195204.455445543,2349665664950.495,72.53552083333334,6.317784843904661,16.678730416999645,17.118551245708456,55,2.0,55M/2s,9,713.654786947,0.7753660225375807,-160.31111332700004,False,high_baseline,high_baseline
2026-01-13 00:00:00+00:00,688886540042,1538503275235,55186382,2.0,43189,151018,6047660,0.16,688.886540042,35622572.303943135,0.6454957004418795,17806750.87077546,27593191.0,2384051702400.0,69.99606481481482,6.536527149348695,16.6950882619221,17.133079633593486,55,2.0,55M/2s,9,713.654786947,0.965293798405027,-24.76824690500007,False,high_baseline,high_baseline
2026-01-14 00:00:00+00:00,652102273577,1549251456013,55466289,2.0,43200,144967,6207305,0.16,652.102273577,35862302.222523145,0.6465603318535182,17931151.111261573,27733144.5,2396143684800.0,71.84380787037037,6.481733738110637,16.702050099582884,17.138138844263853,55,2.0,55M/2s,9,691.468631504,0.9430684833216874,-39.36635792699997,False,high_baseline,high_baseline
2026-01-15 00:00:00+00:00,593615127959,1508807247240,54378538,2.0,43200,143912,6025947,0.15,593.615127959,34926093.68611111,0.6422771735075171,17463046.843055554,27189269.0,2349152841600.0,69.74475694444445,6.387914352485556,16.67559765459959,17.118332968142315,55,2.0,55M/2s,9,691.468631504,0.8584845369888137,-97.85350354499997,False,high_baseline,high_baseline
2026-01-16 00:00:00+00:00,516367846890,1475930480956,52767649,2.0,43200,139528,5893307,0.14,516.36784689,34165057.429537036,0.6474621870975725,17082528.714768518,26383824.5,2279562436800.0,68.20957175925926,6.248754124198978,16.653566845121496,17.088261709902763,55,2.0,55M/2s,9,691.468631504,0.7467697352616826,-175.10078461399996,False,high_baseline,high_baseline
2026-01-17 00:00:00+00:00,382315348768,1451926639663,52024430,2.0,43200,133097,5711768,0.15,382.315348768,33609412.95516203,0.646031354022755,16804706.477581017,26012215.0,2247455376000.0,66.10842592592593,5.948858015331193,16.63716961212171,17.07407683179646,50,2.0,50M/2s,10,670.4944068095,0.5701991618203356,-288.1790580415,False,high_baseline,high_baseline
2026-01-18 00:00:00+00:00,308672947584,1437179172036,51261656,2.0,43200,134630,5689409,0.14,308.672947584,33268036.38972222,0.6489848160528061,16634018.19486111,25630828.0,2214503539200.0,65.8496412037037,5.735516732773188,16.62696050536352,17.05930644272548,50,2.0,50M/2s,10,670.4944068095,0.4603661782248092,-361.8214592255,False,high_baseline,high_baseline
2026-01-19 00:00:00+00:00,292499604892,1416960688947,50643099,2.0,43200,136645,6097312,0.14,292.499604892,32800015.94784722,0.6476700003656416,16400007.97392361,25321549.5,2187781876800.0,70.57074074074075,5.681876293073037,16.61279243998474,17.047166389542326,50,2.0,50M/2s,10,622.8587007680001,0.46960828279566585,-330.3590958760001,False,high_baseline,high_baseline
2026-01-20 00:00:00+00:00,474630208334,1435029225918,51234849,2.0,43200,136309,6025732,0.13,474.630208334,33218269.118472222,0.6483530207822458,16609134.559236111,25617424.5,2213345476800.0,69.74226851851851,6.164640679061119,16.6254634368418,17.05878336148354,50,2.0,50M/2s,10,573.4794007895,0.8276325316664976,-98.84919245550003,False,high_baseline,high_baseline
2026-01-21 00:00:00+00:00,427948998761,1460993834337,52150931,2.0,43200,142353,6078838,0.13,427.948998761,33819301.72076389,0.6484889353320248,16909650.860381946,26075465.5,2252920219200.0,70.35692129629629,6.06133802785376,16.64339513286756,17.07650544939098,50,2.0,50M/2s,10,534.855760255,0.8001203886389282,-106.90676149399997,False,high_baseline,high_baseline
2026-01-22 00:00:00+00:00,576473502354,1473417995325,52791336,2.0,43200,141910,6029148,0.13,576.473502354,34106898.03993055,0.6460699922413511,17053449.019965276,26395668.0,2280585715200.0,69.78180555555555,6.358662557973577,16.651863088436404,17.08871050162807,55,2.0,55M/2s,11,495.49902761199996,1.1634200477289471,80.97447474199998,False,high_baseline,high_baseline
2026-01-23 00:00:00+00:00,420030711460,1457496534747,52166525,2.0,43200,138912,5968176,0.13,420.03071146,33738345.71173611,0.6467432076745789,16869172.855868056,26083262.5,2253593880000.0,69.07611111111112,6.042705779857849,16.640998482123738,17.07680442139655,50,2.0,50M/2s,12,495.49902761199996,0.8476923022115488,-75.46831615199994,False,high_baseline,high_baseline
2026-01-24 00:00:00+00:00,230571087563,1412444641645,50487525,2.0,43200,128886,5647022,0.13,230.571087563,32695477.815856483,0.6475951795192274,16347738.907928241,25243762.5,2181061080000.0,65.35905092592593,5.444886900095071,16.60960021382163,17.044089693079556,50,2.0,50M/2s,12,451.28960354749995,0.5109160187837819,-220.71851598449996,False,high_baseline,high_baseline
2026-01-25 00:00:00+00:00,283343220551,1435825272095,51046582,2.0,43200,138017,5731750,0.12,283.343220551,33236696.113310184,0.651105222153957,16618348.056655092,25523291.0,2205212342400.0,66.33969907407408,5.6501820315519335,16.626018007719594,17.055102004986686,50,2.0,50M/2s,12,451.28960354749995,0.6278523110740729,-167.94638299649995,False,high_baseline,high_baseline
2026-01-26 00:00:00+00:00,462503536751,1456153971068,52225174,2.0,43200,140363,6006884,0.12,462.503536751,33707267.84879629,0.6454218390693404,16853633.924398147,26112587.0,2256127516800.0,69.52412037037037,6.138814015507542,16.6400769140141,17.07792805487479,50,2.0,50M/2s,12,451.28960354749995,1.0248486406851598,11.213933203500062,False,high_baseline,high_baseline
2026-01-27 00:00:00+00:00,431663258840,1436699115048,51309168,2.0,43192,135898,5880693,0.12,431.66325884,33263083.789775886,0.6482873351167161,16628461.979722222,25654584.0,2216556057600.0,68.06357638888889,6.069959732232087,16.62662642234702,17.060232866043386,50,2.0,50M/2s,12,445.22626775599997,0.9695368177974778,-13.563008915999944,False,high_baseline,high_baseline
2026-01-28 00:00:00+00:00,667167713595,1508022713430,53978251,2.0,43199,143423,5950449,0.12,667.167713595,34908741.253964216,0.6467186432914288,17453966.590625,26989125.5,2331860443200.0,68.8709375,6.5045392102802735,16.675077549858536,17.110944620632008,55,2.0,55M/2s,13,429.8061288005,1.5522526760074993,237.3615847945,False,high_baseline,high_baseline
2026-01-29 00:00:00+00:00,982402704083,1564669685529,56216049,2.0,43192,147976,6188608,0.11,982.402704083,36225914.18616874,0.6444051979919246,18109602.84177083,28108024.5,2428533316800.0,71.6274074074074,6.891018704702551,16.711952954511048,17.151565698508843,55,2.0,55M/2s,13,429.8061288005,2.285687984079433,552.5965752825,True,high_baseline,spike_day
2026-01-30 00:00:00+00:00,1173150676068,1674280988717,60386260,2.0,43200,158620,6335218,0.11,1173.150676068,38756504.36844908,0.6418099807547126,19378252.18422454,30193130.0,2608686432000.0,73.32428240740741,7.068300336333211,16.77966202539156,17.223125006143224,60,2.0,60M/2s,14,429.8061288005,2.7294880120532965,743.3445472674999,True,high_baseline,spike_day
2026-01-31 00:00:00+00:00,1409296361389,1672372995527,60419450,2.0,43200,161219,6236943,0.1,1409.296361389,38712337.8594213,0.6407264193802045,19356168.92971065,30209725.0,2610120240000.0,72.18684027777778,7.251555146668631,16.778521786031774,17.2236744834773,60,2.0,60M/2s,14,429.8061288005,3.2789117393976084,979.4902325884999,True,high_baseline,spike_day
2026-02-01 00:00:00+00:00,1078602920488,1587242776348,57331635,2.0,43200,152420,6034273,0.1,1078.602920488,36741730.93398148,0.6408631279045414,18370865.46699074,28665817.5,2476726632000.0,69.84112268518518,6.984348586297656,16.726276623579814,17.17121597790266,55,2.0,55M/2s,15,447.0833977955,2.4125318135417833,631.5195226925001,True,high_baseline,spike_day
2026-02-02 00:00:00+00:00,1143958192008,1697624824364,61354073,2.0,43200,166645,6692233,0.11,1143.958192008,39296870.934351854,0.6404932714793335,19648435.467175927,30677036.5,2650495953600.0,77.45640046296296,7.043123401791574,16.793508324013295,17.239024968523285,60,2.0,60M/2s,16,468.5668725425,2.4413979285405856,675.3913194654999,True,high_baseline,spike_day
2026-02-03 00:00:00+00:00,1089223578109,1725403448894,62374553,2.0,43200,168707,6684359,0.11,1089.223578109,39939894.65032408,0.6403235410813136,19969947.32516204,31187276.5,2694580689600.0,77.3652662037037,6.994138071720657,16.809739117765318,17.255520797182026,60,2.0,60M/2s,16,525.5518553439999,2.0725330279655254,563.6717227650001,True,high_baseline,spike_day
2026-02-04 00:00:00+00:00,1142543687423,1691942876566,61378422,2.0,43200,163099,6425190,0.11,1142.543687423,39165344.364953704,0.6380963063037642,19582672.182476852,30689211.0,2651547830400.0,74.365625,7.041887217737853,16.790155711921276,17.23942175015028,60,2.0,60M/2s,16,621.8206079745,1.8374168896471408,520.7230794484999,False,high_baseline,high_baseline
2026-02-05 00:00:00+00:00,1295299338183,1816189907135,65801120,2.0,43192,173506,7223709,0.09,1295.299338183,42049219.92811169,0.6390350183722053,21020716.517766204,32900560.0,2842608384000.0,83.60774305555556,7.167268821062782,16.861019057833644,17.309000267261954,65,2.0,65M/2s,17,824.785208839,1.5704686799685872,470.5141293439999,False,high_baseline,high_baseline
2026-02-06 00:00:00+00:00,1180323803373,1845312534815,66816143,2.0,43200,176905,7081500,0.1,1180.323803373,42715567.935532406,0.6393001154755731,21357783.967766203,33408071.5,2886457377600.0,81.96180555555556,7.074390955902144,16.876926866668104,17.324308120360982,65,2.0,65M/2s,17,1030.5028122855,1.1453863000676527,149.8209910874998,False,high_baseline,high_baseline
2026-02-07 00:00:00+00:00,1165874551520,1665797448072,60090686,2.0,43200,159214,6270559,0.1,1165.87455152,38560126.11277778,0.6416988834638663,19280063.05638889,30045343.0,2595917635200.0,72.57591435185185,7.062084129953117,16.774582169567964,17.218218265177047,60,2.0,60M/2s,18,1083.9132492985,1.0756161088302452,81.96130222150009,False,high_baseline,high_baseline
2026-02-08 00:00:00+00:00,936420606948,1711246939751,61669133,2.0,43200,162469,6073306,0.1,936.420606948,39612197.6794213,0.6423342724701724,19806098.83971065,30834566.5,2664106545600.0,70.29289351851853,6.843132068336377,16.80150052093277,17.244146940040512,60,2.0,60M/2s,18,1115.8836327660001,0.8391740674848366,-179.46302581800012,False,high_baseline,high_baseline
2026-02-09 00:00:00+00:00,978208068129,1734357561269,62691871,2.0,43200,167055,6414978,0.09,978.208068129,40147165.77011574,0.6403886999977356,20073582.88505787,31345935.5,2708288827200.0,74.24743055555555,6.886744151234942,16.81491527409141,17.260595199417285,65,2.0,65M/2s,19,1115.8836327660001,0.8766219338698101,-137.6755646370001,False,high_baseline,high_baseline
2026-02-10 00:00:00+00:00,981004395432,1762073578511,63786599,2.0,43200,171045,6808250,0.09,981.004395432,40788740.24331018,0.6394562632710702,20394370.12165509,31893299.5,2755581076800.0,78.79918981481481,6.889595784344449,16.830769495330962,17.277906530024712,65,2.0,65M/2s,19,1115.8836327660001,0.8791278647938695,-134.8792373340001,False,high_baseline,high_baseline
2026-02-11 00:00:00+00:00,1020480107894,1854809130487,67104076,2.0,43200,183452,7063570,0.09,1020.480107894,42935396.53905093,0.6398329147554453,21467698.269525465,33552038.0,2898896083200.0,81.7542824074074,6.929007940640754,16.882060003867224,17.328608194497985,65,2.0,65M/2s,19,1115.8836327660001,0.9145040557360642,-95.40352487200016,False,high_baseline,high_baseline
2026-02-12 00:00:00+00:00,1209404639144,1983532859746,71520870,2.0,43200,195788,7292861,0.1,1209.404639144,45915112.49412037,0.6419820185928998,22957556.247060183,35760435.0,3089701584000.0,84.40811342592593,7.0987099952030865,16.94915773207708,17.392352700588997,70,2.0,70M/2s,20,1115.8836327660001,1.0838089238267474,93.52100637799981,False,high_baseline,high_baseline
2026-02-13 00:00:00+00:00,1318717708003,2205353245134,79447588,2.0,43200,216520,7794473,0.1,1318.717708003,51049843.63736111,0.6425600187806975,25524921.818680555,39723794.0,3432135801600.0,90.21380787037037,7.18517313513614,17.055165898256487,17.497460936383874,80,2.0,80M/2s,21,1143.2509397155,1.1534805371173937,175.46676828750014,False,high_baseline,high_baseline
2026-02-14 00:00:00+00:00,1676539578961,2354239927283,84450243,2.0,43200,249885,8288407,0.11,1676.539578961,54496294.61303241,0.6453065459270781,27248147.306516204,42225121.5,3648250497600.0,95.93063657407407,7.425083462583002,17.12049612471023,17.558525921778855,85,2.0,85M/2s,22,1143.2509397155,1.4664668278149064,533.2886392455,False,high_baseline,high_baseline
2026-02-15 00:00:00+00:00,1241418036952,2372294204787,85643744,2.0,43200,254010,8492183,0.11,1241.418036952,54914217.70340278,0.6411935669627286,27457108.85170139,42821872.0,3699809740800.0,98.2891550925926,7.124814789559101,17.1281357033732,17.5725595814116,85,2.0,85M/2s,22,1143.2509397155,1.085866622826419,98.16709723650001,False,high_baseline,high_baseline
2026-02-16 00:00:00+00:00,832500841874,2376815610906,86074776,2.0,43200,259341,8639325,0.11,832.500841874,55018879.882083334,0.6391986414473311,27509439.941041667,43037388.0,3718430323200.0,99.9921875,6.725634712237129,17.130039810667423,17.5775798074795,85,2.0,85M/2s,22,1154.916371764,0.7208321418133957,-322.4155298899999,False,high_baseline,high_baseline
2026-02-17 00:00:00+00:00,793432049543,2450297689911,88500134,2.0,43200,274210,9376314,0.11,793.432049543,56719853.933125,0.6409013339248164,28359926.9665625,44250067.0,3823205788800.0,108.52215277777778,6.677627456256276,17.160487719658914,17.605367466140194,90,2.0,90M/2s,23,1154.2091194715,0.6874248662203467,-360.77706992849994,False,high_baseline,high_baseline
2026-02-18 00:00:00+00:00,816529760731,2362319177251,85294376,2.0,43199,262943,8891205,0.11,816.529760731,54684580.13497998,0.6411276182497657,27341657.144108795,42647188.0,3684717043200.0,102.90746527777777,6.706287306672693,17.123922036437417,17.568471921171867,85,2.0,85M/2s,24,1154.2091194715,0.7074365874919446,-337.6793587404999,False,high_baseline,high_baseline
2026-02-19 00:00:00+00:00,1045666111977,2520524923423,90906470,2.0,43200,280422,9143792,0.11,1045.666111977,58345484.338495374,0.6418188313603572,29172742.169247687,45453235.0,3927159504000.0,105.83092592592592,6.953365260275769,17.188745378191896,17.632194575173138,90,2.0,90M/2s,25,1093.177329707,0.9565384165597962,-47.51121773,False,high_baseline,high_baseline
2026-02-20 00:00:00+00:00,593365527012,2436806063772,88652615,2.0,43200,257662,8766402,0.11,593.365527012,56407547.7725,0.6362761862410939,28203773.88625,44326307.5,3829792968000.0,101.4629861111111,6.3874944954431,17.15496638816427,17.6070889300754,90,2.0,90M/2s,25,1033.0731099354998,0.5743693464725328,-439.7075829234998,False,high_baseline,high_baseline
2026-02-21 00:00:00+00:00,421588641794,2159185808034,77999307,2.0,43198,212795,7622211,0.11,421.588641794,49983467.013148755,0.6408193730894142,24990576.481875,38999653.5,3369570062400.0,88.22003472222222,6.046399227854366,17.034009411062545,17.47906334508032,80,2.0,80M/2s,26,1000.7422516629999,0.42127594902025783,-579.1536098689999,False,high_baseline,high_baseline
2026-02-22 00:00:00+00:00,362599759249,2157559182257,78116511,2.0,43200,211560,7594254,0.11,362.599759249,49943499.58928241,0.6393462655965575,24971749.794641204,39058255.5,3374633275200.0,87.89645833333333,5.896053700171642,17.033255775722708,17.480564845959837,80,2.0,80M/2s,26,979.6062317805,0.37014848158933267,-617.0064725315001,False,high_baseline,high_baseline
2026-02-23 00:00:00+00:00,891329536343,2411047825313,87425378,2.0,43200,249997,9041027,0.11,891.329536343,55811292.25261574,0.6383877717133318,27905646.12630787,43712689.0,3776776329600.0,104.6415162037037,6.793835499717676,17.144339632271127,17.593149006927106,85,2.0,85M/2s,27,979.6062317805,0.9098855309678346,-88.27669543750005,False,high_baseline,high_baseline
2026-02-24 00:00:00+00:00,455433677367,2424619823615,88147641,2.0,43200,249597,8767400,0.11,455.433677367,56125458.879976854,0.6367210539414986,28062729.439988427,44073820.5,3807978091200.0,101.47453703703704,6.123443404413313,17.149952935103,17.60137654737683,90,2.0,90M/2s,28,936.1669658875,0.48648766081512196,-480.7332885205001,False,high_baseline,high_baseline
2026-02-25 00:00:00+00:00,443092731257,2580633557234,94009817,2.0,43200,273976,9440778,0.11,443.092731257,59736887.898935184,0.6354324453044642,29868443.949467592,47004908.5,4061224094400.0,109.2682638888889,6.096033394807659,17.212313128223354,17.66576261166584,95,2.0,95M/2s,29,861.9151891085,0.5140792700443088,-418.8224578515,False,high_baseline,high_baseline
2026-02-26 00:00:00+00:00,449611215990,2432633713281,88554177,2.0,43200,258262,9353398,0.11,449.61121599,56310965.585208334,0.6358928228219921,28155482.792604167,44277088.5,3825540446400.0,108.2569212962963,6.110604918922273,17.15325269970931,17.605977934195476,90,2.0,90M/2s,30,824.5153013025,0.5453036654137794,-374.9040853125,False,high_baseline,high_baseline
2026-02-27 00:00:00+00:00,560223055894,2751736983018,99547084,2.0,43199,302780,10590589,0.11,560.223055894,63699089.86360795,0.6398890585645678,31848807.673819445,49773542.0,4300434028800.0,122.57626157407407,6.330118430588263,17.276510535007205,17.722994135763358,100,2.0,100M/2s,31,804.980905137,0.6959457700411606,-244.757849243,False,high_baseline,high_baseline
2026-02-28 00:00:00+00:00,502845532648,2709120364140,97844734,2.0,43200,280562,9697762,0.11,502.845532648,62711119.54027778,0.6409248303570203,31355559.77013889,48922367.0,4226892508800.0,112.24261574074075,6.222269738254634,17.26090218635168,17.705745273171832,100,2.0,100M/2s,31,693.3987882775,0.7251895174162893,-190.55325562949997,False,high_baseline,high_baseline
2026-03-01 00:00:00+00:00,467345364677,2686930821668,97153629,2.0,43200,278645,9440168,0.11,467.345364677,62197472.72379629,0.6401971121819474,31098736.361898147,48576814.5,4197036772800.0,109.2612037037037,6.149205982471541,17.252677777029408,17.698656927722343,95,2.0,95M/2s,32,576.794291453,0.8102461685251987,-109.44892677600001,False,high_baseline,high_baseline
2026-03-02 00:00:00+00:00,455387274023,2640134845197,95818484,2.0,43200,273906,9677888,0.1,455.387274023,61114232.52770834,0.6378125595026982,30557116.26385417,47909242.0,4139358508800.0,112.0125925925926,6.123341734213983,17.23510818744194,17.684819008275284,95,2.0,95M/2s,32,531.534294271,0.8567410963530852,-76.14702024800005,False,high_baseline,high_baseline
2026-03-03 00:00:00+00:00,532447889752,2762682765920,99656440,2.0,43200,291021,10075748,0.1,532.447889752,63950989.95185185,0.6417145741093285,31975494.975925926,49828220.0,4305158208000.0,116.6174537037037,6.2793613897799885,17.28048041667482,17.72409206823557,100,2.0,100M/2s,33,485.0954486625,1.0976146884495817,47.35244108950002,False,high_baseline,high_baseline
2026-03-04 00:00:00+00:00,454153994932,2748467415549,99165168,2.0,43200,285056,9682777,0.1,454.153994932,63621930.91548611,0.6415753857794716,31810965.457743056,49582584.0,4283935257600.0,112.06917824074074,6.1206358120895334,17.275321645462572,17.719150221171038,100,2.0,100M/2s,33,485.0954486625,0.9362157410138325,-30.94145373050003,False,high_baseline,high_baseline
2026-03-05 00:00:00+00:00,470257229658,2727809396432,98505220,2.0,43200,282245,10018447,0.1,470.257229658,63143736.02851852,0.6410191868869337,31571868.01425926,49252610.0,4255425504000.0,115.95424768518518,6.155404080093879,17.267777061007298,17.71247293940554,100,2.0,100M/2s,33,461.389521022,1.0192195709524516,8.867708636000032,False,high_baseline,high_baseline
2026-03-06 00:00:00+00:00,609347900479,2734427552766,99262908,2.0,43200,275822,9709429,0.1,609.347900479,63296934.091805555,0.6376695521735627,31648467.045902777,49631454.0,4288157625600.0,112.37765046296296,6.4140291232458795,17.270200302409943,17.720135364079287,100,2.0,100M/2s,33,461.389521022,1.3206799736787804,147.95837945700004,False,high_baseline,high_baseline
2026-03-07 00:00:00+00:00,463811053359,2620529892158,94891747,2.0,43199,255707,8817279,0.1,463.811053359,60661818.37908285,0.6392739126099433,30330207.085162036,47445873.5,4099323470400.0,102.05184027777777,6.141630986147797,17.22765474034555,17.67510013508861,95,2.0,95M/2s,34,461.389521022,1.0052483470617977,2.4215323370000306,False,high_baseline,high_baseline
2026-03-08 00:00:00+00:00,494958537131,2656736956680,96109543,2.0,43200,260881,8912808,0.1,494.958537131,61498540.66388889,0.6398796492444969,30749270.331944443,48054771.5,4151932257600.0,103.1575,6.206492328736761,17.2413768554139,17.687852012069538,95,2.0,95M/2s,34,465.57820901800005,1.0631050327182818,29.380328112999962,False,high_baseline,high_baseline
2026-03-09 00:00:00+00:00,446349825643,2627058801999,95408445,2.0,43200,257116,9291366,0.1,446.349825643,60811546.34256945,0.6373811704254214,30405773.171284724,47704222.5,4121644824000.0,107.53895833333333,6.103340896238303,17.230143088185052,17.68053049491581,95,2.0,95M/2s,34,468.8012971675,0.9521087683414019,-22.45147152450005,False,high_baseline,high_baseline
2026-03-10 00:00:00+00:00,522462715567,2742342177827,99238582,2.0,43200,272744,10035377,0.1,522.462715567,63480143.005254626,0.6396720078613641,31740071.502627313,49619291.0,4287106742400.0,116.15019675925926,6.260465806316725,17.2730905573267,17.71989026768599,100,2.0,100M/2s,35,465.57820901800005,1.1221803457446624,56.88450654899998,False,high_baseline,high_baseline
2026-03-11 00:00:00+00:00,438042688747,2633871693726,97538428,2.0,43200,262621,9776659,0.1,438.042688747,60969252.169583336,0.6250792986901873,30484626.084791668,48769214.0,4213660089600.0,113.15577546296296,6.084596649229132,17.232733084504986,17.702609831596064,100,2.0,100M/2s,35,468.8012971675,0.9343888154611694,-30.758608420500025,False,high_baseline,high_baseline
2026-03-12 00:00:00+00:00,301231111883,2668763229274,106837784,2.0,43200,260565,9665231,0.1,301.231111883,61776926.603564814,0.5782310741634702,30888463.301782407,53418892.0,4615392268800.0,111.86609953703703,5.711191995839981,17.24589334859847,17.793675042855558,105,2.0,105M/2s,36,468.8012971675,0.642556054565207,-167.57018528450004,False,high_baseline,high_baseline
2026-03-13 00:00:00+00:00,274180287165,2730997046396,110000000,2.0,43200,274287,10147148,0.1,274.180287165,63217524.22212963,0.5747047656557239,31608762.111064814,55000000.0,4752000000000.0,117.44384259259259,5.617426472552436,17.26894495375411,17.822843761378564,110,2.0,110M/2s,37,468.8012971675,0.5848539430705477,-194.62101000250004,False,high_baseline,high_baseline
2026-03-14 00:00:00+00:00,250610374804,2467725420007,110000000,2.0,43200,240568,8799010,0.1,250.610374804,57123273.61127315,0.5193024873752105,28561636.805636574,55000000.0,4752000000000.0,101.84039351851852,5.527881759286149,17.167575039927165,17.822843761378564,110,2.0,110M/2s,37,465.57820901800005,0.5382777156443569,-214.96783421400005,False,high_baseline,high_baseline
2026-03-15 00:00:00+00:00,264319606493,2581956499152,110000000,2.0,43200,252556,9244569,0.1,264.319606493,59767511.55444445,0.5433410141313131,29883755.777222224,55000000.0,4752000000000.0,106.9973263888889,5.580935161515143,17.212825639148384,17.822843761378564,110,2.0,110M/2s,37,459.599163691,0.575108980552255,-195.27955719800002,False,high_baseline,high_baseline
2026-03-16 00:00:00+00:00,265570315296,2826214739766,110000000,2.0,43200,279816,10234227,0.1,265.570315296,65421637.49458333,0.5947421590416667,32710818.747291666,55000000.0,4752000000000.0,118.45170138888889,5.585638056068872,17.303216460261126,17.822843761378564,110,2.0,110M/2s,37,454.7706344775,0.583965399615395,-189.2003191815,False,high_baseline,high_baseline
2026-03-17 00:00:00+00:00,290606515590,2832626259221,110000000,2.0,43200,285576,10545581,0.1,290.60651559,65570052.296782404,0.5960913845162037,32785026.148391202,55000000.0,4752000000000.0,122.05533564814814,5.67540534415785,17.30548247975306,17.822843761378564,110,2.0,110M/2s,37,450.2519102875,0.6454309442117383,-159.64539469749997,False,high_baseline,high_baseline
2026-03-18 00:00:00+00:00,370165219776,3037417150216,110000000,2.0,43200,306808,10775118,0.1,370.165219776,70310582.18092592,0.6391871107356902,35155291.09046296,55000000.0,4752000000000.0,124.71201388888889,5.916647299798095,17.375285722227247,17.822843761378564,110,2.0,110M/2s,37,442.196257195,0.8371061802378945,-72.03103741899997,False,high_baseline,high_baseline
2026-03-19 00:00:00+00:00,350271711514,2972390041612,110000000,2.0,43200,296690,10556125,0.1,350.271711514,68805325.03731482,0.6255029548846801,34402662.51865741,55000000.0,4752000000000.0,122.17737268518519,5.861560030877166,17.35364454721419,17.822843761378564,110,2.0,110M/2s,37,404.1039542615,0.866786151979437,-53.832242747500004,False,middle_baseline,middle_baseline
2026-03-20 00:00:00+00:00,342291416312,2774586619808,110000000,2.0,43200,273387,10102784,0.1,342.291416312,64226542.125185184,0.5838776556835017,32113271.062592592,55000000.0,4752000000000.0,116.93037037037037,5.838579696690524,17.284779962543105,17.822843761378564,110,2.0,110M/2s,37,360.21846564500004,0.9502328418924882,-17.927049333000014,False,middle_baseline,middle_baseline
2026-03-21 00:00:00+00:00,313974168595,2637987898706,110000000,2.0,43200,264782,9508048,0.09,313.974168595,61064534.69226852,0.5551321335660775,30532267.34613426,55000000.0,4752000000000.0,110.04685185185186,5.752490631002766,17.234294660874525,17.822843761378564,110,2.0,110M/2s,37,346.281563913,0.9067019481114594,-32.30739531800003,False,middle_baseline,middle_baseline
2026-03-22 00:00:00+00:00,311336920528,2783288742009,110000000,2.0,43199,280767,10006514,0.09,311.336920528,64429471.562050045,0.5857224687459095,32213990.06954861,55000000.0,4752000000000.0,115.81613425925926,5.744082478652705,17.287911421410044,17.822843761378564,110,2.0,110M/2s,37,328.1327924535,0.9488137963904351,-16.795871925499966,False,middle_baseline,middle_baseline
2026-03-23 00:00:00+00:00,463977807422,3077310102499,110846179,2.0,43200,315812,11372287,0.1,463.977807422,71234030.15043981,0.6426385716952843,35617015.07521991,55423089.5,4788554932800.0,131.62369212962963,6.141989678474242,17.388334061267386,17.830506860911054,110,2.0,110M/2s,37,312.6555445615,1.4839903385456663,151.32226286050002,False,middle_baseline,middle_baseline
2026-03-24 00:00:00+00:00,376512668960,2880013896802,120000000,2.0,43200,290055,10415849,0.1,376.51266896,66666988.35189815,0.5555582362658179,33333494.175949074,60000000.0,5184000000000.0,120.55380787037036,5.93360412828489,17.32207331055094,17.909855136853043,120,2.0,120M/2s,38,312.6555445615,1.2042411385605194,63.85712439849999,False,middle_baseline,middle_baseline
2026-03-25 00:00:00+00:00,299260743854,2784674712715,120000000,2.0,43200,275795,10083684,0.1,299.260743854,64460062.794328704,0.5371671899527392,32230031.397164352,60000000.0,5184000000000.0,116.70930555555556,5.704651243347373,17.288409258977723,17.909855136853043,120,2.0,120M/2s,38,312.6555445615,0.9571579620432248,-13.394800707499996,False,middle_baseline,middle_baseline
2026-03-26 00:00:00+00:00,294543797560,2782441419020,120000000,2.0,43200,275601,10079446,0.09,294.54379756,64408366.18101852,0.536736384841821,32204183.09050926,60000000.0,5184000000000.0,116.66025462962963,5.688817040956444,17.287606942772122,17.909855136853043,120,2.0,120M/2s,38,306.2840162055,0.9616688497462337,-11.740218645500022,False,middle_baseline,middle_baseline
2026-03-27 00:00:00+00:00,311216341890,2784409189302,120000000,2.0,43200,274053,10015194,0.09,311.21634189,64453916.419027776,0.5371159701585648,32226958.209513888,60000000.0,5184000000000.0,115.91659722222222,5.743696351009944,17.2883139027541,17.909855136853043,120,2.0,120M/2s,38,305.298832191,1.0193826804266908,5.91750969900005,False,middle_baseline,middle_baseline
2026-03-28 00:00:00+00:00,299400628533,2637114601807,120000000,2.0,43199,263166,9377830,0.09,299.400628533,61045732.581934765,0.5087144381827897,30522159.743136574,60000000.0,5184000000000.0,108.53969907407408,5.705117012208031,17.233963559487098,17.909855136853043,120,2.0,120M/2s,38,311.276631209,0.9618474325236893,-11.876002676000041,False,middle_baseline,middle_baseline
2026-03-29 00:00:00+00:00,275723258225,2544010826047,120000000,2.0,43200,260255,9073517,0.09,275.723258225,58889139.4918287,0.49074282909857253,29444569.74591435,60000000.0,5184000000000.0,105.01755787037037,5.623017939006689,17.19802009608896,17.909855136853043,120,2.0,120M/2s,38,311.276631209,0.885782068361796,-35.55337298400002,False,middle_baseline,middle_baseline
2026-03-30 00:00:00+00:00,306042534887,2790292286137,120000000,2.0,43200,271711,10048672,0.09,306.042534887,64590099.21613426,0.5382508268011188,32295049.60806713,60000000.0,5184000000000.0,116.30407407407408,5.7269862881105364,17.290424544503285,17.909855136853043,120,2.0,120M/2s,38,311.276631209,0.9831850649961393,-5.234096322000028,False,middle_baseline,middle_baseline
2026-03-31 00:00:00+00:00,334457149274,2757686772164,120000000,2.0,43200,270412,10136718,0.09,334.457149274,63835341.94824074,0.5319611829020062,31917670.97412037,60000000.0,5184000000000.0,117.323125,5.815494226269492,17.278670394744537,17.909855136853043,120,2.0,120M/2s,38,311.276631209,1.0744691883067699,23.180518065,False,middle_baseline,middle_baseline
2026-04-01 00:00:00+00:00,311235940448,2695180735456,120000000,2.0,43200,263425,10067777,0.09,311.235940448,62388442.95037037,0.5199036912530864,31194221.475185186,60000000.0,5184000000000.0,116.52519675925926,5.74375912140429,17.25574345855492,17.909855136853043,120,2.0,120M/2s,38,312.6555445615,0.9954595268237095,-1.419604113499986,False,middle_baseline,middle_baseline
2026-04-02 00:00:00+00:00,404924481001,2606062377111,120000000,2.0,43200,253614,9600278,0.09,404.924481001,60325517.98868056,0.5027126499056713,30162758.99434028,60000000.0,5184000000000.0,111.1143287037037,6.006167134913514,17.222118608665767,17.909855136853043,120,2.0,120M/2s,38,311.286430488,1.3008099336877768,93.638050513,False,middle_baseline,middle_baseline
2026-04-03 00:00:00+00:00,290720722887,2531688389652,120000000,2.0,43200,245057,9659330,0.09,290.720722887,58603897.90861111,0.4883658159050926,29301948.954305556,60000000.0,5184000000000.0,111.79780092592593,5.675796916129554,17.19316462311434,17.909855136853043,120,2.0,120M/2s,38,311.286430488,0.933933170267784,-20.565707600999986,False,middle_baseline,middle_baseline
2026-04-04 00:00:00+00:00,264511699631,2282907503605,120000000,2.0,43200,220324,9035060,0.09,264.511699631,52845081.101967596,0.4403756758497299,26422540.550983798,60000000.0,5184000000000.0,104.5724537037037,5.581658906117878,17.089728050425055,17.909855136853043,120,2.0,120M/2s,38,311.226141169,0.8499019350928062,-46.71444153800002,False,middle_baseline,middle_baseline
2026-04-05 00:00:00+00:00,274229897449,2449559954629,120000000,2.0,43200,236839,9448557,0.09,274.229897449,56702776.72752315,0.47252313939602625,28351388.363761574,60000000.0,5184000000000.0,109.35829861111111,5.617606739144593,17.160186594477295,17.909855136853043,120,2.0,120M/2s,38,308.62943838850003,0.8885409599320264,-34.399540939500014,False,middle_baseline,middle_baseline
2026-04-06 00:00:00+00:00,290247098931,2586459816584,120000000,2.0,43200,253530,9898545,0.09,290.247098931,59871755.01351852,0.498931291779321,29935877.50675926,60000000.0,5184000000000.0,114.56649305555555,5.674172044078371,17.214568269055093,17.909855136853043,120,2.0,120M/2s,38,302.72158171,0.9587922251577349,-12.474482779000027,False,middle_baseline,middle_baseline
2026-04-07 00:00:00+00:00,345850786532,2696956876573,120000000,2.0,43200,261606,10394431,0.09,345.850786532,62429557.3280787,0.5202463110673226,31214778.66403935,60000000.0,5184000000000.0,120.30591435185185,5.8488946774718125,17.256402247796633,17.909855136853043,120,2.0,120M/2s,38,299.3306861935,1.1554137363264767,46.52010033849996,False,middle_baseline,middle_baseline
2026-04-08 00:00:00+00:00,316873324061,2669343122630,120000000,2.0,43200,261032,10096883,0.09,316.873324061,61790350.06087963,0.5149195838406636,30895175.030439816,60000000.0,5184000000000.0,116.86207175925927,5.7616529514075046,17.24611061416093,17.909855136853043,120,2.0,120M/2s,38,299.3306861935,1.0586062127160585,17.54263786749999,False,middle_baseline,middle_baseline
2026-04-09 00:00:00+00:00,275121760182,2684757107534,120000000,2.0,43200,264063,10165668,0.09,275.121760182,62147155.26699074,0.5178929605582562,31073577.63349537,60000000.0,5184000000000.0,117.65819444444445,5.620841928514363,17.25186845444352,17.909855136853043,120,2.0,120M/2s,38,302.72158171,0.9088277044137542,-27.599821528000007,False,middle_baseline,middle_baseline
2026-04-10 00:00:00+00:00,265216217850,2588268222747,120000000,2.0,43200,256561,9825621,0.09,265.21621785,59913616.267291665,0.4992801355607639,29956808.133645833,60000000.0,5184000000000.0,113.72246527777777,5.584308827658966,17.215267206723887,17.909855136853043,120,2.0,120M/2s,38,302.72158171,0.8761060785684939,-37.50536385999999,False,middle_baseline,middle_baseline
2026-04-11 00:00:00+00:00,266353530415,2389596480025,120000000,2.0,43200,235003,9107081,0.09,266.353530415,55314733.33391204,0.46095611111593365,27657366.66695602,60000000.0,5184000000000.0,105.40603009259259,5.588571866525432,17.13540271217239,17.909855136853043,120,2.0,120M/2s,38,295.06067571,0.9027076541937606,-28.707145294999975,False,middle_baseline,middle_baseline
2026-04-12 00:00:00+00:00,298009903904,2593794851209,120000000,2.0,43200,262125,9266114,0.08,298.009903904,60041547.48168982,0.5003462290140818,30020773.74084491,60000000.0,5184000000000.0,107.24668981481481,5.700476696266867,17.21740019132642,17.909855136853043,120,2.0,120M/2s,38,290.483910909,1.0259084676030739,7.525992995000024,False,middle_baseline,middle_baseline
2026-04-13 00:00:00+00:00,289153270863,2667022878689,120000000,2.01,43200,265537,9799964,0.09,289.153270863,61736640.71039352,0.514472005919946,30868320.35519676,59701492.53731344,5158208955223.881,113.42550925925926,5.670409303580143,17.245241017131228,17.904867595425337,120,2.0,120M/2s,38,294.36531339550004,0.98229396503148,-5.21204253250005,False,middle_baseline,middle_baseline
2026-04-14 00:00:00+00:00,282304961564,2647043464783,120000000,2.0,43196,254874,9880117,0.08,282.304961564,61279828.33556348,0.5106652361296956,30637077.13869213,60000000.0,5184000000000.0,114.35320601851852,5.646523920145873,17.237721537280773,17.909855136853043,120,2.0,120M/2s,38,290.483910909,0.9718437096243785,-8.178949344999978,False,middle_baseline,middle_baseline
2026-04-15 00:00:00+00:00,275580658905,2530771976805,120000000,2.0,43200,245613,9696722,0.09,275.580658905,58582684.64826389,0.48818903873553243,29291342.324131943,60000000.0,5184000000000.0,112.2305787037037,5.622502492364284,17.192802580645107,17.909855136853043,120,2.0,120M/2s,38,289.700184897,0.9512615913689526,-14.119525991999978,False,middle_baseline,middle_baseline
2026-04-16 00:00:00+00:00,268538532459,2558245285081,120000000,2.0,43200,246391,10229928,0.09,268.538532459,59218640.85835648,0.49348867381963735,29609320.42917824,60000000.0,5184000000000.0,118.40194444444444,5.596711357713147,17.203599782867464,17.909855136853043,120,2.0,120M/2s,38,285.7291162135,0.9398360797726508,-17.190583754499983,False,middle_baseline,middle_baseline
2026-04-17 00:00:00+00:00,287301009887,2568375033157,120000000,2.0,43200,247338,9669931,0.09,287.301009887,59453125.76752315,0.4954427147293596,29726562.883761574,60000000.0,5184000000000.0,111.92049768518518,5.664005107541447,17.207551610890107,17.909855136853043,120,2.0,120M/2s,38,278.94281023450003,1.0299638468741081,8.35819965249999,False,middle_baseline,middle_baseline
2026-04-18 00:00:00+00:00,282030516794,2364187942235,120000000,2.0,43200,227340,8854804,0.09,282.030516794,54726572.736921296,0.4560547728076775,27363286.368460648,60000000.0,5184000000000.0,102.4861574074074,5.645554725024003,17.124712795856926,17.909855136853043,120,2.0,120M/2s,38,278.94281023450003,1.0110693176027883,3.0877065594999635,False,middle_baseline,middle_baseline
2026-04-19 00:00:00+00:00,284710987976,2355418703411,120000000,2.0,43200,224948,8858624,0.09,284.710987976,54523581.097476855,0.4543631758123071,27261790.548738427,60000000.0,5184000000000.0,102.53037037037036,5.654980768336158,17.120996702863255,17.909855136853043,120,2.0,120M/2s,38,282.167739179,1.0090132514950145,2.5432487969999897,False,middle_baseline,middle_baseline
2026-04-20 00:00:00+00:00,262869067500,2334769795459,120000000,2.0,43200,221197,9114805,0.09,262.8690675,54045597.11710648,0.45037997597588736,27022798.55855324,60000000.0,5184000000000.0,105.49542824074074,5.575453023679849,17.112191495734347,17.909855136853043,120,2.0,120M/2s,38,283.50797477000003,0.9272016694177876,-20.638907270000004,False,middle_baseline,middle_baseline
2026-04-21 00:00:00+00:00,312585363509,2534620904860,120000000,2.0,43200,236754,9206443,0.09,312.585363509,58671780.205092594,0.48893150170910493,29335890.102546297,60000000.0,5184000000000.0,106.55605324074074,5.748071614903003,17.194322276650677,17.909855136853043,120,2.0,120M/2s,38,282.167739179,1.1077997946133162,30.417624329999967,False,middle_baseline,middle_baseline
2026-04-22 00:00:00+00:00,360747511713,2533410246312,120000000,2.0,43200,235148,9193411,0.09,360.747511713,58643755.70166667,0.48869796418055556,29321877.850833334,60000000.0,5184000000000.0,106.40521990740741,5.890946487016617,17.193844513790253,17.909855136853043,120,2.0,120M/2s,38,282.167739179,1.2784860266543474,78.57977253399997,False,middle_baseline,middle_baseline
2026-04-23 00:00:00+00:00,295659632973,2438963135995,120000000,2.0,43200,227330,9200174,0.09,295.659632973,56457479.99988426,0.4704789999990355,28228739.99994213,60000000.0,5184000000000.0,106.48349537037036,5.692585464697236,17.155851201287657,17.909855136853043,120,2.0,120M/2s,38,282.167739179,1.0478151536148541,13.491893793999964,False,middle_baseline,middle_baseline
2026-04-24 00:00:00+00:00,277379661120,2323243380245,120000000,2.0,43200,219542,8872164,0.09,277.37966112,53778781.95011574,0.44815651625096453,26889390.97505787,60000000.0,5184000000000.0,102.68708333333333,5.628985869469682,17.107242416425915,17.909855136853043,120,2.0,120M/2s,38,283.50797477000003,0.9783839814207281,-6.128313650000052,False,middle_baseline,middle_baseline
2026-04-25 00:00:00+00:00,306487756241,2365095780313,120000000,2.0,43200,217094,9030982,0.09,306.487756241,54747587.50724537,0.45622989589371143,27373793.753622685,60000000.0,5184000000000.0,104.52525462962963,5.728435269351412,17.125096717866786,17.909855136853043,120,2.0,120M/2s,38,283.50797477000003,1.081055150175732,22.979781470999967,False,middle_baseline,middle_baseline
2026-04-26 00:00:00+00:00,372491449137,2326054074445,120000000,2.0,43200,201456,8474654,0.09,372.491449137,53843844.31585648,0.44869870263213735,26921922.15792824,60000000.0,5184000000000.0,98.08627314814815,5.922895110433963,17.10845149993384,17.909855136853043,120,2.0,120M/2s,38,286.0059989315,1.3023903363167348,86.4854502055,False,middle_baseline,middle_baseline
2026-04-27 00:00:00+00:00,340852885926,2494266973609,120000000,2.0,43200,219551,9362279,0.09,340.852885926,57737661.42613426,0.4811471785511188,28868830.71306713,60000000.0,5184000000000.0,108.35971064814815,5.834380486406953,17.17827308365948,17.909855136853043,120,2.0,120M/2s,38,286.0059989315,1.1917683097536569,54.84688699449998,False,middle_baseline,middle_baseline
2026-04-28 00:00:00+00:00,334555787902,2319014796844,120000000,2.0,43200,219792,9636240,0.09,334.555787902,53680898.07509259,0.4473408172924383,26840449.037546296,60000000.0,5184000000000.0,111.53055555555555,5.815788225455635,17.105420637346942,17.909855136853043,120,2.0,120M/2s,38,286.0059989315,1.1697509463153881,48.5497889705,False,middle_baseline,middle_baseline
2026-04-29 00:00:00+00:00,329117192269,2395189936250,120000000,2.0,43200,218584,9664283,0.09,329.117192269,55444211.487268515,0.46203509572723767,27722105.743634257,60000000.0,5184000000000.0,111.85512731481481,5.79944771950535,17.137740730250666,17.909855136853043,120,2.0,120M/2s,38,291.48032143,1.129123196565565,37.63687083899998,False,middle_baseline,middle_baseline
2026-04-30 00:00:00+00:00,373627738091,2556508342187,120000000,2.0,43200,220558,9565574,0.1,373.627738091,59178433.846921295,0.4931536153910108,29589216.923460647,60000000.0,5184000000000.0,110.71266203703703,5.925932834495002,17.202920593593195,17.909855136853043,120,2.0,120M/2s,38,301.073694607,1.2409843330175587,72.55404348400003,False,middle_baseline,middle_baseline
2026-05-01 00:00:00+00:00,479610288082,2545843594940,120000000,2.0,43200,206264,9076058,0.1,479.610288082,58931564.69768518,0.49109637248070986,29465782.34884259,60000000.0,5184000000000.0,105.0469675925926,6.175056729818982,17.198740261641213,17.909855136853043,120,2.0,120M/2s,38,309.53655987499997,1.5494463344675047,170.07372820700004,False,middle_baseline,middle_baseline
2026-05-02 00:00:00+00:00,509480642612,2455226893228,120000000,2.0,43200,188980,8583576,0.1,509.480642612,56833955.86175926,0.47361629884799383,28416977.93087963,60000000.0,5184000000000.0,99.34694444444445,6.2353527183980395,17.162497374169373,17.909855136853043,120,2.0,120M/2s,38,320.851277889,1.5879028002134283,188.62936472299998,False,middle_baseline,middle_baseline
2026-05-03 00:00:00+00:00,382285749933,2434388226400,120000000,2.0,43200,186844,8410954,0.1,382.285749933,56351579.31481481,0.46959649429012346,28175789.657407407,60000000.0,5184000000000.0,97.34900462962963,5.9487807943747795,17.153973679871083,17.909855136853043,120,2.0,120M/2s,38,331.83649008550003,1.152030476921032,50.449259847499945,False,middle_baseline,middle_baseline
2026-05-04 00:00:00+00:00,403670223050,2438763579675,120000000,2.0,43200,199434,8998520,0.1,403.67022305,56452860.640625,0.47044050533854165,28226430.3203125,60000000.0,5184000000000.0,104.14953703703704,6.003072471339404,17.155769377797053,17.909855136853043,120,2.0,120M/2s,38,337.704336914,1.1953362125544715,65.965886136,False,middle_baseline,middle_baseline
2026-05-05 00:00:00+00:00,265376078040,2121102490860,120000000,2.0,43200,188148,8629211,0.1,265.37607804,49099594.69583333,0.40916328913194444,24549797.347916666,60000000.0,5184000000000.0,99.87512731481482,5.584909137487082,17.01621419823692,17.909855136853043,120,2.0,120M/2s,38,350.8001988195,0.7564878210817264,-85.42412077950002,False,middle_baseline,middle_baseline
2026-05-06 00:00:00+00:00,284326765634,2265087367564,120000000,1.89,45675,186932,9222759,0.1,284.326765634,49591403.77808429,0.4132616981507024,26216288.976435184,63492063.49206349,5485714285714.286,106.74489583333333,5.653635069570872,17.081891530347647,17.966425487424768,120,2.0,120M/2s,38,350.8001988195,0.8105091348032472,-66.47343318549997,False,middle_baseline,middle_baseline
2026-05-07 00:00:00+00:00,287162369859,2194329676572,120000000,1.75,49372,170697,8995824,0.1,287.162369859,44444820.476626426,0.3703735039718869,25397334.219583333,68571428.57142857,5924571428571.428,104.11833333333334,5.6635241055019625,17.050154813870222,18.04338652739423,120,1.75,120M/1.75s,39,337.704336914,0.850336636133071,-50.541967054999986,False,middle_baseline,middle_baseline
2026-05-08 00:00:00+00:00,588255339963,2434856306938,128449224,1.75,49370,173567,9073796,0.1,588.255339963,49318539.73947742,0.38395358261936574,28181207.256226853,73399556.57142857,6341721687771.428,105.02078703703704,6.3788596040798025,17.15416593988991,18.111428465929365,130,1.75,130M/1.75s,40,337.704336914,1.7419241498009113,250.55100304899997,False,middle_baseline,middle_baseline
2026-05-09 00:00:00+00:00,516806806284,2150477672970,140000000,1.75,49372,164724,8463450,0.1,516.806806284,43556624.66519485,0.31111874760853464,24889787.88159722,80000000.0,6912000000000.0,97.95659722222223,6.249602211850592,17.02996819225064,18.197537205138154,140,1.75,140M/1.75s,41,356.6721675315,1.4489686982328316,160.1346387525,False,middle_baseline,middle_baseline
2026-05-10 00:00:00+00:00,519874729824,2149973180577,140000000,1.75,49371,168117,8193983,0.1,519.874729824,43547288.50088108,0.31105206072057917,24883948.84927083,80000000.0,6912000000000.0,94.83776620370371,6.255509571046058,17.029733569234484,18.197537205138154,140,1.75,140M/1.75s,41,373.05959361400005,1.3935433874993917,146.81513621,False,middle_baseline,middle_baseline
2026-05-11 00:00:00+00:00,523451859916,2150000759122,140000000,1.75,49372,167239,8381858,0.1,523.451859916,43546965.06363931,0.3110497504545665,24884268.04539352,80000000.0,6912000000000.0,97.01224537037037,6.262353640813757,17.029746396541942,18.197537205138154,140,1.75,140M/1.75s,41,377.956744012,1.3849517655369064,145.495115904,False,middle_baseline,middle_baseline
2026-05-12 00:00:00+00:00,523739489735,2053806068244,140000000,1.75,49371,165481,7847870,0.1,523.739489735,41599442.349638455,0.2971388739259889,23770903.56763889,80000000.0,6912000000000.0,90.8318287037037,6.2629019294101145,16.983972893624458,18.197537205138154,140,1.75,140M/1.75s,41,392.9779864915,1.332745109747587,130.7615032435,False,middle_baseline,middle_baseline
2026-05-13 00:00:00+00:00,513239680432,2338698923626,140000000,1.75,49372,172766,9719281,0.1,513.239680432,47368932.261727296,0.338349516155195,27068274.57900463,80000000.0,6912000000000.0,112.49167824074074,6.242689461111493,17.11387295727122,18.197537205138154,140,1.75,140M/1.75s,41,441.640255566,1.162121600020902,71.59942486599999,False,high_baseline,high_baseline
2026-05-14 00:00:00+00:00,485580482927,2110005441760,140000000,1.75,49371,166488,8394636,0.09,485.580482927,42737749.726762675,0.30526964090544767,24421359.27962963,80000000.0,6912000000000.0,97.1601388888889,6.187402320475981,17.010968728601988,18.197537205138154,140,1.75,140M/1.75s,41,494.545465347,0.981872278590787,-8.964982420000013,False,high_baseline,high_baseline
2026-05-15 00:00:00+00:00,527124508615,2050029499432,140000000,1.75,49371,165308,8020399,0.09,527.124508615,41522948.68307306,0.296592490593379,23727193.28046296,80000000.0,6912000000000.0,92.82869212962963,6.269332067677869,16.982132386295746,18.197537205138154,140,1.75,140M/1.75s,41,497.53056276949997,1.0594816641630327,29.593945845500002,False,high_baseline,high_baseline
2026-05-16 00:00:00+00:00,991735404820,2226629118743,140000000,1.75,49372,156499,7055013,0.09,991.73540482,45099026.14321883,0.3221359010229916,25771170.35582176,80000000.0,6912000000000.0,81.65524305555556,6.900464168135472,17.064767035837747,18.197537205138154,140,1.75,140M/1.75s,41,511.360161522,1.9394068592833331,480.375243298,False,high_baseline,high_baseline
2026-05-17 00:00:00+00:00,545616080892,1898606095154,140000000,1.75,49371,154478,6901813,0.09,545.616080892,38455897.088452734,0.2746849792032338,21974607.582800925,80000000.0,6912000000000.0,79.8820949074074,6.303746692914853,16.905398189445183,18.197537205138154,140,1.75,140M/1.75s,41,515.023243358,1.0594008871027487,30.59283753400007,False,high_baseline,high_baseline
2026-05-18 00:00:00+00:00,523828652044,1890817661142,140000000,1.75,49372,156560,7009463,0.09,523.828652044,38297368.16701774,0.27355262976441247,21884463.670625,80000000.0,6912000000000.0,81.12804398148148,6.2630718322599925,16.901287567290137,18.197537205138154,140,1.75,140M/1.75s,41,518.340768054,1.0105874056763915,5.48788399,False,high_baseline,high_baseline
2026-05-19 00:00:00+00:00,488123969539,1854053381143,140000000,1.75,49371,158001,6826494,0.09,488.123969539,37553490.53377489,0.2682392180983921,21458951.170636576,80000000.0,6912000000000.0,79.01034722222222,6.192615973784682,16.881652466884184,18.197537205138154,140,1.75,140M/1.75s,41,521.6632948700001,0.9357069480240925,-33.5393253310001,False,high_baseline,high_baseline
2026-05-20 00:00:00+00:00,491062031680,1981650692857,140000000,1.75,49372,163250,7629336,0.09,491.06203168,40137136.28892895,0.28669383063520676,22935771.90806713,80000000.0,6912000000000.0,88.3025,6.198604789195217,16.948208385383104,18.197537205138154,140,1.75,140M/1.75s,41,521.6632948700001,0.9413390524291613,-30.601263190000054,False,high_baseline,high_baseline
2026-05-21 00:00:00+00:00,471767142896,2188709351690,140000000,1.75,49371,159485,7234237,0.09,471.767142896,44331882.110753275,0.3166563007910948,25332284.163078703,80000000.0,6912000000000.0,83.7295949074074,6.158602968956206,17.04759023358489,18.197537205138154,140,1.75,140M/1.75s,41,521.6632948700001,0.904351806108125,-49.89615197400008,False,high_baseline,high_baseline
2026-05-22 00:00:00+00:00,465361141447,2518798000630,140000000,1.75,49371,157303,7269500,0.09,465.361141447,51017763.47714245,0.3644125962653032,29152754.636921298,80000000.0,6912000000000.0,84.13773148148148,6.144960315628353,17.188059999291827,18.197537205138154,140,1.75,140M/1.75s,41,521.6632948700001,0.8920718517544335,-56.30215342300005,False,high_baseline,high_baseline
2026-05-23 00:00:00+00:00,499134239028,2575414280428,140000000,1.75,49372,164235,7305114,0.09,499.134239028,52163458.649193875,0.3725961332085277,29808035.65310185,80000000.0,6912000000000.0,84.54993055555556,6.214876540444408,17.21028860146251,18.197537205138154,140,1.75,140M/1.75s,41,518.340768054,0.9629461346478556,-19.206529026,False,high_baseline,high_baseline
2026-05-24 00:00:00+00:00,511711517076,2518290943272,140000000,1.75,49371,159371,7204528,0.09,511.711517076,51007493.129002854,0.3643392366357347,29146885.9175,80000000.0,6912000000000.0,83.38574074074074,6.239713342114493,17.187858669774734,18.197537205138154,140,1.75,140M/1.75s,41,516.5572051280001,0.9906192615185779,-4.845688052000071,False,high_baseline,high_baseline
2026-05-25 00:00:00+00:00,502983984669,2532496341711,140000000,1.75,49372,155111,7280095,0.09,502.983984669,51294181.75708904,0.366387012550636,29311300.251284722,80000000.0,6912000000000.0,84.2603587962963,6.22254449111609,17.193483707855968,18.197537205138154,140,1.75,140M/1.75s,41,512.475598754,0.9814788955648283,-9.49161408499998,False,high_baseline,high_baseline
2026-05-26 00:00:00+00:00,487038835259,2626837744553,140000000,1.75,49364,162159,7220199,0.09,487.038835259,53213632.293837614,0.3800973735274115,30403214.636030093,80000000.0,6912000000000.0,83.56711805555555,6.190394983135562,17.230058938283396,18.197537205138154,140,1.75,140M/1.75s,41,507.3477508725,0.9599704234845347,-20.308915613500005,False,high_baseline,high_baseline
2026-05-27 00:00:00+00:00,506998233332,2531069326940,140000000,1.75,49371,156365,7228470,0.09,506.998233332,51266316.8041968,0.36618797717283424,29294783.87662037,80000000.0,6912000000000.0,83.66284722222223,6.230477969879521,17.192920067586066,18.197537205138154,140,1.75,140M/1.75s,41,501.05911184850004,1.0118531353747653,5.939121483499946,False,high_baseline,high_baseline
2026-05-28 00:00:00+00:00,493954765115,2560708333851,140000000,1.75,49372,157914,7361558,0.09,493.954765115,51865598.595377944,0.3704685613955568,29637827.938090276,80000000.0,6912000000000.0,85.2032175925926,6.204466374786893,17.20456210800666,18.197537205138154,140,1.75,140M/1.75s,41,501.05911184850004,0.9858213401063782,-7.104346733500051,False,high_baseline,high_baseline
2026-05-29 00:00:00+00:00,491600270326,2431311494574,140000000,1.75,49371,149090,7032383,0.09,491.600270326,49245741.31725102,0.35175529512322157,28140179.335347224,80000000.0,6912000000000.0,81.39332175925927,6.19969803446014,17.15270901813557,18.197537205138154,140,1.75,140M/1.75s,41,501.05911184850004,0.9811223041377202,-9.458841522500052,False,high_baseline,high_baseline
2026-05-30 00:00:00+00:00,494588332841,2427373912534,140000000,1.75,49371,148366,6840459,0.09,494.588332841,49165986.35907719,0.3511856168505514,28094605.469143517,80000000.0,6912000000000.0,79.17197916666667,6.205745607994832,17.151088175281146,18.197537205138154,140,1.75,140M/1.75s,41,496.5445020715,0.9960604352231488,-1.9561692304999951,False,high_baseline,high_baseline
2026-05-31 00:00:00+00:00,512987146601,2311728222071,140000000,1.75,49372,141284,6590280,0.09,512.987146601,46822657.01350968,0.33444755009649774,26756113.681377314,80000000.0,6912000000000.0,76.27638888888889,6.242198258529654,17.102273591404153,18.197537205138154,140,1.75,140M/1.75s,41,494.271548978,1.03786501096755,18.71559762299995,False,high_baseline,high_baseline
2026-06-01 00:00:00+00:00,484616029832,2550015825535,140000000,1.75,49371,154586,7300500,0.09,484.616029832,51650074.44724636,0.36892910319461686,29514072.05480324,80000000.0,6912000000000.0,84.49652777777777,6.185418249562897,17.200377760261777,18.197537205138154,140,1.75,140M/1.75s,41,494.271548978,0.9804651528780796,-9.655519146000017,False,high_baseline,high_baseline
2026-06-02 00:00:00+00:00,499767725822,2725940317923,140000000,1.75,49372,165727,7830873,0.09,499.767725822,55212272.50107348,0.3943733750076677,31550235.161145832,80000000.0,6912000000000.0,90.63510416666666,6.216142372465595,17.267091632221288,18.197537205138154,140,1.75,140M/1.75s,41,492.7775177205,1.0141853226864639,6.990208101500002,False,high_baseline,high_baseline
2026-06-03 00:00:00+00:00,482529297184,2534283230026,140000000,1.64,52669,143397,7167773,0.09,482.529297184,48117170.062579505,0.3436940718755679,29331981.82900463,85365853.65853658,7375609756097.561,82.96033564814815,6.181111907026585,17.194189042794203,18.262456750451758,140,1.75,140M/1.75s,41,494.271548978,0.9762433184384589,-11.742251794000026,False,high_baseline,high_baseline
2026-06-04 00:00:00+00:00,490885282352,2683302765988,140000000,1.5,57600,139905,7535621,0.09,490.885282352,46585117.46506944,0.33275083903621033,31056744.976712964,93333333.33333333,8064000000000.0,87.21783564814815,6.198245523353682,17.251326604475736,18.3516878831797,140,1.5,140M/1.5s,42,494.271548978,0.9931489752282895,-3.3862666260000083,False,high_baseline,high_baseline
2026-06-05 00:00:00+00:00,484016103710,2544687507557,140000000,1.5,57600,139076,7378707,0.08,484.01610371,44178602.561753474,0.31556144686966764,29452401.70783565,93333333.33333333,8064000000000.0,85.4017013888889,6.184182093912032,17.19828605073852,18.3516878831797,140,1.5,140M/1.5s,42,494.271548978,0.9792513947258241,-10.255445268000017,False,high_baseline,high_baseline
2026-06-06 00:00:00+00:00,476849130981,2320551314838,140000000,1.5,57600,125819,6600811,0.08,476.849130981,40287349.2159375,0.28776678011383927,26858232.810625,93333333.33333333,8064000000000.0,76.39827546296296,6.169295057108463,17.106082991522293,18.3516878831797,140,1.5,140M/1.5s,42,494.271548978,0.9647513233706771,-17.422417997000025,False,high_baseline,high_baseline
2026-06-07 00:00:00+00:00,471954519826,2248380083188,140000000,1.5,57600,124766,6475689,0.08,471.954519826,39034376.444236115,0.27881697460168653,26022917.62949074,93333333.33333333,8064000000000.0,74.95010416666666,6.158999231281239,17.074488193454997,18.3516878831797,140,1.5,140M/1.5s,42,492.7775177205,0.9577436121866448,-20.822997894499963,False,high_baseline,high_baseline
2026-06-08 00:00:00+00:00,452765927409,2381729857194,140000000,1.5,57600,129576,6939599,0.08,452.765927409,41349476.68739583,0.29535340490997025,27566317.79159722,93333333.33333333,8064000000000.0,80.31943287037036,6.117581486690833,17.13210525183617,18.3516878831797,140,1.5,140M/1.5s,42,491.242776339,0.921674473838069,-38.47684892999996,False,high_baseline,high_baseline
2026-06-09 00:00:00+00:00,462423915656,2621316701709,140000000,1.5,57600,136681,7705443,0.08,462.423915656,45508970.51578125,0.3250640751127232,30339313.6771875,93333333.33333333,8064000000000.0,89.18336805555556,6.138642219764543,17.227954943534208,18.3516878831797,140,1.5,140M/1.5s,42,488.96205880549996,0.9457255574914529,-26.538143149499945,False,high_baseline,high_baseline
2026-06-10 00:00:00+00:00,445472241801,2385887822545,140000000,1.5,57600,127652,7347060,0.07,445.472241801,41421663.58585069,0.29586902561321926,27614442.39056713,93333333.33333333,8064000000000.0,85.03541666666666,6.1013772299652045,17.13384950506023,18.3516878831797,140,1.5,140M/1.5s,42,487.750656092,0.9133196157443499,-42.27841429099999,False,high_baseline,high_baseline
2026-06-11 00:00:00+00:00,496078778601,2496270867475,140000000,1.5,57600,135684,7227583,0.07,496.078778601,43338035.8936632,0.3095573992404514,28892023.929108795,93333333.33333333,8064000000000.0,83.65258101851852,6.208748521787032,17.17907616099027,18.3516878831797,140,1.5,140M/1.5s,42,484.316066771,1.0242872632915598,11.76271183,False,high_baseline,high_baseline
2026-06-12 00:00:00+00:00,498170337677,2619725664422,140000000,1.5,57600,144279,7467627,0.07,498.170337677,45481348.34065972,0.32486677386185514,30320898.89377315,93333333.33333333,8064000000000.0,86.43086805555555,6.2129473955722485,17.22734779817179,18.3516878831797,140,1.5,140M/1.5s,42,484.316066771,1.028605846174727,13.85427090600001,False,high_baseline,high_baseline
2026-06-13 00:00:00+00:00,498422000927,2474442273922,140000000,1.5,57600,138994,7081844,0.08,498.422000927,42959067.255590275,0.3068504803970734,28639378.17039352,93333333.33333333,8064000000000.0,81.96578703703703,6.213451431594955,17.17029322281037,18.3516878831797,140,1.5,140M/1.5s,42,484.316066771,1.029125472235613,14.10593415599999,False,high_baseline,high_baseline
2026-06-14 00:00:00+00:00,505754844580,2564241442440,140000000,1.5,57600,144788,6944303,0.08,505.75484458,44518080.59791667,0.3179862899851191,29678720.39861111,93333333.33333333,8064000000000.0,80.37387731481482,6.22802734538508,17.20594089577388,18.3516878831797,140,1.5,140M/1.5s,42,484.316066771,1.0442660883664983,21.438777808999987,False,high_baseline,high_baseline
2026-06-15 00:00:00+00:00,495058724842,2638177542761,140000000,1.5,57600,148511,7292855,0.08,495.058724842,45801693.45071181,0.32715495321937005,30534462.300474536,93333333.33333333,8064000000000.0,84.40804398148148,6.206694316575444,17.234366547948945,18.3516878831797,140,1.5,140M/1.5s,42,484.316066771,1.022181089598416,10.742658070999994,False,high_baseline,high_baseline
2026-06-16 00:00:00+00:00,498081496725,2650443367299,140000000,1.5,57600,147224,7443492,0.08,498.081496725,46014641.793385416,0.32867601280989583,30676427.862256944,93333333.33333333,8064000000000.0,86.15152777777777,6.212769402506425,17.239005128153075,18.3516878831797,140,1.5,140M/1.5s,42,487.450693031,1.0218089826232413,10.630803694000008,False,high_baseline,high_baseline
2026-06-17 00:00:00+00:00,483817600947,2825716529689,145396080,1.5,57594,158827,7946483,0.08,483.817600947,49062689.33723999,0.33744162385423315,32705052.42695602,96930720.0,8374814208000.0,91.97318287037037,6.183772739679819,17.303040162978196,18.389507064798703,145,1.5,145M/1.5s,43,487.450693031,0.9925467495770511,-3.6330920839999976,False,high_baseline,high_baseline
2026-06-18 00:00:00+00:00,504821101062,2688660554036,160000000,1.5,57600,153915,7654900,0.08,504.821101062,46678134.61868056,0.2917383413667535,31118756.412453704,106666666.66666667,9216000000000.0,88.59837962962963,6.226183051558647,17.253321327571555,18.485219274464935,160,1.5,160M/1.5s,44,487.450693031,1.0356352104517272,17.37040803100001,False,high_baseline,high_baseline
2026-06-19 00:00:00+00:00,489175581930,2454737137133,160000000,1.5,57600,137198,7017427,0.08,489.17558193,42616964.18633681,0.266356026164605,28411309.457557872,106666666.66666667,9216000000000.0,81.22021990740741,6.19476365738903,17.162297879396554,18.485219274464935,160,1.5,160M/1.5s,44,489.537414276,0.9992608688622194,-0.3618323459999715,False,high_baseline,high_baseline
2026-06-20 00:00:00+00:00,505032260724,2436682011231,160000000,1.5,57600,135886,6803797,0.08,505.032260724,42303507.13942708,0.26439691962141926,28202338.092951387,106666666.66666667,9216000000000.0,78.74765046296297,6.226600423626656,17.154915479027025,18.485219274464935,160,1.5,160M/1.5s,44,492.11715338600004,1.0262439690409852,12.915107337999984,False,high_baseline,high_baseline
2026-06-21 00:00:00+00:00,484428995870,2341301757376,160000000,1.5,57600,129199,6671208,0.08,484.42899587,40647599.954444446,0.2540474997152778,27098399.96962963,106666666.66666667,9216000000000.0,77.21305555555556,6.185033027540514,17.114985279298363,18.485219274464935,160,1.5,160M/1.5s,44,495.5687517215,0.9775212706354005,-11.139755851500013,False,high_baseline,high_baseline
2026-06-22 00:00:00+00:00,477234609104,2499908657471,160000000,1.5,57600,134202,7307445,0.08,477.234609104,43401191.96998264,0.27125744981239147,28934127.979988426,106666666.66666667,9216000000000.0,84.57690972222223,6.170101426106754,17.180532389892726,18.485219274464935,160,1.5,160M/1.5s,44,495.5687517215,0.9630038363924055,-18.334142617499992,False,high_baseline,high_baseline
2026-06-23 00:00:00+00:00,502221467854,2636344486910,160000000,1.5,57600,144359,7276197,0.08,502.221467854,45769869.564409725,0.2860616847775608,30513246.376273148,106666666.66666667,9216000000000.0,84.21524305555556,6.221030367143137,17.233671487484916,18.485219274464935,160,1.5,160M/1.5s,44,495.5687517215,1.0134244060171065,6.652716132500018,False,high_baseline,high_baseline
2026-06-24 00:00:00+00:00,511954913724,2667324518121,160000000,1.5,57600,146163,7256659,0.07,511.954913724,46307717.32848959,0.2894232333030599,30871811.55232639,106666666.66666667,9216000000000.0,83.98910879629629,6.240187953830856,17.245354110411476,18.485219274464935,160,1.5,160M/1.5s,44,497.080137663,1.0299243018056063,14.874776060999977,False,high_baseline,high_baseline
2026-06-25 00:00:00+00:00,511586189160,2644732531362,160000000,1.5,57600,146175,7191550,0.07,511.58618916,45915495.33614583,0.28697184585091146,30610330.224097222,106666666.66666667,9216000000000.0,83.2355324074074,6.239468870843638,17.23684813164375,18.485219274464935,160,1.5,160M/1.5s,44,498.125917201,1.027021826197348,13.46027195900001,False,high_baseline,high_baseline
2026-06-26 00:00:00+00:00,490757471982,2548128099438,160000000,1.5,57600,139782,7014687,0.07,490.757471982,44238335.0596875,0.27648959412304686,29492223.373125,106666666.66666667,9216000000000.0,81.18850694444444,6.197985651829887,17.19963720599455,18.485219274464935,160,1.5,160M/1.5s,44,498.296169302,0.9848710510246146,-7.538697319999983,False,high_baseline,high_baseline
2026-06-27 00:00:00+00:00,499694843892,2308213138202,160000000,1.5,57600,126451,6280068,0.07,499.694843892,40073144.76045139,0.25045715475282115,26715429.840300925,106666666.66666667,9216000000000.0,72.68597222222222,6.215996821483795,17.100751890524553,18.485219274464935,160,1.5,160M/1.5s,44,498.25174882600004,1.002896317111581,1.4430950659999553,False,high_baseline,high_baseline
2026-06-28 00:00:00+00:00,504562051974,2233925273141,160000000,1.5,57600,120791,6067697,0.07,504.562051974,38783424.88092014,0.24239640550575087,25855616.58728009,106666666.66666667,9216000000000.0,70.22797453703704,6.225670784584677,17.06803845009767,18.485219274464935,160,1.5,160M/1.5s,44,498.8881703085,1.0113730531273,5.673881665500005,False,high_baseline,high_baseline
2026-06-29 00:00:00+00:00,532344671995,2583831905556,160000000,1.5,57600,139456,7064988,0.07,532.344671995,44858192.80479167,0.2803637050299479,29905461.86986111,106666666.66666667,9216000000000.0,81.77069444444444,6.2791678793243975,17.213551726350076,18.485219274464935,160,1.5,160M/1.5s,44,498.8881703085,1.067062126700281,33.45650168650002,False,high_baseline,high_baseline
2026-06-30 00:00:00+00:00,529279506005,2675557291948,160000000,1.5,57600,143182,7321999,0.07,529.279506005,46450647.42965278,0.29031654643532984,30967098.286435187,106666666.66666667,9216000000000.0,84.7453587962963,6.2734042373563295,17.248435885516816,18.485219274464935,160,1.5,160M/1.5s,44,500.958155873,1.0565343628005128,28.32135013200002,False,high_baseline,high_baseline
2026-07-01 00:00:00+00:00,540333665531,2754332735709,160000000,1.5,57600,144938,7505699,0.07,540.333665531,47818276.66161458,0.29886422913509114,31878851.107743055,106666666.66666667,9216000000000.0,86.8715162037037,6.294035845718966,17.277453404580037,18.485219274464935,160,1.5,160M/1.5s,44,503.391759914,1.0733859958758785,36.941905616999975,False,high_baseline,high_baseline
2026-07-02 00:00:00+00:00,529284418208,2679734328722,160000000,1.5,57600,140392,7512254,0.07,529.284418208,46523165.42920139,0.2907697839325087,31015443.619467594,106666666.66666667,9216000000000.0,86.94738425925927,6.273413500735722,17.24999585191348,18.485219274464935,160,1.5,160M/1.5s,44,504.69157651800003,1.04872845681252,24.59284169,False,high_baseline,high_baseline
2026-07-03 00:00:00+00:00,531499669414,2739051356055,160000000,1.5,57600,145464,7584330,0.07,531.499669414,47552974.93151042,0.2972060933219401,31701983.28767361,106666666.66666667,9216000000000.0,87.78159722222222,6.277582276764608,17.271889832714137,18.485219274464935,160,1.5,160M/1.5s,44,504.79715634900003,1.0528975108697696,26.70251306499995,False,high_baseline,high_baseline
2026-07-04 00:00:00+00:00,532518119948,2560957905720,160000000,1.5,57600,140677,6898462,0.07,532.518119948,44461074.75208333,0.27788171720052085,29640716.50138889,106666666.66666667,9216000000000.0,79.84331018518519,6.2794930344536946,17.204659565298527,18.485219274464935,160,1.5,160M/1.5s,44,508.309224942,1.0476263144914642,24.208895006000034,False,high_baseline,high_baseline
2026-07-05 00:00:00+00:00,536470529460,2382706892501,160000000,1.5,57600,129652,6361925,0.07,536.47052946,41366439.105920136,0.25854024441200085,27577626.070613425,106666666.66666667,9216000000000.0,73.63339120370371,6.28687392958703,17.13251538857912,18.485219274464935,160,1.5,160M/1.5s,44,511.770551442,1.0482637735766616,24.699978017999968,False,high_baseline,high_baseline
2026-07-06 00:00:00+00:00,516614687600,2609403638611,160000000,1.5,57600,143415,7088513,0.07,516.6146876,45302146.5036632,0.283138415647895,30201431.00244213,106666666.66666667,9216000000000.0,82.04297453703704,6.2492311191364855,17.22339989852034,18.485219274464935,160,1.5,160M/1.5s,44,520.6172098645,0.9923119670486082,-4.00252226449993,False,high_baseline,high_baseline
2026-07-07 00:00:00+00:00,522050333585,2670878419035,160000000,1.5,57600,147395,7132439,0.08,522.050333585,46369416.997135416,0.28980885623209635,30912944.664756946,106666666.66666667,9216000000000.0,82.55137731481481,6.259677699558422,17.246685607683442,18.485219274464935,160,1.5,160M/1.5s,44,522.9470968025,0.9982851741161138,-0.8967632175000517,False,high_baseline,high_baseline
2026-07-08 00:00:00+00:00,508358577082,2351930692683,160000000,1.5,57600,129011,6621936,0.08,508.358577082,40832130.081302084,0.255200813008138,27221420.05420139,106666666.66666667,9216000000000.0,76.64277777777778,6.233152242163954,17.119514760077703,18.485219274464935,160,1.5,160M/1.5s,44,525.6649197950001,0.9670772348290824,-17.30634271300005,False,high_baseline,high_baseline
2026-07-09 00:00:00+00:00,518214566930,2432653268385,160000000,1.5,57600,134930,6543810,0.08,518.21456693,42233563.68723958,0.26395977304524737,28155709.12482639,106666666.66666667,9216000000000.0,75.73854166666666,6.2523172214870595,17.153260738332058,18.485219274464935,160,1.5,160M/1.5s,44,525.6649197950001,0.9858268022376203,-7.4503528650000135,False,high_baseline,high_baseline
2026-07-10 00:00:00+00:00,521612126991,2391166695966,160000000,1.5,57600,131257,6558976,0.08,521.612126991,41513310.69385417,0.2594581918365885,27675540.462569445,106666666.66666667,9216000000000.0,75.91407407407408,6.258839557928261,17.136059601410743,18.485219274464935,160,1.5,160M/1.5s,44,525.6649197950001,0.9922901592794501,-4.052792804000092,False,high_baseline,high_baseline
2026-07-11 00:00:00+00:00,554821486155,2355437908052,160000000,1.5,57600,132944,6265109,0.08,554.821486155,40893019.23701389,0.2555813702313368,27262012.824675925,106666666.66666667,9216000000000.0,72.51283564814815,6.320447174630649,17.12100485621704,18.485219274464935,160,1.5,160M/1.5s,44,525.6649197950001,1.0554660683299362,29.156566359999943,False,high_baseline,high_baseline
2026-07-12 00:00:00+00:00,522328291723,2236340890598,160000000,1.5,57600,121457,5954261,0.08,522.328291723,38825362.68399306,0.2426585167749566,25883575.122662038,106666666.66666667,9216000000000.0,68.91505787037038,6.2602089759775215,17.06911919898835,18.485219274464935,160,1.5,160M/1.5s,44,529.2819621065,0.9868620680821524,-6.953670383500025,False,high_baseline,high_baseline
2026-07-13 00:00:00+00:00,481622530171,2194163149430,160000000,1.5,57600,121119,6167054,0.08,481.622530171,38093110.23315972,0.23808193895724827,25395406.82210648,106666666.66666667,9216000000000.0,71.37793981481481,6.1792348370805,17.050078921238228,18.485219274464935,160,1.5,160M/1.5s,44,529.2819621065,0.9099545509810701,-47.65943193550004,False,high_baseline,high_baseline
2026-07-14 00:00:00+00:00,498952996238,2445783091112,160000000,1.5,57600,137818,6752810,0.08,498.952996238,42461511.99847222,0.2653844499904514,28307674.665648147,106666666.66666667,9216000000000.0,78.15752314814814,6.214514086479207,17.158643550773196,18.485219274464935,160,1.5,160M/1.5s,44,525.8038988640001,0.9489336182481503,-26.85090262600005,False,high_baseline,high_baseline
2026-07-15 00:00:00+00:00,492351315970,2378846940785,160000000,1.5,57600,134831,6488318,0.08,492.35131597,41299426.05529514,0.25812141284559464,27532950.70353009,106666666.66666667,9216000000000.0,75.09627314814814,6.2012215287162595,17.13089408908043,18.485219274464935,160,1.5,160M/1.5s,44,522.189312654,0.9428598097261892,-29.837996684000018,False,high_baseline,high_baseline
2026-07-16 00:00:00+00:00,488224348606,2341220166481,160000000,1.5,57600,128578,6375471,0.08,488.224348606,40646183.44585069,0.2540386465365668,27097455.63056713,106666666.66666667,9216000000000.0,73.79017361111111,6.192821174867958,17.11495043017504,18.485219274464935,160,1.5,160M/1.5s,44,521.8312302879999,0.9355981786229003,-33.60688168199994,False,high_baseline,high_baseline
2026-07-17 00:00:00+00:00,499916425209,2344886230093,160000000,1.5,57598,128969,6394148,0.08,499.916425209,40711243.968419045,0.254445274802619,27139886.922372684,106666666.66666667,9216000000000.0,74.00634259259259,6.2164392712194365,17.11651508275203,18.485219274464935,160,1.5,160M/1.5s,44,519.9133469605,0.9615379719170409,-19.996921751499997,False,high_baseline,high_baseline
2026-07-18 00:00:00+00:00,511577449764,2219924886188,160000000,1.5,57600,123302,6016288,0.08,511.577449764,38540362.607430555,0.24087726629644096,25693575.07162037,106666666.66666667,9216000000000.0,69.63296296296296,6.239451821085593,17.061751560317955,18.485219274464935,160,1.5,160M/1.5s,44,517.414627265,0.9887185688354913,-5.837177501000042,False,high_baseline,high_baseline
2026-07-19 00:00:00+00:00,496075038638,2271491170048,160000000,1.5,57600,126464,6227232,0.08,496.075038638,39435610.59111111,0.24647256619444444,26290407.06074074,106666666.66666667,9216000000000.0,72.07444444444444,6.208740997874867,17.084714718104845,18.485219274464935,160,1.5,160M/1.5s,44,514.096068682,0.9649461819651706,-18.021030043999986,False,high_baseline,high_baseline
2026-07-20 00:00:00+00:00,471852052078,2164230118387,160000000,1.5,57600,116069,6182129,0.08,471.852052078,37573439.55532986,0.23483399722081164,25048959.70355324,106666666.66666667,9216000000000.0,71.55241898148148,6.1587825532596545,17.036342895754352,18.485219274464935,160,1.5,160M/1.5s,44,509.968013423,0.9252581331735718,-38.11596134500002,False,high_baseline,high_baseline
2026-07-21 00:00:00+00:00,479277334229,2228945521717,160000000,1.5,57600,119195,6325993,0.08,479.277334229,38696970.863142364,0.24185606789463976,25797980.57542824,106666666.66666667,9216000000000.0,73.21751157407408,6.174363716695294,17.06580681332091,18.485219274464935,160,1.5,160M/1.5s,44,504.1375011455,0.9506877253526811,-24.860166916499963,False,high_baseline,high_baseline
2026-07-22 00:00:00+00:00,495415226332,2303815335004,160000000,1.5,57600,122104,6471465,0.08,495.415226332,39996794.01048611,0.2499799625655382,26664529.340324074,106666666.66666667,9216000000000.0,74.90121527777778,6.207412726373326,17.098844788523042,18.485219274464935,160,1.5,160M/1.5s,44,499.4347107235,0.9919519322442021,-4.019484391500043,False,high_baseline,high_baseline
2026-07-23 00:00:00+00:00,493704833756,2234553374951,160000000,1.5,57600,121213,6114738,0.08,493.704833756,38794329.426232636,0.242464558913954,25862886.284155093,106666666.66666667,9216000000000.0,70.77243055555556,6.203961289271432,17.068319575661565,18.485219274464935,160,1.5,160M/1.5s,44,497.514017438,0.9923435651087466,-3.8091836819999685,False,high_baseline,high_baseline
2026-07-24 00:00:00+00:00,476850250645,2130881479014,160000000,1.5,57600,113702,6030807,0.08,476.850250645,36994470.12177084,0.23121543826106772,24662980.081180554,106666666.66666667,9216000000000.0,69.80100694444444,6.169297400238576,17.02081393570889,18.485219274464935,160,1.5,160M/1.5s,44,495.745132485,0.9618858953888535,-18.894881839999982,False,high_baseline,high_baseline
2026-07-25 00:00:00+00:00,464712625732,1993411223518,160000000,1.5,57600,107072,5496114,0.08,464.712625732,34607833.74163195,0.21629896088519965,23071889.161087964,106666666.66666667,9216000000000.0,63.612430555555555,6.143568760919947,16.954125558353677,18.485219274464935,160,1.5,160M/1.5s,44,494.560030044,0.9396485714598801,-29.84740431199998,False,high_baseline,high_baseline
2026-07-26 00:00:00+00:00,463225863868,1989485472490,160000000,1.5,57600,104886,5357811,0.08,463.225863868,34539678.341840275,0.21587298963650173,23026452.22789352,106666666.66666667,9216000000000.0,62.01170138888889,6.140371209367043,16.952154253331923,18.485219274464935,160,1.5,160M/1.5s,44,493.02807486300003,0.9395527100494605,-29.802210995000053,False,high_baseline,high_baseline
2026-07-27 00:00:00+00:00,456724707029,2063852488171,160000000,1.5,57600,111634,5825437,0.07,456.724707029,35830772.36407986,0.22394232727549912,23887181.57605324,106666666.66666667,9216000000000.0,67.42403935185185,6.126267927039476,16.98885257915575,18.485219274464935,160,1.5,160M/1.5s,44,490.287832288,0.9315440379126425,-33.563125259,False,high_baseline,high_baseline
2026-07-28 00:00:00+00:00,481565125482,2120555860316,160000000,1.5,57586,115281,5857757,0.07,481.565125482,36824156.22401278,0.2301509764000799,24543470.60550926,106666666.66666667,9216000000000.0,67.79811342592592,6.1791158867629505,17.015956454458664,18.485219274464935,160,1.5,160M/1.5s,44,490.287832288,0.9822090081956669,-8.72270680600002,False,high_baseline,high_baseline
2026-07-29 00:00:00+00:00,495512154644,2164500514600,160000000,1.5,57599,119513,5956908,0.07,495.512154644,37578786.34351291,0.23486741464695568,25052089.28935185,106666666.66666667,9216000000000.0,68.94569444444444,6.207607963838149,17.036467826698537,18.485219274464935,160,1.5,160M/1.5s,44,484.89473704399995,1.0218963349957677,10.617417600000067,False,high_baseline,high_baseline
2026-07-30 00:00:00+00:00,467454767611,2056581487619,160000000,1.5,57600,111777,5795044,0.07,467.454767611,35704539.715607636,0.22315337322254775,23803026.47707176,106666666.66666667,9216000000000.0,67.07226851851851,6.1494395497624215,16.985323335470824,18.485219274464935,160,1.5,160M/1.5s,44,484.89473704399995,0.9640334940747822,-17.43996943299993,False,high_baseline,high_baseline
2026-07-31 00:00:00+00:00,477508870976,2113229106975,160000000,1.5,57600,115472,5931754,0.07,477.508870976,36688005.329427086,0.22930003330891927,24458670.219618056,106666666.66666667,9216000000000.0,68.65456018518519,6.170674749855958,17.01249536212044,18.485219274464935,160,1.5,160M/1.5s,44,480.4212298555,0.9939379055326595,-2.9123588794999478,False,high_baseline,high_baseline
2026-08-01 00:00:00+00:00,496362258943,2058621673955,160000000,1.5,57600,115519,5509975,0.07,496.362258943,35739959.61727431,0.2233747476079644,23826639.744849537,106666666.66666667,9216000000000.0,63.7728587962963,6.209318651817826,16.986314871653793,18.485219274464935,160,1.5,160M/1.5s,44,478.3931026025,1.0375614870756835,17.96915634049998,False,high_baseline,high_baseline
2026-08-02 00:00:00+00:00,488987013654,2014026097273,160000000,1.5,57600,109874,5607088,0.07,488.987013654,34965730.85543403,0.21853581784646267,23310487.23695602,106666666.66666667,9216000000000.0,64.89685185185185,6.194378888006529,16.964413956178948,18.485219274464935,160,1.5,160M/1.5s,44,478.3931026025,1.0221447821757217,10.593911051500015,False,high_baseline,high_baseline
2026-08-03 00:00:00+00:00,482159523448,2080765317968,160000000,1.5,57596,113461,5860943,0.07,482.159523448,36126906.694353774,0.2257931668397111,24082931.920925926,106666666.66666667,9216000000000.0,67.83498842592593,6.18034687541322,16.99701397002977,18.485219274464935,160,1.5,160M/1.5s,44,478.3931026025,1.0078730667833846,3.766420845500022,False,high_baseline,high_baseline
2026-08-04 00:00:00+00:00,467373154938,2055480603099,160000000,1.5,57600,113226,5787019,0.07,467.373154938,35685427.137135416,0.22303391960709634,23790284.758090276,106666666.66666667,9216000000000.0,66.97938657407407,6.149265317822399,16.984787893896378,18.485219274464935,160,1.5,160M/1.5s,44,480.4212298555,0.972840344875216,-13.048074917499946,False,high_baseline,high_baseline
2026-08-05 00:00:00+00:00,455487911920,2041771227040,160000000,1.5,57600,113911,5772519,0.07,455.48791192,35447417.13611111,0.22154635710069445,23631611.424074072,106666666.66666667,9216000000000.0,66.8115625,6.123562219772047,16.97809588314801,18.485219274464935,160,1.5,160M/1.5s,44,479.536998229,0.9498493622018389,-24.049086309000018,False,high_baseline,high_baseline
2026-08-06 00:00:00+00:00,464308212322,2043808912069,160000000,1.5,57599,115536,5746942,0.08,464.308212322,35483409.64372645,0.22177131027329033,23655195.74153935,106666666.66666667,9216000000000.0,66.5155324074074,6.142700008215591,16.979093384135577,18.485219274464935,160,1.5,160M/1.5s,44,477.1795608105,0.9730261948633387,-12.871348488500018,False,high_baseline,high_baseline
2026-08-07 00:00:00+00:00,468216603427,1984915784372,160000000,1.5,57600,110268,5714832,0.07,468.216603427,34460343.47868056,0.21537714674175348,22973562.31912037,106666666.66666667,9216000000000.0,66.1438888888889,6.151064502826287,16.94985469189477,18.485219274464935,160,1.5,160M/1.5s,44,472.152509128,0.9916639102304696,-3.9359057010000242,False,high_baseline,high_baseline
2026-08-08 00:00:00+00:00,451240784349,1888434540739,160000000,1.5,57600,104260,5306777,0.08,451.240784349,32785321.887829863,0.20490826179893662,21856881.25855324,106666666.66666667,9216000000000.0,61.421030092592595,6.1142147467300285,16.90002640741903,18.485219274464935,160,1.5,160M/1.5s,44,467.835685519,0.9645283553955698,-16.594901169999957,False,high_baseline,high_baseline
2026-08-09 00:00:00+00:00,448247835388,1889660136393,160000000,1.5,57600,103033,5157221,0.08,448.247835388,32806599.59015625,0.20504124743847657,21871066.3934375,106666666.66666667,9216000000000.0,59.69005787037037,6.107574707372706,16.900675197746256,18.485219274464935,160,1.5,160M/1.5s,44,467.835685519,0.9581309191724656,-19.587850130999982,False,high_baseline,high_baseline
2026-08-10 00:00:00+00:00,437670913535,1923912563342,160000000,1.5,57600,104285,5401270,0.08,437.670913535,33401259.780243054,0.2087578736265191,22267506.52016204,106666666.66666667,9216000000000.0,62.51469907407407,6.083749504481079,16.918639112007295,18.485219274464935,160,1.5,160M/1.5s,44,467.835685519,0.9355227210798674,-30.16477198399997,False,high_baseline,high_baseline
2026-08-11 00:00:00+00:00,434036916305,1956380680381,160000000,1.5,57600,107115,5543266,0.07,434.036916305,33964942.36772569,0.21228088979828558,22643294.91181713,106666666.66666667,9216000000000.0,64.1581712962963,6.075430892556813,16.935374379847506,18.485219274464935,160,1.5,160M/1.5s,44,467.835685519,0.9277550425070613,-33.798769214000004,False,high_baseline,high_baseline
2026-08-12 00:00:00+00:00,448512501940,2008157184425,160000000,1.5,57600,108603,5655316,0.07,448.51250194,34863840.007378474,0.21789900004611545,23242560.00491898,106666666.66666667,9216000000000.0,65.4550462962963,6.108163666517115,16.96149568202287,18.485219274464935,160,1.5,160M/1.5s,44,467.4139612745,0.9595616286621792,-18.901459334500032,False,high_baseline,high_baseline
2026-08-13 00:00:00+00:00,438155887783,1943032942672,160000000,1.5,57600,106229,5548743,0.07,438.155887783,33733210.810277775,0.2108325675642361,22488807.20685185,106666666.66666667,9216000000000.0,64.2215625,6.084854447498572,16.928528330394943,18.485219274464935,160,1.5,160M/1.5s,44,465.84068363,0.9405702489716656,-27.684795846999975,False,high_baseline,high_baseline
2026-08-14 00:00:00+00:00,454386016977,2017875539148,160000000,1.5,57600,112022,5726007,0.07,454.386016977,35032561.44354167,0.21895350902213542,23355040.962361112,106666666.66666667,9216000000000.0,66.27322916666667,6.121145448232893,16.966323448635254,18.485219274464935,160,1.5,160M/1.5s,44,459.89806212099995,0.9880146371598545,-5.512045143999956,False,high_baseline,high_baseline
2026-08-15 00:00:00+00:00,436390544340,1917616933558,160000000,1.5,57600,104146,5341466,0.08,436.39054434,33291960.65204861,0.20807475407530382,22194640.434699073,106666666.66666667,9216000000000.0,61.82252314814815,6.080826490130626,16.91536144089108,18.485219274464935,160,1.5,160M/1.5s,44,454.9369644485,0.9592329892758154,-18.5464201085,False,high_baseline,high_baseline
2026-08-16 00:00:00+00:00,445026494655,1952023723646,160000000,1.5,57600,105640,5243710,0.07,445.026494655,33889300.75774305,0.2118081297358941,22592867.171828702,106666666.66666667,9216000000000.0,60.69108796296296,6.100378355311707,16.933144846822376,18.485219274464935,160,1.5,160M/1.5s,44,452.81340066300004,0.9828032783557231,-7.786906008000017,False,high_baseline,high_baseline
2026-08-17 00:00:00+00:00,434979283019,1993448944430,160000000,1.5,57600,108601,5563326,0.08,434.979283019,34608488.61857639,0.21630305386610243,23072325.745717593,106666666.66666667,9216000000000.0,64.39034722222222,6.077594726208645,16.954144480968857,18.485219274464935,160,1.5,160M/1.5s,44,449.8766431445,0.9668856777685277,-14.897360125500029,False,high_baseline,high_baseline
2026-08-18 00:00:00+00:00,426218805988,1938740288277,160000000,1.5,57600,105711,5493445,0.08,426.218805988,33658685.56036458,0.21036678475227866,22439123.706909724,106666666.66666667,9216000000000.0,63.58153935185185,6.057296308184558,16.92631663192708,18.485219274464935,160,1.5,160M/1.5s,44,448.380168664,0.9505746145240269,-22.16136267600001,False,high_baseline,high_baseline
2026-08-19 00:00:00+00:00,393914535231,2058429404933,160000000,1.5,57600,113233,5937526,0.08,393.914535231,35736621.613420136,0.22335388508387588,23824414.40894676,106666666.66666667,9216000000000.0,68.72136574074074,5.9786693749867155,16.98622147032824,18.485219274464935,160,1.5,160M/1.5s,44,446.6371650215,0.8819564650694439,-52.72262979049998,False,high_baseline,high_baseline
2026-08-20 00:00:00+00:00,463353644139,2204424661388,160000000,1.5,57600,124571,6206091,0.08,463.353644139,38271261.482430555,0.23919538426519096,25514174.32162037,106666666.66666667,9216000000000.0,71.82975694444444,6.14064642601937,17.054744750641788,18.485219274464935,160,1.5,160M/1.5s,44,441.59119121900005,1.0492818999851996,21.76245291999993,False,high_baseline,high_baseline
2026-08-21 00:00:00+00:00,458228127736,2250444939504,160000000,1.5,57600,126145,6479099,0.1,458.228127736,39070224.64416666,0.24418890402604165,26046816.429444443,106666666.66666667,9216000000000.0,74.98957175925926,6.129547096909908,17.075406147085673,18.485219274464935,160,1.5,160M/1.5s,44,441.59119121900005,1.0376749737037874,16.636936516999924,False,high_baseline,high_baseline
2026-08-22 00:00:00+00:00,463593182092,2197791514370,160000000,1.5,57600,120609,6106365,0.11,463.593182092,38156102.68003472,0.23847564175021702,25437401.786689814,106666666.66666667,9216000000000.0,70.67552083333334,6.141162145437415,17.051731199506314,18.485219274464935,160,1.5,160M/1.5s,44,441.59119121900005,1.0498243427643204,22.001990872999954,False,high_baseline,high_baseline
2026-08-23 00:00:00+00:00,457797502230,2097963565975,160000000,1.5,57600,115639,5658170,0.11,457.79750223,36422978.57595486,0.2276436160997179,24281985.717303243,106666666.66666667,9216000000000.0,65.4880787037037,6.128608941103518,17.005245346067674,18.485219274464935,160,1.5,160M/1.5s,44,441.59119121900005,1.0366998059138428,16.20631101099997,False,high_baseline,high_baseline
2026-08-24 00:00:00+00:00,441201723941,2011141272388,160000000,1.5,57600,110515,5789454,0.12,441.201723941,34915647.09006944,0.21822279431293404,23277098.060046297,106666666.66666667,9216000000000.0,67.00756944444444,6.091766166970699,16.962980562240183,18.485219274464935,160,1.5,160M/1.5s,44,441.59119121900005,0.9991180365783001,-0.38946727800004055,False,high_baseline,high_baseline
2026-08-25 00:00:00+00:00,444801882240,2075319130258,160000000,1.5,57600,115757,5971912,0.12,444.80188224,36029846.01142361,0.22518653757139756,24019897.340949073,106666666.66666667,9216000000000.0,69.11935185185185,6.0998746431052595,16.994393142340257,18.485219274464935,160,1.5,160M/1.5s,44,443.114109298,1.0038088900953162,1.687772941999981,False,high_baseline,high_baseline
2026-08-26 00:00:00+00:00,380539600162,1902724810948,160000000,1.5,57600,104049,5562751,0.11,380.539600162,33033416.856736112,0.2064588553546007,22022277.90449074,106666666.66666667,9216000000000.0,64.38369212962964,5.944214646548548,16.907565176387514,18.485219274464935,160,1.5,160M/1.5s,44,444.9141884475,0.8553101025837565,-64.37458828550001,False,high_baseline,high_baseline
2026-08-27 00:00:00+00:00,436292134175,1965277907696,160000000,1.5,57600,109888,5757280,0.11,436.292134175,34119408.119722225,0.2132463007482639,22746272.079814814,106666666.66666667,9216000000000.0,66.63518518518518,6.080601471005788,16.939911869273683,18.485219274464935,160,1.5,160M/1.5s,44,443.0018030905,0.9848540821534099,-6.7096689155000035,False,high_baseline,high_baseline
2026-08-28 00:00:00+00:00,420953511063,2012122393723,160000000,1.5,57600,112547,5951177,0.11,420.953511063,34932680.44657986,0.21832925279112414,23288453.63105324,106666666.66666667,9216000000000.0,68.87936342592593,6.044895144609764,16.963468286333722,18.485219274464935,160,1.5,160M/1.5s,44,443.0018030905,0.9502297916765007,-22.048292027499997,False,high_baseline,high_baseline
2026-08-29 00:00:00+00:00,424081603781,1881296580843,160000000,1.5,57600,105367,5402238,0.11,424.081603781,32661398.97296875,0.20413374358105468,21774265.981979165,106666666.66666667,9216000000000.0,62.52590277777778,6.052281159389539,16.89623941685168,18.485219274464935,160,1.5,160M/1.5s,44,438.79613414050004,0.9664661349208958,-14.714530359500031,False,high_baseline,high_baseline
2026-08-30 00:00:00+00:00,423926369968,1906386888470,160000000,1.5,57600,107844,5382002,0.1,423.926369968,33096994.591493055,0.2068562161968316,22064663.06099537,106666666.66666667,9216000000000.0,62.291689814814816,6.051915906781281,16.909487975597997,18.485219274464935,160,1.5,160M/1.5s,44,438.746929058,0.9662207115117135,-14.82055908999996,False,high_baseline,high_baseline
2026-08-31 00:00:00+00:00,369576517031,1858699293392,160000000,1.5,57600,97954,5569160,0.09,369.576517031,32269084.954722222,0.2016817809670139,21512723.303148147,106666666.66666667,9216000000000.0,64.45787037037037,5.915059947113463,16.884155146090137,18.485219274464935,160,1.5,160M/1.5s,44,435.63570859699996,0.8483613940217414,-66.05919156599998,False,high_baseline,high_baseline
2026-09-01 00:00:00+00:00,406112297471,1919340916424,160000000,1.5,57596,105498,5628445,0.09,406.112297471,33324205.09104799,0.20827628181904995,22214593.940092593,106666666.66666667,9216000000000.0,65.14403935185184,6.009089062547169,16.916260060564152,18.485219274464935,160,1.5,160M/1.5s,44,431.2554700815,0.9416977305684995,-25.143172610500017,False,high_baseline,high_baseline
2026-09-02 00:00:00+00:00,384041423491,1937634045851,160000000,1.5,57600,104821,5585703,0.09,384.041423491,33639479.96269097,0.21024674976681856,22426319.975127313,106666666.66666667,9216000000000.0,64.64934027777778,5.953350921983137,16.925745870534413,18.485219274464935,160,1.5,160M/1.5s,44,430.186868978,0.8927316270795799,-46.14544548700002,False,high_baseline,high_baseline
2026-09-03 00:00:00+00:00,398029725608,1838333281856,160000000,1.5,57600,100706,5680664,0.09,398.029725608,31915508.365555555,0.1994719272847222,21277005.577037036,106666666.66666667,9216000000000.0,65.74842592592593,5.989035914385533,16.873137544170675,18.485219274464935,160,1.5,160M/1.5s,44,430.186868978,0.9252484311146081,-32.15714337000003,False,high_baseline,high_baseline
2026-09-04 00:00:00+00:00,441449711159,1958324249485,160000000,1.5,57600,109730,5727263,0.09,441.449711159,33998684.88689236,0.21249178054307727,22665789.92459491,106666666.66666667,9216000000000.0,66.2877662037037,6.092326810891358,16.936367338046256,18.485219274464935,160,1.5,160M/1.5s,44,424.0039868745,1.0411451892542314,17.44572428449999,False,high_baseline,high_baseline
2026-09-05 00:00:00+00:00,428039091642,1878719532835,160000000,1.5,57600,104365,5458940,0.1,428.039091642,32616658.556163196,0.20385411597601996,21744439.03744213,106666666.66666667,9216000000000.0,63.182175925925925,6.0615480374852195,16.894868652357502,18.485219274464935,160,1.5,160M/1.5s,44,424.0039868745,1.0095166670418463,4.035104767500002,False,high_baseline,high_baseline
2026-09-06 00:00:00+00:00,421636934065,1890381317429,160000000,1.5,57600,104588,5269828,0.1,421.636934065,32819120.094253473,0.2051195005890842,21879413.39616898,106666666.66666667,9216000000000.0,60.99337962962963,6.046513498582635,16.901056770816602,18.485219274464935,160,1.5,160M/1.5s,44,424.0039868745,0.9944173807728826,-2.3670528095000236,False,high_baseline,high_baseline
2026-09-07 00:00:00+00:00,379473787687,1806431408288,160000000,1.5,57600,99795,6192113,0.1,379.473787687,31361656.39388889,0.19601035246180556,20907770.92925926,106666666.66666667,9216000000000.0,71.66797453703704,5.941417285801312,16.855631510455247,18.485219274464935,160,1.5,160M/1.5s,44,422.7816520165,0.8975644659058909,-43.30786432949998,False,high_baseline,high_baseline
2026-09-08 00:00:00+00:00,381001132336,1931972980070,160000000,1.5,57600,108411,6740584,0.1,381.001132336,33541197.570659723,0.20963248481662328,22360798.380439814,106666666.66666667,9216000000000.0,78.01601851851852,5.945423572832548,16.922819956079035,18.485219274464935,160,1.5,160M/1.5s,44,421.295222564,0.9043566409731152,-40.294090228000016,False,high_baseline,high_baseline
2026-09-09 00:00:00+00:00,407864493602,1874071779884,160000000,1.5,57600,104535,5679898,0.1,407.864493602,32535968.400763888,0.2033498025047743,21690645.60050926,106666666.66666667,9216000000000.0,65.73956018518518,6.013383789660473,16.892391693354995,18.485219274464935,160,1.5,160M/1.5s,44,413.532904267,0.9862927215548967,-5.66841066500001,False,high_baseline,high_baseline
2026-09-10 00:00:00+00:00,411889141285,1858385790797,160000000,1.5,57600,103624,5687782,0.09,411.889141285,32263642.201336805,0.20164776375835503,21509094.800891202,106666666.66666667,9216000000000.0,65.83081018518519,6.0231791338903795,16.883986464139593,18.485219274464935,160,1.5,160M/1.5s,44,414.4090023325,0.9939193863228912,-2.519861047500001,False,high_baseline,high_baseline
2026-09-11 00:00:00+00:00,405661871558,1812897438117,160000000,1.5,57600,99324,5697249,0.1,405.661871558,31473913.856197916,0.19671196160123697,20982609.237465277,106666666.66666667,9216000000000.0,65.94038194444444,6.007982057738856,16.859204568706577,18.485219274464935,160,1.5,160M/1.5s,44,409.8768174435,0.9897165545692737,-4.214945885500015,False,high_baseline,high_baseline
2026-09-12 00:00:00+00:00,420835252236,1834351009491,160000000,1.5,57600,102852,5129468,0.1,420.835252236,31846371.692552082,0.19903982307845053,21230914.46170139,106666666.66666667,9216000000000.0,59.36884259259259,6.044614840266027,16.870968953885,18.485219274464935,160,1.5,160M/1.5s,44,406.9883955365,1.0340227309951844,13.846856699499995,False,middle_baseline,middle_baseline
2026-09-13 00:00:00+00:00,409259092048,1780932635074,160000000,1.5,57600,97935,5082799,0.1,409.259092048,30918969.35892361,0.19324355849327257,20612646.239282407,106666666.66666667,9216000000000.0,58.82869212962963,6.016788891937907,16.84141538902799,18.485219274464935,160,1.5,160M/1.5s,44,406.9883955365,1.005579265984984,2.2706965115000344,False,middle_baseline,middle_baseline
2026-09-14 00:00:00+00:00,396127594952,1827554122954,160000000,1.5,57600,97796,5630389,0.1,396.127594952,31728370.19017361,0.19830231368858506,21152246.793449074,106666666.66666667,9216000000000.0,65.16653935185185,5.984257626913941,16.86725673645946,18.485219274464935,160,1.5,160M/1.5s,44,406.9883955365,0.973314225408852,-10.860800584499998,False,middle_baseline,middle_baseline
2026-09-15 00:00:00+00:00,419994046439,1858319605429,160000000,1.5,57600,101994,5664314,0.09,419.994046439,32262493.14980903,0.20164058218630643,21508328.76653935,106666666.66666667,9216000000000.0,65.55918981481481,6.042618692107331,16.88395084906771,18.485219274464935,160,1.5,160M/1.5s,44,406.9883955365,1.0319558273531502,13.005650902500008,False,middle_baseline,middle_baseline
2026-09-16 00:00:00+00:00,422210435258,1798654646840,160000000,1.5,57600,98248,5436623,0.1,422.210435258,31226643.174305554,0.19516651983940972,20817762.116203703,106666666.66666667,9216000000000.0,62.92387731481482,6.047869538222129,16.851317176195796,18.485219274464935,160,1.5,160M/1.5s,44,408.561792825,1.0334065560527002,13.64864243300002,False,high_baseline,high_baseline
2026-09-17 00:00:00+00:00,458434315433,1894567777677,160000000,1.5,57600,103303,5824250,0.1,458.434315433,32891801.69578125,0.2055737605986328,21927867.7971875,106666666.66666667,9216000000000.0,67.41030092592592,6.12999598366259,16.903268933600796,18.485219274464935,160,1.5,160M/1.5s,44,410.5741166665,1.1165689623960775,47.86019876649999,False,high_baseline,high_baseline
2026-09-18 00:00:00+00:00,444175875820,2045280920552,160000000,1.5,57600,110859,6110820,0.11,444.17587582,35508349.31513889,0.22192718321961805,23672232.87675926,106666666.66666667,9216000000000.0,70.72708333333334,6.098469430646593,16.979813352903513,18.485219274464935,160,1.5,160M/1.5s,44,415.941593862,1.0678804004568188,28.234281957999997,False,high_baseline,high_baseline
2026-09-19 00:00:00+00:00,436840749534,1917239438552,160000000,1.5,57580,101094,5557639,0.1,436.840749534,33296968.36665509,0.2081060522915943,22190271.279537037,106666666.66666667,9216000000000.0,64.32452546296297,6.081855258724386,16.9151645652047,18.485219274464935,160,1.5,160M/1.5s,44,415.941593862,1.0502454094046048,20.899155672000006,False,high_baseline,high_baseline
2026-09-20 00:00:00+00:00,443933088779,1934090149655,160000000,1.5,57594,107961,4951003,0.11,443.933088779,33581452.05498837,0.20988407534367728,22385302.65804398,106666666.66666667,9216000000000.0,57.303275462962965,6.097923908566315,16.923915214811743,18.485219274464935,160,1.5,160M/1.5s,44,415.941593862,1.0672966958103425,27.99149491700001,False,high_baseline,high_baseline
2026-09-21 00:00:00+00:00,404121586564,1887688249602,160000000,1.5,57588,107427,5729210,0.11,404.121586564,32779194.443321526,0.20486996527075954,21848243.62965278,106666666.66666667,9216000000000.0,66.31030092592593,6.004187235789684,16.899631138962995,18.485219274464935,160,1.5,160M/1.5s,44,415.941593862,0.9715825311235365,-11.820007298000007,False,high_baseline,high_baseline
2026-09-22 00:00:00+00:00,383332780146,1836853201518,160000000,1.5,57590,107108,6024013,0.11,383.332780146,31895349.913491927,0.19934593695932454,21259875.017569445,106666666.66666667,9216000000000.0,69.72237268518519,5.951508792257329,16.87233209913809,18.485219274464935,160,1.5,160M/1.5s,44,415.941593862,0.9216024215966753,-32.608813715999986,False,high_baseline,high_baseline
