phase,target_utc_date,recipient_group,gas_used,transaction_count,sampled_blocks_x,sampled_blocks_y,total_gas_used,gas_share
all_days,2025-01-01 00:00:00+00:00,Neg Risk市場：Fee Module,32696230,77,19,20,215828533,0.15149169363996928
all_days,2025-01-01 00:00:00+00:00,その他のトップレベル宛先,183132303,1126,20,20,215828533,0.8485083063600307
all_days,2025-01-02 00:00:00+00:00,Neg Risk市場：Fee Module,30782244,75,19,20,318093542,0.09677104353159109
all_days,2025-01-02 00:00:00+00:00,その他のトップレベル宛先,287311298,1758,20,20,318093542,0.903228956468409
all_days,2025-01-03 00:00:00+00:00,Neg Risk市場：Fee Module,57876046,140,18,20,313834079,0.18441606528015078
all_days,2025-01-03 00:00:00+00:00,その他のトップレベル宛先,255958033,1434,20,20,313834079,0.8155839347198492
all_days,2025-01-04 00:00:00+00:00,Neg Risk市場：Fee Module,22036325,51,17,20,289611813,0.07608917872421178
all_days,2025-01-04 00:00:00+00:00,その他のトップレベル宛先,267575488,1509,20,20,289611813,0.9239108212757883
all_days,2025-01-05 00:00:00+00:00,Neg Risk市場：Fee Module,35617904,86,18,20,318316703,0.11189454924707486
all_days,2025-01-05 00:00:00+00:00,その他のトップレベル宛先,282698799,1795,20,20,318316703,0.8881054507529251
all_days,2025-01-06 00:00:00+00:00,Neg Risk市場：Fee Module,30392222,75,17,19,264850331,0.11475244106831038
all_days,2025-01-06 00:00:00+00:00,その他のトップレベル宛先,234458109,1340,19,19,264850331,0.8852475589316896
all_days,2025-01-07 00:00:00+00:00,Neg Risk市場：Fee Module,34366254,79,18,20,367165813,0.09359873055501494
all_days,2025-01-07 00:00:00+00:00,その他のトップレベル宛先,332799559,1593,20,20,367165813,0.9064012694449851
all_days,2025-01-08 00:00:00+00:00,Neg Risk市場：Fee Module,42084553,95,18,20,335279162,0.1255209323149048
all_days,2025-01-08 00:00:00+00:00,その他のトップレベル宛先,293194609,1614,20,20,335279162,0.8744790676850952
all_days,2025-01-09 00:00:00+00:00,Neg Risk市場：Fee Module,26413139,67,18,20,249415237,0.10590026222014656
all_days,2025-01-09 00:00:00+00:00,その他のトップレベル宛先,223002098,1493,20,20,249415237,0.8940997377798534
all_days,2025-01-10 00:00:00+00:00,Neg Risk市場：Fee Module,23641178,58,18,20,276300886,0.08556316391978562
all_days,2025-01-10 00:00:00+00:00,その他のトップレベル宛先,252659708,1540,20,20,276300886,0.9144368360802144
all_days,2025-01-11 00:00:00+00:00,Neg Risk市場：Fee Module,29137882,67,15,20,280313632,0.10394743128297093
all_days,2025-01-11 00:00:00+00:00,その他のトップレベル宛先,251175750,1563,20,20,280313632,0.8960525687170291
all_days,2025-01-12 00:00:00+00:00,Neg Risk市場：Fee Module,12597544,32,13,20,232348158,0.054218394104936264
all_days,2025-01-12 00:00:00+00:00,その他のトップレベル宛先,219750614,1463,20,20,232348158,0.9457816058950638
all_days,2025-01-13 00:00:00+00:00,Neg Risk市場：Fee Module,17786849,49,16,20,281625345,0.06315784184836062
all_days,2025-01-13 00:00:00+00:00,その他のトップレベル宛先,263838496,1604,20,20,281625345,0.9368421581516394
all_days,2025-01-14 00:00:00+00:00,Neg Risk市場：Fee Module,23421277,52,14,19,279559173,0.08377931852016174
all_days,2025-01-14 00:00:00+00:00,その他のトップレベル宛先,256137896,1630,19,19,279559173,0.9162206814798383
all_days,2025-01-15 00:00:00+00:00,Neg Risk市場：Fee Module,19394927,45,14,20,227353431,0.08530738645417671
all_days,2025-01-15 00:00:00+00:00,その他のトップレベル宛先,207958504,1403,20,20,227353431,0.9146926135458233
all_days,2025-01-16 00:00:00+00:00,Neg Risk市場：Fee Module,19078343,48,17,20,246351880,0.07744346420250578
all_days,2025-01-16 00:00:00+00:00,その他のトップレベル宛先,227273537,1580,20,20,246351880,0.9225565357974942
all_days,2025-01-17 00:00:00+00:00,Neg Risk市場：Fee Module,26556115,64,18,20,301941629,0.08795115495650982
all_days,2025-01-17 00:00:00+00:00,その他のトップレベル宛先,275385514,1549,20,20,301941629,0.9120488450434902
all_days,2025-01-18 00:00:00+00:00,Neg Risk市場：Fee Module,21750497,54,17,20,299982238,0.0725059495022502
all_days,2025-01-18 00:00:00+00:00,その他のトップレベル宛先,278231741,1679,20,20,299982238,0.9274940504977498
all_days,2025-01-19 00:00:00+00:00,Neg Risk市場：Fee Module,23372631,56,19,20,293406849,0.07965945948316973
all_days,2025-01-19 00:00:00+00:00,その他のトップレベル宛先,270034218,1743,20,20,293406849,0.9203405405168302
all_days,2025-01-20 00:00:00+00:00,Neg Risk市場：Fee Module,24289242,59,15,19,282271509,0.0860492158278716
all_days,2025-01-20 00:00:00+00:00,その他のトップレベル宛先,257982267,2031,19,19,282271509,0.9139507841721284
all_days,2025-01-21 00:00:00+00:00,Neg Risk市場：Fee Module,15196736,36,14,20,321423985,0.04727940884685379
all_days,2025-01-21 00:00:00+00:00,その他のトップレベル宛先,306227249,1781,20,20,321423985,0.9527205911531462
all_days,2025-01-22 00:00:00+00:00,Neg Risk市場：Fee Module,17164904,40,16,20,290285938,0.05913102135867153
all_days,2025-01-22 00:00:00+00:00,その他のトップレベル宛先,273121034,1888,20,20,290285938,0.9408689786413285
all_days,2025-01-23 00:00:00+00:00,Neg Risk市場：Fee Module,13548958,34,11,20,325573455,0.041615671646203466
all_days,2025-01-23 00:00:00+00:00,その他のトップレベル宛先,312024497,2259,20,20,325573455,0.9583843283537965
all_days,2025-01-24 00:00:00+00:00,Neg Risk市場：Fee Module,26871436,70,14,20,321752835,0.08351577073128198
all_days,2025-01-24 00:00:00+00:00,その他のトップレベル宛先,294881399,1689,20,20,321752835,0.916484229268718
all_days,2025-01-25 00:00:00+00:00,Neg Risk市場：Fee Module,21728714,53,17,20,278760669,0.07794756009858765
all_days,2025-01-25 00:00:00+00:00,その他のトップレベル宛先,257031955,1568,20,20,278760669,0.9220524399014124
all_days,2025-01-26 00:00:00+00:00,Neg Risk市場：Fee Module,20605310,46,12,20,278667066,0.07394239403948796
all_days,2025-01-26 00:00:00+00:00,その他のトップレベル宛先,258061756,1773,20,20,278667066,0.926057605960512
all_days,2025-01-27 00:00:00+00:00,Neg Risk市場：Fee Module,4903056,14,9,20,237473180,0.020646777880348424
all_days,2025-01-27 00:00:00+00:00,その他のトップレベル宛先,232570124,1693,20,20,237473180,0.9793532221196516
all_days,2025-01-28 00:00:00+00:00,Neg Risk市場：Fee Module,20084438,48,15,20,316718798,0.06341410148948595
all_days,2025-01-28 00:00:00+00:00,その他のトップレベル宛先,296634360,1733,20,20,316718798,0.9365858985105141
all_days,2025-01-29 00:00:00+00:00,Neg Risk市場：Fee Module,16697148,37,11,20,246165528,0.06782894475785416
all_days,2025-01-29 00:00:00+00:00,その他のトップレベル宛先,229468380,1521,20,20,246165528,0.9321710552421458
all_days,2025-01-30 00:00:00+00:00,Neg Risk市場：Fee Module,9300274,19,7,19,233853507,0.039769658019282984
all_days,2025-01-30 00:00:00+00:00,その他のトップレベル宛先,224553233,1480,19,19,233853507,0.960230341980717
all_days,2025-01-31 00:00:00+00:00,Neg Risk市場：Fee Module,12126421,28,10,20,261602358,0.04635440250886424
all_days,2025-01-31 00:00:00+00:00,その他のトップレベル宛先,249475937,1711,20,20,261602358,0.9536455974911358
all_days,2025-02-01 00:00:00+00:00,Neg Risk市場：Fee Module,11234618,26,13,20,288310365,0.03896709714199834
all_days,2025-02-01 00:00:00+00:00,その他のトップレベル宛先,277075747,2295,20,20,288310365,0.9610329028580017
all_days,2025-02-02 00:00:00+00:00,Neg Risk市場：Fee Module,11003670,25,10,20,331250608,0.03321856544335761
all_days,2025-02-02 00:00:00+00:00,その他のトップレベル宛先,320246938,2022,20,20,331250608,0.9667814345566423
all_days,2025-02-03 00:00:00+00:00,Neg Risk市場：Fee Module,8033197,20,11,20,294112737,0.02731332577412314
all_days,2025-02-03 00:00:00+00:00,その他のトップレベル宛先,286079540,1682,20,20,294112737,0.9726866742258768
all_days,2025-02-04 00:00:00+00:00,Neg Risk市場：Fee Module,12664647,31,10,20,259131287,0.0488734770186203
all_days,2025-02-04 00:00:00+00:00,その他のトップレベル宛先,246466640,1549,20,20,259131287,0.9511265229813797
all_days,2025-02-05 00:00:00+00:00,Neg Risk市場：Fee Module,16310851,49,14,20,305471252,0.053395698918338806
all_days,2025-02-05 00:00:00+00:00,その他のトップレベル宛先,289160401,1886,20,20,305471252,0.9466043010816612
all_days,2025-02-06 00:00:00+00:00,Neg Risk市場：Fee Module,17903881,45,18,20,281419728,0.06361985041787831
all_days,2025-02-06 00:00:00+00:00,その他のトップレベル宛先,263515847,1667,20,20,281419728,0.9363801495821217
all_days,2025-02-07 00:00:00+00:00,Neg Risk市場：Fee Module,23587592,51,11,20,363227631,0.0649388702480071
all_days,2025-02-07 00:00:00+00:00,その他のトップレベル宛先,339640039,1653,20,20,363227631,0.935061129751993
all_days,2025-02-08 00:00:00+00:00,Neg Risk市場：Fee Module,30655770,71,17,20,287370573,0.10667678906705594
all_days,2025-02-08 00:00:00+00:00,その他のトップレベル宛先,256714803,1372,20,20,287370573,0.8933232109329441
all_days,2025-02-09 00:00:00+00:00,Neg Risk市場：Fee Module,27515867,68,16,20,292122755,0.09419282315066486
all_days,2025-02-09 00:00:00+00:00,その他のトップレベル宛先,264606888,1789,20,20,292122755,0.9058071768493351
all_days,2025-02-10 00:00:00+00:00,Neg Risk市場：Fee Module,18252427,43,16,19,295707089,0.06172468526785978
all_days,2025-02-10 00:00:00+00:00,その他のトップレベル宛先,277454662,1810,19,19,295707089,0.9382753147321402
all_days,2025-02-11 00:00:00+00:00,Neg Risk市場：Fee Module,16722510,38,14,19,284720069,0.05873316222046855
all_days,2025-02-11 00:00:00+00:00,その他のトップレベル宛先,267997559,1689,19,19,284720069,0.9412668377795315
all_days,2025-02-12 00:00:00+00:00,Neg Risk市場：Fee Module,24021172,62,16,20,291196719,0.0824912179041413
all_days,2025-02-12 00:00:00+00:00,その他のトップレベル宛先,267175547,1647,20,20,291196719,0.9175087820958587
all_days,2025-02-13 00:00:00+00:00,Neg Risk市場：Fee Module,26188168,58,14,20,287223490,0.09117697163278672
all_days,2025-02-13 00:00:00+00:00,その他のトップレベル宛先,261035322,1672,20,20,287223490,0.9088230283672133
all_days,2025-02-14 00:00:00+00:00,Neg Risk市場：Fee Module,26245513,61,20,20,287064475,0.09142724121471317
all_days,2025-02-14 00:00:00+00:00,その他のトップレベル宛先,260818962,1384,20,20,287064475,0.9085727587852869
all_days,2025-02-15 00:00:00+00:00,Neg Risk市場：Fee Module,23342811,49,16,20,216507102,0.10781545170744561
all_days,2025-02-15 00:00:00+00:00,その他のトップレベル宛先,193164291,1279,20,20,216507102,0.8921845482925544
all_days,2025-02-16 00:00:00+00:00,Neg Risk市場：Fee Module,6934830,16,10,20,216968648,0.031962359833665924
all_days,2025-02-16 00:00:00+00:00,その他のトップレベル宛先,210033818,1505,20,20,216968648,0.9680376401663341
all_days,2025-02-17 00:00:00+00:00,Neg Risk市場：Fee Module,8216043,21,13,20,254702219,0.0322574457036827
all_days,2025-02-17 00:00:00+00:00,その他のトップレベル宛先,246486176,1659,20,20,254702219,0.9677425542963173
all_days,2025-02-18 00:00:00+00:00,Neg Risk市場：Fee Module,10477735,25,14,20,307055830,0.03412322443120523
all_days,2025-02-18 00:00:00+00:00,その他のトップレベル宛先,296578095,1922,20,20,307055830,0.9658767755687948
all_days,2025-02-19 00:00:00+00:00,Neg Risk市場：Fee Module,12889043,30,14,20,264320226,0.04876298418419179
all_days,2025-02-19 00:00:00+00:00,その他のトップレベル宛先,251431183,1716,20,20,264320226,0.9512370158158082
all_days,2025-02-20 00:00:00+00:00,Neg Risk市場：Fee Module,17182330,43,16,20,307065857,0.05595649795737466
all_days,2025-02-20 00:00:00+00:00,その他のトップレベル宛先,289883527,1513,20,20,307065857,0.9440435020426253
all_days,2025-02-21 00:00:00+00:00,Neg Risk市場：Fee Module,31295821,83,17,20,271878882,0.11510942214334985
all_days,2025-02-21 00:00:00+00:00,その他のトップレベル宛先,240583061,1372,20,20,271878882,0.8848905778566502
all_days,2025-02-22 00:00:00+00:00,Neg Risk市場：Fee Module,17746593,42,15,20,266159711,0.06667648132515443
all_days,2025-02-22 00:00:00+00:00,その他のトップレベル宛先,248413118,1222,20,20,266159711,0.9333235186748455
all_days,2025-02-23 00:00:00+00:00,Neg Risk市場：Fee Module,18032798,44,11,20,320114857,0.0563322745123323
all_days,2025-02-23 00:00:00+00:00,その他のトップレベル宛先,302082059,1778,20,20,320114857,0.9436677254876676
all_days,2025-02-24 00:00:00+00:00,Neg Risk市場：Fee Module,7855079,20,9,20,346842747,0.022647378582778897
all_days,2025-02-24 00:00:00+00:00,その他のトップレベル宛先,338987668,2076,20,20,346842747,0.9773526214172211
all_days,2025-02-25 00:00:00+00:00,Neg Risk市場：Fee Module,18938833,53,14,20,298140806,0.06352311598701454
all_days,2025-02-25 00:00:00+00:00,その他のトップレベル宛先,279201973,1740,20,20,298140806,0.9364768840129855
all_days,2025-02-26 00:00:00+00:00,Neg Risk市場：Fee Module,9450639,22,12,20,308060068,0.03067790986788979
all_days,2025-02-26 00:00:00+00:00,その他のトップレベル宛先,298609429,1734,20,20,308060068,0.9693220901321102
all_days,2025-02-27 00:00:00+00:00,Neg Risk市場：Fee Module,17368353,41,13,20,303491932,0.057228384575310556
all_days,2025-02-27 00:00:00+00:00,その他のトップレベル宛先,286123579,1908,20,20,303491932,0.9427716154246895
all_days,2025-02-28 00:00:00+00:00,Neg Risk市場：Fee Module,18211743,37,14,20,279095236,0.06525279062807077
all_days,2025-02-28 00:00:00+00:00,その他のトップレベル宛先,260883493,1527,20,20,279095236,0.9347472093719292
all_days,2025-03-01 00:00:00+00:00,Neg Risk市場：Fee Module,10090207,23,11,18,280921948,0.03591818678403867
all_days,2025-03-01 00:00:00+00:00,その他のトップレベル宛先,270831741,1750,18,18,280921948,0.9640818132159613
all_days,2025-03-02 00:00:00+00:00,Neg Risk市場：Fee Module,38205622,90,14,18,314555980,0.12145889580608196
all_days,2025-03-02 00:00:00+00:00,その他のトップレベル宛先,276350358,1524,18,18,314555980,0.8785411041939181
all_days,2025-03-03 00:00:00+00:00,Neg Risk市場：Fee Module,26225779,54,13,20,320249199,0.08189178640225107
all_days,2025-03-03 00:00:00+00:00,その他のトップレベル宛先,294023420,1703,20,20,320249199,0.918108213597749
all_days,2025-03-04 00:00:00+00:00,Neg Risk市場：Fee Module,9341779,25,14,20,248222282,0.03763473176030184
all_days,2025-03-04 00:00:00+00:00,その他のトップレベル宛先,238880503,1473,20,20,248222282,0.9623652682396981
all_days,2025-03-05 00:00:00+00:00,Neg Risk市場：Fee Module,11983004,32,13,20,321150596,0.037312725398149345
all_days,2025-03-05 00:00:00+00:00,その他のトップレベル宛先,309167592,1925,20,20,321150596,0.9626872746018507
all_days,2025-03-06 00:00:00+00:00,Neg Risk市場：Fee Module,10360064,27,12,20,293602649,0.035286003158643164
all_days,2025-03-06 00:00:00+00:00,その他のトップレベル宛先,283242585,1826,20,20,293602649,0.9647139968413568
all_days,2025-03-07 00:00:00+00:00,Neg Risk市場：Fee Module,10081030,23,11,19,328794988,0.03066053427797385
all_days,2025-03-07 00:00:00+00:00,その他のトップレベル宛先,318713958,1671,19,19,328794988,0.9693394657220261
all_days,2025-03-08 00:00:00+00:00,Neg Risk市場：Fee Module,4595435,12,8,20,262216135,0.017525370816711947
all_days,2025-03-08 00:00:00+00:00,その他のトップレベル宛先,257620700,1634,20,20,262216135,0.9824746291832881
all_days,2025-03-09 00:00:00+00:00,Neg Risk市場：Fee Module,6709485,16,6,20,268642452,0.024975520250239528
all_days,2025-03-09 00:00:00+00:00,その他のトップレベル宛先,261932967,1409,20,20,268642452,0.9750244797497605
all_days,2025-03-10 00:00:00+00:00,Neg Risk市場：Fee Module,8639453,21,11,20,290163090,0.0297744726939598
all_days,2025-03-10 00:00:00+00:00,その他のトップレベル宛先,281523637,1687,20,20,290163090,0.9702255273060402
all_days,2025-03-11 00:00:00+00:00,Neg Risk市場：Fee Module,19589599,44,16,20,294381699,0.06654489415118159
all_days,2025-03-11 00:00:00+00:00,その他のトップレベル宛先,274792100,1553,20,20,294381699,0.9334551058488184
all_days,2025-03-12 00:00:00+00:00,Neg Risk市場：Fee Module,9900470,24,14,20,256448883,0.03860601724671969
all_days,2025-03-12 00:00:00+00:00,その他のトップレベル宛先,246548413,1449,20,20,256448883,0.9613939827532804
all_days,2025-03-13 00:00:00+00:00,Neg Risk市場：Fee Module,9172708,22,13,20,248372136,0.03693130859091215
all_days,2025-03-13 00:00:00+00:00,その他のトップレベル宛先,239199428,1360,20,20,248372136,0.9630686914090879
all_days,2025-03-14 00:00:00+00:00,Neg Risk市場：Fee Module,6679759,16,10,20,306528539,0.021791638135201498
all_days,2025-03-14 00:00:00+00:00,その他のトップレベル宛先,299848780,1604,20,20,306528539,0.9782083618647985
all_days,2025-03-15 00:00:00+00:00,Neg Risk市場：Fee Module,11726633,29,16,20,270986558,0.043273854934162456
all_days,2025-03-15 00:00:00+00:00,その他のトップレベル宛先,259259925,1593,20,20,270986558,0.9567261450658375
all_days,2025-03-16 00:00:00+00:00,Neg Risk市場：Fee Module,5442816,10,8,20,247786731,0.021965728261696144
all_days,2025-03-16 00:00:00+00:00,その他のトップレベル宛先,242343915,1590,20,20,247786731,0.9780342717383038
all_days,2025-03-17 00:00:00+00:00,Neg Risk市場：Fee Module,12812786,30,14,19,291481733,0.043957423568632345
all_days,2025-03-17 00:00:00+00:00,その他のトップレベル宛先,278668947,1692,19,19,291481733,0.9560425764313677
all_days,2025-03-18 00:00:00+00:00,Neg Risk市場：Fee Module,11536595,28,13,20,215705425,0.05348310085386123
all_days,2025-03-18 00:00:00+00:00,その他のトップレベル宛先,204168830,1433,20,20,215705425,0.9465168991461388
all_days,2025-03-19 00:00:00+00:00,Neg Risk市場：Fee Module,8469639,18,7,20,269180867,0.03146449112224607
all_days,2025-03-19 00:00:00+00:00,その他のトップレベル宛先,260711228,1576,20,20,269180867,0.968535508877754
all_days,2025-03-20 00:00:00+00:00,Neg Risk市場：Fee Module,12766491,30,13,19,229277558,0.05568138073068626
all_days,2025-03-20 00:00:00+00:00,その他のトップレベル宛先,216511067,1519,19,19,229277558,0.9443186192693137
all_days,2025-03-21 00:00:00+00:00,Neg Risk市場：Fee Module,21103353,44,14,20,263401019,0.08011872194010002
all_days,2025-03-21 00:00:00+00:00,その他のトップレベル宛先,242297666,1608,20,20,263401019,0.9198812780598999
all_days,2025-03-22 00:00:00+00:00,Neg Risk市場：Fee Module,17332438,40,15,20,235680818,0.07354199695623935
all_days,2025-03-22 00:00:00+00:00,その他のトップレベル宛先,218348380,1365,20,20,235680818,0.9264580030437607
all_days,2025-03-23 00:00:00+00:00,Neg Risk市場：Fee Module,7218968,19,13,20,178290949,0.04048981757340918
all_days,2025-03-23 00:00:00+00:00,その他のトップレベル宛先,171071981,1255,20,20,178290949,0.9595101824265908
all_days,2025-03-24 00:00:00+00:00,Neg Risk市場：Fee Module,9794818,25,11,20,293479790,0.0333747615125389
all_days,2025-03-24 00:00:00+00:00,その他のトップレベル宛先,283684972,1797,20,20,293479790,0.9666252384874611
all_days,2025-03-25 00:00:00+00:00,Neg Risk市場：Fee Module,8377027,18,5,20,232361750,0.03605166082627627
all_days,2025-03-25 00:00:00+00:00,その他のトップレベル宛先,223984723,1432,20,20,232361750,0.9639483391737237
all_days,2025-03-26 00:00:00+00:00,Neg Risk市場：Fee Module,12995368,30,12,20,302794416,0.04291812303434288
all_days,2025-03-26 00:00:00+00:00,その他のトップレベル宛先,289799048,1959,20,20,302794416,0.9570818769656572
all_days,2025-03-27 00:00:00+00:00,Neg Risk市場：Fee Module,15006443,35,11,20,285615733,0.052540673590974765
all_days,2025-03-27 00:00:00+00:00,その他のトップレベル宛先,270609290,1896,20,20,285615733,0.9474593264090252
all_days,2025-03-28 00:00:00+00:00,Neg Risk市場：Fee Module,10091271,18,11,20,301196414,0.03350395466527699
all_days,2025-03-28 00:00:00+00:00,その他のトップレベル宛先,291105143,1670,20,20,301196414,0.966496045334723
all_days,2025-03-29 00:00:00+00:00,Neg Risk市場：Fee Module,8343203,20,11,20,264961426,0.03148836842386257
all_days,2025-03-29 00:00:00+00:00,その他のトップレベル宛先,256618223,1606,20,20,264961426,0.9685116315761374
all_days,2025-03-30 00:00:00+00:00,Neg Risk市場：Fee Module,8611141,18,6,20,285630597,0.03014782411423521
all_days,2025-03-30 00:00:00+00:00,その他のトップレベル宛先,277019456,1856,20,20,285630597,0.9698521758857648
all_days,2025-03-31 00:00:00+00:00,Neg Risk市場：Fee Module,10584294,28,10,20,283166712,0.03737831302713294
all_days,2025-03-31 00:00:00+00:00,その他のトップレベル宛先,272582418,1677,20,20,283166712,0.9626216869728671
all_days,2025-04-01 00:00:00+00:00,Neg Risk市場：Fee Module,15707029,43,10,19,259761506,0.06046711555483513
all_days,2025-04-01 00:00:00+00:00,その他のトップレベル宛先,244054477,1370,19,19,259761506,0.9395328844451649
all_days,2025-04-02 00:00:00+00:00,Neg Risk市場：Fee Module,26456666,63,10,20,311605952,0.0849042382861801
all_days,2025-04-02 00:00:00+00:00,その他のトップレベル宛先,285149286,1661,20,20,311605952,0.9150957617138199
all_days,2025-04-03 00:00:00+00:00,Neg Risk市場：Fee Module,29591445,61,15,20,284642655,0.10395998098036291
all_days,2025-04-03 00:00:00+00:00,その他のトップレベル宛先,255051210,1436,20,20,284642655,0.8960400190196371
all_days,2025-04-04 00:00:00+00:00,Neg Risk市場：Fee Module,8348402,20,12,20,299147133,0.027907344176352177
all_days,2025-04-04 00:00:00+00:00,その他のトップレベル宛先,290798731,1316,20,20,299147133,0.9720926558236478
all_days,2025-04-05 00:00:00+00:00,Neg Risk市場：Fee Module,12049162,29,11,20,340795792,0.035355958855266614
all_days,2025-04-05 00:00:00+00:00,その他のトップレベル宛先,328746630,1217,20,20,340795792,0.9646440411447333
all_days,2025-04-06 00:00:00+00:00,Neg Risk市場：Fee Module,14647312,34,9,19,356916159,0.041038522999458815
all_days,2025-04-06 00:00:00+00:00,その他のトップレベル宛先,342268847,1663,19,19,356916159,0.9589614770005411
all_days,2025-04-07 00:00:00+00:00,Neg Risk市場：Fee Module,16176929,33,13,20,289378404,0.05590233678944473
all_days,2025-04-07 00:00:00+00:00,その他のトップレベル宛先,273201475,1278,20,20,289378404,0.9440976632105552
all_days,2025-04-08 00:00:00+00:00,Neg Risk市場：Fee Module,12043994,23,12,20,233460771,0.051588941253003916
all_days,2025-04-08 00:00:00+00:00,その他のトップレベル宛先,221416777,1367,20,20,233460771,0.948411058746996
all_days,2025-04-09 00:00:00+00:00,Neg Risk市場：Fee Module,17781584,42,14,20,273200561,0.06508619138596863
all_days,2025-04-09 00:00:00+00:00,その他のトップレベル宛先,255418977,1508,20,20,273200561,0.9349138086140314
all_days,2025-04-10 00:00:00+00:00,Neg Risk市場：Fee Module,17362297,40,17,20,241278105,0.07195968734916913
all_days,2025-04-10 00:00:00+00:00,その他のトップレベル宛先,223915808,1454,20,20,241278105,0.9280403126508309
all_days,2025-04-11 00:00:00+00:00,Neg Risk市場：Fee Module,26297602,61,14,20,304799455,0.08627837605549524
all_days,2025-04-11 00:00:00+00:00,その他のトップレベル宛先,278501853,1524,20,20,304799455,0.9137216239445047
all_days,2025-04-12 00:00:00+00:00,Neg Risk市場：Fee Module,6810124,17,12,20,237082016,0.028724759958174136
all_days,2025-04-12 00:00:00+00:00,その他のトップレベル宛先,230271892,1317,20,20,237082016,0.9712752400418259
all_days,2025-04-13 00:00:00+00:00,Neg Risk市場：Fee Module,12919305,31,12,20,279233574,0.04626701873607792
all_days,2025-04-13 00:00:00+00:00,その他のトップレベル宛先,266314269,1580,20,20,279233574,0.953732981263922
all_days,2025-04-14 00:00:00+00:00,Neg Risk市場：Fee Module,4695959,11,8,20,233067122,0.020148526140036174
all_days,2025-04-14 00:00:00+00:00,その他のトップレベル宛先,228371163,1364,20,20,233067122,0.9798514738599639
all_days,2025-04-15 00:00:00+00:00,Neg Risk市場：Fee Module,10773429,25,15,20,244201872,0.044116897678818774
all_days,2025-04-15 00:00:00+00:00,その他のトップレベル宛先,233428443,1416,20,20,244201872,0.9558831023211812
all_days,2025-04-16 00:00:00+00:00,Neg Risk市場：Fee Module,13254315,33,10,20,249279117,0.053170579066195905
all_days,2025-04-16 00:00:00+00:00,その他のトップレベル宛先,236024802,1334,20,20,249279117,0.9468294209338041
all_days,2025-04-17 00:00:00+00:00,Neg Risk市場：Fee Module,6349810,16,12,20,188655137,0.033658293651447194
all_days,2025-04-17 00:00:00+00:00,その他のトップレベル宛先,182305327,1176,20,20,188655137,0.9663417063485528
all_days,2025-04-18 00:00:00+00:00,Neg Risk市場：Fee Module,8903973,21,10,20,220505578,0.04037980844185266
all_days,2025-04-18 00:00:00+00:00,その他のトップレベル宛先,211601605,1224,20,20,220505578,0.9596201915581474
all_days,2025-04-19 00:00:00+00:00,Neg Risk市場：Fee Module,17922284,44,13,20,198919917,0.09009798651786086
all_days,2025-04-19 00:00:00+00:00,その他のトップレベル宛先,180997633,1026,20,20,198919917,0.9099020134821392
all_days,2025-04-20 00:00:00+00:00,Neg Risk市場：Fee Module,6352230,15,8,20,197183877,0.032214753541944
all_days,2025-04-20 00:00:00+00:00,その他のトップレベル宛先,190831647,1079,20,20,197183877,0.967785246458056
all_days,2025-04-21 00:00:00+00:00,Neg Risk市場：Fee Module,17775783,39,12,20,253221883,0.07019844726452808
all_days,2025-04-21 00:00:00+00:00,その他のトップレベル宛先,235446100,1434,20,20,253221883,0.9298015527354719
all_days,2025-04-22 00:00:00+00:00,Neg Risk市場：Fee Module,14330590,32,9,20,276161996,0.051891969958096626
all_days,2025-04-22 00:00:00+00:00,その他のトップレベル宛先,261831406,1433,20,20,276161996,0.9481080300419034
all_days,2025-04-23 00:00:00+00:00,Neg Risk市場：Fee Module,24163647,55,12,20,271969298,0.08884696610129868
all_days,2025-04-23 00:00:00+00:00,その他のトップレベル宛先,247805651,1465,20,20,271969298,0.9111530338987013
all_days,2025-04-24 00:00:00+00:00,Neg Risk市場：Fee Module,4765667,11,10,20,261195528,0.018245591861741215
all_days,2025-04-24 00:00:00+00:00,その他のトップレベル宛先,256429861,1687,20,20,261195528,0.9817544081382588
all_days,2025-04-25 00:00:00+00:00,Neg Risk市場：Fee Module,22921227,49,13,20,264696814,0.0865942685656957
all_days,2025-04-25 00:00:00+00:00,その他のトップレベル宛先,241775587,1372,20,20,264696814,0.9134057314343043
all_days,2025-04-26 00:00:00+00:00,Neg Risk市場：Fee Module,7038975,16,10,20,219412803,0.03208096749030639
all_days,2025-04-26 00:00:00+00:00,その他のトップレベル宛先,212373828,1456,20,20,219412803,0.9679190325096936
all_days,2025-04-27 00:00:00+00:00,Neg Risk市場：Fee Module,6830070,17,11,20,252692175,0.027029210540453024
all_days,2025-04-27 00:00:00+00:00,その他のトップレベル宛先,245862105,1250,20,20,252692175,0.972970789459547
all_days,2025-04-28 00:00:00+00:00,Neg Risk市場：Fee Module,30547032,64,16,20,320172623,0.09540800744853191
all_days,2025-04-28 00:00:00+00:00,その他のトップレベル宛先,289625591,1770,20,20,320172623,0.904591992551468
all_days,2025-04-29 00:00:00+00:00,Neg Risk市場：Fee Module,37621780,90,18,20,316371691,0.11891639192205727
all_days,2025-04-29 00:00:00+00:00,その他のトップレベル宛先,278749911,1195,20,20,316371691,0.8810836080779427
all_days,2025-04-30 00:00:00+00:00,Neg Risk市場：Fee Module,12263668,31,14,19,274021088,0.04475446794810186
all_days,2025-04-30 00:00:00+00:00,その他のトップレベル宛先,261757420,1328,19,19,274021088,0.9552455320518981
all_days,2025-05-01 00:00:00+00:00,Neg Risk市場：Fee Module,21428052,49,15,20,245729178,0.08720190322697453
all_days,2025-05-01 00:00:00+00:00,その他のトップレベル宛先,224301126,1145,20,20,245729178,0.9127980967730255
all_days,2025-05-02 00:00:00+00:00,Neg Risk市場：Fee Module,17961918,41,13,20,268640927,0.06686217993879986
all_days,2025-05-02 00:00:00+00:00,その他のトップレベル宛先,250679009,1656,20,20,268640927,0.9331378200612002
all_days,2025-05-03 00:00:00+00:00,Neg Risk市場：Fee Module,17603647,51,13,20,260369247,0.06761031574516171
all_days,2025-05-03 00:00:00+00:00,その他のトップレベル宛先,242765600,1382,20,20,260369247,0.9323896842548383
all_days,2025-05-04 00:00:00+00:00,Neg Risk市場：Fee Module,17919438,41,11,20,263816089,0.06792397714606405
all_days,2025-05-04 00:00:00+00:00,その他のトップレベル宛先,245896651,1204,20,20,263816089,0.932076022853936
all_days,2025-05-05 00:00:00+00:00,Neg Risk市場：Fee Module,23868571,58,13,20,288562186,0.08271551907359061
all_days,2025-05-05 00:00:00+00:00,その他のトップレベル宛先,264693615,1264,20,20,288562186,0.9172844809264094
all_days,2025-05-06 00:00:00+00:00,Neg Risk市場：Fee Module,23874860,54,13,20,252813826,0.09443652816677835
all_days,2025-05-06 00:00:00+00:00,その他のトップレベル宛先,228938966,1451,20,20,252813826,0.9055634718332216
all_days,2025-05-07 00:00:00+00:00,Neg Risk市場：Fee Module,29586920,60,16,20,337087357,0.08777226254736098
all_days,2025-05-07 00:00:00+00:00,その他のトップレベル宛先,307500437,1829,20,20,337087357,0.912227737452639
all_days,2025-05-08 00:00:00+00:00,Neg Risk市場：Fee Module,18538663,46,14,20,274712519,0.06748386665261513
all_days,2025-05-08 00:00:00+00:00,その他のトップレベル宛先,256173856,1438,20,20,274712519,0.9325161333473849
all_days,2025-05-09 00:00:00+00:00,Neg Risk市場：Fee Module,17195352,33,13,20,338058462,0.05086502464180293
all_days,2025-05-09 00:00:00+00:00,その他のトップレベル宛先,320863110,1542,20,20,338058462,0.949134975358197
all_days,2025-05-10 00:00:00+00:00,Neg Risk市場：Fee Module,13448140,30,14,20,311851286,0.04312356755841629
all_days,2025-05-10 00:00:00+00:00,その他のトップレベル宛先,298403146,1562,20,20,311851286,0.9568764324415837
all_days,2025-05-11 00:00:00+00:00,Neg Risk市場：Fee Module,12574994,25,13,20,320617750,0.039221141062838846
all_days,2025-05-11 00:00:00+00:00,その他のトップレベル宛先,308042756,1884,20,20,320617750,0.9607788589371612
all_days,2025-05-12 00:00:00+00:00,Neg Risk市場：Fee Module,14326662,36,13,20,298325615,0.048023573168532646
all_days,2025-05-12 00:00:00+00:00,その他のトップレベル宛先,283998953,1505,20,20,298325615,0.9519764268314673
all_days,2025-05-13 00:00:00+00:00,Neg Risk市場：Fee Module,14366662,30,10,20,302731057,0.04745684880292939
all_days,2025-05-13 00:00:00+00:00,その他のトップレベル宛先,288364395,1479,20,20,302731057,0.9525431511970706
all_days,2025-05-14 00:00:00+00:00,Neg Risk市場：Fee Module,13372739,21,12,20,263887673,0.05067587601941528
all_days,2025-05-14 00:00:00+00:00,その他のトップレベル宛先,250514934,1385,20,20,263887673,0.9493241239805847
all_days,2025-05-15 00:00:00+00:00,Neg Risk市場：Fee Module,17313521,37,14,20,263346429,0.0657442786133242
all_days,2025-05-15 00:00:00+00:00,その他のトップレベル宛先,246032908,1240,20,20,263346429,0.9342557213866758
all_days,2025-05-16 00:00:00+00:00,Neg Risk市場：Fee Module,23651084,55,12,20,277793543,0.08513907034909016
all_days,2025-05-16 00:00:00+00:00,その他のトップレベル宛先,254142459,1289,20,20,277793543,0.9148609296509098
all_days,2025-05-17 00:00:00+00:00,Neg Risk市場：Fee Module,27221954,64,13,20,307633591,0.08848823664383257
all_days,2025-05-17 00:00:00+00:00,その他のトップレベル宛先,280411637,1406,20,20,307633591,0.9115117633561675
all_days,2025-05-18 00:00:00+00:00,Neg Risk市場：Fee Module,22404550,58,14,20,293008895,0.07646371964236785
all_days,2025-05-18 00:00:00+00:00,その他のトップレベル宛先,270604345,1410,20,20,293008895,0.9235362803576321
all_days,2025-05-19 00:00:00+00:00,Neg Risk市場：Fee Module,5349966,11,9,20,298272171,0.01793652415531585
all_days,2025-05-19 00:00:00+00:00,その他のトップレベル宛先,292922205,1790,20,20,298272171,0.9820634758446841
all_days,2025-05-20 00:00:00+00:00,Neg Risk市場：Fee Module,40055488,85,15,20,325196442,0.12317320495160891
all_days,2025-05-20 00:00:00+00:00,その他のトップレベル宛先,285140954,1573,20,20,325196442,0.8768267950483911
all_days,2025-05-21 00:00:00+00:00,Neg Risk市場：Fee Module,10608852,24,11,20,294617700,0.03600887523051059
all_days,2025-05-21 00:00:00+00:00,その他のトップレベル宛先,284008848,1444,20,20,294617700,0.9639911247694894
all_days,2025-05-22 00:00:00+00:00,Neg Risk市場：Fee Module,12344273,27,12,20,264872547,0.04660457695527049
all_days,2025-05-22 00:00:00+00:00,その他のトップレベル宛先,252528274,1482,20,20,264872547,0.9533954230447295
all_days,2025-05-23 00:00:00+00:00,Neg Risk市場：Fee Module,11667371,20,12,20,317766355,0.03671682296258205
all_days,2025-05-23 00:00:00+00:00,その他のトップレベル宛先,306098984,2034,20,20,317766355,0.963283177037418
all_days,2025-05-24 00:00:00+00:00,Neg Risk市場：Fee Module,5693543,14,10,20,295256482,0.019283380203656292
all_days,2025-05-24 00:00:00+00:00,その他のトップレベル宛先,289562939,1526,20,20,295256482,0.9807166197963437
all_days,2025-05-25 00:00:00+00:00,Neg Risk市場：Fee Module,13193399,31,17,20,263329992,0.05010215091640606
all_days,2025-05-25 00:00:00+00:00,その他のトップレベル宛先,250136593,1249,20,20,263329992,0.949897849083594
all_days,2025-05-26 00:00:00+00:00,Neg Risk市場：Fee Module,31725051,68,13,20,335337416,0.09460635612460257
all_days,2025-05-26 00:00:00+00:00,その他のトップレベル宛先,303612365,1681,20,20,335337416,0.9053936438753974
all_days,2025-05-27 00:00:00+00:00,Neg Risk市場：Fee Module,10082032,23,12,20,273057665,0.03692272106699514
all_days,2025-05-27 00:00:00+00:00,その他のトップレベル宛先,262975633,1406,20,20,273057665,0.9630772789330049
all_days,2025-05-28 00:00:00+00:00,Neg Risk市場：Fee Module,7371976,14,8,20,255421733,0.02886197628296571
all_days,2025-05-28 00:00:00+00:00,その他のトップレベル宛先,248049757,1370,20,20,255421733,0.9711380237170343
all_days,2025-05-29 00:00:00+00:00,Neg Risk市場：Fee Module,20270472,38,12,20,285634586,0.07096644801970865
all_days,2025-05-29 00:00:00+00:00,その他のトップレベル宛先,265364114,1336,20,20,285634586,0.9290335519802914
all_days,2025-05-30 00:00:00+00:00,Neg Risk市場：Fee Module,9285035,17,9,20,285073780,0.032570638380001134
all_days,2025-05-30 00:00:00+00:00,その他のトップレベル宛先,275788745,1553,20,20,285073780,0.9674293616199988
all_days,2025-05-31 00:00:00+00:00,Neg Risk市場：Fee Module,9808118,27,9,20,279652997,0.03507245802911957
all_days,2025-05-31 00:00:00+00:00,その他のトップレベル宛先,269844879,1511,20,20,279652997,0.9649275419708805
all_days,2025-06-01 00:00:00+00:00,Neg Risk市場：Fee Module,21853482,51,10,20,288793932,0.07567154146438229
all_days,2025-06-01 00:00:00+00:00,その他のトップレベル宛先,266940450,1509,20,20,288793932,0.9243284585356177
all_days,2025-06-02 00:00:00+00:00,Neg Risk市場：Fee Module,14315589,33,15,20,243999817,0.05867049072417952
all_days,2025-06-02 00:00:00+00:00,その他のトップレベル宛先,229684228,1287,20,20,243999817,0.9413295092758205
all_days,2025-06-03 00:00:00+00:00,Neg Risk市場：Fee Module,30889497,67,17,20,292171577,0.1057238261064662
all_days,2025-06-03 00:00:00+00:00,その他のトップレベル宛先,261282080,1520,20,20,292171577,0.8942761738935338
all_days,2025-06-04 00:00:00+00:00,Neg Risk市場：Fee Module,6267398,13,11,20,270477965,0.02317156593514004
all_days,2025-06-04 00:00:00+00:00,その他のトップレベル宛先,264210567,1443,20,20,270477965,0.97682843406486
all_days,2025-06-05 00:00:00+00:00,Neg Risk市場：Fee Module,11246548,25,9,20,244215400,0.04605175594987048
all_days,2025-06-05 00:00:00+00:00,その他のトップレベル宛先,232968852,1400,20,20,244215400,0.9539482440501296
all_days,2025-06-06 00:00:00+00:00,Neg Risk市場：Fee Module,14716738,32,10,20,283650388,0.051883369889837765
all_days,2025-06-06 00:00:00+00:00,その他のトップレベル宛先,268933650,1657,20,20,283650388,0.9481166301101622
all_days,2025-06-07 00:00:00+00:00,Neg Risk市場：Fee Module,2846307,5,5,20,360622388,0.007892762886368553
all_days,2025-06-07 00:00:00+00:00,その他のトップレベル宛先,357776081,1854,20,20,360622388,0.9921072371136315
all_days,2025-06-08 00:00:00+00:00,Neg Risk市場：Fee Module,11626743,25,15,20,234602930,0.0495592403726586
all_days,2025-06-08 00:00:00+00:00,その他のトップレベル宛先,222976187,1386,20,20,234602930,0.9504407596273414
all_days,2025-06-09 00:00:00+00:00,Neg Risk市場：Fee Module,2944978,8,7,20,269131972,0.010942505188495405
all_days,2025-06-09 00:00:00+00:00,その他のトップレベル宛先,266186994,1682,20,20,269131972,0.9890574948115046
all_days,2025-06-10 00:00:00+00:00,Neg Risk市場：Fee Module,16601735,38,11,20,268548395,0.061820272655139126
all_days,2025-06-10 00:00:00+00:00,その他のトップレベル宛先,251946660,1329,20,20,268548395,0.9381797273448609
all_days,2025-06-11 00:00:00+00:00,Neg Risk市場：Fee Module,17297659,38,10,20,287123872,0.06024458669880295
all_days,2025-06-11 00:00:00+00:00,その他のトップレベル宛先,269826213,1513,20,20,287123872,0.939755413301197
all_days,2025-06-12 00:00:00+00:00,Neg Risk市場：Fee Module,8057869,17,8,20,230462473,0.03496390928687119
all_days,2025-06-12 00:00:00+00:00,その他のトップレベル宛先,222404604,1366,20,20,230462473,0.9650360907131288
all_days,2025-06-13 00:00:00+00:00,Neg Risk市場：Fee Module,7376275,17,11,20,304098824,0.024256177327407223
all_days,2025-06-13 00:00:00+00:00,その他のトップレベル宛先,296722549,1705,20,20,304098824,0.9757438226725927
all_days,2025-06-14 00:00:00+00:00,Neg Risk市場：Fee Module,23691054,58,11,20,295148880,0.08026814806141226
all_days,2025-06-14 00:00:00+00:00,その他のトップレベル宛先,271457826,1416,20,20,295148880,0.9197318519385878
all_days,2025-06-15 00:00:00+00:00,Neg Risk市場：Fee Module,5420758,13,9,20,240056123,0.0225812111445289
all_days,2025-06-15 00:00:00+00:00,その他のトップレベル宛先,234635365,1201,20,20,240056123,0.9774187888554711
all_days,2025-06-16 00:00:00+00:00,Neg Risk市場：Fee Module,13128628,32,9,20,317260311,0.04138124922912277
all_days,2025-06-16 00:00:00+00:00,その他のトップレベル宛先,304131683,1525,20,20,317260311,0.9586187507708772
all_days,2025-06-17 00:00:00+00:00,Neg Risk市場：Fee Module,11660158,27,11,20,311691799,0.037409255031442136
all_days,2025-06-17 00:00:00+00:00,その他のトップレベル宛先,300031641,1581,20,20,311691799,0.9625907449685579
all_days,2025-06-18 00:00:00+00:00,Neg Risk市場：Fee Module,26664410,37,9,20,369872562,0.07209080299392416
all_days,2025-06-18 00:00:00+00:00,その他のトップレベル宛先,343208152,2408,20,20,369872562,0.9279091970060759
all_days,2025-06-19 00:00:00+00:00,Neg Risk市場：Fee Module,8965268,22,11,20,313779433,0.02857187902433363
all_days,2025-06-19 00:00:00+00:00,その他のトップレベル宛先,304814165,1606,20,20,313779433,0.9714281209756663
all_days,2025-06-20 00:00:00+00:00,Neg Risk市場：Fee Module,21692998,50,14,20,313943139,0.06909849366066255
all_days,2025-06-20 00:00:00+00:00,その他のトップレベル宛先,292250141,1821,20,20,313943139,0.9309015063393374
all_days,2025-06-21 00:00:00+00:00,Neg Risk市場：Fee Module,18249782,31,11,20,276937478,0.06589856357397751
all_days,2025-06-21 00:00:00+00:00,その他のトップレベル宛先,258687696,1654,20,20,276937478,0.9341014364260225
all_days,2025-06-22 00:00:00+00:00,Neg Risk市場：Fee Module,12936086,31,12,20,289064697,0.04475152495013945
all_days,2025-06-22 00:00:00+00:00,その他のトップレベル宛先,276128611,1620,20,20,289064697,0.9552484750498605
all_days,2025-06-23 00:00:00+00:00,Neg Risk市場：Fee Module,11693831,20,13,20,336594564,0.0347415919646284
all_days,2025-06-23 00:00:00+00:00,その他のトップレベル宛先,324900733,1724,20,20,336594564,0.9652584080353716
all_days,2025-06-24 00:00:00+00:00,Neg Risk市場：Fee Module,10700637,26,11,20,273041494,0.03919051585617239
all_days,2025-06-24 00:00:00+00:00,その他のトップレベル宛先,262340857,1632,20,20,273041494,0.9608094841438276
all_days,2025-06-25 00:00:00+00:00,Neg Risk市場：Fee Module,16363820,37,13,20,342335798,0.0478004932455238
all_days,2025-06-25 00:00:00+00:00,その他のトップレベル宛先,325971978,2344,20,20,342335798,0.9521995067544762
all_days,2025-06-26 00:00:00+00:00,Neg Risk市場：Fee Module,22988230,52,14,20,277472828,0.08284858076265399
all_days,2025-06-26 00:00:00+00:00,その他のトップレベル宛先,254484598,1572,20,20,277472828,0.917151419237346
all_days,2025-06-27 00:00:00+00:00,Neg Risk市場：Fee Module,10147015,27,12,20,266672834,0.038050426238767164
all_days,2025-06-27 00:00:00+00:00,その他のトップレベル宛先,256525819,1728,20,20,266672834,0.9619495737612328
all_days,2025-06-28 00:00:00+00:00,Neg Risk市場：Fee Module,2322069,6,6,20,276143017,0.008408936156440994
all_days,2025-06-28 00:00:00+00:00,その他のトップレベル宛先,273820948,2063,20,20,276143017,0.991591063843559
all_days,2025-06-29 00:00:00+00:00,Neg Risk市場：Fee Module,10794171,27,8,20,333203926,0.0323950894864306
all_days,2025-06-29 00:00:00+00:00,その他のトップレベル宛先,322409755,1848,20,20,333203926,0.9676049105135694
all_days,2025-06-30 00:00:00+00:00,Neg Risk市場：Fee Module,14768171,33,11,20,404209325,0.0365359482985703
all_days,2025-06-30 00:00:00+00:00,その他のトップレベル宛先,389441154,1585,20,20,404209325,0.9634640517014297
all_days,2025-07-01 00:00:00+00:00,Neg Risk市場：Fee Module,16618207,40,10,20,343299057,0.048407377361365724
all_days,2025-07-01 00:00:00+00:00,その他のトップレベル宛先,326680850,1430,20,20,343299057,0.9515926226386343
all_days,2025-07-02 00:00:00+00:00,Neg Risk市場：Fee Module,18536102,38,16,20,282252216,0.0656721221278206
all_days,2025-07-02 00:00:00+00:00,その他のトップレベル宛先,263716114,1453,20,20,282252216,0.9343278778721794
all_days,2025-07-03 00:00:00+00:00,Neg Risk市場：Fee Module,37255245,87,12,20,376799866,0.09887276605347838
all_days,2025-07-03 00:00:00+00:00,その他のトップレベル宛先,339544621,1905,20,20,376799866,0.9011272339465216
all_days,2025-07-04 00:00:00+00:00,Neg Risk市場：Fee Module,20531517,45,6,20,339301671,0.06051109898601118
all_days,2025-07-04 00:00:00+00:00,その他のトップレベル宛先,318770154,1814,20,20,339301671,0.9394889010139889
all_days,2025-07-05 00:00:00+00:00,Neg Risk市場：Fee Module,13344684,43,11,20,278584202,0.047901797389070896
all_days,2025-07-05 00:00:00+00:00,その他のトップレベル宛先,265239518,1668,20,20,278584202,0.9520982026109291
all_days,2025-07-06 00:00:00+00:00,Neg Risk市場：Fee Module,8614947,19,10,20,273519265,0.03149667355240955
all_days,2025-07-06 00:00:00+00:00,その他のトップレベル宛先,264904318,1634,20,20,273519265,0.9685033264475904
all_days,2025-07-07 00:00:00+00:00,Neg Risk市場：Fee Module,24177496,53,9,20,282374982,0.08562194791038534
all_days,2025-07-07 00:00:00+00:00,その他のトップレベル宛先,258197486,1777,20,20,282374982,0.9143780520896146
all_days,2025-07-08 00:00:00+00:00,Neg Risk市場：Fee Module,14135584,30,11,20,312874732,0.04517969191580482
all_days,2025-07-08 00:00:00+00:00,その他のトップレベル宛先,298739148,1464,20,20,312874732,0.9548203080841952
all_days,2025-07-09 00:00:00+00:00,Neg Risk市場：Fee Module,4748480,10,7,20,351657866,0.013503124653551756
all_days,2025-07-09 00:00:00+00:00,その他のトップレベル宛先,346909386,2345,20,20,351657866,0.9864968753464483
all_days,2025-07-10 00:00:00+00:00,Neg Risk市場：Fee Module,20534035,36,11,19,395492388,0.05192017753828425
all_days,2025-07-10 00:00:00+00:00,その他のトップレベル宛先,374958353,2237,19,19,395492388,0.9480798224617157
all_days,2025-07-11 00:00:00+00:00,Neg Risk市場：Fee Module,15268871,37,11,20,372637917,0.04097508681597745
all_days,2025-07-11 00:00:00+00:00,その他のトップレベル宛先,357369046,1700,20,20,372637917,0.9590249131840225
all_days,2025-07-12 00:00:00+00:00,Neg Risk市場：Fee Module,10159791,18,9,20,271711509,0.037391831643023996
all_days,2025-07-12 00:00:00+00:00,その他のトップレベル宛先,261551718,1623,20,20,271711509,0.962608168356976
all_days,2025-07-13 00:00:00+00:00,Neg Risk市場：Fee Module,2327872,7,5,20,237995581,0.009781156398866078
all_days,2025-07-13 00:00:00+00:00,その他のトップレベル宛先,235667709,1257,20,20,237995581,0.9902188436011339
all_days,2025-07-14 00:00:00+00:00,Neg Risk市場：Fee Module,12507416,25,11,20,315151320,0.039687017652345544
all_days,2025-07-14 00:00:00+00:00,その他のトップレベル宛先,302643904,1799,20,20,315151320,0.9603129823476545
all_days,2025-07-15 00:00:00+00:00,Neg Risk市場：Fee Module,26113011,60,14,20,402519884,0.06487384111439325
all_days,2025-07-15 00:00:00+00:00,その他のトップレベル宛先,376406873,2301,20,20,402519884,0.9351261588856068
all_days,2025-07-16 00:00:00+00:00,Neg Risk市場：Fee Module,4423547,11,7,19,345201748,0.012814381808982034
all_days,2025-07-16 00:00:00+00:00,その他のトップレベル宛先,340778201,1865,19,19,345201748,0.987185618191018
all_days,2025-07-17 00:00:00+00:00,Neg Risk市場：Fee Module,6296454,14,10,20,391785616,0.016071171944199197
all_days,2025-07-17 00:00:00+00:00,その他のトップレベル宛先,385489162,2138,20,20,391785616,0.9839288280558008
all_days,2025-07-18 00:00:00+00:00,Neg Risk市場：Fee Module,15033582,32,17,20,385181538,0.03902986129101546
all_days,2025-07-18 00:00:00+00:00,その他のトップレベル宛先,370147956,2174,20,20,385181538,0.9609701387089845
all_days,2025-07-19 00:00:00+00:00,Neg Risk市場：Fee Module,7905002,18,12,20,318775036,0.024798058528020996
all_days,2025-07-19 00:00:00+00:00,その他のトップレベル宛先,310870034,1859,20,20,318775036,0.975201941471979
all_days,2025-07-20 00:00:00+00:00,Neg Risk市場：Fee Module,14969668,30,12,20,258044254,0.058012018357130324
all_days,2025-07-20 00:00:00+00:00,その他のトップレベル宛先,243074586,1442,20,20,258044254,0.9419879816428697
all_days,2025-07-21 00:00:00+00:00,Neg Risk市場：Fee Module,12327210,29,11,20,297384850,0.04145204437953043
all_days,2025-07-21 00:00:00+00:00,その他のトップレベル宛先,285057640,1669,20,20,297384850,0.9585479556204696
all_days,2025-07-22 00:00:00+00:00,Neg Risk市場：Fee Module,11780460,27,11,20,377624563,0.031196222794437237
all_days,2025-07-22 00:00:00+00:00,その他のトップレベル宛先,365844103,1880,20,20,377624563,0.9688037772055628
all_days,2025-07-23 00:00:00+00:00,Neg Risk市場：Fee Module,15946601,39,11,20,363302620,0.043893437927863
all_days,2025-07-23 00:00:00+00:00,その他のトップレベル宛先,347356019,1869,20,20,363302620,0.956106562072137
all_days,2025-07-24 00:00:00+00:00,Neg Risk市場：Fee Module,10473942,19,8,20,334523946,0.031309991781574883
all_days,2025-07-24 00:00:00+00:00,その他のトップレベル宛先,324050004,1691,20,20,334523946,0.9686900082184251
all_days,2025-07-25 00:00:00+00:00,Neg Risk市場：Fee Module,12181387,29,12,20,274527016,0.04437227045078871
all_days,2025-07-25 00:00:00+00:00,その他のトップレベル宛先,262345629,1353,20,20,274527016,0.9556277295492113
all_days,2025-07-26 00:00:00+00:00,Neg Risk市場：Fee Module,14709658,30,14,20,264941285,0.05552044484120321
all_days,2025-07-26 00:00:00+00:00,その他のトップレベル宛先,250231627,1433,20,20,264941285,0.9444795551587968
all_days,2025-07-27 00:00:00+00:00,Neg Risk市場：Fee Module,5788457,14,12,20,396025043,0.014616391317455143
all_days,2025-07-27 00:00:00+00:00,その他のトップレベル宛先,390236586,1656,20,20,396025043,0.9853836086825448
all_days,2025-07-28 00:00:00+00:00,Neg Risk市場：Fee Module,7673118,15,13,20,424514891,0.018075026725034245
all_days,2025-07-28 00:00:00+00:00,その他のトップレベル宛先,416841773,1836,20,20,424514891,0.9819249732749658
all_days,2025-07-29 00:00:00+00:00,Neg Risk市場：Fee Module,11287699,22,10,20,413161333,0.02732031799306834
all_days,2025-07-29 00:00:00+00:00,その他のトップレベル宛先,401873634,2122,20,20,413161333,0.9726796820069317
all_days,2025-07-30 00:00:00+00:00,Neg Risk市場：Fee Module,17794749,42,13,20,349729629,0.05088144533501907
all_days,2025-07-30 00:00:00+00:00,その他のトップレベル宛先,331934880,1540,20,20,349729629,0.949118554664981
all_days,2025-07-31 00:00:00+00:00,Neg Risk市場：Fee Module,22252130,49,10,20,337350554,0.06596144496030677
all_days,2025-07-31 00:00:00+00:00,その他のトップレベル宛先,315098424,1429,20,20,337350554,0.9340385550396932
all_days,2025-08-01 00:00:00+00:00,Neg Risk市場：Fee Module,14564272,35,12,20,306963780,0.04744622313420821
all_days,2025-08-01 00:00:00+00:00,その他のトップレベル宛先,292399508,1661,20,20,306963780,0.9525537768657918
all_days,2025-08-02 00:00:00+00:00,Neg Risk市場：Fee Module,24130377,67,15,20,385775625,0.06255028943313876
all_days,2025-08-02 00:00:00+00:00,その他のトップレベル宛先,361645248,1896,20,20,385775625,0.9374497105668612
all_days,2025-08-03 00:00:00+00:00,Neg Risk市場：Fee Module,14684983,32,11,20,295032655,0.049774093650751985
all_days,2025-08-03 00:00:00+00:00,その他のトップレベル宛先,280347672,1733,20,20,295032655,0.950225906349248
all_days,2025-08-04 00:00:00+00:00,Neg Risk市場：Fee Module,12750085,28,14,20,261895597,0.04868384633438492
all_days,2025-08-04 00:00:00+00:00,その他のトップレベル宛先,249145512,1566,20,20,261895597,0.9513161536656151
all_days,2025-08-05 00:00:00+00:00,Neg Risk市場：Fee Module,22677180,61,10,20,335745396,0.06754278769022941
all_days,2025-08-05 00:00:00+00:00,その他のトップレベル宛先,313068216,1809,20,20,335745396,0.9324572123097706
all_days,2025-08-06 00:00:00+00:00,Neg Risk市場：Fee Module,6484154,14,8,20,339036441,0.019125242056207168
all_days,2025-08-06 00:00:00+00:00,その他のトップレベル宛先,332552287,2304,20,20,339036441,0.9808747579437929
all_days,2025-08-07 00:00:00+00:00,Neg Risk市場：Fee Module,14704609,32,12,20,366074144,0.04016839004067985
all_days,2025-08-07 00:00:00+00:00,その他のトップレベル宛先,351369535,2076,20,20,366074144,0.9598316099593202
all_days,2025-08-08 00:00:00+00:00,Neg Risk市場：Fee Module,9847753,23,10,20,353932422,0.027823822820052354
all_days,2025-08-08 00:00:00+00:00,その他のトップレベル宛先,344084669,2006,20,20,353932422,0.9721761771799476
all_days,2025-08-09 00:00:00+00:00,Neg Risk市場：Fee Module,3716003,8,6,20,348267164,0.010669978063163027
all_days,2025-08-09 00:00:00+00:00,その他のトップレベル宛先,344551161,1950,20,20,348267164,0.989330021936837
all_days,2025-08-10 00:00:00+00:00,Neg Risk市場：Fee Module,12370047,24,10,20,406381026,0.030439528936077837
all_days,2025-08-10 00:00:00+00:00,その他のトップレベル宛先,394010979,1930,20,20,406381026,0.9695604710639222
all_days,2025-08-11 00:00:00+00:00,Neg Risk市場：Fee Module,12810196,29,10,20,334716820,0.038271742662947146
all_days,2025-08-11 00:00:00+00:00,その他のトップレベル宛先,321906624,1788,20,20,334716820,0.9617282573370528
all_days,2025-08-12 00:00:00+00:00,Neg Risk市場：Fee Module,17858073,35,17,20,453017698,0.03942025461442347
all_days,2025-08-12 00:00:00+00:00,その他のトップレベル宛先,435159625,2271,20,20,453017698,0.9605797453855766
all_days,2025-08-13 00:00:00+00:00,Neg Risk市場：Fee Module,20380690,48,14,20,364684633,0.05588579324646235
all_days,2025-08-13 00:00:00+00:00,その他のトップレベル宛先,344303943,1759,20,20,364684633,0.9441142067535376
all_days,2025-08-14 00:00:00+00:00,Neg Risk市場：Fee Module,25211402,43,14,20,362816702,0.0694879862504235
all_days,2025-08-14 00:00:00+00:00,その他のトップレベル宛先,337605300,1858,20,20,362816702,0.9305120137495765
all_days,2025-08-15 00:00:00+00:00,Neg Risk市場：Fee Module,21181154,58,11,20,351519687,0.06025595374406441
all_days,2025-08-15 00:00:00+00:00,その他のトップレベル宛先,330338533,1713,20,20,351519687,0.9397440462559356
all_days,2025-08-16 00:00:00+00:00,Neg Risk市場：Fee Module,10514171,25,9,20,387365146,0.027142790487402292
all_days,2025-08-16 00:00:00+00:00,その他のトップレベル宛先,376850975,1978,20,20,387365146,0.9728572095125977
all_days,2025-08-17 00:00:00+00:00,Neg Risk市場：Fee Module,11733392,27,11,20,278790216,0.042086814122630475
all_days,2025-08-17 00:00:00+00:00,その他のトップレベル宛先,267056824,1588,20,20,278790216,0.9579131858773695
all_days,2025-08-18 00:00:00+00:00,Neg Risk市場：Fee Module,9475826,21,14,20,384411024,0.02465024520212511
all_days,2025-08-18 00:00:00+00:00,その他のトップレベル宛先,374935198,1955,20,20,384411024,0.9753497547978749
all_days,2025-08-19 00:00:00+00:00,Neg Risk市場：Fee Module,5583320,11,8,20,364191066,0.015330744000183683
all_days,2025-08-19 00:00:00+00:00,その他のトップレベル宛先,358607746,2065,20,20,364191066,0.9846692559998164
all_days,2025-08-20 00:00:00+00:00,Neg Risk市場：Fee Module,15746003,34,14,20,336313064,0.04681948067292444
all_days,2025-08-20 00:00:00+00:00,その他のトップレベル宛先,320567061,2037,20,20,336313064,0.9531805193270756
all_days,2025-08-21 00:00:00+00:00,Neg Risk市場：Fee Module,7158680,16,9,20,369576751,0.019369941373828463
all_days,2025-08-21 00:00:00+00:00,その他のトップレベル宛先,347992715,1704,20,20,369576751,0.941597960527555
all_days,2025-08-21 00:00:00+00:00,通常市場：Fee Module,14425356,42,15,20,369576751,0.039032098098616595
all_days,2025-08-22 00:00:00+00:00,Neg Risk市場：Fee Module,8145296,17,9,20,401882283,0.02026786535399472
all_days,2025-08-22 00:00:00+00:00,その他のトップレベル宛先,365600045,2248,20,20,401882283,0.9097192398501429
all_days,2025-08-22 00:00:00+00:00,通常市場：Fee Module,28136942,98,19,20,401882283,0.0700128947958624
all_days,2025-08-23 00:00:00+00:00,Neg Risk市場：Fee Module,17120620,36,15,20,406108807,0.04215771661410928
all_days,2025-08-23 00:00:00+00:00,その他のトップレベル宛先,366039434,1928,20,20,406108807,0.9013334054585032
all_days,2025-08-23 00:00:00+00:00,通常市場：Fee Module,22948753,57,18,20,406108807,0.056508877927387575
all_days,2025-08-24 00:00:00+00:00,Neg Risk市場：Fee Module,12864438,27,10,20,425631909,0.030224327001761513
all_days,2025-08-24 00:00:00+00:00,その他のトップレベル宛先,393440941,2245,20,20,425631909,0.9243689974381126
all_days,2025-08-24 00:00:00+00:00,通常市場：Fee Module,19326530,59,16,20,425631909,0.04540667556012583
all_days,2025-08-25 00:00:00+00:00,Neg Risk市場：Fee Module,6474948,18,7,20,364401461,0.017768721295000515
all_days,2025-08-25 00:00:00+00:00,その他のトップレベル宛先,339321842,2202,20,20,364401461,0.9311758549727659
all_days,2025-08-25 00:00:00+00:00,通常市場：Fee Module,18604671,52,16,20,364401461,0.05105542373223361
all_days,2025-08-26 00:00:00+00:00,Neg Risk市場：Fee Module,8499001,19,10,20,308038541,0.027590706579797755
all_days,2025-08-26 00:00:00+00:00,その他のトップレベル宛先,286799468,1847,20,20,308038541,0.9310505986327211
all_days,2025-08-26 00:00:00+00:00,通常市場：Fee Module,12740072,40,18,20,308038541,0.04135869478748116
all_days,2025-08-27 00:00:00+00:00,Neg Risk市場：Fee Module,7933716,18,8,20,362473501,0.021887713110371618
all_days,2025-08-27 00:00:00+00:00,その他のトップレベル宛先,320842888,1778,20,20,362473501,0.8851485339337951
all_days,2025-08-27 00:00:00+00:00,通常市場：Fee Module,33696897,96,19,20,362473501,0.09296375295583331
all_days,2025-08-28 00:00:00+00:00,Neg Risk市場：Fee Module,8077091,18,11,20,320129156,0.025230725938627095
all_days,2025-08-28 00:00:00+00:00,その他のトップレベル宛先,295746600,1741,20,20,320129156,0.9238352535437291
all_days,2025-08-28 00:00:00+00:00,通常市場：Fee Module,16305465,52,16,20,320129156,0.05093402051764382
all_days,2025-08-29 00:00:00+00:00,Neg Risk市場：Fee Module,9512291,20,12,20,439627883,0.02163714215551701
all_days,2025-08-29 00:00:00+00:00,その他のトップレベル宛先,407981119,2043,20,20,439627883,0.9280146568865378
all_days,2025-08-29 00:00:00+00:00,通常市場：Fee Module,22134473,62,17,20,439627883,0.050348200957945156
all_days,2025-08-30 00:00:00+00:00,Neg Risk市場：Fee Module,2514013,6,6,20,272230418,0.009234871762199623
all_days,2025-08-30 00:00:00+00:00,その他のトップレベル宛先,260687209,1438,20,20,272230418,0.9575976517069448
all_days,2025-08-30 00:00:00+00:00,通常市場：Fee Module,9029196,27,15,20,272230418,0.03316747653085556
all_days,2025-08-31 00:00:00+00:00,Neg Risk市場：Fee Module,9445222,22,12,20,336860929,0.028038935913520562
all_days,2025-08-31 00:00:00+00:00,その他のトップレベル宛先,305301921,1593,20,20,336860929,0.9063144304277567
all_days,2025-08-31 00:00:00+00:00,通常市場：Fee Module,22113786,61,16,20,336860929,0.06564663365872271
all_days,2025-09-01 00:00:00+00:00,Neg Risk市場：Fee Module,10401239,26,7,20,348981250,0.029804578326199472
all_days,2025-09-01 00:00:00+00:00,その他のトップレベル宛先,329952147,1908,20,20,348981250,0.9454724200798753
all_days,2025-09-01 00:00:00+00:00,通常市場：Fee Module,8627864,26,15,20,348981250,0.024723001593925174
all_days,2025-09-02 00:00:00+00:00,Neg Risk市場：Fee Module,6036934,13,8,20,428881414,0.01407599817323863
all_days,2025-09-02 00:00:00+00:00,その他のトップレベル宛先,407400474,1955,20,20,428881414,0.9499140338126194
all_days,2025-09-02 00:00:00+00:00,通常市場：Fee Module,15444006,45,17,20,428881414,0.03600996801414202
all_days,2025-09-03 00:00:00+00:00,Neg Risk市場：Fee Module,3871636,8,5,20,358164306,0.010809664545411178
all_days,2025-09-03 00:00:00+00:00,その他のトップレベル宛先,337313081,1984,20,20,358164306,0.941783073715894
all_days,2025-09-03 00:00:00+00:00,通常市場：Fee Module,16979589,49,15,20,358164306,0.04740726173869487
all_days,2025-09-04 00:00:00+00:00,Neg Risk市場：Fee Module,14047096,32,14,20,367386574,0.03823519146891851
all_days,2025-09-04 00:00:00+00:00,その他のトップレベル宛先,337157411,2020,20,20,367386574,0.9177183785709055
all_days,2025-09-04 00:00:00+00:00,通常市場：Fee Module,16182067,47,16,20,367386574,0.04404642996017595
all_days,2025-09-05 00:00:00+00:00,Neg Risk市場：Fee Module,6914428,11,9,20,375295792,0.018423942254060764
all_days,2025-09-05 00:00:00+00:00,その他のトップレベル宛先,352875469,2014,20,20,375295792,0.9402595939578241
all_days,2025-09-05 00:00:00+00:00,通常市場：Fee Module,15505895,47,16,20,375295792,0.04131646378811516
all_days,2025-09-06 00:00:00+00:00,Neg Risk市場：Fee Module,4819431,11,9,20,349953201,0.013771644283373765
all_days,2025-09-06 00:00:00+00:00,その他のトップレベル宛先,333661338,1645,20,20,349953201,0.9534455951440204
all_days,2025-09-06 00:00:00+00:00,通常市場：Fee Module,11472432,36,15,20,349953201,0.03278276057260582
all_days,2025-09-07 00:00:00+00:00,Neg Risk市場：Fee Module,28750517,63,8,20,338257878,0.0849958533707824
all_days,2025-09-07 00:00:00+00:00,その他のトップレベル宛先,289088124,1583,20,20,338257878,0.85463825915682
all_days,2025-09-07 00:00:00+00:00,通常市場：Fee Module,20419237,54,15,20,338257878,0.060365887472397614
all_days,2025-09-08 00:00:00+00:00,Neg Risk市場：Fee Module,11608713,23,7,20,387481067,0.029959432830817513
all_days,2025-09-08 00:00:00+00:00,その他のトップレベル宛先,357588962,1826,20,20,387481067,0.9228553146314113
all_days,2025-09-08 00:00:00+00:00,通常市場：Fee Module,18283392,57,15,20,387481067,0.04718525253777109
all_days,2025-09-09 00:00:00+00:00,Neg Risk市場：Fee Module,8470360,17,11,20,357396490,0.02370017679804298
all_days,2025-09-09 00:00:00+00:00,その他のトップレベル宛先,331693944,1989,20,20,357396490,0.9280839439693434
all_days,2025-09-09 00:00:00+00:00,通常市場：Fee Module,17232186,49,17,20,357396490,0.04821587923261362
all_days,2025-09-10 00:00:00+00:00,Neg Risk市場：Fee Module,13597593,26,10,20,331108167,0.04106692119134591
all_days,2025-09-10 00:00:00+00:00,その他のトップレベル宛先,308230457,1549,20,20,331108167,0.9309056306062061
all_days,2025-09-10 00:00:00+00:00,通常市場：Fee Module,9280117,29,13,20,331108167,0.028027448202447992
all_days,2025-09-11 00:00:00+00:00,Neg Risk市場：Fee Module,8322637,19,10,20,311336147,0.026731997168321094
all_days,2025-09-11 00:00:00+00:00,その他のトップレベル宛先,290576016,1615,20,20,311336147,0.9333192396705545
all_days,2025-09-11 00:00:00+00:00,通常市場：Fee Module,12437494,35,16,20,311336147,0.03994876316112436
all_days,2025-09-12 00:00:00+00:00,Neg Risk市場：Fee Module,13739010,22,12,20,352304305,0.038997564903443346
all_days,2025-09-12 00:00:00+00:00,その他のトップレベル宛先,318397553,1363,20,20,352304305,0.9037572021721392
all_days,2025-09-12 00:00:00+00:00,通常市場：Fee Module,20167742,63,14,20,352304305,0.05724523292441743
all_days,2025-09-13 00:00:00+00:00,Neg Risk市場：Fee Module,9273704,20,13,20,326260027,0.028424272765722538
all_days,2025-09-13 00:00:00+00:00,その他のトップレベル宛先,303566506,1168,20,20,326260027,0.9304434527003824
all_days,2025-09-13 00:00:00+00:00,通常市場：Fee Module,13419817,37,13,20,326260027,0.041132274533895015
all_days,2025-09-14 00:00:00+00:00,Neg Risk市場：Fee Module,16312302,37,14,20,356203242,0.04579492850320548
all_days,2025-09-14 00:00:00+00:00,その他のトップレベル宛先,320867303,1312,20,20,356203242,0.9007983790332823
all_days,2025-09-14 00:00:00+00:00,通常市場：Fee Module,19023637,48,16,20,356203242,0.053406692463512165
all_days,2025-09-15 00:00:00+00:00,Neg Risk市場：Fee Module,12531831,24,6,20,303580959,0.0412800296872374
all_days,2025-09-15 00:00:00+00:00,その他のトップレベル宛先,273959993,1380,20,20,303580959,0.902428116382622
all_days,2025-09-15 00:00:00+00:00,通常市場：Fee Module,17089135,52,14,20,303580959,0.05629185393014059
all_days,2025-09-16 00:00:00+00:00,Neg Risk市場：Fee Module,19276426,45,14,20,485202090,0.03972865409545124
all_days,2025-09-16 00:00:00+00:00,その他のトップレベル宛先,437480597,1816,20,20,485202090,0.9016461511944436
all_days,2025-09-16 00:00:00+00:00,通常市場：Fee Module,28445067,83,20,20,485202090,0.05862519471010522
all_days,2025-09-17 00:00:00+00:00,Neg Risk市場：Fee Module,26650732,55,14,20,495217105,0.053816259032490404
all_days,2025-09-17 00:00:00+00:00,その他のトップレベル宛先,446397579,1761,20,20,495217105,0.9014179326459251
all_days,2025-09-17 00:00:00+00:00,通常市場：Fee Module,22168794,70,17,20,495217105,0.04476580832158453
all_days,2025-09-18 00:00:00+00:00,Neg Risk市場：Fee Module,11548914,28,14,20,386629369,0.029870762352768913
all_days,2025-09-18 00:00:00+00:00,その他のトップレベル宛先,357166263,1799,20,20,386629369,0.9237949613703557
all_days,2025-09-18 00:00:00+00:00,通常市場：Fee Module,17914192,49,17,20,386629369,0.046334276276875384
all_days,2025-09-19 00:00:00+00:00,Neg Risk市場：Fee Module,11492797,29,14,20,414224554,0.02774533013318182
all_days,2025-09-19 00:00:00+00:00,その他のトップレベル宛先,382724486,1853,20,20,414224554,0.9239541265822692
all_days,2025-09-19 00:00:00+00:00,通常市場：Fee Module,20007271,64,16,20,414224554,0.04830054328454899
all_days,2025-09-20 00:00:00+00:00,Neg Risk市場：Fee Module,11944692,26,14,20,321179294,0.0371901060346686
all_days,2025-09-20 00:00:00+00:00,その他のトップレベル宛先,290755231,1779,20,20,321179294,0.9052738966416684
all_days,2025-09-20 00:00:00+00:00,通常市場：Fee Module,18479371,54,16,20,321179294,0.05753599732366309
all_days,2025-09-21 00:00:00+00:00,Neg Risk市場：Fee Module,30711226,58,15,20,390653151,0.0786150730421217
all_days,2025-09-21 00:00:00+00:00,その他のトップレベル宛先,336674040,1722,20,20,390653151,0.8618234337498023
all_days,2025-09-21 00:00:00+00:00,通常市場：Fee Module,23267885,72,18,20,390653151,0.05956149320807603
all_days,2025-09-22 00:00:00+00:00,Neg Risk市場：Fee Module,22986181,52,13,20,438879122,0.05237474249230748
all_days,2025-09-22 00:00:00+00:00,その他のトップレベル宛先,390410263,1812,20,20,438879122,0.8895621674161115
all_days,2025-09-22 00:00:00+00:00,通常市場：Fee Module,25482678,83,18,20,438879122,0.058063090091581074
all_days,2025-09-23 00:00:00+00:00,Neg Risk市場：Fee Module,6773153,17,12,20,423127124,0.016007371344976692
all_days,2025-09-23 00:00:00+00:00,その他のトップレベル宛先,403263373,2021,20,20,423127124,0.9530548861717502
all_days,2025-09-23 00:00:00+00:00,通常市場：Fee Module,13090598,36,17,20,423127124,0.030937742483273183
all_days,2025-09-24 00:00:00+00:00,Neg Risk市場：Fee Module,15162612,30,13,20,447689863,0.033868562264051084
all_days,2025-09-24 00:00:00+00:00,その他のトップレベル宛先,403340046,1958,20,20,447689863,0.9009362939272092
all_days,2025-09-24 00:00:00+00:00,通常市場：Fee Module,29187205,90,17,20,447689863,0.06519514380873975
all_days,2025-09-25 00:00:00+00:00,Neg Risk市場：Fee Module,8149159,20,10,20,400237764,0.020360794839939193
all_days,2025-09-25 00:00:00+00:00,その他のトップレベル宛先,349119734,1959,20,20,400237764,0.8722808425443832
all_days,2025-09-25 00:00:00+00:00,通常市場：Fee Module,42968871,128,19,20,400237764,0.10735836261567762
all_days,2025-09-26 00:00:00+00:00,Neg Risk市場：Fee Module,10614498,25,12,20,379995674,0.027933207471198738
all_days,2025-09-26 00:00:00+00:00,その他のトップレベル宛先,349993792,1743,20,20,379995674,0.9210467801272917
all_days,2025-09-26 00:00:00+00:00,通常市場：Fee Module,19387384,53,18,20,379995674,0.0510200124015096
all_days,2025-09-27 00:00:00+00:00,Neg Risk市場：Fee Module,8298551,20,13,20,373595691,0.022212651804916026
all_days,2025-09-27 00:00:00+00:00,その他のトップレベル宛先,337696415,1518,20,20,373595691,0.9039087525235937
all_days,2025-09-27 00:00:00+00:00,通常市場：Fee Module,27600725,83,18,20,373595691,0.07387859567149023
all_days,2025-09-28 00:00:00+00:00,Neg Risk市場：Fee Module,17800193,33,14,20,449924400,0.039562630966446806
all_days,2025-09-28 00:00:00+00:00,その他のトップレベル宛先,392001059,1831,20,20,449924400,0.8712598360969087
all_days,2025-09-28 00:00:00+00:00,通常市場：Fee Module,40123148,125,19,20,449924400,0.08917753293664447
all_days,2025-09-29 00:00:00+00:00,Neg Risk市場：Fee Module,13281269,29,16,20,397801549,0.03338666989454081
all_days,2025-09-29 00:00:00+00:00,その他のトップレベル宛先,363903430,1680,20,20,397801549,0.9147863574558378
all_days,2025-09-29 00:00:00+00:00,通常市場：Fee Module,20616850,57,17,20,397801549,0.051826972649621335
all_days,2025-09-30 00:00:00+00:00,Neg Risk市場：Fee Module,17079458,41,16,20,436809882,0.039100438666357824
all_days,2025-09-30 00:00:00+00:00,その他のトップレベル宛先,404668930,1695,20,20,436809882,0.9264188991035692
all_days,2025-09-30 00:00:00+00:00,通常市場：Fee Module,15061494,47,14,20,436809882,0.0344806622300729
all_days,2025-10-01 00:00:00+00:00,Neg Risk市場：Fee Module,16738970,40,17,20,489817084,0.03417392032001889
all_days,2025-10-01 00:00:00+00:00,その他のトップレベル宛先,443074324,2108,20,20,489817084,0.9045709887897663
all_days,2025-10-01 00:00:00+00:00,通常市場：Fee Module,30003790,88,18,20,489817084,0.061255090890214844
all_days,2025-10-02 00:00:00+00:00,Neg Risk市場：Fee Module,23048692,55,16,20,449892548,0.05123154873861125
all_days,2025-10-02 00:00:00+00:00,その他のトップレベル宛先,398590222,1900,20,20,449892548,0.8859676022017595
all_days,2025-10-02 00:00:00+00:00,通常市場：Fee Module,28253634,84,17,20,449892548,0.06280084905962924
all_days,2025-10-03 00:00:00+00:00,Neg Risk市場：Fee Module,22756920,55,13,20,516079173,0.0440957922555034
all_days,2025-10-03 00:00:00+00:00,その他のトップレベル宛先,454751251,2003,20,20,516079173,0.8811656714540581
all_days,2025-10-03 00:00:00+00:00,通常市場：Fee Module,38571002,110,18,20,516079173,0.07473853629043851
all_days,2025-10-04 00:00:00+00:00,Neg Risk市場：Fee Module,13400855,32,15,20,421812100,0.03176972637816696
all_days,2025-10-04 00:00:00+00:00,その他のトップレベル宛先,384284562,1320,20,20,421812100,0.9110325711377175
all_days,2025-10-04 00:00:00+00:00,通常市場：Fee Module,24126683,69,16,20,421812100,0.057197702484115556
all_days,2025-10-05 00:00:00+00:00,Neg Risk市場：Fee Module,18098354,40,13,20,473165515,0.03824952036075579
all_days,2025-10-05 00:00:00+00:00,その他のトップレベル宛先,410191886,1631,20,20,473165515,0.8669099353109028
all_days,2025-10-05 00:00:00+00:00,通常市場：Fee Module,44875275,137,19,20,473165515,0.09484054432834142
all_days,2025-10-06 00:00:00+00:00,Neg Risk市場：Fee Module,10203684,25,12,20,468519082,0.021778587878305455
all_days,2025-10-06 00:00:00+00:00,その他のトップレベル宛先,397230504,1474,20,20,468519082,0.8478427437881815
all_days,2025-10-06 00:00:00+00:00,通常市場：Fee Module,61084894,174,17,20,468519082,0.13037866833351305
all_days,2025-10-07 00:00:00+00:00,Neg Risk市場：Fee Module,21097700,45,16,20,461338264,0.04573151989837981
all_days,2025-10-07 00:00:00+00:00,その他のトップレベル宛先,405309841,1647,20,20,461338264,0.8785524042289282
all_days,2025-10-07 00:00:00+00:00,通常市場：Fee Module,34930723,100,18,20,461338264,0.07571607587269197
all_days,2025-10-08 00:00:00+00:00,Neg Risk市場：Fee Module,14079175,35,15,20,440051542,0.0319943771495749
all_days,2025-10-08 00:00:00+00:00,その他のトップレベル宛先,393524143,1614,20,20,440051542,0.8942682968714606
all_days,2025-10-08 00:00:00+00:00,通常市場：Fee Module,32448224,90,20,20,440051542,0.07373732597896453
all_days,2025-10-09 00:00:00+00:00,Neg Risk市場：Fee Module,12773439,26,18,20,409507920,0.03119216595371342
all_days,2025-10-09 00:00:00+00:00,その他のトップレベル宛先,361078403,1594,20,20,409507920,0.881737288499817
all_days,2025-10-09 00:00:00+00:00,通常市場：Fee Module,35656078,108,19,20,409507920,0.08707054554646954
all_days,2025-10-10 00:00:00+00:00,Neg Risk市場：Fee Module,33353111,79,17,20,475991225,0.07007085267170629
all_days,2025-10-10 00:00:00+00:00,その他のトップレベル宛先,387030397,1853,20,20,475991225,0.813104058798563
all_days,2025-10-10 00:00:00+00:00,通常市場：Fee Module,55607717,155,20,20,475991225,0.11682508852973078
all_days,2025-10-11 00:00:00+00:00,Neg Risk市場：Fee Module,10514231,22,10,20,432473741,0.02431183677346089
all_days,2025-10-11 00:00:00+00:00,その他のトップレベル宛先,390650656,1919,20,20,432473741,0.9032933539426155
all_days,2025-10-11 00:00:00+00:00,通常市場：Fee Module,31308854,92,18,20,432473741,0.07239480928392367
all_days,2025-10-12 00:00:00+00:00,Neg Risk市場：Fee Module,12693662,30,15,20,427998989,0.02965815884205278
all_days,2025-10-12 00:00:00+00:00,その他のトップレベル宛先,356424790,2136,20,20,427998989,0.8327701680622428
all_days,2025-10-12 00:00:00+00:00,通常市場：Fee Module,58880537,176,20,20,427998989,0.13757167309570445
all_days,2025-10-13 00:00:00+00:00,Neg Risk市場：Fee Module,44028849,101,16,20,432927900,0.10170018841474528
all_days,2025-10-13 00:00:00+00:00,その他のトップレベル宛先,347015329,1821,20,20,432927900,0.8015545521552203
all_days,2025-10-13 00:00:00+00:00,通常市場：Fee Module,41883722,123,19,20,432927900,0.09674525943003442
all_days,2025-10-14 00:00:00+00:00,Neg Risk市場：Fee Module,14201176,23,13,20,404654555,0.03509456603052448
all_days,2025-10-14 00:00:00+00:00,その他のトップレベル宛先,356354185,1943,20,20,404654555,0.8806380172836556
all_days,2025-10-14 00:00:00+00:00,通常市場：Fee Module,34099194,92,20,20,404654555,0.08426741668581983
all_days,2025-10-15 00:00:00+00:00,Neg Risk市場：Fee Module,27705502,61,16,20,350952173,0.07894381095625813
all_days,2025-10-15 00:00:00+00:00,その他のトップレベル宛先,289967035,1743,20,20,350952173,0.8262294902502285
all_days,2025-10-15 00:00:00+00:00,通常市場：Fee Module,33279636,88,17,20,350952173,0.09482669879351338
all_days,2025-10-16 00:00:00+00:00,Neg Risk市場：Fee Module,22707541,47,18,20,347286039,0.06538570069037529
all_days,2025-10-16 00:00:00+00:00,その他のトップレベル宛先,277487940,1769,20,20,347286039,0.7990184137520138
all_days,2025-10-16 00:00:00+00:00,通常市場：Fee Module,47090558,138,20,20,347286039,0.1355958855576109
all_days,2025-10-17 00:00:00+00:00,Neg Risk市場：Fee Module,16531855,40,15,20,453623284,0.03644401771933735
all_days,2025-10-17 00:00:00+00:00,その他のトップレベル宛先,378153232,2408,20,20,453623284,0.8336283549325039
all_days,2025-10-17 00:00:00+00:00,通常市場：Fee Module,58938197,169,19,20,453623284,0.1299276273481588
all_days,2025-10-18 00:00:00+00:00,Neg Risk市場：Fee Module,24173277,56,16,20,381790898,0.06331548794544599
all_days,2025-10-18 00:00:00+00:00,その他のトップレベル宛先,321226965,1771,20,20,381790898,0.8413688400711952
all_days,2025-10-18 00:00:00+00:00,通常市場：Fee Module,36390656,104,19,20,381790898,0.0953156719833588
all_days,2025-10-19 00:00:00+00:00,Neg Risk市場：Fee Module,23171265,60,19,20,372349031,0.062229959180422845
all_days,2025-10-19 00:00:00+00:00,その他のトップレベル宛先,304671764,1654,20,20,372349031,0.8182423979505401
all_days,2025-10-19 00:00:00+00:00,通常市場：Fee Module,44506002,128,20,20,372349031,0.11952764286903704
all_days,2025-10-20 00:00:00+00:00,Neg Risk市場：Fee Module,27241849,60,19,20,498226756,0.05467761149302869
all_days,2025-10-20 00:00:00+00:00,その他のトップレベル宛先,400907630,2325,20,20,498226756,0.8046690089843348
all_days,2025-10-20 00:00:00+00:00,通常市場：Fee Module,70077277,191,20,20,498226756,0.14065337952263648
all_days,2025-10-21 00:00:00+00:00,Neg Risk市場：Fee Module,31310121,78,18,20,426679793,0.07338083854371796
all_days,2025-10-21 00:00:00+00:00,その他のトップレベル宛先,348298919,1725,20,20,426679793,0.8163004780495897
all_days,2025-10-21 00:00:00+00:00,通常市場：Fee Module,47070753,140,20,20,426679793,0.11031868340669229
all_days,2025-10-22 00:00:00+00:00,Neg Risk市場：Fee Module,24578537,56,16,20,424297643,0.057927583161238534
all_days,2025-10-22 00:00:00+00:00,その他のトップレベル宛先,334304705,1801,20,20,424297643,0.7879013954362221
all_days,2025-10-22 00:00:00+00:00,通常市場：Fee Module,65414401,167,20,20,424297643,0.15417102140253935
all_days,2025-10-23 00:00:00+00:00,Neg Risk市場：Fee Module,17962677,38,16,20,443898408,0.040465738728218195
all_days,2025-10-23 00:00:00+00:00,その他のトップレベル宛先,367217880,1690,20,20,443898408,0.8272565825466984
all_days,2025-10-23 00:00:00+00:00,通常市場：Fee Module,58717851,162,20,20,443898408,0.13227767872508342
all_days,2025-10-24 00:00:00+00:00,Neg Risk市場：Fee Module,55740839,123,20,20,463273612,0.12031947763949051
all_days,2025-10-24 00:00:00+00:00,その他のトップレベル宛先,349263688,1691,20,20,463273612,0.7539036952529902
all_days,2025-10-24 00:00:00+00:00,通常市場：Fee Module,58269085,160,20,20,463273612,0.12577682710751933
all_days,2025-10-25 00:00:00+00:00,Neg Risk市場：Fee Module,37556047,86,20,20,343843366,0.10922428848023782
all_days,2025-10-25 00:00:00+00:00,その他のトップレベル宛先,256452766,1519,20,20,343843366,0.7458418319462357
all_days,2025-10-25 00:00:00+00:00,通常市場：Fee Module,49834553,135,19,20,343843366,0.14493387957352652
all_days,2025-10-26 00:00:00+00:00,Neg Risk市場：Fee Module,36177304,86,18,20,372412178,0.09714318203632966
all_days,2025-10-26 00:00:00+00:00,その他のトップレベル宛先,292610672,1598,20,20,372412178,0.7857172490207879
all_days,2025-10-26 00:00:00+00:00,通常市場：Fee Module,43624202,120,20,20,372412178,0.11713956894288242
all_days,2025-10-27 00:00:00+00:00,Neg Risk市場：Fee Module,36354563,72,19,20,482354798,0.07536892584201059
all_days,2025-10-27 00:00:00+00:00,その他のトップレベル宛先,362758603,2104,20,20,482354798,0.7520576233596415
all_days,2025-10-27 00:00:00+00:00,通常市場：Fee Module,83241632,240,20,20,482354798,0.17257345079834782
all_days,2025-10-28 00:00:00+00:00,Neg Risk市場：Fee Module,26743304,52,18,20,471313525,0.056742067819929416
all_days,2025-10-28 00:00:00+00:00,その他のトップレベル宛先,397119202,1655,20,20,471313525,0.8425796862078168
all_days,2025-10-28 00:00:00+00:00,通常市場：Fee Module,47451019,145,20,20,471313525,0.10067824597225382
all_days,2025-10-29 00:00:00+00:00,Neg Risk市場：Fee Module,23077414,53,19,20,483730978,0.04770712451663577
all_days,2025-10-29 00:00:00+00:00,その他のトップレベル宛先,375695270,1861,20,20,483730978,0.7766615889545119
all_days,2025-10-29 00:00:00+00:00,通常市場：Fee Module,84958294,242,20,20,483730978,0.1756312865288524
all_days,2025-10-30 00:00:00+00:00,Neg Risk市場：Fee Module,55910149,129,19,20,435712329,0.12831895101136787
all_days,2025-10-30 00:00:00+00:00,その他のトップレベル宛先,320535809,1778,20,20,435712329,0.7356592587950386
all_days,2025-10-30 00:00:00+00:00,通常市場：Fee Module,59266371,170,20,20,435712329,0.13602179019359353
all_days,2025-10-31 00:00:00+00:00,Neg Risk市場：Fee Module,33415600,98,17,20,463481853,0.07209688962730543
all_days,2025-10-31 00:00:00+00:00,その他のトップレベル宛先,357597302,1649,20,20,463481853,0.7715454222972565
all_days,2025-10-31 00:00:00+00:00,通常市場：Fee Module,72468951,209,19,20,463481853,0.15635768807543798
all_days,2025-11-01 00:00:00+00:00,Neg Risk市場：Fee Module,41834635,81,19,20,444199777,0.09417977488088654
all_days,2025-11-01 00:00:00+00:00,その他のトップレベル宛先,342882514,1658,20,20,444199777,0.7719105946331891
all_days,2025-11-01 00:00:00+00:00,通常市場：Fee Module,59482628,164,20,20,444199777,0.13390963048592436
all_days,2025-11-02 00:00:00+00:00,Neg Risk市場：Fee Module,22389131,41,20,20,384697613,0.05819929795093374
all_days,2025-11-02 00:00:00+00:00,その他のトップレベル宛先,312262800,1833,20,20,384697613,0.8117097414898699
all_days,2025-11-02 00:00:00+00:00,通常市場：Fee Module,50045682,144,20,20,384697613,0.1300909605591964
all_days,2025-11-03 00:00:00+00:00,Neg Risk市場：Fee Module,24289227,48,18,20,424434371,0.05722728567616405
all_days,2025-11-03 00:00:00+00:00,その他のトップレベル宛先,337400754,1787,20,20,424434371,0.794942108965063
all_days,2025-11-03 00:00:00+00:00,通常市場：Fee Module,62744390,179,20,20,424434371,0.14783060535877288
all_days,2025-11-04 00:00:00+00:00,Neg Risk市場：Fee Module,28279336,59,17,20,475972646,0.05941378404337967
all_days,2025-11-04 00:00:00+00:00,その他のトップレベル宛先,327341446,2177,20,20,475972646,0.687731634897355
all_days,2025-11-04 00:00:00+00:00,通常市場：Fee Module,120351864,315,20,20,475972646,0.25285458105926534
all_days,2025-11-05 00:00:00+00:00,Neg Risk市場：Fee Module,67225005,148,20,20,442075385,0.15206683584067907
all_days,2025-11-05 00:00:00+00:00,その他のトップレベル宛先,310998158,1850,20,20,442075385,0.7034957578558688
all_days,2025-11-05 00:00:00+00:00,通常市場：Fee Module,63852222,170,20,20,442075385,0.14443740630345206
all_days,2025-11-06 00:00:00+00:00,Neg Risk市場：Fee Module,21628471,44,17,20,487661919,0.04435136342889222
all_days,2025-11-06 00:00:00+00:00,その他のトップレベル宛先,393978052,1734,20,20,487661919,0.807891772250521
all_days,2025-11-06 00:00:00+00:00,通常市場：Fee Module,72055396,190,20,20,487661919,0.14775686432058682
all_days,2025-11-07 00:00:00+00:00,Neg Risk市場：Fee Module,34013312,73,18,20,483041154,0.07041493611536047
all_days,2025-11-07 00:00:00+00:00,その他のトップレベル宛先,357729713,2796,20,20,483041154,0.740578126806976
all_days,2025-11-07 00:00:00+00:00,通常市場：Fee Module,91298129,241,20,20,483041154,0.18900693707766358
all_days,2025-11-08 00:00:00+00:00,Neg Risk市場：Fee Module,38063248,78,18,20,486756365,0.07819774067053031
all_days,2025-11-08 00:00:00+00:00,その他のトップレベル宛先,380508017,2131,20,20,486756365,0.7817217079431514
all_days,2025-11-08 00:00:00+00:00,通常市場：Fee Module,68185100,181,20,20,486756365,0.14008055138631828
all_days,2025-11-09 00:00:00+00:00,Neg Risk市場：Fee Module,22968367,53,17,20,451248985,0.05089954274356983
all_days,2025-11-09 00:00:00+00:00,その他のトップレベル宛先,367424682,1894,20,20,451248985,0.8142393539123418
all_days,2025-11-09 00:00:00+00:00,通常市場：Fee Module,60855936,174,20,20,451248985,0.1348611033440884
all_days,2025-11-10 00:00:00+00:00,Neg Risk市場：Fee Module,24557741,49,17,20,506789453,0.04845748240147373
all_days,2025-11-10 00:00:00+00:00,その他のトップレベル宛先,411548845,2194,20,20,506789453,0.812070658858009
all_days,2025-11-10 00:00:00+00:00,通常市場：Fee Module,70682867,186,20,20,506789453,0.13947185874051723
all_days,2025-11-11 00:00:00+00:00,Neg Risk市場：Fee Module,16351926,38,17,20,465127096,0.03515582330211096
all_days,2025-11-11 00:00:00+00:00,その他のトップレベル宛先,377955695,2435,20,20,465127096,0.8125858464285212
all_days,2025-11-11 00:00:00+00:00,通常市場：Fee Module,70819475,204,20,20,465127096,0.15225833026936791
all_days,2025-11-12 00:00:00+00:00,Neg Risk市場：Fee Module,29912452,67,20,20,439496450,0.0680607363267667
all_days,2025-11-12 00:00:00+00:00,その他のトップレベル宛先,311260844,2230,20,20,439496450,0.7082215203330994
all_days,2025-11-12 00:00:00+00:00,通常市場：Fee Module,98323154,279,20,20,439496450,0.22371774334013392
all_days,2025-11-13 00:00:00+00:00,Neg Risk市場：Fee Module,32672135,74,18,20,425956043,0.07670306722236125
all_days,2025-11-13 00:00:00+00:00,その他のトップレベル宛先,326061725,2054,20,20,425956043,0.7654820969402235
all_days,2025-11-13 00:00:00+00:00,通常市場：Fee Module,67222183,184,20,20,425956043,0.15781483583741526
all_days,2025-11-14 00:00:00+00:00,Neg Risk市場：Fee Module,62820282,156,17,20,456358795,0.13765546470951656
all_days,2025-11-14 00:00:00+00:00,その他のトップレベル宛先,313603875,1806,20,20,456358795,0.6871870958463724
all_days,2025-11-14 00:00:00+00:00,通常市場：Fee Module,79934638,212,20,20,456358795,0.17515743944411108
all_days,2025-11-15 00:00:00+00:00,Neg Risk市場：Fee Module,31729063,71,19,20,471010852,0.06736376214108969
all_days,2025-11-15 00:00:00+00:00,その他のトップレベル宛先,379576962,2473,20,20,471010852,0.8058773176631607
all_days,2025-11-15 00:00:00+00:00,通常市場：Fee Module,59704827,162,19,20,471010852,0.12675892019574955
all_days,2025-11-16 00:00:00+00:00,Neg Risk市場：Fee Module,49578606,116,16,20,428620188,0.11567025396386603
all_days,2025-11-16 00:00:00+00:00,その他のトップレベル宛先,306051329,2079,20,20,428620188,0.7140385300750229
all_days,2025-11-16 00:00:00+00:00,通常市場：Fee Module,72990253,198,20,20,428620188,0.170291215961111
all_days,2025-11-17 00:00:00+00:00,Neg Risk市場：Fee Module,27302634,65,19,19,373120980,0.07317367680584458
all_days,2025-11-17 00:00:00+00:00,その他のトップレベル宛先,272299815,2058,19,19,373120980,0.7297896114016424
all_days,2025-11-17 00:00:00+00:00,通常市場：Fee Module,73518531,204,19,19,373120980,0.19703671179251298
all_days,2025-11-18 00:00:00+00:00,Neg Risk市場：Fee Module,20038077,42,15,20,431413033,0.046447546706360164
all_days,2025-11-18 00:00:00+00:00,その他のトップレベル宛先,349067382,2268,20,20,431413033,0.8091257224489089
all_days,2025-11-18 00:00:00+00:00,通常市場：Fee Module,62307574,189,19,20,431413033,0.14442673084473087
all_days,2025-11-19 00:00:00+00:00,Neg Risk市場：Fee Module,42581067,98,18,20,422218111,0.1008508775219261
all_days,2025-11-19 00:00:00+00:00,その他のトップレベル宛先,304241558,1705,20,20,422218111,0.7205791274074456
all_days,2025-11-19 00:00:00+00:00,通常市場：Fee Module,75395486,209,20,20,422218111,0.17856999507062832
all_days,2025-11-20 00:00:00+00:00,Neg Risk市場：Fee Module,25261062,51,18,20,471436480,0.05358317201078711
all_days,2025-11-20 00:00:00+00:00,その他のトップレベル宛先,379525401,2105,20,20,471436480,0.8050403757469087
all_days,2025-11-20 00:00:00+00:00,通常市場：Fee Module,66650017,175,20,20,471436480,0.1413764522423042
all_days,2025-11-21 00:00:00+00:00,Neg Risk市場：Fee Module,34028599,69,20,20,483109599,0.07043660293738026
all_days,2025-11-21 00:00:00+00:00,その他のトップレベル宛先,351189708,2304,20,20,483109599,0.7269358934844927
all_days,2025-11-21 00:00:00+00:00,通常市場：Fee Module,97891292,255,20,20,483109599,0.202627503578127
all_days,2025-11-22 00:00:00+00:00,Neg Risk市場：Fee Module,21839103,54,16,20,445179066,0.04905689568071469
all_days,2025-11-22 00:00:00+00:00,その他のトップレベル宛先,324270754,2163,20,20,445179066,0.7284052166100731
all_days,2025-11-22 00:00:00+00:00,通常市場：Fee Module,99069209,264,20,20,445179066,0.22253788770921226
all_days,2025-11-23 00:00:00+00:00,Neg Risk市場：Fee Module,32529787,67,18,20,416530744,0.07809696515462974
all_days,2025-11-23 00:00:00+00:00,その他のトップレベル宛先,301842560,2043,20,20,416530744,0.7246585380501949
all_days,2025-11-23 00:00:00+00:00,通常市場：Fee Module,82158397,237,20,20,416530744,0.19724449679517533
all_days,2025-11-24 00:00:00+00:00,Neg Risk市場：Fee Module,50984459,109,18,20,461170814,0.11055439210860382
all_days,2025-11-24 00:00:00+00:00,その他のトップレベル宛先,328658495,2156,20,20,461170814,0.712661090040273
all_days,2025-11-24 00:00:00+00:00,通常市場：Fee Module,81527860,236,20,20,461170814,0.17678451785112317
all_days,2025-11-25 00:00:00+00:00,Neg Risk市場：Fee Module,32848922,77,20,20,450695628,0.07288493599498595
all_days,2025-11-25 00:00:00+00:00,その他のトップレベル宛先,318997428,1905,20,20,450695628,0.7077890447164489
all_days,2025-11-25 00:00:00+00:00,通常市場：Fee Module,98849278,270,20,20,450695628,0.21932601928856518
all_days,2025-11-26 00:00:00+00:00,Neg Risk市場：Fee Module,47330608,108,18,20,444301768,0.10652806585275619
all_days,2025-11-26 00:00:00+00:00,その他のトップレベル宛先,319092240,2052,20,20,444301768,0.7181880941783694
all_days,2025-11-26 00:00:00+00:00,通常市場：Fee Module,77878920,223,20,20,444301768,0.17528383996887448
all_days,2025-11-27 00:00:00+00:00,Neg Risk市場：Fee Module,71907917,150,18,20,493788170,0.14562502985845124
all_days,2025-11-27 00:00:00+00:00,その他のトップレベル宛先,330452113,2262,20,20,493788170,0.6692183674631168
all_days,2025-11-27 00:00:00+00:00,通常市場：Fee Module,91428140,248,20,20,493788170,0.18515660267843193
all_days,2025-11-28 00:00:00+00:00,Neg Risk市場：Fee Module,26357160,67,16,20,474152239,0.05558796907842926
all_days,2025-11-28 00:00:00+00:00,その他のトップレベル宛先,382904536,2372,20,20,474152239,0.807556106468159
all_days,2025-11-28 00:00:00+00:00,通常市場：Fee Module,64890543,178,20,20,474152239,0.1368559244534117
all_days,2025-11-29 00:00:00+00:00,Neg Risk市場：Fee Module,50503796,112,17,20,494792912,0.102070572910713
all_days,2025-11-29 00:00:00+00:00,その他のトップレベル宛先,334717163,1853,20,20,494792912,0.6764793004957194
all_days,2025-11-29 00:00:00+00:00,通常市場：Fee Module,109571953,304,20,20,494792912,0.2214501265935677
all_days,2025-11-30 00:00:00+00:00,Neg Risk市場：Fee Module,36371613,80,17,20,469918160,0.077399888099664
all_days,2025-11-30 00:00:00+00:00,その他のトップレベル宛先,340301837,1962,20,20,469918160,0.724172560175159
all_days,2025-11-30 00:00:00+00:00,通常市場：Fee Module,93244710,258,20,20,469918160,0.198427551725177
all_days,2025-12-01 00:00:00+00:00,Neg Risk市場：Fee Module,46397997,108,20,20,499477577,0.0928930529347867
all_days,2025-12-01 00:00:00+00:00,その他のトップレベル宛先,347679725,2111,20,20,499477577,0.6960867534600057
all_days,2025-12-01 00:00:00+00:00,通常市場：Fee Module,105399855,266,20,20,499477577,0.21102019360520763
all_days,2025-12-02 00:00:00+00:00,Neg Risk市場：Fee Module,34436295,71,19,20,573605894,0.06003476491474127
all_days,2025-12-02 00:00:00+00:00,その他のトップレベル宛先,417304758,1790,20,20,573605894,0.7275112797219618
all_days,2025-12-02 00:00:00+00:00,通常市場：Fee Module,121864841,316,19,20,573605894,0.21245395536329686
all_days,2025-12-03 00:00:00+00:00,Neg Risk市場：Fee Module,56146175,119,20,20,563344165,0.09966584991609881
all_days,2025-12-03 00:00:00+00:00,その他のトップレベル宛先,393553833,2294,20,20,563344165,0.6986028389945248
all_days,2025-12-03 00:00:00+00:00,通常市場：Fee Module,113644157,294,20,20,563344165,0.20173131108937642
all_days,2025-12-04 00:00:00+00:00,Neg Risk市場：Fee Module,35659150,78,18,20,516152269,0.06908649276905533
all_days,2025-12-04 00:00:00+00:00,その他のトップレベル宛先,364193432,2601,20,20,516152269,0.7055930078648942
all_days,2025-12-04 00:00:00+00:00,通常市場：Fee Module,116299687,330,20,20,516152269,0.22532049936605045
all_days,2025-12-05 00:00:00+00:00,Neg Risk市場：Fee Module,68062575,220,16,20,534787511,0.12727031503172107
all_days,2025-12-05 00:00:00+00:00,その他のトップレベル宛先,337899208,1947,20,20,534787511,0.6318382554748927
all_days,2025-12-05 00:00:00+00:00,通常市場：Fee Module,128825728,343,20,20,534787511,0.2408914294933862
all_days,2025-12-06 00:00:00+00:00,Neg Risk市場：Fee Module,53677616,132,17,20,504974461,0.1062976846268667
all_days,2025-12-06 00:00:00+00:00,その他のトップレベル宛先,340542965,1874,20,20,504974461,0.6743766097113573
all_days,2025-12-06 00:00:00+00:00,通常市場：Fee Module,110753880,305,20,20,504974461,0.21932570566177603
all_days,2025-12-07 00:00:00+00:00,Neg Risk市場：Fee Module,37951804,82,16,20,504506675,0.07522557357640511
all_days,2025-12-07 00:00:00+00:00,その他のトップレベル宛先,363325958,1965,20,20,504506675,0.7201608541651109
all_days,2025-12-07 00:00:00+00:00,通常市場：Fee Module,103228913,254,19,20,504506675,0.204613572258484
all_days,2025-12-08 00:00:00+00:00,Neg Risk市場：Fee Module,22403405,53,17,20,503471243,0.044497884062863945
all_days,2025-12-08 00:00:00+00:00,その他のトップレベル宛先,335432394,2075,20,20,503471243,0.6662394300839939
all_days,2025-12-08 00:00:00+00:00,通常市場：Fee Module,145635444,392,20,20,503471243,0.2892626858531422
all_days,2025-12-09 00:00:00+00:00,Neg Risk市場：Fee Module,35865465,85,17,20,593943091,0.06038535601048014
all_days,2025-12-09 00:00:00+00:00,その他のトップレベル宛先,442818900,2706,20,20,593943091,0.7455577928424796
all_days,2025-12-09 00:00:00+00:00,通常市場：Fee Module,115258726,297,19,20,593943091,0.19405685114704027
all_days,2025-12-10 00:00:00+00:00,Neg Risk市場：Fee Module,40459373,88,20,20,578754571,0.06990765175312974
all_days,2025-12-10 00:00:00+00:00,その他のトップレベル宛先,425112839,2665,20,20,578754571,0.7345304215316513
all_days,2025-12-10 00:00:00+00:00,通常市場：Fee Module,113182359,306,20,20,578754571,0.195561926715219
all_days,2025-12-11 00:00:00+00:00,Neg Risk市場：Fee Module,20363382,46,13,20,480244533,0.04240211100955937
all_days,2025-12-11 00:00:00+00:00,その他のトップレベル宛先,383226617,3433,20,20,480244533,0.7979822583425432
all_days,2025-12-11 00:00:00+00:00,通常市場：Fee Module,76654534,220,14,20,480244533,0.15961563064789747
all_days,2025-12-12 00:00:00+00:00,Neg Risk市場：Fee Module,24136895,52,16,20,574905282,0.04198412461272186
all_days,2025-12-12 00:00:00+00:00,その他のトップレベル宛先,415244433,2853,20,20,574905282,0.7222832108194128
all_days,2025-12-12 00:00:00+00:00,通常市場：Fee Module,135523954,319,20,20,574905282,0.2357326645678653
all_days,2025-12-13 00:00:00+00:00,Neg Risk市場：Fee Module,19659177,42,15,20,538392158,0.03651460502884962
all_days,2025-12-13 00:00:00+00:00,その他のトップレベル宛先,422851672,1836,20,20,538392158,0.7853971602610156
all_days,2025-12-13 00:00:00+00:00,通常市場：Fee Module,95881309,239,19,20,538392158,0.17808823471013485
all_days,2025-12-14 00:00:00+00:00,Neg Risk市場：Fee Module,29303450,69,15,20,671576078,0.043633850221806145
all_days,2025-12-14 00:00:00+00:00,その他のトップレベル宛先,493261007,2868,20,20,671576078,0.7344826940068583
all_days,2025-12-14 00:00:00+00:00,通常市場：Fee Module,149011621,363,19,20,671576078,0.22188345577133556
all_days,2025-12-15 00:00:00+00:00,Neg Risk市場：Fee Module,38215416,88,18,20,632209338,0.06044740832347528
all_days,2025-12-15 00:00:00+00:00,その他のトップレベル宛先,426351607,2283,20,20,632209338,0.6743835963397301
all_days,2025-12-15 00:00:00+00:00,通常市場：Fee Module,167642315,436,20,20,632209338,0.2651689953367946
all_days,2025-12-16 00:00:00+00:00,Neg Risk市場：Fee Module,21771385,44,18,20,635542894,0.03425635815542609
all_days,2025-12-16 00:00:00+00:00,その他のトップレベル宛先,419196091,2524,20,20,635542894,0.6595874093747636
all_days,2025-12-16 00:00:00+00:00,通常市場：Fee Module,194575418,518,20,20,635542894,0.3061562324698103
all_days,2025-12-17 00:00:00+00:00,Neg Risk市場：Fee Module,42435809,88,19,20,601282766,0.07057546199486449
all_days,2025-12-17 00:00:00+00:00,その他のトップレベル宛先,427744598,2728,20,20,601282766,0.7113867587550314
all_days,2025-12-17 00:00:00+00:00,通常市場：Fee Module,131102359,341,20,20,601282766,0.2180377792501041
all_days,2025-12-18 00:00:00+00:00,Neg Risk市場：Fee Module,50108164,103,17,20,627154571,0.07989763021275978
all_days,2025-12-18 00:00:00+00:00,その他のトップレベル宛先,438657139,3105,20,20,627154571,0.699440232573861
all_days,2025-12-18 00:00:00+00:00,通常市場：Fee Module,138389268,385,20,20,627154571,0.22066213721337924
all_days,2025-12-19 00:00:00+00:00,Neg Risk市場：Fee Module,51937682,110,18,20,656041449,0.07916829352652686
all_days,2025-12-19 00:00:00+00:00,その他のトップレベル宛先,405014675,2088,20,20,656041449,0.6173614115653232
all_days,2025-12-19 00:00:00+00:00,通常市場：Fee Module,199089092,517,20,20,656041449,0.3034702949081499
all_days,2025-12-20 00:00:00+00:00,Neg Risk市場：Fee Module,32136545,68,18,19,659456799,0.04873184270559018
all_days,2025-12-20 00:00:00+00:00,その他のトップレベル宛先,435873887,3206,19,19,659456799,0.6609589705663191
all_days,2025-12-20 00:00:00+00:00,通常市場：Fee Module,191446367,511,19,19,659456799,0.29030918672809075
all_days,2025-12-21 00:00:00+00:00,Neg Risk市場：Fee Module,19792497,46,19,20,584158446,0.033882069386359605
all_days,2025-12-21 00:00:00+00:00,その他のトップレベル宛先,426565438,2665,20,20,584158446,0.7302221527753106
all_days,2025-12-21 00:00:00+00:00,通常市場：Fee Module,137800511,368,20,20,584158446,0.23589577783832985
all_days,2025-12-22 00:00:00+00:00,Neg Risk市場：Fee Module,25071478,56,18,20,616846841,0.04064457549844208
all_days,2025-12-22 00:00:00+00:00,その他のトップレベル宛先,420466366,2883,20,20,616846841,0.6816381929075973
all_days,2025-12-22 00:00:00+00:00,通常市場：Fee Module,171308997,445,19,20,616846841,0.2777172315939606
all_days,2025-12-23 00:00:00+00:00,Neg Risk市場：Fee Module,34298481,74,18,20,521136514,0.06581477228824538
all_days,2025-12-23 00:00:00+00:00,その他のトップレベル宛先,360051464,2311,20,20,521136514,0.690896635195284
all_days,2025-12-23 00:00:00+00:00,通常市場：Fee Module,126786569,364,20,20,521136514,0.24328859251647064
all_days,2025-12-24 00:00:00+00:00,Neg Risk市場：Fee Module,31331775,59,19,20,543321496,0.05766709992273157
all_days,2025-12-24 00:00:00+00:00,その他のトップレベル宛先,365547384,3058,20,20,543321496,0.6728012543056091
all_days,2025-12-24 00:00:00+00:00,通常市場：Fee Module,146442337,388,20,20,543321496,0.2695316457716593
all_days,2025-12-25 00:00:00+00:00,Neg Risk市場：Fee Module,22160034,48,17,20,605304075,0.036609755187919396
all_days,2025-12-25 00:00:00+00:00,その他のトップレベル宛先,459438602,2452,20,20,605304075,0.7590211613890093
all_days,2025-12-25 00:00:00+00:00,通常市場：Fee Module,123705439,319,20,20,605304075,0.20436908342307128
all_days,2025-12-26 00:00:00+00:00,Neg Risk市場：Fee Module,61605227,123,19,20,591286146,0.10418851755068856
all_days,2025-12-26 00:00:00+00:00,その他のトップレベル宛先,377291535,2465,20,20,591286146,0.6380862084328287
all_days,2025-12-26 00:00:00+00:00,通常市場：Fee Module,152389384,399,20,20,591286146,0.2577252740164827
all_days,2025-12-27 00:00:00+00:00,Neg Risk市場：Fee Module,25976440,55,17,20,541825654,0.047942432788536805
all_days,2025-12-27 00:00:00+00:00,その他のトップレベル宛先,369981021,2320,20,20,541825654,0.6828414606592252
all_days,2025-12-27 00:00:00+00:00,通常市場：Fee Module,145868193,381,20,20,541825654,0.26921610655223793
all_days,2025-12-28 00:00:00+00:00,Neg Risk市場：Fee Module,39022407,90,19,20,633216221,0.06162572231389505
all_days,2025-12-28 00:00:00+00:00,その他のトップレベル宛先,459550195,2599,20,20,633216221,0.7257397706493688
all_days,2025-12-28 00:00:00+00:00,通常市場：Fee Module,134643619,352,20,20,633216221,0.2126345070367362
all_days,2025-12-29 00:00:00+00:00,Neg Risk市場：Fee Module,33033579,72,18,20,663515890,0.04978566376157171
all_days,2025-12-29 00:00:00+00:00,その他のトップレベル宛先,387259535,2352,20,20,663515890,0.583647717916748
all_days,2025-12-29 00:00:00+00:00,通常市場：Fee Module,243222776,615,20,20,663515890,0.3665666183216803
all_days,2025-12-30 00:00:00+00:00,Neg Risk市場：Fee Module,43722908,94,20,20,554911863,0.07879252709362243
all_days,2025-12-30 00:00:00+00:00,その他のトップレベル宛先,346900853,2987,20,20,554911863,0.6251458585234824
all_days,2025-12-30 00:00:00+00:00,通常市場：Fee Module,164288102,424,20,20,554911863,0.29606161438289524
all_days,2025-12-31 00:00:00+00:00,Neg Risk市場：Fee Module,38390364,82,17,20,556228207,0.0690190887784301
all_days,2025-12-31 00:00:00+00:00,その他のトップレベル宛先,352524848,2053,20,20,556228207,0.6337773661305889
all_days,2025-12-31 00:00:00+00:00,通常市場：Fee Module,165312995,423,20,20,556228207,0.29720354509098096
all_days,2026-01-01 00:00:00+00:00,Neg Risk市場：Fee Module,41293710,87,17,20,605177746,0.0682340192991829
all_days,2026-01-01 00:00:00+00:00,その他のトップレベル宛先,398962500,2406,20,20,605177746,0.659248464830364
all_days,2026-01-01 00:00:00+00:00,通常市場：Fee Module,164921536,424,20,20,605177746,0.27251751587045303
all_days,2026-01-02 00:00:00+00:00,Neg Risk市場：Fee Module,60981554,68,19,20,587576776,0.10378482692106945
all_days,2026-01-02 00:00:00+00:00,その他のトップレベル宛先,306177788,1765,20,20,587576776,0.5210855849074607
all_days,2026-01-02 00:00:00+00:00,通常市場：Fee Module,220417434,556,20,20,587576776,0.37512958817146985
all_days,2026-01-03 00:00:00+00:00,Neg Risk市場：Fee Module,52305496,118,19,20,588953641,0.08881088825801146
all_days,2026-01-03 00:00:00+00:00,その他のトップレベル宛先,336441213,1889,20,20,588953641,0.5712524544864814
all_days,2026-01-03 00:00:00+00:00,通常市場：Fee Module,200206932,499,20,20,588953641,0.33993665725550715
all_days,2026-01-04 00:00:00+00:00,Neg Risk市場：Fee Module,38219484,87,19,20,570352365,0.06701030160539441
all_days,2026-01-04 00:00:00+00:00,その他のトップレベル宛先,345330444,2076,20,20,570352365,0.6054685930863107
all_days,2026-01-04 00:00:00+00:00,通常市場：Fee Module,186802437,436,20,20,570352365,0.3275211053082948
all_days,2026-01-05 00:00:00+00:00,Neg Risk市場：Fee Module,49176725,104,20,20,613182806,0.08019912580523336
all_days,2026-01-05 00:00:00+00:00,その他のトップレベル宛先,332118601,2004,20,20,613182806,0.5416306487237021
all_days,2026-01-05 00:00:00+00:00,通常市場：Fee Module,231887480,581,20,20,613182806,0.3781702254710645
all_days,2026-01-06 00:00:00+00:00,Neg Risk市場：Fee Module,47525618,102,20,20,568194033,0.08364328950987066
all_days,2026-01-06 00:00:00+00:00,その他のトップレベル宛先,255957933,1620,20,20,568194033,0.4504762777049438
all_days,2026-01-06 00:00:00+00:00,通常市場：Fee Module,264710482,693,20,20,568194033,0.46588043278518554
all_days,2026-01-07 00:00:00+00:00,Neg Risk市場：Fee Module,38523350,84,20,20,599736642,0.06423377746527617
all_days,2026-01-07 00:00:00+00:00,その他のトップレベル宛先,328354924,1988,20,20,599736642,0.5474985201921346
all_days,2026-01-07 00:00:00+00:00,通常市場：Fee Module,232858368,561,20,20,599736642,0.3882677023425892
all_days,2026-01-08 00:00:00+00:00,Neg Risk市場：Fee Module,44822038,91,17,20,630168915,0.07112702155421297
all_days,2026-01-08 00:00:00+00:00,その他のトップレベル宛先,307265280,1753,20,20,630168915,0.48759193398170075
all_days,2026-01-08 00:00:00+00:00,通常市場：Fee Module,278081597,618,18,20,630168915,0.4412810444640863
all_days,2026-01-09 00:00:00+00:00,Neg Risk市場：Fee Module,53621001,126,17,20,737276929,0.07272844014355426
all_days,2026-01-09 00:00:00+00:00,その他のトップレベル宛先,398085157,2607,20,20,737276929,0.5399397992012849
all_days,2026-01-09 00:00:00+00:00,通常市場：Fee Module,285570771,692,20,20,737276929,0.38733176065516084
all_days,2026-01-10 00:00:00+00:00,Neg Risk市場：Fee Module,59958876,137,18,20,722256190,0.0830160777161356
all_days,2026-01-10 00:00:00+00:00,その他のトップレベル宛先,390118000,2306,20,20,722256190,0.540137980679681
all_days,2026-01-10 00:00:00+00:00,通常市場：Fee Module,272179314,631,20,20,722256190,0.3768459416041834
all_days,2026-01-11 00:00:00+00:00,Neg Risk市場：Fee Module,63759026,134,19,20,759916443,0.08390267981081177
all_days,2026-01-11 00:00:00+00:00,その他のトップレベル宛先,410883832,2173,20,20,759916443,0.5406960670279903
all_days,2026-01-11 00:00:00+00:00,通常市場：Fee Module,285273585,660,20,20,759916443,0.3754012531611979
all_days,2026-01-12 00:00:00+00:00,Neg Risk市場：Fee Module,66658531,161,18,20,705306476,0.0945100226188764
all_days,2026-01-12 00:00:00+00:00,その他のトップレベル宛先,403040803,2145,20,20,705306476,0.5714406668796842
all_days,2026-01-12 00:00:00+00:00,通常市場：Fee Module,235607142,550,19,20,705306476,0.3340493105014394
all_days,2026-01-13 00:00:00+00:00,Neg Risk市場：Fee Module,63410011,144,19,20,762895066,0.0831176053247669
all_days,2026-01-13 00:00:00+00:00,その他のトップレベル宛先,360286674,1980,20,20,762895066,0.47226242514458733
all_days,2026-01-13 00:00:00+00:00,通常市場：Fee Module,339198381,804,20,20,762895066,0.44461996953064575
all_days,2026-01-14 00:00:00+00:00,Neg Risk市場：Fee Module,70810084,166,20,20,726123696,0.09751793584215987
all_days,2026-01-14 00:00:00+00:00,その他のトップレベル宛先,332810286,1981,20,20,726123696,0.45833828014889627
all_days,2026-01-14 00:00:00+00:00,通常市場：Fee Module,322503326,749,20,20,726123696,0.44414378400894383
all_days,2026-01-15 00:00:00+00:00,Neg Risk市場：Fee Module,69233963,151,19,20,793976468,0.08719901129361934
all_days,2026-01-15 00:00:00+00:00,その他のトップレベル宛先,327382031,2068,20,20,793976468,0.4123321586906276
all_days,2026-01-15 00:00:00+00:00,通常市場：Fee Module,397360474,950,20,20,793976468,0.500468830015753
all_days,2026-01-16 00:00:00+00:00,Neg Risk市場：Fee Module,55057638,134,20,20,657975999,0.08367727407029629
all_days,2026-01-16 00:00:00+00:00,その他のトップレベル宛先,332116658,2008,20,20,657975999,0.5047549735928893
all_days,2026-01-16 00:00:00+00:00,通常市場：Fee Module,270801703,657,20,20,657975999,0.41156775233681436
all_days,2026-01-17 00:00:00+00:00,Neg Risk市場：Fee Module,67346244,156,20,20,648319937,0.10387810116041518
all_days,2026-01-17 00:00:00+00:00,その他のトップレベル宛先,343771797,1911,20,20,648319937,0.530250231993097
all_days,2026-01-17 00:00:00+00:00,通常市場：Fee Module,237201896,571,20,20,648319937,0.36587166684648786
all_days,2026-01-18 00:00:00+00:00,Neg Risk市場：Fee Module,52475290,107,19,20,629093846,0.08341408890526644
all_days,2026-01-18 00:00:00+00:00,その他のトップレベル宛先,346093977,1919,20,20,629093846,0.5501468170457989
all_days,2026-01-18 00:00:00+00:00,通常市場：Fee Module,230524579,530,20,20,629093846,0.36643909404893465
all_days,2026-01-19 00:00:00+00:00,Neg Risk市場：Fee Module,63648670,148,20,20,616102877,0.10330850962736211
all_days,2026-01-19 00:00:00+00:00,その他のトップレベル宛先,323831491,1973,20,20,616102877,0.5256126908168942
all_days,2026-01-19 00:00:00+00:00,通常市場：Fee Module,228622716,489,20,20,616102877,0.3710787995557437
all_days,2026-01-20 00:00:00+00:00,Neg Risk市場：Fee Module,66189699,147,20,20,660599499,0.10019641113896757
all_days,2026-01-20 00:00:00+00:00,その他のトップレベル宛先,343047343,2122,20,20,660599499,0.5192970075201344
all_days,2026-01-20 00:00:00+00:00,通常市場：Fee Module,251362457,594,20,20,660599499,0.38050658134089804
all_days,2026-01-21 00:00:00+00:00,Neg Risk市場：Fee Module,55729765,100,19,20,594512020,0.09374035027920882
all_days,2026-01-21 00:00:00+00:00,その他のトップレベル宛先,321013293,2036,20,20,594512020,0.5399609800992754
all_days,2026-01-21 00:00:00+00:00,通常市場：Fee Module,217768962,506,20,20,594512020,0.3662986696215158
all_days,2026-01-22 00:00:00+00:00,Neg Risk市場：Fee Module,157350663,311,20,20,750274271,0.20972418898261808
all_days,2026-01-22 00:00:00+00:00,その他のトップレベル宛先,295587893,1869,20,20,750274271,0.39397311679904323
all_days,2026-01-22 00:00:00+00:00,通常市場：Fee Module,297335715,677,20,20,750274271,0.39630269421833875
all_days,2026-01-23 00:00:00+00:00,Neg Risk市場：Fee Module,100010980,193,20,20,677402618,0.14763890386972198
all_days,2026-01-23 00:00:00+00:00,その他のトップレベル宛先,310715777,1744,20,20,677402618,0.4586870034801076
all_days,2026-01-23 00:00:00+00:00,通常市場：Fee Module,266675861,631,20,20,677402618,0.3936740926501704
all_days,2026-01-24 00:00:00+00:00,Neg Risk市場：Fee Module,85535807,192,19,20,592428143,0.14438174150008265
all_days,2026-01-24 00:00:00+00:00,その他のトップレベル宛先,300331437,1835,20,20,592428143,0.5069499829618999
all_days,2026-01-24 00:00:00+00:00,通常市場：Fee Module,206560899,423,19,20,592428143,0.34866827553801744
all_days,2026-01-25 00:00:00+00:00,Neg Risk市場：Fee Module,51099009,113,20,20,701302648,0.07286299167089413
all_days,2026-01-25 00:00:00+00:00,その他のトップレベル宛先,384710946,2094,20,20,701302648,0.5485662247207143
all_days,2026-01-25 00:00:00+00:00,通常市場：Fee Module,265492693,579,20,20,701302648,0.3785707836083916
all_days,2026-01-26 00:00:00+00:00,Neg Risk市場：Fee Module,49996032,111,20,20,688875966,0.07257624662144187
all_days,2026-01-26 00:00:00+00:00,その他のトップレベル宛先,319606518,2010,20,20,688875966,0.46395364880533513
all_days,2026-01-26 00:00:00+00:00,通常市場：Fee Module,319273416,726,20,20,688875966,0.46347010457322296
all_days,2026-01-27 00:00:00+00:00,Neg Risk市場：Fee Module,86844711,189,20,20,703415395,0.12346148750412266
all_days,2026-01-27 00:00:00+00:00,その他のトップレベル宛先,345615626,2044,20,20,703415395,0.49133929745737226
all_days,2026-01-27 00:00:00+00:00,通常市場：Fee Module,270955058,617,20,20,703415395,0.38519921503850507
all_days,2026-01-28 00:00:00+00:00,Neg Risk市場：Fee Module,75359058,170,20,20,633713167,0.11891666754653371
all_days,2026-01-28 00:00:00+00:00,その他のトップレベル宛先,288204924,1697,20,20,633713167,0.45478765316548964
all_days,2026-01-28 00:00:00+00:00,通常市場：Fee Module,270149185,623,20,20,633713167,0.4262956792879767
all_days,2026-01-29 00:00:00+00:00,Neg Risk市場：Fee Module,71415503,156,18,20,749081588,0.09533741603591517
all_days,2026-01-29 00:00:00+00:00,その他のトップレベル宛先,367780390,1917,20,20,749081588,0.49097507653598876
all_days,2026-01-29 00:00:00+00:00,通常市場：Fee Module,309885695,690,19,20,749081588,0.41368750742809607
all_days,2026-01-30 00:00:00+00:00,Neg Risk市場：Fee Module,126442374,296,20,20,758099788,0.16678856266874462
all_days,2026-01-30 00:00:00+00:00,その他のトップレベル宛先,310743709,1730,20,20,758099788,0.40989816105844895
all_days,2026-01-30 00:00:00+00:00,通常市場：Fee Module,320913705,726,20,20,758099788,0.42331327627280646
all_days,2026-01-31 00:00:00+00:00,Neg Risk市場：Fee Module,78378827,179,20,20,798140080,0.09820184321529123
all_days,2026-01-31 00:00:00+00:00,その他のトップレベル宛先,302164876,1773,20,20,798140080,0.37858627021963365
all_days,2026-01-31 00:00:00+00:00,通常市場：Fee Module,417596377,962,20,20,798140080,0.5232118865650751
all_days,2026-02-01 00:00:00+00:00,Neg Risk市場：Fee Module,77673295,182,20,20,658386281,0.11797526352162857
all_days,2026-02-01 00:00:00+00:00,その他のトップレベル宛先,323434620,2044,20,20,658386281,0.49125358369974903
all_days,2026-02-01 00:00:00+00:00,通常市場：Fee Module,257278366,578,20,20,658386281,0.3907711527786224
all_days,2026-02-02 00:00:00+00:00,Neg Risk市場：Fee Module,56476664,134,20,20,840077513,0.06722792019312152
all_days,2026-02-02 00:00:00+00:00,その他のトップレベル宛先,369084696,2120,20,20,840077513,0.439346001158824
all_days,2026-02-02 00:00:00+00:00,通常市場：Fee Module,414516153,874,20,20,840077513,0.4934260786480545
all_days,2026-02-03 00:00:00+00:00,Neg Risk市場：Fee Module,57663602,136,20,20,717389059,0.08037981800332977
all_days,2026-02-03 00:00:00+00:00,その他のトップレベル宛先,356434023,2189,20,20,717389059,0.49684898107708664
all_days,2026-02-03 00:00:00+00:00,通常市場：Fee Module,303291434,714,20,20,717389059,0.4227712009195836
all_days,2026-02-04 00:00:00+00:00,Neg Risk市場：Fee Module,85144537,184,20,20,678847935,0.12542505119353423
all_days,2026-02-04 00:00:00+00:00,その他のトップレベル宛先,311382376,1859,20,20,678847935,0.45869238152724146
all_days,2026-02-04 00:00:00+00:00,通常市場：Fee Module,282321022,673,20,20,678847935,0.41588256727922435
all_days,2026-02-05 00:00:00+00:00,Neg Risk市場：Fee Module,108216378,114,18,20,858288594,0.12608390552607063
all_days,2026-02-05 00:00:00+00:00,その他のトップレベル宛先,376432486,2255,20,20,858288594,0.43858498019373654
all_days,2026-02-05 00:00:00+00:00,通常市場：Fee Module,373639730,916,19,20,858288594,0.4353311142801928
all_days,2026-02-06 00:00:00+00:00,Neg Risk市場：Fee Module,67893005,151,20,20,890775289,0.07621788102835439
all_days,2026-02-06 00:00:00+00:00,その他のトップレベル宛先,403842666,2449,20,20,890775289,0.45336087674071074
all_days,2026-02-06 00:00:00+00:00,通常市場：Fee Module,419039618,959,20,20,890775289,0.47042124223093484
all_days,2026-02-07 00:00:00+00:00,Neg Risk市場：Fee Module,60344828,131,20,20,767639750,0.07861086922609206
all_days,2026-02-07 00:00:00+00:00,その他のトップレベル宛先,303278601,1987,20,20,767639750,0.39507933376300536
all_days,2026-02-07 00:00:00+00:00,通常市場：Fee Module,404016321,948,20,20,767639750,0.5263097970109025
all_days,2026-02-08 00:00:00+00:00,Neg Risk市場：Fee Module,111830637,235,20,20,820059638,0.13636890759888856
all_days,2026-02-08 00:00:00+00:00,その他のトップレベル宛先,334921558,1804,20,20,820059638,0.40841122094098237
all_days,2026-02-08 00:00:00+00:00,通常市場：Fee Module,373307443,783,20,20,820059638,0.4552198714601291
all_days,2026-02-09 00:00:00+00:00,Neg Risk市場：Fee Module,93732618,210,20,20,767043220,0.12219991723543297
all_days,2026-02-09 00:00:00+00:00,その他のトップレベル宛先,339300156,1941,20,20,767043220,0.44234815868654703
all_days,2026-02-09 00:00:00+00:00,通常市場：Fee Module,334010446,801,20,20,767043220,0.43545192407802
all_days,2026-02-10 00:00:00+00:00,Neg Risk市場：Fee Module,74479719,159,19,20,807903972,0.09218882637205304
all_days,2026-02-10 00:00:00+00:00,その他のトップレベル宛先,333754055,2102,20,20,807903972,0.41311104607367866
all_days,2026-02-10 00:00:00+00:00,通常市場：Fee Module,399670198,873,20,20,807903972,0.4947001275542683
all_days,2026-02-11 00:00:00+00:00,Neg Risk市場：Fee Module,86203335,195,20,20,816483810,0.10557874380877191
all_days,2026-02-11 00:00:00+00:00,その他のトップレベル宛先,314569301,2000,20,20,816483810,0.385273164203954
all_days,2026-02-11 00:00:00+00:00,通常市場：Fee Module,415711174,960,20,20,816483810,0.5091480919872741
all_days,2026-02-12 00:00:00+00:00,Neg Risk市場：Fee Module,95688137,218,20,20,983072096,0.0973358285616521
all_days,2026-02-12 00:00:00+00:00,その他のトップレベル宛先,369563249,2342,20,20,983072096,0.3759269035340415
all_days,2026-02-12 00:00:00+00:00,通常市場：Fee Module,517820710,1078,20,20,983072096,0.5267372679043064
all_days,2026-02-13 00:00:00+00:00,Neg Risk市場：Fee Module,113328020,224,19,20,1010179272,0.11218604770579771
all_days,2026-02-13 00:00:00+00:00,その他のトップレベル宛先,458579668,2324,20,20,1010179272,0.4539586989268574
all_days,2026-02-13 00:00:00+00:00,通常市場：Fee Module,438271584,1014,19,20,1010179272,0.4338552533673449
all_days,2026-02-14 00:00:00+00:00,Neg Risk市場：Fee Module,80901972,170,20,20,1138903982,0.07103493646402932
all_days,2026-02-14 00:00:00+00:00,その他のトップレベル宛先,403803169,2363,20,20,1138903982,0.35455418137259614
all_days,2026-02-14 00:00:00+00:00,通常市場：Fee Module,654198841,1448,20,20,1138903982,0.5744108821633745
all_days,2026-02-15 00:00:00+00:00,Neg Risk市場：Fee Module,94860335,199,20,20,1053323948,0.0900580824922059
all_days,2026-02-15 00:00:00+00:00,その他のトップレベル宛先,403572980,2481,20,20,1053323948,0.3831423189098517
all_days,2026-02-15 00:00:00+00:00,通常市場：Fee Module,554890633,1149,20,20,1053323948,0.5267995985979425
all_days,2026-02-16 00:00:00+00:00,Neg Risk市場：Fee Module,66539556,150,20,20,1157581307,0.05748153982586728
all_days,2026-02-16 00:00:00+00:00,その他のトップレベル宛先,369166633,2333,20,20,1157581307,0.3189120546156159
all_days,2026-02-16 00:00:00+00:00,通常市場：Fee Module,721875118,1573,20,20,1157581307,0.6236064055585169
all_days,2026-02-17 00:00:00+00:00,Neg Risk市場：Fee Module,96460004,218,20,20,1200396002,0.08035681878254039
all_days,2026-02-17 00:00:00+00:00,その他のトップレベル宛先,455060944,2747,20,20,1200396002,0.37909235222527843
all_days,2026-02-17 00:00:00+00:00,通常市場：Fee Module,648875054,1438,20,20,1200396002,0.5405508289921812
all_days,2026-02-18 00:00:00+00:00,Neg Risk市場：Fee Module,62115261,131,20,20,1123186148,0.055302730638732915
all_days,2026-02-18 00:00:00+00:00,その他のトップレベル宛先,390405728,2732,20,20,1123186148,0.3475877339612632
all_days,2026-02-18 00:00:00+00:00,通常市場：Fee Module,670665159,1404,20,20,1123186148,0.5971095354000039
all_days,2026-02-19 00:00:00+00:00,Neg Risk市場：Fee Module,61560480,133,20,20,1078254987,0.05709269212032868
all_days,2026-02-19 00:00:00+00:00,その他のトップレベル宛先,423101216,2497,20,20,1078254987,0.39239439752296734
all_days,2026-02-19 00:00:00+00:00,通常市場：Fee Module,593593291,1299,20,20,1078254987,0.5505129103567039
all_days,2026-02-20 00:00:00+00:00,Neg Risk市場：Fee Module,83978905,201,20,20,1239368100,0.06775945338596338
all_days,2026-02-20 00:00:00+00:00,その他のトップレベル宛先,424803141,2431,20,20,1239368100,0.34275784651872193
all_days,2026-02-20 00:00:00+00:00,通常市場：Fee Module,730586054,1638,20,20,1239368100,0.5894827000953147
all_days,2026-02-21 00:00:00+00:00,Neg Risk市場：Fee Module,114214886,239,19,20,1003971057,0.11376312614159355
all_days,2026-02-21 00:00:00+00:00,その他のトップレベル宛先,398811501,2234,20,20,1003971057,0.39723406189786203
all_days,2026-02-21 00:00:00+00:00,通常市場：Fee Module,490944670,1089,20,20,1003971057,0.4890028119605444
all_days,2026-02-22 00:00:00+00:00,Neg Risk市場：Fee Module,80095151,181,20,20,1013483668,0.07902954288159283
all_days,2026-02-22 00:00:00+00:00,その他のトップレベル宛先,338485514,2065,20,20,1013483668,0.3339822087789184
all_days,2026-02-22 00:00:00+00:00,通常市場：Fee Module,594903003,1252,20,20,1013483668,0.5869882483394888
all_days,2026-02-23 00:00:00+00:00,Neg Risk市場：Fee Module,59946354,134,19,20,1105105457,0.054244917188930326
all_days,2026-02-23 00:00:00+00:00,その他のトップレベル宛先,419658399,2760,20,20,1105105457,0.379745115130673
all_days,2026-02-23 00:00:00+00:00,通常市場：Fee Module,625500704,1322,20,20,1105105457,0.5660099676803967
all_days,2026-02-24 00:00:00+00:00,Neg Risk市場：Fee Module,72217954,160,19,20,1125775057,0.06414954173211887
all_days,2026-02-24 00:00:00+00:00,その他のトップレベル宛先,443039069,2620,20,20,1125775057,0.3935413795546547
all_days,2026-02-24 00:00:00+00:00,通常市場：Fee Module,610518034,1358,20,20,1125775057,0.5423090787132264
all_days,2026-02-25 00:00:00+00:00,Neg Risk市場：Fee Module,73059756,168,20,20,1174764830,0.06219096293510932
all_days,2026-02-25 00:00:00+00:00,その他のトップレベル宛先,496966964,2787,20,20,1174764830,0.4230352759198622
all_days,2026-02-25 00:00:00+00:00,通常市場：Fee Module,604738110,1225,20,20,1174764830,0.5147737611450285
all_days,2026-02-26 00:00:00+00:00,Neg Risk市場：Fee Module,68794511,173,19,20,1036823340,0.06635123684619214
all_days,2026-02-26 00:00:00+00:00,その他のトップレベル宛先,385194910,2610,20,20,1036823340,0.3715145050650577
all_days,2026-02-26 00:00:00+00:00,通常市場：Fee Module,582833919,1230,19,20,1036823340,0.5621342580887502
all_days,2026-02-27 00:00:00+00:00,Neg Risk市場：Fee Module,82360403,182,20,20,1314485805,0.06265598509068723
all_days,2026-02-27 00:00:00+00:00,その他のトップレベル宛先,408481485,2810,20,20,1314485805,0.3107538198177804
all_days,2026-02-27 00:00:00+00:00,通常市場：Fee Module,823643917,1866,20,20,1314485805,0.6265901950915324
all_days,2026-02-28 00:00:00+00:00,Neg Risk市場：Fee Module,105823052,226,20,20,1377772658,0.07680733928456286
all_days,2026-02-28 00:00:00+00:00,その他のトップレベル宛先,487813004,2838,20,20,1377772658,0.3540591411562182
all_days,2026-02-28 00:00:00+00:00,通常市場：Fee Module,784136602,1693,20,20,1377772658,0.5691335195592189
all_days,2026-03-01 00:00:00+00:00,Neg Risk市場：Fee Module,119859258,249,20,20,1362037009,0.08800000088690689
all_days,2026-03-01 00:00:00+00:00,その他のトップレベル宛先,437972643,2791,20,20,1362037009,0.32155707965788466
all_days,2026-03-01 00:00:00+00:00,通常市場：Fee Module,804205108,1682,20,20,1362037009,0.5904429194552084
all_days,2026-03-02 00:00:00+00:00,Neg Risk市場：Fee Module,115838478,240,20,20,1180985610,0.09808627388779106
all_days,2026-03-02 00:00:00+00:00,その他のトップレベル宛先,402878006,2611,20,20,1180985610,0.3411370998838843
all_days,2026-03-02 00:00:00+00:00,通常市場：Fee Module,662269126,1492,20,20,1180985610,0.5607766262283247
all_days,2026-03-03 00:00:00+00:00,Neg Risk市場：Fee Module,81606865,195,19,20,1158789419,0.07042424073083463
all_days,2026-03-03 00:00:00+00:00,その他のトップレベル宛先,440623743,2672,20,20,1158789419,0.3802448795055834
all_days,2026-03-03 00:00:00+00:00,通常市場：Fee Module,636558811,1412,19,20,1158789419,0.549330879763582
all_days,2026-03-04 00:00:00+00:00,Neg Risk市場：Fee Module,133931065,289,20,20,1343864187,0.099661160923548
all_days,2026-03-04 00:00:00+00:00,その他のトップレベル宛先,406564355,2782,20,20,1343864187,0.30253381177423994
all_days,2026-03-04 00:00:00+00:00,通常市場：Fee Module,803368767,1771,20,20,1343864187,0.5978050273022121
all_days,2026-03-05 00:00:00+00:00,Neg Risk市場：Fee Module,72735921,166,20,20,1232926458,0.058994533313843446
all_days,2026-03-05 00:00:00+00:00,その他のトップレベル宛先,469044225,3018,20,20,1232926458,0.38043163236261734
all_days,2026-03-05 00:00:00+00:00,通常市場：Fee Module,691146312,1520,20,20,1232926458,0.5605738343235392
all_days,2026-03-06 00:00:00+00:00,Neg Risk市場：Fee Module,123462067,297,20,20,1319722412,0.09355154226175254
all_days,2026-03-06 00:00:00+00:00,その他のトップレベル宛先,415959340,2619,20,20,1319722412,0.31518699403583367
all_days,2026-03-06 00:00:00+00:00,通常市場：Fee Module,780301005,1540,20,20,1319722412,0.5912614637024138
all_days,2026-03-07 00:00:00+00:00,Neg Risk市場：Fee Module,124087965,263,20,20,1271255988,0.09761052547348945
all_days,2026-03-07 00:00:00+00:00,その他のトップレベル宛先,395186720,2422,20,20,1271255988,0.3108632122329087
all_days,2026-03-07 00:00:00+00:00,通常市場：Fee Module,751981303,1566,20,20,1271255988,0.5915262622936018
all_days,2026-03-08 00:00:00+00:00,Neg Risk市場：Fee Module,109537819,227,20,20,1071345021,0.10224327070448018
all_days,2026-03-08 00:00:00+00:00,その他のトップレベル宛先,392146922,2406,20,20,1071345021,0.3660323372147356
all_days,2026-03-08 00:00:00+00:00,通常市場：Fee Module,569660280,1153,20,20,1071345021,0.5317243920807843
all_days,2026-03-09 00:00:00+00:00,Neg Risk市場：Fee Module,102087452,222,19,20,1339568468,0.0762092079939881
all_days,2026-03-09 00:00:00+00:00,その他のトップレベル宛先,446976855,2769,20,20,1339568468,0.33367227258442755
all_days,2026-03-09 00:00:00+00:00,通常市場：Fee Module,790504161,1643,20,20,1339568468,0.5901185194215843
all_days,2026-03-10 00:00:00+00:00,Neg Risk市場：Fee Module,104573881,247,20,20,1362435954,0.0767550802611893
all_days,2026-03-10 00:00:00+00:00,その他のトップレベル宛先,438257414,2664,20,20,1362435954,0.32167193820253515
all_days,2026-03-10 00:00:00+00:00,通常市場：Fee Module,819604659,1722,20,20,1362435954,0.6015729815362756
all_days,2026-03-11 00:00:00+00:00,Neg Risk市場：Fee Module,93318843,197,20,20,1038798918,0.08983340411989146
all_days,2026-03-11 00:00:00+00:00,その他のトップレベル宛先,410545046,2644,20,20,1038798918,0.3952112761056996
all_days,2026-03-11 00:00:00+00:00,通常市場：Fee Module,534935029,1061,20,20,1038798918,0.5149553197744089
all_days,2026-03-12 00:00:00+00:00,Neg Risk市場：Fee Module,87492823,185,20,20,1320305683,0.06626709566317908
all_days,2026-03-12 00:00:00+00:00,その他のトップレベル宛先,464222807,3257,20,20,1320305683,0.35160252127764263
all_days,2026-03-12 00:00:00+00:00,通常市場：Fee Module,768590053,1677,20,20,1320305683,0.5821303830591783
all_days,2026-03-13 00:00:00+00:00,Neg Risk市場：Fee Module,141789549,306,20,20,1327254531,0.1068292069744684
all_days,2026-03-13 00:00:00+00:00,その他のトップレベル宛先,418744479,2898,20,20,1327254531,0.31549674099398495
all_days,2026-03-13 00:00:00+00:00,通常市場：Fee Module,766720503,1659,20,20,1327254531,0.5776740520315466
all_days,2026-03-14 00:00:00+00:00,Neg Risk市場：Fee Module,172108109,363,20,20,1260384863,0.1365520279181582
all_days,2026-03-14 00:00:00+00:00,その他のトップレベル宛先,428124887,2553,20,20,1260384863,0.33967790281213495
all_days,2026-03-14 00:00:00+00:00,通常市場：Fee Module,660151867,1325,20,20,1260384863,0.5237700692697068
all_days,2026-03-15 00:00:00+00:00,Neg Risk市場：Fee Module,118328503,282,20,20,1162861677,0.10175630114947885
all_days,2026-03-15 00:00:00+00:00,その他のトップレベル宛先,413211888,2508,20,20,1162861677,0.3553405329050155
all_days,2026-03-15 00:00:00+00:00,通常市場：Fee Module,631321286,1311,20,20,1162861677,0.5429031659455057
all_days,2026-03-16 00:00:00+00:00,Neg Risk市場：Fee Module,140958626,335,20,20,1462631271,0.09637331622455103
all_days,2026-03-16 00:00:00+00:00,その他のトップレベル宛先,417654399,2698,20,20,1462631271,0.28555002705121296
all_days,2026-03-16 00:00:00+00:00,通常市場：Fee Module,904018246,1919,20,20,1462631271,0.618076656724236
all_days,2026-03-17 00:00:00+00:00,Neg Risk市場：Fee Module,133562028,319,20,20,1291664879,0.10340300349685361
all_days,2026-03-17 00:00:00+00:00,その他のトップレベル宛先,435173321,2898,20,20,1291664879,0.33690884383022696
all_days,2026-03-17 00:00:00+00:00,通常市場：Fee Module,722929530,1609,20,20,1291664879,0.5596881526729194
all_days,2026-03-18 00:00:00+00:00,Neg Risk市場：Fee Module,137290478,301,20,20,1330327813,0.10320048687127614
all_days,2026-03-18 00:00:00+00:00,その他のトップレベル宛先,479591665,2831,20,20,1330327813,0.36050638069310215
all_days,2026-03-18 00:00:00+00:00,通常市場：Fee Module,713445670,1521,20,20,1330327813,0.5362931324356217
all_days,2026-03-19 00:00:00+00:00,Neg Risk市場：Fee Module,164411001,374,20,20,1356751033,0.1211799342702251
all_days,2026-03-19 00:00:00+00:00,その他のトップレベル宛先,489660261,3152,20,20,1356751033,0.360906495805115
all_days,2026-03-19 00:00:00+00:00,通常市場：Fee Module,702679771,1494,20,20,1356751033,0.5179135699246599
all_days,2026-03-20 00:00:00+00:00,Neg Risk市場：Fee Module,102654907,232,20,20,1268346491,0.08093601214528058
all_days,2026-03-20 00:00:00+00:00,その他のトップレベル宛先,457345008,2943,20,20,1268346491,0.3605836506390429
all_days,2026-03-20 00:00:00+00:00,通常市場：Fee Module,708346576,1537,20,20,1268346491,0.5584803372156765
all_days,2026-03-21 00:00:00+00:00,Neg Risk市場：Fee Module,144254683,345,20,20,1240032784,0.11633134612350701
all_days,2026-03-21 00:00:00+00:00,その他のトップレベル宛先,426071593,2748,20,20,1240032784,0.34359703912473333
all_days,2026-03-21 00:00:00+00:00,通常市場：Fee Module,669706508,1325,20,20,1240032784,0.5400716147517597
all_days,2026-03-22 00:00:00+00:00,Neg Risk市場：Fee Module,148047386,332,20,20,1448041782,0.10223971976521323
all_days,2026-03-22 00:00:00+00:00,その他のトップレベル宛先,452849883,2837,20,20,1448041782,0.3127326080153121
all_days,2026-03-22 00:00:00+00:00,通常市場：Fee Module,847144513,1718,20,20,1448041782,0.5850276722194747
all_days,2026-03-23 00:00:00+00:00,Neg Risk市場：Fee Module,105259427,261,20,20,1379694383,0.07629184281458368
all_days,2026-03-23 00:00:00+00:00,その他のトップレベル宛先,465867722,3293,20,20,1379694383,0.33766008453772184
all_days,2026-03-23 00:00:00+00:00,通常市場：Fee Module,808567234,1701,20,20,1379694383,0.5860480726476944
all_days,2026-03-24 00:00:00+00:00,Neg Risk市場：Fee Module,96380616,204,19,20,1400695389,0.0688091192110007
all_days,2026-03-24 00:00:00+00:00,その他のトップレベル宛先,544274826,3464,20,20,1400695389,0.3885747252931094
all_days,2026-03-24 00:00:00+00:00,通常市場：Fee Module,760039947,1689,19,20,1400695389,0.5426161554958899
all_days,2026-03-25 00:00:00+00:00,Neg Risk市場：Fee Module,98525225,204,20,20,1363846443,0.0722407023940891
all_days,2026-03-25 00:00:00+00:00,その他のトップレベル宛先,442904900,2814,20,20,1363846443,0.32474689674429863
all_days,2026-03-25 00:00:00+00:00,通常市場：Fee Module,822416318,1864,20,20,1363846443,0.6030124008616122
all_days,2026-03-26 00:00:00+00:00,Neg Risk市場：Fee Module,92924482,214,19,20,1275512509,0.07285266223915958
all_days,2026-03-26 00:00:00+00:00,その他のトップレベル宛先,446671068,2747,20,20,1275512509,0.3501894844999909
all_days,2026-03-26 00:00:00+00:00,通常市場：Fee Module,735916959,1539,19,20,1275512509,0.5769578532608495
all_days,2026-03-27 00:00:00+00:00,Neg Risk市場：Fee Module,104512852,236,20,20,1068535790,0.09780940702042372
all_days,2026-03-27 00:00:00+00:00,その他のトップレベル宛先,439099889,2869,20,20,1068535790,0.410936061392946
all_days,2026-03-27 00:00:00+00:00,通常市場：Fee Module,524923049,1118,20,20,1068535790,0.49125453158663035
all_days,2026-03-28 00:00:00+00:00,Neg Risk市場：Fee Module,130563380,298,20,20,1251727257,0.10430657259387298
all_days,2026-03-28 00:00:00+00:00,その他のトップレベル宛先,462260728,2695,20,20,1251727257,0.36929828396314934
all_days,2026-03-28 00:00:00+00:00,通常市場：Fee Module,658903149,1373,20,20,1251727257,0.5263951434429777
all_days,2026-03-29 00:00:00+00:00,Neg Risk市場：Fee Module,100315721,224,20,20,1274069309,0.07873647084296888
all_days,2026-03-29 00:00:00+00:00,その他のトップレベル宛先,471783412,2961,20,20,1274069309,0.3702965048034133
all_days,2026-03-29 00:00:00+00:00,通常市場：Fee Module,701970176,1450,20,20,1274069309,0.5509670243536178
all_days,2026-03-30 00:00:00+00:00,Neg Risk市場：Fee Module,120721963,284,20,20,1313990410,0.09187431055908543
all_days,2026-03-30 00:00:00+00:00,その他のトップレベル宛先,517710619,3127,20,20,1313990410,0.3939987804020579
all_days,2026-03-30 00:00:00+00:00,通常市場：Fee Module,675557828,1357,20,20,1313990410,0.5141269090388567
all_days,2026-03-31 00:00:00+00:00,Neg Risk市場：Fee Module,97184005,212,20,20,1276311945,0.07614439822546673
all_days,2026-03-31 00:00:00+00:00,その他のトップレベル宛先,449709721,2804,20,20,1276311945,0.35235094583401394
all_days,2026-03-31 00:00:00+00:00,通常市場：Fee Module,729418219,1501,20,20,1276311945,0.5715046559405194
all_days,2026-04-01 00:00:00+00:00,Neg Risk市場：Fee Module,120623453,267,20,20,1384140563,0.08714682325222774
all_days,2026-04-01 00:00:00+00:00,その他のトップレベル宛先,468712648,3051,20,20,1384140563,0.33863081577792037
all_days,2026-04-01 00:00:00+00:00,通常市場：Fee Module,794804462,1620,20,20,1384140563,0.5742223609698519
all_days,2026-04-02 00:00:00+00:00,Neg Risk市場：Fee Module,151418968,339,20,20,1328621506,0.1139669705150776
all_days,2026-04-02 00:00:00+00:00,その他のトップレベル宛先,483096986,3036,20,20,1328621506,0.36360768196085486
all_days,2026-04-02 00:00:00+00:00,通常市場：Fee Module,694105552,1430,20,20,1328621506,0.5224253475240676
all_days,2026-04-03 00:00:00+00:00,Neg Risk市場：Fee Module,149883133,358,20,20,1225053708,0.1223482138139857
all_days,2026-04-03 00:00:00+00:00,その他のトップレベル宛先,406738945,2739,20,20,1225053708,0.33201723511700926
all_days,2026-04-03 00:00:00+00:00,通常市場：Fee Module,668431630,1335,20,20,1225053708,0.545634551069005
all_days,2026-04-04 00:00:00+00:00,Neg Risk市場：Fee Module,164218969,360,20,20,1096500340,0.14976645515677633
all_days,2026-04-04 00:00:00+00:00,その他のトップレベル宛先,415103481,2631,20,20,1096500340,0.3785712287148037
all_days,2026-04-04 00:00:00+00:00,通常市場：Fee Module,517177890,919,20,20,1096500340,0.47166231612841997
all_days,2026-04-05 00:00:00+00:00,Neg Risk市場：Fee Module,133299844,305,20,20,1182367136,0.11273980808614086
all_days,2026-04-05 00:00:00+00:00,その他のトップレベル宛先,514513028,3173,20,20,1182367136,0.43515504815248857
all_days,2026-04-05 00:00:00+00:00,通常市場：Fee Module,534554264,1020,20,20,1182367136,0.45210514376137056
all_days,2026-04-06 00:00:00+00:00,Neg Risk市場：Fee Module,120246195,262,20,20,1020381943,0.11784429921061432
all_days,2026-04-06 00:00:00+00:00,その他のトップレベル宛先,462991751,3382,20,20,1020381943,0.4537435753113871
all_days,2026-04-06 00:00:00+00:00,通常市場：Fee Module,437143997,883,20,20,1020381943,0.42841212547799856
all_days,2026-04-07 00:00:00+00:00,Neg Risk市場：Fee Module,179728415,395,20,20,1295470243,0.13873604273903806
all_days,2026-04-07 00:00:00+00:00,その他のトップレベル宛先,508158932,3342,20,20,1295470243,0.3922582820761866
all_days,2026-04-07 00:00:00+00:00,通常市場：Fee Module,607582896,1239,20,20,1295470243,0.4690056751847754
all_days,2026-04-08 00:00:00+00:00,Neg Risk市場：Fee Module,139576983,293,20,20,1275186347,0.10945614602004518
all_days,2026-04-08 00:00:00+00:00,その他のトップレベル宛先,487256711,3067,20,20,1275186347,0.3821062797185045
all_days,2026-04-08 00:00:00+00:00,通常市場：Fee Module,648352653,1220,20,20,1275186347,0.5084375742614503
all_days,2026-04-09 00:00:00+00:00,Neg Risk市場：Fee Module,152735194,323,20,20,1253859884,0.12181201101414295
all_days,2026-04-09 00:00:00+00:00,その他のトップレベル宛先,476847639,3036,20,20,1253859884,0.38030376845520003
all_days,2026-04-09 00:00:00+00:00,通常市場：Fee Module,624277051,1190,20,20,1253859884,0.497884220530657
all_days,2026-04-10 00:00:00+00:00,Neg Risk市場：Fee Module,113905924,230,20,20,1129585670,0.1008386765388056
all_days,2026-04-10 00:00:00+00:00,その他のトップレベル宛先,500033603,3181,20,20,1129585670,0.44266992427409246
all_days,2026-04-10 00:00:00+00:00,通常市場：Fee Module,515646143,986,20,20,1129585670,0.45649139918710196
all_days,2026-04-11 00:00:00+00:00,Neg Risk市場：Fee Module,171282413,357,20,20,1085275662,0.15782387737724832
all_days,2026-04-11 00:00:00+00:00,その他のトップレベル宛先,451745811,2797,20,20,1085275662,0.41624983109590824
all_days,2026-04-11 00:00:00+00:00,通常市場：Fee Module,462247438,961,20,20,1085275662,0.4259262915268434
all_days,2026-04-12 00:00:00+00:00,Neg Risk市場：Fee Module,149149509,308,20,20,1131196261,0.13185113330214587
all_days,2026-04-12 00:00:00+00:00,その他のトップレベル宛先,472507468,2848,20,20,1131196261,0.41770600230086863
all_days,2026-04-12 00:00:00+00:00,通常市場：Fee Module,509539284,1108,20,20,1131196261,0.4504428643969855
all_days,2026-04-13 00:00:00+00:00,Neg Risk市場：Fee Module,110299500,243,20,20,1357592573,0.0812463932063659
all_days,2026-04-13 00:00:00+00:00,その他のトップレベル宛先,496748346,3076,20,20,1357592573,0.365903847648701
all_days,2026-04-13 00:00:00+00:00,通常市場：Fee Module,750544727,1538,20,20,1357592573,0.5528497591449331
all_days,2026-04-14 00:00:00+00:00,Neg Risk市場：Fee Module,150616329,296,20,20,1414334930,0.10649268840443614
all_days,2026-04-14 00:00:00+00:00,その他のトップレベル宛先,575764406,3117,20,20,1414334930,0.40709197926689117
all_days,2026-04-14 00:00:00+00:00,通常市場：Fee Module,687954195,1350,20,20,1414334930,0.4864153323286727
all_days,2026-04-15 00:00:00+00:00,Neg Risk市場：Fee Module,124975560,286,20,20,1195275995,0.1045579100749865
all_days,2026-04-15 00:00:00+00:00,その他のトップレベル宛先,582125960,3653,20,20,1195275995,0.48702221280700947
all_days,2026-04-15 00:00:00+00:00,通常市場：Fee Module,488174475,1070,20,20,1195275995,0.40841987711800404
all_days,2026-04-16 00:00:00+00:00,Neg Risk市場：Fee Module,121978739,234,20,20,1262220002,0.0966382554600018
all_days,2026-04-16 00:00:00+00:00,その他のトップレベル宛先,554191119,3237,20,20,1262220002,0.4390606377033154
all_days,2026-04-16 00:00:00+00:00,通常市場：Fee Module,586050144,1152,20,20,1262220002,0.4643011068366828
all_days,2026-04-17 00:00:00+00:00,Neg Risk市場：Fee Module,124557371,247,20,20,1193736897,0.104342398490846
all_days,2026-04-17 00:00:00+00:00,その他のトップレベル宛先,499744601,2988,20,20,1193736897,0.41863881585290397
all_days,2026-04-17 00:00:00+00:00,通常市場：CTF Exchange V2,527085,11,2,20,1193736897,0.0004415420192880241
all_days,2026-04-17 00:00:00+00:00,通常市場：Fee Module,568907840,1184,20,20,1193736897,0.47657724363696197
all_days,2026-04-18 00:00:00+00:00,Neg Risk市場：Fee Module,103464467,222,20,20,935313498,0.11062009392705247
all_days,2026-04-18 00:00:00+00:00,その他のトップレベル宛先,403755867,2628,20,20,935313498,0.431679717937739
all_days,2026-04-18 00:00:00+00:00,通常市場：Fee Module,428093164,851,20,20,935313498,0.4577001881352085
all_days,2026-04-19 00:00:00+00:00,Neg Risk市場：Fee Module,146161644,308,20,20,1137141283,0.12853428697478747
all_days,2026-04-19 00:00:00+00:00,その他のトップレベル宛先,449354833,2843,20,20,1137141283,0.395161832322642
all_days,2026-04-19 00:00:00+00:00,通常市場：Fee Module,541624806,1139,20,20,1137141283,0.4763038807025705
all_days,2026-04-20 00:00:00+00:00,Neg Risk市場：Fee Module,115369529,247,19,20,1181610193,0.09763755397800634
all_days,2026-04-20 00:00:00+00:00,その他のトップレベル宛先,521031775,3108,20,20,1181610193,0.44095064352580443
all_days,2026-04-20 00:00:00+00:00,通常市場：Fee Module,545208889,1114,19,20,1181610193,0.4614118024961892
all_days,2026-04-21 00:00:00+00:00,Neg Risk市場：Fee Module,115575286,254,20,20,1251568430,0.09234436026801987
all_days,2026-04-21 00:00:00+00:00,その他のトップレベル宛先,458615314,2903,20,20,1251568430,0.3664324722540341
all_days,2026-04-21 00:00:00+00:00,通常市場：Fee Module,677377830,1448,20,20,1251568430,0.5412231674779461
all_days,2026-04-22 00:00:00+00:00,Neg Risk市場：Fee Module,136857640,237,20,20,1247416349,0.10971287983335547
all_days,2026-04-22 00:00:00+00:00,その他のトップレベル宛先,519494410,3073,20,20,1247416349,0.416456310209864
all_days,2026-04-22 00:00:00+00:00,通常市場：Fee Module,591064299,1146,20,20,1247416349,0.4738308099567805
all_days,2026-04-23 00:00:00+00:00,Neg Risk市場：Fee Module,90092172,214,20,20,895646162,0.10058902256536438
all_days,2026-04-23 00:00:00+00:00,その他のトップレベル宛先,409195461,2777,20,20,895646162,0.45687178526646777
all_days,2026-04-23 00:00:00+00:00,通常市場：Fee Module,396358529,851,20,20,895646162,0.44253919216816784
all_days,2026-04-24 00:00:00+00:00,Neg Risk市場：Fee Module,125505439,231,20,20,1125273286,0.11153329645470673
all_days,2026-04-24 00:00:00+00:00,その他のトップレベル宛先,426850908,2759,20,20,1125273286,0.3793308819383099
all_days,2026-04-24 00:00:00+00:00,通常市場：Fee Module,572916939,1178,20,20,1125273286,0.5091358216069833
all_days,2026-04-25 00:00:00+00:00,Neg Risk市場：Fee Module,135967680,286,20,20,1197084744,0.11358233465215725
all_days,2026-04-25 00:00:00+00:00,その他のトップレベル宛先,487858325,3075,20,20,1197084744,0.40753867046191344
all_days,2026-04-25 00:00:00+00:00,通常市場：Fee Module,573258739,1055,20,20,1197084744,0.47887899488592933
all_days,2026-04-26 00:00:00+00:00,Neg Risk市場：Fee Module,122157964,225,20,20,974974017,0.1252935584641329
all_days,2026-04-26 00:00:00+00:00,その他のトップレベル宛先,483677970,2966,20,20,974974017,0.4960931897326655
all_days,2026-04-26 00:00:00+00:00,通常市場：Fee Module,369138083,749,20,20,974974017,0.37861325180320166
all_days,2026-04-27 00:00:00+00:00,Neg Risk市場：Fee Module,94165257,192,20,20,1111017712,0.08475585580943466
all_days,2026-04-27 00:00:00+00:00,その他のトップレベル宛先,598611249,3592,20,20,1111017712,0.5387954148115327
all_days,2026-04-27 00:00:00+00:00,通常市場：Fee Module,418241206,800,20,20,1111017712,0.3764487293790326
all_days,2026-04-28 00:00:00+00:00,Neg Risk市場：CTF Exchange V2,23603895,67,9,20,1159329231,0.02035995847326306
all_days,2026-04-28 00:00:00+00:00,Neg Risk市場：Fee Module,28757717,61,9,20,1159329231,0.024805479091728345
all_days,2026-04-28 00:00:00+00:00,その他のトップレベル宛先,618051645,3710,20,20,1159329231,0.5331114134566318
all_days,2026-04-28 00:00:00+00:00,通常市場：CTF Exchange V2,143558391,335,9,20,1159329231,0.12382883753924773
all_days,2026-04-28 00:00:00+00:00,通常市場：Fee Module,345357583,523,9,20,1159329231,0.2978943114391291
all_days,2026-04-29 00:00:00+00:00,Neg Risk市場：CTF Exchange V2,91837437,202,19,20,1329591898,0.0690718987819825
all_days,2026-04-29 00:00:00+00:00,その他のトップレベル宛先,745282902,3684,20,20,1329591898,0.5605350808177082
all_days,2026-04-29 00:00:00+00:00,通常市場：CTF Exchange V2,492471559,1095,19,20,1329591898,0.3703930204003093
all_days,2026-04-30 00:00:00+00:00,Neg Risk市場：CTF Exchange V2,63486465,134,18,20,1213443270,0.05231926911589365
all_days,2026-04-30 00:00:00+00:00,その他のトップレベル宛先,607819103,3100,20,20,1213443270,0.5009044246460734
all_days,2026-04-30 00:00:00+00:00,通常市場：CTF Exchange V2,542137702,1013,19,20,1213443270,0.4467763062380329
all_days,2026-05-01 00:00:00+00:00,Neg Risk市場：CTF Exchange V2,57028248,118,17,20,1051002933,0.054260788632832485
all_days,2026-05-01 00:00:00+00:00,その他のトップレベル宛先,519551313,2939,20,20,1051002933,0.49433859477155234
all_days,2026-05-01 00:00:00+00:00,通常市場：CTF Exchange V2,474423372,841,18,20,1051002933,0.45140061659561515
all_days,2026-05-02 00:00:00+00:00,Neg Risk市場：CTF Exchange V2,108153246,237,20,20,1177319416,0.09186397890850719
all_days,2026-05-02 00:00:00+00:00,その他のトップレベル宛先,360643020,2212,20,20,1177319416,0.30632555201145173
all_days,2026-05-02 00:00:00+00:00,通常市場：CTF Exchange V2,708523150,993,20,20,1177319416,0.6018104690800411
all_days,2026-05-03 00:00:00+00:00,Neg Risk市場：CTF Exchange V2,70589464,153,20,20,1403009651,0.05031288555263117
all_days,2026-05-03 00:00:00+00:00,その他のトップレベル宛先,489098294,2545,20,20,1403009651,0.348606507197861
all_days,2026-05-03 00:00:00+00:00,通常市場：CTF Exchange V2,843321893,949,20,20,1403009651,0.6010806072495078
all_days,2026-05-04 00:00:00+00:00,Neg Risk市場：CTF Exchange V2,80836212,195,20,20,1241382364,0.06511789948386926
all_days,2026-05-04 00:00:00+00:00,その他のトップレベル宛先,447900706,2719,20,20,1241382364,0.36080801450792965
all_days,2026-05-04 00:00:00+00:00,通常市場：CTF Exchange V2,712645446,1088,20,20,1241382364,0.5740740860082011
all_days,2026-05-05 00:00:00+00:00,Neg Risk市場：CTF Exchange V2,73188104,161,20,20,900049217,0.08131566876303388
all_days,2026-05-05 00:00:00+00:00,その他のトップレベル宛先,488579286,2883,20,20,900049217,0.542836188034815
all_days,2026-05-05 00:00:00+00:00,通常市場：CTF Exchange V2,338281827,768,20,20,900049217,0.37584814320215115
all_days,2026-05-06 00:00:00+00:00,Neg Risk市場：CTF Exchange V2,121955115,244,20,20,964284047,0.12647218978621141
all_days,2026-05-06 00:00:00+00:00,その他のトップレベル宛先,407223839,2691,20,20,964284047,0.4223069335917366
all_days,2026-05-06 00:00:00+00:00,通常市場：CTF Exchange V2,435105093,984,20,20,964284047,0.451220876622052
all_days,2026-05-07 00:00:00+00:00,Neg Risk市場：CTF Exchange V2,75484044,178,20,20,844605565,0.08937194724735208
all_days,2026-05-07 00:00:00+00:00,その他のトップレベル宛先,426897022,2579,20,20,844605565,0.5054395089144363
all_days,2026-05-07 00:00:00+00:00,通常市場：CTF Exchange V2,342224499,799,20,20,844605565,0.4051885438382116
all_days,2026-05-08 00:00:00+00:00,Neg Risk市場：CTF Exchange V2,64733216,131,20,20,792113421,0.08172215529220278
all_days,2026-05-08 00:00:00+00:00,その他のトップレベル宛先,478159321,2439,20,20,792113421,0.6036500686938873
all_days,2026-05-08 00:00:00+00:00,通常市場：CTF Exchange V2,249220884,567,20,20,792113421,0.31462777601391
all_days,2026-05-09 00:00:00+00:00,Neg Risk市場：CTF Exchange V2,77414491,161,20,20,846110122,0.09149458089097295
all_days,2026-05-09 00:00:00+00:00,その他のトップレベル宛先,496100821,2333,20,20,846110122,0.5863312683546882
all_days,2026-05-09 00:00:00+00:00,通常市場：CTF Exchange V2,272594810,640,20,20,846110122,0.3221741507543388
all_days,2026-05-10 00:00:00+00:00,Neg Risk市場：CTF Exchange V2,86429028,197,20,20,827119711,0.10449397693050505
all_days,2026-05-10 00:00:00+00:00,その他のトップレベル宛先,496693060,2332,20,20,827119711,0.600509277429129
all_days,2026-05-10 00:00:00+00:00,通常市場：CTF Exchange V2,243997623,540,20,20,827119711,0.29499674564036593
all_days,2026-05-11 00:00:00+00:00,Neg Risk市場：CTF Exchange V2,97055685,228,20,20,1077536555,0.09007182591591985
all_days,2026-05-11 00:00:00+00:00,その他のトップレベル宛先,525312994,2523,20,20,1077536555,0.4875129215453855
all_days,2026-05-11 00:00:00+00:00,通常市場：CTF Exchange V2,455167876,941,20,20,1077536555,0.4224152525386946
all_days,2026-05-12 00:00:00+00:00,Neg Risk市場：CTF Exchange V2,65485679,133,19,20,765908284,0.08550067986991508
all_days,2026-05-12 00:00:00+00:00,その他のトップレベル宛先,419948754,2238,20,20,765908284,0.5483016214510613
all_days,2026-05-12 00:00:00+00:00,通常市場：CTF Exchange V2,280473851,631,20,20,765908284,0.3661976986790236
all_days,2026-05-13 00:00:00+00:00,Neg Risk市場：CTF Exchange V2,80302973,158,20,20,1014456549,0.07915861263763205
all_days,2026-05-13 00:00:00+00:00,その他のトップレベル宛先,620832715,3088,20,20,1014456549,0.6119855163949461
all_days,2026-05-13 00:00:00+00:00,通常市場：CTF Exchange V2,313320861,654,20,20,1014456549,0.3088558709674218
all_days,2026-05-14 00:00:00+00:00,Neg Risk市場：CTF Exchange V2,77876108,164,20,20,755041637,0.10314147483233431
all_days,2026-05-14 00:00:00+00:00,その他のトップレベル宛先,397775782,2385,20,20,755041637,0.526826286799863
all_days,2026-05-14 00:00:00+00:00,通常市場：CTF Exchange V2,279389747,619,20,20,755041637,0.37003223836780275
all_days,2026-05-15 00:00:00+00:00,Neg Risk市場：CTF Exchange V2,59854589,135,19,20,732415085,0.08172222312979804
all_days,2026-05-15 00:00:00+00:00,その他のトップレベル宛先,342906891,2157,20,20,732415085,0.4681865488884626
all_days,2026-05-15 00:00:00+00:00,通常市場：CTF Exchange V2,329653605,781,19,20,732415085,0.45009122798173934
all_days,2026-05-16 00:00:00+00:00,Neg Risk市場：CTF Exchange V2,82464124,175,20,20,752712045,0.1095560042486101
all_days,2026-05-16 00:00:00+00:00,その他のトップレベル宛先,370516449,1822,20,20,752712045,0.4922419555541987
all_days,2026-05-16 00:00:00+00:00,通常市場：CTF Exchange V2,299731472,738,20,20,752712045,0.3982020401971912
all_days,2026-05-17 00:00:00+00:00,Neg Risk市場：CTF Exchange V2,61397298,129,20,20,678198954,0.09052992140120582
all_days,2026-05-17 00:00:00+00:00,その他のトップレベル宛先,312828786,1826,20,20,678198954,0.4612640349191692
all_days,2026-05-17 00:00:00+00:00,通常市場：CTF Exchange V2,303972870,698,20,20,678198954,0.448206043679625
all_days,2026-05-18 00:00:00+00:00,Neg Risk市場：CTF Exchange V2,37776805,79,19,20,691420882,0.054636482616387046
all_days,2026-05-18 00:00:00+00:00,その他のトップレベル宛先,362786598,1878,20,20,691420882,0.5246971959403448
all_days,2026-05-18 00:00:00+00:00,通常市場：CTF Exchange V2,290857479,658,20,20,691420882,0.4206663214432682
all_days,2026-05-19 00:00:00+00:00,Neg Risk市場：CTF Exchange V2,60219079,126,20,20,862661750,0.06980613085024345
all_days,2026-05-19 00:00:00+00:00,その他のトップレベル宛先,459464834,2127,20,20,862661750,0.5326129667856492
all_days,2026-05-19 00:00:00+00:00,通常市場：CTF Exchange V2,342977837,765,20,20,862661750,0.39758090236410737
all_days,2026-05-20 00:00:00+00:00,Neg Risk市場：CTF Exchange V2,57016834,118,20,20,789100837,0.07225544737319801
all_days,2026-05-20 00:00:00+00:00,その他のトップレベル宛先,381272695,2136,20,20,789100837,0.4831736035783726
all_days,2026-05-20 00:00:00+00:00,通常市場：CTF Exchange V2,350811308,800,20,20,789100837,0.4445709490484294
all_days,2026-05-21 00:00:00+00:00,Neg Risk市場：CTF Exchange V2,96391045,169,20,20,895131323,0.10768369123420787
all_days,2026-05-21 00:00:00+00:00,その他のトップレベル宛先,378957468,1922,20,20,895131323,0.42335404678940053
all_days,2026-05-21 00:00:00+00:00,通常市場：CTF Exchange V2,419782810,839,20,20,895131323,0.46896226197639157
all_days,2026-05-22 00:00:00+00:00,Neg Risk市場：CTF Exchange V2,67513281,112,20,20,1060669103,0.06365159577953691
all_days,2026-05-22 00:00:00+00:00,その他のトップレベル宛先,504378615,2015,20,20,1060669103,0.47552871444394285
all_days,2026-05-22 00:00:00+00:00,通常市場：CTF Exchange V2,488777207,866,20,20,1060669103,0.46081968977652027
all_days,2026-05-23 00:00:00+00:00,Neg Risk市場：CTF Exchange V2,91266999,149,20,20,947346349,0.09633963238084955
all_days,2026-05-23 00:00:00+00:00,その他のトップレベル宛先,479750732,1929,20,20,947346349,0.5064153490499176
all_days,2026-05-23 00:00:00+00:00,通常市場：CTF Exchange V2,376328618,648,20,20,947346349,0.3972450185692329
all_days,2026-05-24 00:00:00+00:00,Neg Risk市場：CTF Exchange V2,80530520,136,19,20,1052704685,0.07649868110922295
all_days,2026-05-24 00:00:00+00:00,その他のトップレベル宛先,509943152,1987,20,20,1052704685,0.4844123515988722
all_days,2026-05-24 00:00:00+00:00,通常市場：CTF Exchange V2,462231013,777,20,20,1052704685,0.43908896729190483
all_days,2026-05-25 00:00:00+00:00,Neg Risk市場：CTF Exchange V2,90903655,149,20,20,1080301763,0.08414653952573435
all_days,2026-05-25 00:00:00+00:00,その他のトップレベル宛先,664370137,2174,20,20,1080301763,0.6149857009906592
all_days,2026-05-25 00:00:00+00:00,通常市場：CTF Exchange V2,325027971,580,20,20,1080301763,0.30086775948360645
all_days,2026-05-26 00:00:00+00:00,Neg Risk市場：CTF Exchange V2,65473142,107,20,20,1027740587,0.06370590285931756
all_days,2026-05-26 00:00:00+00:00,その他のトップレベル宛先,595821981,1912,20,20,1027740587,0.579739662456281
all_days,2026-05-26 00:00:00+00:00,通常市場：CTF Exchange V2,366445464,676,20,20,1027740587,0.35655443468440157
all_days,2026-05-27 00:00:00+00:00,Neg Risk市場：CTF Exchange V2,70395613,113,20,20,999385198,0.07043891898827183
all_days,2026-05-27 00:00:00+00:00,その他のトップレベル宛先,464669138,2044,20,20,999385198,0.4649549932597661
all_days,2026-05-27 00:00:00+00:00,通常市場：CTF Exchange V2,464320447,860,20,20,999385198,0.4646060877519621
all_days,2026-05-28 00:00:00+00:00,Neg Risk市場：CTF Exchange V2,90716098,159,20,20,1033357781,0.08778769528614988
all_days,2026-05-28 00:00:00+00:00,その他のトップレベル宛先,472373534,1883,20,20,1033357781,0.45712486293263804
all_days,2026-05-28 00:00:00+00:00,通常市場：CTF Exchange V2,470268149,857,20,20,1033357781,0.4550874417812121
all_days,2026-05-29 00:00:00+00:00,Neg Risk市場：CTF Exchange V2,75726958,128,18,20,917593696,0.0825277661890127
all_days,2026-05-29 00:00:00+00:00,その他のトップレベル宛先,493619312,1959,20,20,917593696,0.5379497637699551
all_days,2026-05-29 00:00:00+00:00,通常市場：CTF Exchange V2,348247426,595,17,20,917593696,0.3795224700410322
all_days,2026-05-30 00:00:00+00:00,Neg Risk市場：CTF Exchange V2,62670187,114,20,20,1166751635,0.053713391196576296
all_days,2026-05-30 00:00:00+00:00,その他のトップレベル宛先,655247502,1792,20,20,1166751635,0.5615998146854965
all_days,2026-05-30 00:00:00+00:00,通常市場：CTF Exchange V2,448833946,803,20,20,1166751635,0.3846867941179272
all_days,2026-05-31 00:00:00+00:00,Neg Risk市場：CTF Exchange V2,79807666,135,20,20,915493961,0.08717443194581596
all_days,2026-05-31 00:00:00+00:00,その他のトップレベル宛先,486648289,1823,20,20,915493961,0.5315690869969595
all_days,2026-05-31 00:00:00+00:00,通常市場：CTF Exchange V2,349038006,616,20,20,915493961,0.3812564810572246
all_days,2026-06-01 00:00:00+00:00,Neg Risk市場：CTF Exchange V2,80855565,138,20,20,1108739973,0.07292563357414011
all_days,2026-06-01 00:00:00+00:00,その他のトップレベル宛先,553098846,2184,20,20,1108739973,0.4988535269486491
all_days,2026-06-01 00:00:00+00:00,通常市場：CTF Exchange V2,474785562,829,20,20,1108739973,0.4282208394772108
all_days,2026-06-02 00:00:00+00:00,Neg Risk市場：CTF Exchange V2,94545222,160,19,20,1027130312,0.0920479328624857
all_days,2026-06-02 00:00:00+00:00,その他のトップレベル宛先,488312078,2308,20,20,1027130312,0.4754139492282845
all_days,2026-06-02 00:00:00+00:00,通常市場：CTF Exchange V2,444273012,807,20,20,1027130312,0.4325381179092298
all_days,2026-06-03 00:00:00+00:00,Neg Risk市場：CTF Exchange V2,72952211,129,19,20,1034482222,0.07052050721467111
all_days,2026-06-03 00:00:00+00:00,その他のトップレベル宛先,486119381,1774,20,20,1034482222,0.46991564539424246
all_days,2026-06-03 00:00:00+00:00,通常市場：CTF Exchange V2,475410630,850,20,20,1034482222,0.4595638473910864
all_days,2026-06-04 00:00:00+00:00,Neg Risk市場：CTF Exchange V2,64195548,114,18,20,897994153,0.07148771268224505
all_days,2026-06-04 00:00:00+00:00,その他のトップレベル宛先,461797819,1740,20,20,897994153,0.5142548172025793
all_days,2026-06-04 00:00:00+00:00,通常市場：CTF Exchange V2,372000786,667,20,20,897994153,0.41425747011517566
all_days,2026-06-05 00:00:00+00:00,Neg Risk市場：CTF Exchange V2,56014095,95,20,20,841226509,0.06658622190423626
all_days,2026-06-05 00:00:00+00:00,その他のトップレベル宛先,441477621,1492,20,20,841226509,0.5248023169464813
all_days,2026-06-05 00:00:00+00:00,通常市場：CTF Exchange V2,343734793,619,20,20,841226509,0.40861146114928243
all_days,2026-06-06 00:00:00+00:00,Neg Risk市場：CTF Exchange V2,53708327,99,20,20,728637135,0.07371066395071944
all_days,2026-06-06 00:00:00+00:00,その他のトップレベル宛先,341854666,1497,20,20,728637135,0.4691699744345311
all_days,2026-06-06 00:00:00+00:00,通常市場：CTF Exchange V2,333074142,609,20,20,728637135,0.4571193616147494
all_days,2026-06-07 00:00:00+00:00,Neg Risk市場：CTF Exchange V2,51945137,87,18,20,845556823,0.06143305285586939
all_days,2026-06-07 00:00:00+00:00,その他のトップレベル宛先,399111187,1531,20,20,845556823,0.47200989471526034
all_days,2026-06-07 00:00:00+00:00,通常市場：CTF Exchange V2,394500499,699,20,20,845556823,0.4665570524288703
all_days,2026-06-08 00:00:00+00:00,Neg Risk市場：CTF Exchange V2,56790848,103,20,20,890618384,0.06376563634913694
all_days,2026-06-08 00:00:00+00:00,その他のトップレベル宛先,422971241,1691,20,20,890618384,0.4749186055427304
all_days,2026-06-08 00:00:00+00:00,通常市場：CTF Exchange V2,410856295,729,20,20,890618384,0.46131575810813263
all_days,2026-06-09 00:00:00+00:00,Neg Risk市場：CTF Exchange V2,112518793,209,20,20,881798394,0.12760149458834238
all_days,2026-06-09 00:00:00+00:00,その他のトップレベル宛先,465590785,1755,20,20,881798394,0.5280013982425102
all_days,2026-06-09 00:00:00+00:00,通常市場：CTF Exchange V2,303688816,535,20,20,881798394,0.34439710716914734
all_days,2026-06-10 00:00:00+00:00,Neg Risk市場：CTF Exchange V2,58228179,103,19,20,793358218,0.07339456210183229
all_days,2026-06-10 00:00:00+00:00,その他のトップレベル宛先,471852767,1882,20,20,793358218,0.594753739602657
all_days,2026-06-10 00:00:00+00:00,通常市場：CTF Exchange V2,263277272,464,19,20,793358218,0.3318516982955107
all_days,2026-06-11 00:00:00+00:00,Neg Risk市場：CTF Exchange V2,90011663,169,20,20,869158784,0.10356181707760316
all_days,2026-06-11 00:00:00+00:00,その他のトップレベル宛先,401246014,1733,20,20,869158784,0.46164868995904895
all_days,2026-06-11 00:00:00+00:00,通常市場：CTF Exchange V2,377901107,671,20,20,869158784,0.4347894929633479
all_days,2026-06-12 00:00:00+00:00,Neg Risk市場：CTF Exchange V2,101648112,175,19,20,1093084518,0.09299199680001323
all_days,2026-06-12 00:00:00+00:00,その他のトップレベル宛先,656360877,1877,20,20,1093084518,0.6004667216410067
all_days,2026-06-12 00:00:00+00:00,通常市場：CTF Exchange V2,335075529,589,20,20,1093084518,0.30654128155898
all_days,2026-06-13 00:00:00+00:00,Neg Risk市場：CTF Exchange V2,87928632,147,19,20,987438999,0.08904715338268708
all_days,2026-06-13 00:00:00+00:00,その他のトップレベル宛先,554617536,1794,20,20,987438999,0.5616727074398243
all_days,2026-06-13 00:00:00+00:00,通常市場：CTF Exchange V2,344892831,605,20,20,987438999,0.34928013917748857
all_days,2026-06-14 00:00:00+00:00,Neg Risk市場：CTF Exchange V2,158844563,264,20,20,752385704,0.2111211871192066
all_days,2026-06-14 00:00:00+00:00,その他のトップレベル宛先,305221972,1312,20,20,752385704,0.4056722109116523
all_days,2026-06-14 00:00:00+00:00,通常市場：CTF Exchange V2,288319169,504,20,20,752385704,0.3832066019691411
all_days,2026-06-15 00:00:00+00:00,Neg Risk市場：CTF Exchange V2,99809161,179,20,20,930045718,0.10731640291257166
all_days,2026-06-15 00:00:00+00:00,その他のトップレベル宛先,483284759,1694,20,20,930045718,0.519635486349285
all_days,2026-06-15 00:00:00+00:00,通常市場：CTF Exchange V2,346951798,642,20,20,930045718,0.3730481107381433
all_days,2026-06-16 00:00:00+00:00,Neg Risk市場：CTF Exchange V2,142034495,220,20,20,914031156,0.15539349404846764
all_days,2026-06-16 00:00:00+00:00,その他のトップレベル宛先,419961248,1747,20,20,914031156,0.45946053943920484
all_days,2026-06-16 00:00:00+00:00,通常市場：CTF Exchange V2,352035413,612,20,20,914031156,0.3851459665123275
all_days,2026-06-17 00:00:00+00:00,Neg Risk市場：CTF Exchange V2,135552616,239,20,20,1053050563,0.1287237486620099
all_days,2026-06-17 00:00:00+00:00,その他のトップレベル宛先,488687961,1880,20,20,1053050563,0.46406884737594506
all_days,2026-06-17 00:00:00+00:00,通常市場：CTF Exchange V2,428809986,758,20,20,1053050563,0.4072074039620451
all_days,2026-06-18 00:00:00+00:00,Neg Risk市場：CTF Exchange V2,93378808,162,20,20,991949019,0.09413670078945861
all_days,2026-06-18 00:00:00+00:00,その他のトップレベル宛先,534180692,1902,20,20,991949019,0.5385162763087525
all_days,2026-06-18 00:00:00+00:00,通常市場：CTF Exchange V2,364389519,662,20,20,991949019,0.3673470229017889
all_days,2026-06-19 00:00:00+00:00,Neg Risk市場：CTF Exchange V2,102927032,174,18,20,785917315,0.13096419945907414
all_days,2026-06-19 00:00:00+00:00,その他のトップレベル宛先,395098392,1715,20,20,785917315,0.5027225949335395
all_days,2026-06-19 00:00:00+00:00,通常市場：CTF Exchange V2,287891891,514,18,20,785917315,0.36631320560738634
all_days,2026-06-20 00:00:00+00:00,Neg Risk市場：CTF Exchange V2,91976350,159,20,20,871542335,0.10553285400645512
all_days,2026-06-20 00:00:00+00:00,その他のトップレベル宛先,402240171,1624,20,20,871542335,0.46152682990436716
all_days,2026-06-20 00:00:00+00:00,通常市場：CTF Exchange V2,377325814,677,20,20,871542335,0.4329403160891777
all_days,2026-06-21 00:00:00+00:00,Neg Risk市場：CTF Exchange V2,106261950,184,20,20,771386046,0.13775456601920436
all_days,2026-06-21 00:00:00+00:00,その他のトップレベル宛先,391263163,1638,20,20,771386046,0.5072209499107273
all_days,2026-06-21 00:00:00+00:00,通常市場：CTF Exchange V2,273860933,510,20,20,771386046,0.3550244840700683
all_days,2026-06-22 00:00:00+00:00,Neg Risk市場：CTF Exchange V2,91454123,155,20,20,855255714,0.10693190528043639
all_days,2026-06-22 00:00:00+00:00,その他のトップレベル宛先,438737738,1896,20,20,855255714,0.512990127768968
all_days,2026-06-22 00:00:00+00:00,通常市場：CTF Exchange V2,325063853,586,20,20,855255714,0.38007796695059554
all_days,2026-06-23 00:00:00+00:00,Neg Risk市場：CTF Exchange V2,96805417,165,20,20,978700840,0.0989121629853715
all_days,2026-06-23 00:00:00+00:00,その他のトップレベル宛先,452567448,1737,20,20,978700840,0.4624165316952216
all_days,2026-06-23 00:00:00+00:00,通常市場：CTF Exchange V2,429327975,759,20,20,978700840,0.4386713053194069
all_days,2026-06-24 00:00:00+00:00,Neg Risk市場：CTF Exchange V2,116798619,198,18,20,981429685,0.11900864706369667
all_days,2026-06-24 00:00:00+00:00,その他のトップレベル宛先,437945380,1579,20,20,981429685,0.4462320497265171
all_days,2026-06-24 00:00:00+00:00,通常市場：CTF Exchange V2,426685686,732,19,20,981429685,0.43475930320978623
all_days,2026-06-25 00:00:00+00:00,Neg Risk市場：CTF Exchange V2,110918180,181,20,20,774039685,0.1432977948669389
all_days,2026-06-25 00:00:00+00:00,その他のトップレベル宛先,367443874,1614,20,20,774039685,0.47470934775133655
all_days,2026-06-25 00:00:00+00:00,通常市場：CTF Exchange V2,295677631,509,20,20,774039685,0.38199285738172456
all_days,2026-06-26 00:00:00+00:00,Neg Risk市場：CTF Exchange V2,133377906,221,20,20,864099276,0.15435484058894178
all_days,2026-06-26 00:00:00+00:00,その他のトップレベル宛先,398458624,1662,20,20,864099276,0.46112597830714996
all_days,2026-06-26 00:00:00+00:00,通常市場：CTF Exchange V2,332262746,595,20,20,864099276,0.38451918110390826
all_days,2026-06-27 00:00:00+00:00,Neg Risk市場：CTF Exchange V2,124124965,201,20,20,837128680,0.14827465354549793
all_days,2026-06-27 00:00:00+00:00,その他のトップレベル宛先,349914881,1373,20,20,837128680,0.41799413800994134
all_days,2026-06-27 00:00:00+00:00,通常市場：CTF Exchange V2,363088834,628,20,20,837128680,0.43373120844456076
all_days,2026-06-28 00:00:00+00:00,Neg Risk市場：CTF Exchange V2,88729024,148,20,20,775637937,0.1143948996914523
all_days,2026-06-28 00:00:00+00:00,その他のトップレベル宛先,384102706,1386,20,20,775637937,0.49520876645826056
all_days,2026-06-28 00:00:00+00:00,通常市場：CTF Exchange V2,302806207,518,20,20,775637937,0.39039633385028716
all_days,2026-06-29 00:00:00+00:00,Neg Risk市場：CTF Exchange V2,94452727,177,20,20,869036580,0.10868671028784542
all_days,2026-06-29 00:00:00+00:00,その他のトップレベル宛先,488930177,1772,20,20,869036580,0.5626117337891576
all_days,2026-06-29 00:00:00+00:00,通常市場：CTF Exchange V2,285653676,519,20,20,869036580,0.32870155592299694
all_days,2026-06-30 00:00:00+00:00,Neg Risk市場：CTF Exchange V2,106373842,180,20,20,793509592,0.13405489117263247
all_days,2026-06-30 00:00:00+00:00,その他のトップレベル宛先,379017811,1617,20,20,793509592,0.4776474220616605
all_days,2026-06-30 00:00:00+00:00,通常市場：CTF Exchange V2,308117939,547,20,20,793509592,0.38829768676570703
all_days,2026-07-01 00:00:00+00:00,Neg Risk市場：CTF Exchange V2,185919883,324,20,20,974092835,0.19086464484671012
all_days,2026-07-01 00:00:00+00:00,その他のトップレベル宛先,454060925,1768,20,20,974092835,0.466137218841159
all_days,2026-07-01 00:00:00+00:00,通常市場：CTF Exchange V2,334112027,613,20,20,974092835,0.3429981363121309
all_days,2026-07-02 00:00:00+00:00,Neg Risk市場：CTF Exchange V2,111180963,197,20,20,980050104,0.1134441622384645
all_days,2026-07-02 00:00:00+00:00,その他のトップレベル宛先,538403116,2003,20,20,980050104,0.5493628476774285
all_days,2026-07-02 00:00:00+00:00,通常市場：CTF Exchange V2,330466025,567,20,20,980050104,0.33719299008410697
all_days,2026-07-03 00:00:00+00:00,Neg Risk市場：CTF Exchange V2,104824839,189,20,20,953129666,0.10997962054829169
all_days,2026-07-03 00:00:00+00:00,その他のトップレベル宛先,490167905,1894,20,20,953129666,0.5142720056727308
all_days,2026-07-03 00:00:00+00:00,通常市場：CTF Exchange V2,358136922,674,20,20,953129666,0.3757483737789775
all_days,2026-07-04 00:00:00+00:00,Neg Risk市場：CTF Exchange V2,120879924,199,20,20,951643102,0.12702232984819134
all_days,2026-07-04 00:00:00+00:00,その他のトップレベル宛先,482019608,1708,20,20,951643102,0.5065130057549663
all_days,2026-07-04 00:00:00+00:00,通常市場：CTF Exchange V2,348743570,556,20,20,951643102,0.36646466439684233
all_days,2026-07-05 00:00:00+00:00,Neg Risk市場：CTF Exchange V2,94509449,165,20,20,724324877,0.13047936361296616
all_days,2026-07-05 00:00:00+00:00,その他のトップレベル宛先,323754920,1328,20,20,724324877,0.4469747350676732
all_days,2026-07-05 00:00:00+00:00,通常市場：CTF Exchange V2,306060508,513,20,20,724324877,0.4225459013193606
all_days,2026-07-06 00:00:00+00:00,Neg Risk市場：CTF Exchange V2,88434404,150,20,20,901124412,0.09813784070473057
all_days,2026-07-06 00:00:00+00:00,その他のトップレベル宛先,426411162,1524,20,20,901124412,0.47319899041865043
all_days,2026-07-06 00:00:00+00:00,通常市場：CTF Exchange V2,386278846,692,20,20,901124412,0.428663168876619
all_days,2026-07-07 00:00:00+00:00,Neg Risk市場：CTF Exchange V2,120947694,215,20,20,1071909628,0.11283385356437903
all_days,2026-07-07 00:00:00+00:00,その他のトップレベル宛先,473088749,1840,20,20,1071909628,0.4413513384357809
all_days,2026-07-07 00:00:00+00:00,通常市場：CTF Exchange V2,477873185,852,20,20,1071909628,0.4458148079998401
all_days,2026-07-08 00:00:00+00:00,Neg Risk市場：CTF Exchange V2,96408147,149,20,20,965663514,0.09983617026251237
all_days,2026-07-08 00:00:00+00:00,その他のトップレベル宛先,476397073,1592,20,20,965663514,0.4933365153526967
all_days,2026-07-08 00:00:00+00:00,通常市場：CTF Exchange V2,392858294,683,20,20,965663514,0.406827314384791
all_days,2026-07-09 00:00:00+00:00,Neg Risk市場：CTF Exchange V2,86215889,146,19,20,778359392,0.11076617033998608
all_days,2026-07-09 00:00:00+00:00,その他のトップレベル宛先,371917386,1633,20,20,778359392,0.477822185769938
all_days,2026-07-09 00:00:00+00:00,通常市場：CTF Exchange V2,320226117,564,20,20,778359392,0.4114116438900759
all_days,2026-07-10 00:00:00+00:00,Neg Risk市場：CTF Exchange V2,68920685,117,20,20,785865489,0.08770035834974807
all_days,2026-07-10 00:00:00+00:00,その他のトップレベル宛先,411221307,1526,20,20,785865489,0.5232718738206354
all_days,2026-07-10 00:00:00+00:00,通常市場：CTF Exchange V2,305723497,543,20,20,785865489,0.38902776782961646
all_days,2026-07-11 00:00:00+00:00,Neg Risk市場：CTF Exchange V2,76445215,129,20,20,850211586,0.0899131654505588
all_days,2026-07-11 00:00:00+00:00,その他のトップレベル宛先,459353084,2883,20,20,850211586,0.540280903676135
all_days,2026-07-11 00:00:00+00:00,通常市場：CTF Exchange V2,314413287,558,20,20,850211586,0.36980593087330615
all_days,2026-07-12 00:00:00+00:00,Neg Risk市場：CTF Exchange V2,77878826,130,20,20,831220432,0.09369214591202445
all_days,2026-07-12 00:00:00+00:00,その他のトップレベル宛先,441581962,1587,20,20,831220432,0.5312453171266608
all_days,2026-07-12 00:00:00+00:00,通常市場：CTF Exchange V2,311759644,543,20,20,831220432,0.37506253696131475
all_days,2026-07-13 00:00:00+00:00,Neg Risk市場：CTF Exchange V2,71429785,114,19,20,735851513,0.09707092224188986
all_days,2026-07-13 00:00:00+00:00,その他のトップレベル宛先,354986354,1423,20,20,735851513,0.482415742481459
all_days,2026-07-13 00:00:00+00:00,通常市場：CTF Exchange V2,309435374,528,20,20,735851513,0.42051333527665113
all_days,2026-07-14 00:00:00+00:00,Neg Risk市場：CTF Exchange V2,63607351,114,19,20,883750732,0.07197431209595875
all_days,2026-07-14 00:00:00+00:00,その他のトップレベル宛先,459501787,1750,20,20,883750732,0.5199450143142852
all_days,2026-07-14 00:00:00+00:00,通常市場：CTF Exchange V2,360641594,620,20,20,883750732,0.4080806735897561
all_days,2026-07-15 00:00:00+00:00,Neg Risk市場：CTF Exchange V2,86805796,158,19,20,908614526,0.09553643873837869
all_days,2026-07-15 00:00:00+00:00,その他のトップレベル宛先,544866125,1784,20,20,908614526,0.5996669758282073
all_days,2026-07-15 00:00:00+00:00,通常市場：CTF Exchange V2,276942605,492,20,20,908614526,0.30479658543341404
all_days,2026-07-16 00:00:00+00:00,Neg Risk市場：CTF Exchange V2,70393870,121,19,20,778642248,0.0904059215651499
all_days,2026-07-16 00:00:00+00:00,その他のトップレベル宛先,358888990,1418,20,20,778642248,0.46091641048483156
all_days,2026-07-16 00:00:00+00:00,通常市場：CTF Exchange V2,349359388,606,20,20,778642248,0.44867766795001857
all_days,2026-07-17 00:00:00+00:00,Neg Risk市場：CTF Exchange V2,59881870,101,20,20,867693133,0.06901272779808895
all_days,2026-07-17 00:00:00+00:00,その他のトップレベル宛先,385202442,1520,20,20,867693133,0.44393856232120255
all_days,2026-07-17 00:00:00+00:00,通常市場：CTF Exchange V2,422608821,686,20,20,867693133,0.4870487098807085
all_days,2026-07-18 00:00:00+00:00,Neg Risk市場：CTF Exchange V2,126784625,206,20,20,982156800,0.12908796742027343
all_days,2026-07-18 00:00:00+00:00,その他のトップレベル宛先,530214803,1576,20,20,982156800,0.5398474082753385
all_days,2026-07-18 00:00:00+00:00,通常市場：CTF Exchange V2,325157372,572,20,20,982156800,0.33106462430438804
all_days,2026-07-19 00:00:00+00:00,Neg Risk市場：CTF Exchange V2,95399172,158,20,20,968357738,0.09851645549611955
all_days,2026-07-19 00:00:00+00:00,その他のトップレベル宛先,445396355,1434,20,20,968357738,0.4599502203802289
all_days,2026-07-19 00:00:00+00:00,通常市場：CTF Exchange V2,427562211,771,20,20,968357738,0.4415333241236515
all_days,2026-07-20 00:00:00+00:00,Neg Risk市場：CTF Exchange V2,37514425,65,20,20,815392289,0.046007824094103006
all_days,2026-07-20 00:00:00+00:00,その他のトップレベル宛先,528216906,1578,20,20,815392289,0.6478070900668034
all_days,2026-07-20 00:00:00+00:00,通常市場：CTF Exchange V2,249660958,429,20,20,815392289,0.3061850858390936
all_days,2026-07-21 00:00:00+00:00,Neg Risk市場：CTF Exchange V2,71061528,121,19,20,914395811,0.07771418804104736
all_days,2026-07-21 00:00:00+00:00,その他のトップレベル宛先,486523080,1668,20,20,914395811,0.5320705477291388
all_days,2026-07-21 00:00:00+00:00,通常市場：CTF Exchange V2,356811203,583,19,20,914395811,0.39021526422981395
all_days,2026-07-22 00:00:00+00:00,Neg Risk市場：CTF Exchange V2,74959419,125,20,20,864979123,0.08666037943207099
all_days,2026-07-22 00:00:00+00:00,その他のトップレベル宛先,473342047,1534,20,20,864979123,0.5472294468314006
all_days,2026-07-22 00:00:00+00:00,通常市場：CTF Exchange V2,316677657,570,20,20,864979123,0.36611017373652843
all_days,2026-07-23 00:00:00+00:00,Neg Risk市場：CTF Exchange V2,59524184,90,19,20,743393209,0.08007092784728412
all_days,2026-07-23 00:00:00+00:00,その他のトップレベル宛先,418963661,1499,20,20,743393209,0.5635828467730865
all_days,2026-07-23 00:00:00+00:00,通常市場：CTF Exchange V2,264905364,488,20,20,743393209,0.35634622537962946
all_days,2026-07-24 00:00:00+00:00,Neg Risk市場：CTF Exchange V2,68210089,108,17,20,706532544,0.09654203416283115
all_days,2026-07-24 00:00:00+00:00,その他のトップレベル宛先,368008046,1533,20,20,706532544,0.5208649610342648
all_days,2026-07-24 00:00:00+00:00,通常市場：CTF Exchange V2,270314409,481,18,20,706532544,0.38259300480290404
all_days,2026-07-25 00:00:00+00:00,Neg Risk市場：CTF Exchange V2,78918165,125,20,20,605257467,0.1303877594293273
all_days,2026-07-25 00:00:00+00:00,その他のトップレベル宛先,305025927,1277,20,20,605257467,0.5039606178043236
all_days,2026-07-25 00:00:00+00:00,通常市場：CTF Exchange V2,221313375,393,20,20,605257467,0.3656516227663491
all_days,2026-07-26 00:00:00+00:00,Neg Risk市場：CTF Exchange V2,54121864,94,19,20,751740734,0.07199538557930532
all_days,2026-07-26 00:00:00+00:00,その他のトップレベル宛先,484039881,1306,20,20,751740734,0.6438920482922773
all_days,2026-07-26 00:00:00+00:00,通常市場：CTF Exchange V2,213578989,400,20,20,751740734,0.28411256612841734
all_days,2026-07-27 00:00:00+00:00,Neg Risk市場：CTF Exchange V2,67299624,84,17,20,911292325,0.07385075255626673
all_days,2026-07-27 00:00:00+00:00,その他のトップレベル宛先,523088124,1551,20,20,911292325,0.5740069455758886
all_days,2026-07-27 00:00:00+00:00,通常市場：CTF Exchange V2,320904577,567,20,20,911292325,0.3521423018678447
all_days,2026-07-28 00:00:00+00:00,Neg Risk市場：CTF Exchange V2,46667083,74,19,20,860107187,0.054257287586180813
all_days,2026-07-28 00:00:00+00:00,その他のトップレベル宛先,548829709,1541,20,20,860107187,0.6380945506504645
all_days,2026-07-28 00:00:00+00:00,通常市場：CTF Exchange V2,264610395,481,19,20,860107187,0.30764816176335474
all_days,2026-07-29 00:00:00+00:00,Neg Risk市場：CTF Exchange V2,49727148,88,18,20,744942114,0.06675303633055171
all_days,2026-07-29 00:00:00+00:00,その他のトップレベル宛先,371218438,1455,20,20,744942114,0.4983185015634651
all_days,2026-07-29 00:00:00+00:00,通常市場：CTF Exchange V2,323996528,574,20,20,744942114,0.4349284621059832
all_days,2026-07-30 00:00:00+00:00,Neg Risk市場：CTF Exchange V2,49578850,85,20,20,681238401,0.07277753269225937
all_days,2026-07-30 00:00:00+00:00,その他のトップレベル宛先,387705282,1340,20,20,681238401,0.5691183606662243
all_days,2026-07-30 00:00:00+00:00,通常市場：CTF Exchange V2,243954269,456,20,20,681238401,0.35810410664151626
all_days,2026-07-31 00:00:00+00:00,Neg Risk市場：CTF Exchange V2,69891821,114,18,20,682535498,0.10240027252033124
all_days,2026-07-31 00:00:00+00:00,その他のトップレベル宛先,340793227,1363,20,20,682535498,0.49930476583065575
all_days,2026-07-31 00:00:00+00:00,通常市場：CTF Exchange V2,271850450,491,20,20,682535498,0.398294961649013
all_days,2026-08-01 00:00:00+00:00,Neg Risk市場：CTF Exchange V2,65333124,122,20,20,716274230,0.09121244526694755
all_days,2026-08-01 00:00:00+00:00,その他のトップレベル宛先,341708253,1403,20,20,716274230,0.4770634467751269
all_days,2026-08-01 00:00:00+00:00,通常市場：CTF Exchange V2,309232853,548,20,20,716274230,0.43172410795792554
all_days,2026-08-02 00:00:00+00:00,Neg Risk市場：CTF Exchange V2,62183868,106,20,20,792663170,0.07844929643949523
all_days,2026-08-02 00:00:00+00:00,その他のトップレベル宛先,443044736,1499,20,20,792663170,0.5589319054649656
all_days,2026-08-02 00:00:00+00:00,通常市場：CTF Exchange V2,287434566,506,20,20,792663170,0.3626187980955391
all_days,2026-08-03 00:00:00+00:00,Neg Risk市場：CTF Exchange V2,60192216,96,19,20,629208259,0.09566342326094611
all_days,2026-08-03 00:00:00+00:00,その他のトップレベル宛先,380362828,1561,20,20,629208259,0.6045102278290343
all_days,2026-08-03 00:00:00+00:00,通常市場：CTF Exchange V2,188653215,348,20,20,629208259,0.29982634891001964
all_days,2026-08-04 00:00:00+00:00,Neg Risk市場：CTF Exchange V2,69511457,124,20,20,717027244,0.0969439551727828
all_days,2026-08-04 00:00:00+00:00,その他のトップレベル宛先,362668379,1415,20,20,717027244,0.5057944199955672
all_days,2026-08-04 00:00:00+00:00,通常市場：CTF Exchange V2,284847408,516,20,20,717027244,0.39726162483165006
all_days,2026-08-05 00:00:00+00:00,Neg Risk市場：CTF Exchange V2,42978370,93,20,20,612098685,0.07021477263915377
all_days,2026-08-05 00:00:00+00:00,その他のトップレベル宛先,322317068,1336,20,20,612098685,0.5265769652813419
all_days,2026-08-05 00:00:00+00:00,通常市場：CTF Exchange V2,246803247,459,20,20,612098685,0.4032082620795044
all_days,2026-08-06 00:00:00+00:00,Neg Risk市場：CTF Exchange V2,72124244,142,20,20,752530907,0.0958422349555405
all_days,2026-08-06 00:00:00+00:00,その他のトップレベル宛先,362825098,1448,20,20,752530907,0.48213979602036466
all_days,2026-08-06 00:00:00+00:00,通常市場：CTF Exchange V2,317581565,548,20,20,752530907,0.42201796902409483
all_days,2026-08-07 00:00:00+00:00,Neg Risk市場：CTF Exchange V2,53079614,97,20,20,688645251,0.07707831270588403
all_days,2026-08-07 00:00:00+00:00,その他のトップレベル宛先,367792990,1488,20,20,688645251,0.5340819376390356
all_days,2026-08-07 00:00:00+00:00,通常市場：CTF Exchange V2,267772647,471,20,20,688645251,0.3888397496550804
all_days,2026-08-08 00:00:00+00:00,Neg Risk市場：CTF Exchange V2,61175249,117,20,20,615708386,0.09935750493416212
all_days,2026-08-08 00:00:00+00:00,その他のトップレベル宛先,326383950,1385,20,20,615708386,0.5300950213141973
all_days,2026-08-08 00:00:00+00:00,通常市場：CTF Exchange V2,228149187,427,20,20,615708386,0.3705474737516406
all_days,2026-08-09 00:00:00+00:00,Neg Risk市場：CTF Exchange V2,70892269,126,20,20,633268428,0.11194663410568764
all_days,2026-08-09 00:00:00+00:00,その他のトップレベル宛先,404688026,1371,20,20,633268428,0.6390465845235538
all_days,2026-08-09 00:00:00+00:00,通常市場：CTF Exchange V2,157688133,288,20,20,633268428,0.24900678137075863
all_days,2026-08-10 00:00:00+00:00,Neg Risk市場：CTF Exchange V2,81455220,140,20,20,646314501,0.1260303147677635
all_days,2026-08-10 00:00:00+00:00,その他のトップレベル宛先,368335601,1354,20,20,646314501,0.5699014959901078
all_days,2026-08-10 00:00:00+00:00,通常市場：CTF Exchange V2,196523680,343,20,20,646314501,0.30406818924212875
all_days,2026-08-11 00:00:00+00:00,Neg Risk市場：CTF Exchange V2,54954150,102,20,20,699917445,0.07851518831624492
all_days,2026-08-11 00:00:00+00:00,その他のトップレベル宛先,385974654,1363,20,20,699917445,0.5514573993794368
all_days,2026-08-11 00:00:00+00:00,通常市場：CTF Exchange V2,258988641,472,20,20,699917445,0.37002741230431824
all_days,2026-08-12 00:00:00+00:00,Neg Risk市場：CTF Exchange V2,82639693,149,20,20,734572139,0.11250044565058027
all_days,2026-08-12 00:00:00+00:00,その他のトップレベル宛先,345466123,1439,20,20,734572139,0.4702957063826239
all_days,2026-08-12 00:00:00+00:00,通常市場：CTF Exchange V2,306466323,564,20,20,734572139,0.4172038479667958
all_days,2026-08-13 00:00:00+00:00,Neg Risk市場：CTF Exchange V2,69633410,125,20,20,660122110,0.10548565022310796
all_days,2026-08-13 00:00:00+00:00,その他のトップレベル宛先,344729248,1311,20,20,660122110,0.522220423733421
all_days,2026-08-13 00:00:00+00:00,通常市場：CTF Exchange V2,245759452,445,20,20,660122110,0.37229392604347095
all_days,2026-08-14 00:00:00+00:00,Neg Risk市場：CTF Exchange V2,54157422,103,20,20,782898470,0.06917553689943985
all_days,2026-08-14 00:00:00+00:00,その他のトップレベル宛先,372385780,1440,20,20,782898470,0.4756501567821432
all_days,2026-08-14 00:00:00+00:00,通常市場：CTF Exchange V2,356355268,613,20,20,782898470,0.455174306318417
all_days,2026-08-15 00:00:00+00:00,Neg Risk市場：CTF Exchange V2,50657522,103,19,20,789309221,0.06417956442447288
all_days,2026-08-15 00:00:00+00:00,その他のトップレベル宛先,525256855,1410,20,20,789309221,0.665463979167171
all_days,2026-08-15 00:00:00+00:00,通常市場：CTF Exchange V2,213394844,392,19,20,789309221,0.2703564564083561
all_days,2026-08-16 00:00:00+00:00,Neg Risk市場：CTF Exchange V2,87639074,134,20,20,663113979,0.1321629113175429
all_days,2026-08-16 00:00:00+00:00,その他のトップレベル宛先,361611804,1358,20,20,663113979,0.5453237534598859
all_days,2026-08-16 00:00:00+00:00,通常市場：CTF Exchange V2,213863101,386,20,20,663113979,0.32251333522257114
all_days,2026-08-17 00:00:00+00:00,Neg Risk市場：CTF Exchange V2,51873428,99,20,20,665707479,0.07792225509907483
all_days,2026-08-17 00:00:00+00:00,その他のトップレベル宛先,360309727,1363,20,20,665707479,0.541243321377797
all_days,2026-08-17 00:00:00+00:00,通常市場：CTF Exchange V2,253524324,430,20,20,665707479,0.38083442352312824
all_days,2026-08-18 00:00:00+00:00,Neg Risk市場：CTF Exchange V2,58049904,106,20,20,624919155,0.09289186214815259
all_days,2026-08-18 00:00:00+00:00,その他のトップレベル宛先,320895951,1308,20,20,624919155,0.5134999438447362
all_days,2026-08-18 00:00:00+00:00,通常市場：CTF Exchange V2,245973300,433,20,20,624919155,0.3936081940071112
all_days,2026-08-19 00:00:00+00:00,Neg Risk市場：CTF Exchange V2,55206956,105,18,20,737487723,0.07485813563841523
all_days,2026-08-19 00:00:00+00:00,その他のトップレベル宛先,336439829,1371,20,20,737487723,0.4561971928582193
all_days,2026-08-19 00:00:00+00:00,通常市場：CTF Exchange V2,345840938,626,18,20,737487723,0.4689446715033655
all_days,2026-08-20 00:00:00+00:00,Neg Risk市場：CTF Exchange V2,74475183,138,20,20,810293010,0.09191142226439791
all_days,2026-08-20 00:00:00+00:00,その他のトップレベル宛先,382234637,1403,20,20,810293010,0.47172397180126235
all_days,2026-08-20 00:00:00+00:00,通常市場：CTF Exchange V2,353583190,671,20,20,810293010,0.43636460593433973
all_days,2026-08-21 00:00:00+00:00,Neg Risk市場：CTF Exchange V2,71637314,130,20,20,837567146,0.08553023401421717
all_days,2026-08-21 00:00:00+00:00,その他のトップレベル宛先,397781783,1431,20,20,837567146,0.4749252461724424
all_days,2026-08-21 00:00:00+00:00,通常市場：CTF Exchange V2,368148049,670,20,20,837567146,0.4395445198133404
all_days,2026-08-22 00:00:00+00:00,Neg Risk市場：CTF Exchange V2,66772290,118,19,20,844435281,0.07907330674403691
all_days,2026-08-22 00:00:00+00:00,その他のトップレベル宛先,436554202,1629,20,20,844435281,0.516977691271997
all_days,2026-08-22 00:00:00+00:00,通常市場：CTF Exchange V2,341108789,646,20,20,844435281,0.40394900198396616
all_days,2026-08-23 00:00:00+00:00,Neg Risk市場：CTF Exchange V2,93437419,167,20,20,735039239,0.1271189537134357
all_days,2026-08-23 00:00:00+00:00,その他のトップレベル宛先,395233701,1273,20,20,735039239,0.5377042204409443
all_days,2026-08-23 00:00:00+00:00,通常市場：CTF Exchange V2,246368119,467,20,20,735039239,0.3351768258456199
all_days,2026-08-24 00:00:00+00:00,Neg Risk市場：CTF Exchange V2,46185572,87,20,20,640188775,0.07214367668349074
all_days,2026-08-24 00:00:00+00:00,その他のトップレベル宛先,326203850,1493,20,20,640188775,0.5095432202790497
all_days,2026-08-24 00:00:00+00:00,通常市場：CTF Exchange V2,267799353,507,20,20,640188775,0.41831310303745955
all_days,2026-08-25 00:00:00+00:00,Neg Risk市場：CTF Exchange V2,56097336,106,20,20,753157746,0.07448285076789213
all_days,2026-08-25 00:00:00+00:00,その他のトップレベル宛先,376512486,1570,20,20,753157746,0.4999118551188611
all_days,2026-08-25 00:00:00+00:00,通常市場：CTF Exchange V2,320547924,610,20,20,753157746,0.42560529411324677
all_days,2026-08-26 00:00:00+00:00,Neg Risk市場：CTF Exchange V2,49253682,94,17,20,624871528,0.078822093491192
all_days,2026-08-26 00:00:00+00:00,その他のトップレベル宛先,342404429,1410,20,20,624871528,0.5479597223703238
all_days,2026-08-26 00:00:00+00:00,通常市場：CTF Exchange V2,233213417,433,17,20,624871528,0.37321818413848423
all_days,2026-08-27 00:00:00+00:00,Neg Risk市場：CTF Exchange V2,97496881,166,20,20,603715974,0.1614946186598667
all_days,2026-08-27 00:00:00+00:00,その他のトップレベル宛先,273979829,1206,20,20,603715974,0.4538223946348652
all_days,2026-08-27 00:00:00+00:00,通常市場：CTF Exchange V2,232239264,458,20,20,603715974,0.3846829867052681
all_days,2026-08-28 00:00:00+00:00,Neg Risk市場：CTF Exchange V2,60158800,115,20,20,608923913,0.09879526606799559
all_days,2026-08-28 00:00:00+00:00,その他のトップレベル宛先,340920995,1449,20,20,608923913,0.5598745388736277
all_days,2026-08-28 00:00:00+00:00,通常市場：CTF Exchange V2,207844118,390,20,20,608923913,0.3413301950583767
all_days,2026-08-29 00:00:00+00:00,Neg Risk市場：CTF Exchange V2,50543709,96,20,20,684763657,0.07381190354265545
all_days,2026-08-29 00:00:00+00:00,その他のトップレベル宛先,418065930,1356,20,20,684763657,0.6105258737468305
all_days,2026-08-29 00:00:00+00:00,通常市場：CTF Exchange V2,216154018,382,20,20,684763657,0.315662222710514
all_days,2026-08-30 00:00:00+00:00,Neg Risk市場：CTF Exchange V2,85443247,150,20,20,626618897,0.13635600108625515
all_days,2026-08-30 00:00:00+00:00,その他のトップレベル宛先,344101769,1297,20,20,626618897,0.5491404275348561
all_days,2026-08-30 00:00:00+00:00,通常市場：CTF Exchange V2,197073881,362,20,20,626618897,0.3145035713788887
all_days,2026-08-31 00:00:00+00:00,Neg Risk市場：CTF Exchange V2,48766573,91,18,20,680389817,0.07167446040715804
all_days,2026-08-31 00:00:00+00:00,その他のトップレベル宛先,383075384,1538,20,20,680389817,0.5630233939847457
all_days,2026-08-31 00:00:00+00:00,通常市場：CTF Exchange V2,248547860,470,18,20,680389817,0.3653021456080963
all_days,2026-09-01 00:00:00+00:00,Neg Risk市場：CTF Exchange V2,50992699,96,16,20,634135390,0.08041295250845407
all_days,2026-09-01 00:00:00+00:00,その他のトップレベル宛先,400322650,1569,20,20,634135390,0.6312889271169678
all_days,2026-09-01 00:00:00+00:00,通常市場：CTF Exchange V2,182820041,331,16,20,634135390,0.288298120374578
all_days,2026-09-02 00:00:00+00:00,Neg Risk市場：CTF Exchange V2,46561291,86,16,20,650329090,0.07159650662405398
all_days,2026-09-02 00:00:00+00:00,その他のトップレベル宛先,388968820,1502,20,20,650329090,0.5981107503587145
all_days,2026-09-02 00:00:00+00:00,通常市場：CTF Exchange V2,214798979,382,16,20,650329090,0.3302927430172315
all_days,2026-09-03 00:00:00+00:00,Neg Risk市場：CTF Exchange V2,50275555,92,18,20,697977424,0.07203034549724921
all_days,2026-09-03 00:00:00+00:00,その他のトップレベル宛先,328157361,1363,20,20,697977424,0.47015469228127926
all_days,2026-09-03 00:00:00+00:00,通常市場：CTF Exchange V2,319544508,608,18,20,697977424,0.4578149622214715
all_days,2026-09-04 00:00:00+00:00,Neg Risk市場：CTF Exchange V2,54096091,101,20,20,620483856,0.08718372037708584
all_days,2026-09-04 00:00:00+00:00,その他のトップレベル宛先,356449537,1497,20,20,620483856,0.5744702840423297
all_days,2026-09-04 00:00:00+00:00,通常市場：CTF Exchange V2,209938228,388,20,20,620483856,0.3383459955805845
all_days,2026-09-05 00:00:00+00:00,Neg Risk市場：CTF Exchange V2,94687744,155,20,20,612458050,0.1546028238178925
all_days,2026-09-05 00:00:00+00:00,その他のトップレベル宛先,341088830,1456,20,20,612458050,0.5569178656399406
all_days,2026-09-05 00:00:00+00:00,通常市場：CTF Exchange V2,176681476,314,20,20,612458050,0.2884793105421669
all_days,2026-09-06 00:00:00+00:00,Neg Risk市場：CTF Exchange V2,61749507,110,20,20,664300308,0.0929542049828464
all_days,2026-09-06 00:00:00+00:00,その他のトップレベル宛先,407616788,1330,20,20,664300308,0.6136031898392557
all_days,2026-09-06 00:00:00+00:00,通常市場：CTF Exchange V2,194934013,352,20,20,664300308,0.29344260517789794
all_days,2026-09-07 00:00:00+00:00,Neg Risk市場：CTF Exchange V2,41542760,82,20,20,579802745,0.07164981600768379
all_days,2026-09-07 00:00:00+00:00,その他のトップレベル宛先,328790698,1191,20,20,579802745,0.5670733725139573
all_days,2026-09-07 00:00:00+00:00,通常市場：CTF Exchange V2,209469287,377,20,20,579802745,0.3612768114783589
all_days,2026-09-08 00:00:00+00:00,Neg Risk市場：CTF Exchange V2,57322306,109,20,20,691391592,0.08290859574121058
all_days,2026-09-08 00:00:00+00:00,その他のトップレベル宛先,352546669,1629,20,20,691391592,0.509908817346451
all_days,2026-09-08 00:00:00+00:00,通常市場：CTF Exchange V2,281522617,533,20,20,691391592,0.4071825869123384
all_days,2026-09-09 00:00:00+00:00,Neg Risk市場：CTF Exchange V2,79658515,141,20,20,639698375,0.12452511701315483
all_days,2026-09-09 00:00:00+00:00,その他のトップレベル宛先,363145028,1413,20,20,639698375,0.5676816484018737
all_days,2026-09-09 00:00:00+00:00,通常市場：CTF Exchange V2,196894832,361,20,20,639698375,0.3077932345849714
all_days,2026-09-10 00:00:00+00:00,Neg Risk市場：CTF Exchange V2,37995566,74,20,20,679103042,0.05594963304552537
all_days,2026-09-10 00:00:00+00:00,その他のトップレベル宛先,418056706,1508,20,20,679103042,0.6156012860269297
all_days,2026-09-10 00:00:00+00:00,通常市場：CTF Exchange V2,223050770,401,20,20,679103042,0.328449080927545
all_days,2026-09-11 00:00:00+00:00,Neg Risk市場：CTF Exchange V2,71747863,127,18,20,636073414,0.11279808497073893
all_days,2026-09-11 00:00:00+00:00,その他のトップレベル宛先,357750111,1446,20,20,636073414,0.5624352521672915
all_days,2026-09-11 00:00:00+00:00,通常市場：CTF Exchange V2,206575440,363,18,20,636073414,0.3247666628619696
all_days,2026-09-12 00:00:00+00:00,Neg Risk市場：CTF Exchange V2,107582214,179,20,20,530184930,0.2029145075851175
all_days,2026-09-12 00:00:00+00:00,その他のトップレベル宛先,254601947,1191,20,20,530184930,0.4802134738156364
all_days,2026-09-12 00:00:00+00:00,通常市場：CTF Exchange V2,168000769,293,20,20,530184930,0.31687201859924613
all_days,2026-09-13 00:00:00+00:00,Neg Risk市場：CTF Exchange V2,86134568,146,20,20,595917472,0.1445411018255897
all_days,2026-09-13 00:00:00+00:00,その他のトップレベル宛先,351802904,1497,20,20,595917472,0.5903550752074609
all_days,2026-09-13 00:00:00+00:00,通常市場：CTF Exchange V2,157980000,272,20,20,595917472,0.26510382296694934
all_days,2026-09-14 00:00:00+00:00,Neg Risk市場：CTF Exchange V2,52834720,102,20,20,527009897,0.10025375291955854
all_days,2026-09-14 00:00:00+00:00,その他のトップレベル宛先,333075028,1435,20,20,527009897,0.6320090569380711
all_days,2026-09-14 00:00:00+00:00,通常市場：CTF Exchange V2,141100149,253,20,20,527009897,0.26773719014237035
all_days,2026-09-15 00:00:00+00:00,Neg Risk市場：CTF Exchange V2,42086328,86,20,20,679696218,0.06191932055152321
all_days,2026-09-15 00:00:00+00:00,その他のトップレベル宛先,412350656,1492,20,20,679696218,0.6066690457883348
all_days,2026-09-15 00:00:00+00:00,通常市場：CTF Exchange V2,225259234,403,20,20,679696218,0.331411633660142
all_days,2026-09-16 00:00:00+00:00,Neg Risk市場：CTF Exchange V2,49610221,93,20,20,634287398,0.07821410476769397
all_days,2026-09-16 00:00:00+00:00,その他のトップレベル宛先,392905835,1618,20,20,634287398,0.619444491943067
all_days,2026-09-16 00:00:00+00:00,通常市場：CTF Exchange V2,191771342,331,20,20,634287398,0.3023414032892389
all_days,2026-09-17 00:00:00+00:00,Neg Risk市場：CTF Exchange V2,89212825,150,20,20,578396595,0.15424161513260637
all_days,2026-09-17 00:00:00+00:00,その他のトップレベル宛先,306597057,1396,20,20,578396595,0.530081019927166
all_days,2026-09-17 00:00:00+00:00,通常市場：CTF Exchange V2,182586713,318,20,20,578396595,0.3156773649402276
all_days,2026-09-18 00:00:00+00:00,Neg Risk市場：CTF Exchange V2,60824182,114,20,20,799629047,0.07606549840603777
all_days,2026-09-18 00:00:00+00:00,その他のトップレベル宛先,497787664,1862,20,20,799629047,0.6225232385786506
all_days,2026-09-18 00:00:00+00:00,通常市場：CTF Exchange V2,241017201,401,20,20,799629047,0.3014112630153116
all_days,2026-09-19 00:00:00+00:00,Neg Risk市場：CTF Exchange V2,70030890,120,19,20,726146284,0.09644184862343798
all_days,2026-09-19 00:00:00+00:00,その他のトップレベル宛先,397848730,1516,20,20,726146284,0.5478906093252142
all_days,2026-09-19 00:00:00+00:00,通常市場：CTF Exchange V2,258266664,432,19,20,726146284,0.3556675420513479
all_days,2026-09-20 00:00:00+00:00,Neg Risk市場：CTF Exchange V2,113191116,192,20,20,671700685,0.16851421850195075
all_days,2026-09-20 00:00:00+00:00,その他のトップレベル宛先,375348561,1333,20,20,671700685,0.5588033023965131
all_days,2026-09-20 00:00:00+00:00,通常市場：CTF Exchange V2,183161008,321,20,20,671700685,0.27268247910153615
all_days,2026-09-21 00:00:00+00:00,Neg Risk市場：CTF Exchange V2,36141733,70,20,20,563012396,0.06419349424057796
all_days,2026-09-21 00:00:00+00:00,その他のトップレベル宛先,350142217,1677,20,20,563012396,0.6219085396478553
all_days,2026-09-21 00:00:00+00:00,通常市場：CTF Exchange V2,176728446,317,20,20,563012396,0.31389796611156673
all_days,2026-09-22 00:00:00+00:00,Neg Risk市場：CTF Exchange V2,47331034,91,20,20,592556021,0.07987604939044236
all_days,2026-09-22 00:00:00+00:00,その他のトップレベル宛先,301608820,1614,20,20,592556021,0.5089962962337362
all_days,2026-09-22 00:00:00+00:00,通常市場：CTF Exchange V2,243616167,404,20,20,592556021,0.41112765437582144
