target_utc_date,sampled_block_number,blocks_per_day,phase,sampling_source
2025-01-01T00:00:00+00:00,66159320,20,all_days,completion_random_sample
2025-01-01T00:00:00+00:00,66162047,20,all_days,completion_random_sample
2025-01-01T00:00:00+00:00,66162447,20,all_days,completion_random_sample
2025-01-01T00:00:00+00:00,66165123,20,all_days,completion_random_sample
2025-01-01T00:00:00+00:00,66165696,20,all_days,completion_random_sample
2025-01-01T00:00:00+00:00,66165961,20,all_days,completion_random_sample
2025-01-01T00:00:00+00:00,66166381,20,all_days,completion_random_sample
2025-01-01T00:00:00+00:00,66166532,20,all_days,completion_random_sample
2025-01-01T00:00:00+00:00,66170137,20,all_days,completion_random_sample
2025-01-01T00:00:00+00:00,66171652,20,all_days,completion_random_sample
2025-01-01T00:00:00+00:00,66173207,20,all_days,completion_random_sample
2025-01-01T00:00:00+00:00,66175428,20,all_days,completion_random_sample
2025-01-01T00:00:00+00:00,66176606,20,all_days,completion_random_sample
2025-01-01T00:00:00+00:00,66177347,20,all_days,completion_random_sample
2025-01-01T00:00:00+00:00,66177631,20,all_days,completion_random_sample
2025-01-01T00:00:00+00:00,66178813,20,all_days,completion_random_sample
2025-01-01T00:00:00+00:00,66182943,20,all_days,completion_random_sample
2025-01-01T00:00:00+00:00,66188423,20,all_days,completion_random_sample
2025-01-01T00:00:00+00:00,66195123,20,all_days,completion_random_sample
2025-01-01T00:00:00+00:00,66197060,20,all_days,completion_random_sample
2025-01-02T00:00:00+00:00,66199827,20,all_days,completion_random_sample
2025-01-02T00:00:00+00:00,66204700,20,all_days,completion_random_sample
2025-01-02T00:00:00+00:00,66207622,20,all_days,completion_random_sample
2025-01-02T00:00:00+00:00,66211235,20,all_days,completion_random_sample
2025-01-02T00:00:00+00:00,66211266,20,all_days,completion_random_sample
2025-01-02T00:00:00+00:00,66215913,20,all_days,completion_random_sample
2025-01-02T00:00:00+00:00,66218055,20,all_days,completion_random_sample
2025-01-02T00:00:00+00:00,66220542,20,all_days,completion_random_sample
2025-01-02T00:00:00+00:00,66220630,20,all_days,completion_random_sample
2025-01-02T00:00:00+00:00,66221309,20,all_days,completion_random_sample
2025-01-02T00:00:00+00:00,66221644,20,all_days,completion_random_sample
2025-01-02T00:00:00+00:00,66224724,20,all_days,completion_random_sample
2025-01-02T00:00:00+00:00,66224745,20,all_days,completion_random_sample
2025-01-02T00:00:00+00:00,66225185,20,all_days,completion_random_sample
2025-01-02T00:00:00+00:00,66227584,20,all_days,completion_random_sample
2025-01-02T00:00:00+00:00,66231799,20,all_days,completion_random_sample
2025-01-02T00:00:00+00:00,66233200,20,all_days,completion_random_sample
2025-01-02T00:00:00+00:00,66234360,20,all_days,completion_random_sample
2025-01-02T00:00:00+00:00,66235317,20,all_days,completion_random_sample
2025-01-02T00:00:00+00:00,66235608,20,all_days,completion_random_sample
2025-01-03T00:00:00+00:00,66236635,20,all_days,completion_random_sample
2025-01-03T00:00:00+00:00,66236951,20,all_days,completion_random_sample
2025-01-03T00:00:00+00:00,66238697,20,all_days,completion_random_sample
2025-01-03T00:00:00+00:00,66239451,20,all_days,completion_random_sample
2025-01-03T00:00:00+00:00,66240757,20,all_days,completion_random_sample
2025-01-03T00:00:00+00:00,66245025,20,all_days,completion_random_sample
2025-01-03T00:00:00+00:00,66248059,20,all_days,completion_random_sample
2025-01-03T00:00:00+00:00,66248616,20,all_days,completion_random_sample
2025-01-03T00:00:00+00:00,66249810,20,all_days,completion_random_sample
2025-01-03T00:00:00+00:00,66251927,20,all_days,completion_random_sample
2025-01-03T00:00:00+00:00,66252515,20,all_days,completion_random_sample
2025-01-03T00:00:00+00:00,66256321,20,all_days,completion_random_sample
2025-01-03T00:00:00+00:00,66257751,20,all_days,completion_random_sample
2025-01-03T00:00:00+00:00,66259337,20,all_days,completion_random_sample
2025-01-03T00:00:00+00:00,66259746,20,all_days,completion_random_sample
2025-01-03T00:00:00+00:00,66260813,20,all_days,completion_random_sample
2025-01-03T00:00:00+00:00,66265306,20,all_days,completion_random_sample
2025-01-03T00:00:00+00:00,66266655,20,all_days,completion_random_sample
2025-01-03T00:00:00+00:00,66269257,20,all_days,completion_random_sample
2025-01-03T00:00:00+00:00,66270668,20,all_days,completion_random_sample
2025-01-04T00:00:00+00:00,66274531,20,all_days,completion_random_sample
2025-01-04T00:00:00+00:00,66278884,20,all_days,completion_random_sample
2025-01-04T00:00:00+00:00,66279288,20,all_days,completion_random_sample
2025-01-04T00:00:00+00:00,66281261,20,all_days,completion_random_sample
2025-01-04T00:00:00+00:00,66282886,20,all_days,completion_random_sample
2025-01-04T00:00:00+00:00,66284163,20,all_days,completion_random_sample
2025-01-04T00:00:00+00:00,66286537,20,all_days,completion_random_sample
2025-01-04T00:00:00+00:00,66286735,20,all_days,completion_random_sample
2025-01-04T00:00:00+00:00,66287021,20,all_days,completion_random_sample
2025-01-04T00:00:00+00:00,66287637,20,all_days,completion_random_sample
2025-01-04T00:00:00+00:00,66291077,20,all_days,completion_random_sample
2025-01-04T00:00:00+00:00,66299369,20,all_days,completion_random_sample
2025-01-04T00:00:00+00:00,66303488,20,all_days,completion_random_sample
2025-01-04T00:00:00+00:00,66304074,20,all_days,completion_random_sample
2025-01-04T00:00:00+00:00,66304096,20,all_days,completion_random_sample
2025-01-04T00:00:00+00:00,66306179,20,all_days,completion_random_sample
2025-01-04T00:00:00+00:00,66308889,20,all_days,completion_random_sample
2025-01-04T00:00:00+00:00,66310533,20,all_days,completion_random_sample
2025-01-04T00:00:00+00:00,66312156,20,all_days,completion_random_sample
2025-01-04T00:00:00+00:00,66312973,20,all_days,completion_random_sample
2025-01-05T00:00:00+00:00,66314016,20,all_days,completion_random_sample
2025-01-05T00:00:00+00:00,66314361,20,all_days,completion_random_sample
2025-01-05T00:00:00+00:00,66315057,20,all_days,completion_random_sample
2025-01-05T00:00:00+00:00,66318954,20,all_days,completion_random_sample
2025-01-05T00:00:00+00:00,66325458,20,all_days,completion_random_sample
2025-01-05T00:00:00+00:00,66328031,20,all_days,completion_random_sample
2025-01-05T00:00:00+00:00,66328544,20,all_days,completion_random_sample
2025-01-05T00:00:00+00:00,66328991,20,all_days,completion_random_sample
2025-01-05T00:00:00+00:00,66330334,20,all_days,completion_random_sample
2025-01-05T00:00:00+00:00,66331007,20,all_days,completion_random_sample
2025-01-05T00:00:00+00:00,66334945,20,all_days,completion_random_sample
2025-01-05T00:00:00+00:00,66339335,20,all_days,completion_random_sample
2025-01-05T00:00:00+00:00,66339536,20,all_days,completion_random_sample
2025-01-05T00:00:00+00:00,66345307,20,all_days,completion_random_sample
2025-01-05T00:00:00+00:00,66346522,20,all_days,completion_random_sample
2025-01-05T00:00:00+00:00,66346836,20,all_days,completion_random_sample
2025-01-05T00:00:00+00:00,66348328,20,all_days,completion_random_sample
2025-01-05T00:00:00+00:00,66349766,20,all_days,completion_random_sample
2025-01-05T00:00:00+00:00,66350789,20,all_days,completion_random_sample
2025-01-05T00:00:00+00:00,66351715,20,all_days,completion_random_sample
2025-01-06T00:00:00+00:00,66352837,20,all_days,completion_random_sample
2025-01-06T00:00:00+00:00,66353002,20,all_days,completion_random_sample
2025-01-06T00:00:00+00:00,66353479,20,all_days,completion_random_sample
2025-01-06T00:00:00+00:00,66354323,20,all_days,completion_random_sample
2025-01-06T00:00:00+00:00,66358842,20,all_days,completion_random_sample
2025-01-06T00:00:00+00:00,66358982,20,all_days,completion_random_sample
2025-01-06T00:00:00+00:00,66360319,20,all_days,completion_random_sample
2025-01-06T00:00:00+00:00,66362346,20,all_days,completion_random_sample
2025-01-06T00:00:00+00:00,66365263,20,all_days,completion_random_sample
2025-01-06T00:00:00+00:00,66372529,20,all_days,completion_random_sample
2025-01-06T00:00:00+00:00,66377758,20,all_days,completion_random_sample
2025-01-06T00:00:00+00:00,66378849,20,all_days,completion_random_sample
2025-01-06T00:00:00+00:00,66380215,20,all_days,completion_random_sample
2025-01-06T00:00:00+00:00,66380822,20,all_days,completion_random_sample
2025-01-06T00:00:00+00:00,66382189,20,all_days,completion_random_sample
2025-01-06T00:00:00+00:00,66383916,20,all_days,completion_random_sample
2025-01-06T00:00:00+00:00,66385192,20,all_days,completion_random_sample
2025-01-06T00:00:00+00:00,66386472,20,all_days,completion_random_sample
2025-01-06T00:00:00+00:00,66388160,20,all_days,completion_random_sample
2025-01-06T00:00:00+00:00,66389109,20,all_days,completion_random_sample
2025-01-07T00:00:00+00:00,66389491,20,all_days,completion_random_sample
2025-01-07T00:00:00+00:00,66391093,20,all_days,completion_random_sample
2025-01-07T00:00:00+00:00,66391307,20,all_days,completion_random_sample
2025-01-07T00:00:00+00:00,66394818,20,all_days,completion_random_sample
2025-01-07T00:00:00+00:00,66395300,20,all_days,completion_random_sample
2025-01-07T00:00:00+00:00,66397625,20,all_days,completion_random_sample
2025-01-07T00:00:00+00:00,66398091,20,all_days,completion_random_sample
2025-01-07T00:00:00+00:00,66398468,20,all_days,completion_random_sample
2025-01-07T00:00:00+00:00,66402134,20,all_days,completion_random_sample
2025-01-07T00:00:00+00:00,66406059,20,all_days,completion_random_sample
2025-01-07T00:00:00+00:00,66406414,20,all_days,completion_random_sample
2025-01-07T00:00:00+00:00,66413103,20,all_days,completion_random_sample
2025-01-07T00:00:00+00:00,66413542,20,all_days,completion_random_sample
2025-01-07T00:00:00+00:00,66422205,20,all_days,completion_random_sample
2025-01-07T00:00:00+00:00,66422334,20,all_days,completion_random_sample
2025-01-07T00:00:00+00:00,66423892,20,all_days,completion_random_sample
2025-01-07T00:00:00+00:00,66424113,20,all_days,completion_random_sample
2025-01-07T00:00:00+00:00,66424338,20,all_days,completion_random_sample
2025-01-07T00:00:00+00:00,66424909,20,all_days,completion_random_sample
2025-01-07T00:00:00+00:00,66427697,20,all_days,completion_random_sample
2025-01-08T00:00:00+00:00,66431906,20,all_days,completion_random_sample
2025-01-08T00:00:00+00:00,66433125,20,all_days,completion_random_sample
2025-01-08T00:00:00+00:00,66434314,20,all_days,completion_random_sample
2025-01-08T00:00:00+00:00,66434925,20,all_days,completion_random_sample
2025-01-08T00:00:00+00:00,66436364,20,all_days,completion_random_sample
2025-01-08T00:00:00+00:00,66436624,20,all_days,completion_random_sample
2025-01-08T00:00:00+00:00,66437250,20,all_days,completion_random_sample
2025-01-08T00:00:00+00:00,66439890,20,all_days,completion_random_sample
2025-01-08T00:00:00+00:00,66445283,20,all_days,completion_random_sample
2025-01-08T00:00:00+00:00,66449522,20,all_days,completion_random_sample
2025-01-08T00:00:00+00:00,66451329,20,all_days,completion_random_sample
2025-01-08T00:00:00+00:00,66451919,20,all_days,completion_random_sample
2025-01-08T00:00:00+00:00,66452417,20,all_days,completion_random_sample
2025-01-08T00:00:00+00:00,66456405,20,all_days,completion_random_sample
2025-01-08T00:00:00+00:00,66456772,20,all_days,completion_random_sample
2025-01-08T00:00:00+00:00,66459617,20,all_days,completion_random_sample
2025-01-08T00:00:00+00:00,66459709,20,all_days,completion_random_sample
2025-01-08T00:00:00+00:00,66463202,20,all_days,completion_random_sample
2025-01-08T00:00:00+00:00,66464079,20,all_days,completion_random_sample
2025-01-08T00:00:00+00:00,66464287,20,all_days,completion_random_sample
2025-01-09T00:00:00+00:00,66470616,20,all_days,completion_random_sample
2025-01-09T00:00:00+00:00,66472797,20,all_days,completion_random_sample
2025-01-09T00:00:00+00:00,66473219,20,all_days,completion_random_sample
2025-01-09T00:00:00+00:00,66475594,20,all_days,completion_random_sample
2025-01-09T00:00:00+00:00,66481067,20,all_days,completion_random_sample
2025-01-09T00:00:00+00:00,66481517,20,all_days,completion_random_sample
2025-01-09T00:00:00+00:00,66481604,20,all_days,completion_random_sample
2025-01-09T00:00:00+00:00,66483830,20,all_days,completion_random_sample
2025-01-09T00:00:00+00:00,66485260,20,all_days,completion_random_sample
2025-01-09T00:00:00+00:00,66485646,20,all_days,completion_random_sample
2025-01-09T00:00:00+00:00,66486681,20,all_days,completion_random_sample
2025-01-09T00:00:00+00:00,66487827,20,all_days,completion_random_sample
2025-01-09T00:00:00+00:00,66493270,20,all_days,completion_random_sample
2025-01-09T00:00:00+00:00,66496999,20,all_days,completion_random_sample
2025-01-09T00:00:00+00:00,66497678,20,all_days,completion_random_sample
2025-01-09T00:00:00+00:00,66500212,20,all_days,completion_random_sample
2025-01-09T00:00:00+00:00,66504418,20,all_days,completion_random_sample
2025-01-09T00:00:00+00:00,66504767,20,all_days,completion_random_sample
2025-01-09T00:00:00+00:00,66505945,20,all_days,completion_random_sample
2025-01-09T00:00:00+00:00,66507565,20,all_days,completion_random_sample
2025-01-10T00:00:00+00:00,66510018,20,all_days,completion_random_sample
2025-01-10T00:00:00+00:00,66510938,20,all_days,completion_random_sample
2025-01-10T00:00:00+00:00,66511374,20,all_days,completion_random_sample
2025-01-10T00:00:00+00:00,66512683,20,all_days,completion_random_sample
2025-01-10T00:00:00+00:00,66513352,20,all_days,completion_random_sample
2025-01-10T00:00:00+00:00,66513580,20,all_days,completion_random_sample
2025-01-10T00:00:00+00:00,66514169,20,all_days,completion_random_sample
2025-01-10T00:00:00+00:00,66514704,20,all_days,completion_random_sample
2025-01-10T00:00:00+00:00,66515239,20,all_days,completion_random_sample
2025-01-10T00:00:00+00:00,66515258,20,all_days,completion_random_sample
2025-01-10T00:00:00+00:00,66516912,20,all_days,completion_random_sample
2025-01-10T00:00:00+00:00,66518775,20,all_days,completion_random_sample
2025-01-10T00:00:00+00:00,66519338,20,all_days,completion_random_sample
2025-01-10T00:00:00+00:00,66529648,20,all_days,completion_random_sample
2025-01-10T00:00:00+00:00,66531215,20,all_days,completion_random_sample
2025-01-10T00:00:00+00:00,66542137,20,all_days,completion_random_sample
2025-01-10T00:00:00+00:00,66545120,20,all_days,completion_random_sample
2025-01-10T00:00:00+00:00,66546927,20,all_days,completion_random_sample
2025-01-10T00:00:00+00:00,66547157,20,all_days,completion_random_sample
2025-01-10T00:00:00+00:00,66547767,20,all_days,completion_random_sample
2025-01-11T00:00:00+00:00,66549532,20,all_days,completion_random_sample
2025-01-11T00:00:00+00:00,66552127,20,all_days,completion_random_sample
2025-01-11T00:00:00+00:00,66558036,20,all_days,completion_random_sample
2025-01-11T00:00:00+00:00,66559726,20,all_days,completion_random_sample
2025-01-11T00:00:00+00:00,66562936,20,all_days,completion_random_sample
2025-01-11T00:00:00+00:00,66566174,20,all_days,completion_random_sample
2025-01-11T00:00:00+00:00,66567044,20,all_days,completion_random_sample
2025-01-11T00:00:00+00:00,66567181,20,all_days,completion_random_sample
2025-01-11T00:00:00+00:00,66567277,20,all_days,completion_random_sample
2025-01-11T00:00:00+00:00,66568864,20,all_days,completion_random_sample
2025-01-11T00:00:00+00:00,66572559,20,all_days,completion_random_sample
2025-01-11T00:00:00+00:00,66574686,20,all_days,completion_random_sample
2025-01-11T00:00:00+00:00,66580020,20,all_days,completion_random_sample
2025-01-11T00:00:00+00:00,66580024,20,all_days,completion_random_sample
2025-01-11T00:00:00+00:00,66581199,20,all_days,completion_random_sample
2025-01-11T00:00:00+00:00,66581922,20,all_days,completion_random_sample
2025-01-11T00:00:00+00:00,66583273,20,all_days,completion_random_sample
2025-01-11T00:00:00+00:00,66583620,20,all_days,completion_random_sample
2025-01-11T00:00:00+00:00,66585724,20,all_days,completion_random_sample
2025-01-11T00:00:00+00:00,66587001,20,all_days,completion_random_sample
2025-01-12T00:00:00+00:00,66588972,20,all_days,completion_random_sample
2025-01-12T00:00:00+00:00,66590418,20,all_days,completion_random_sample
2025-01-12T00:00:00+00:00,66592068,20,all_days,completion_random_sample
2025-01-12T00:00:00+00:00,66594444,20,all_days,completion_random_sample
2025-01-12T00:00:00+00:00,66602456,20,all_days,completion_random_sample
2025-01-12T00:00:00+00:00,66602581,20,all_days,completion_random_sample
2025-01-12T00:00:00+00:00,66603770,20,all_days,completion_random_sample
2025-01-12T00:00:00+00:00,66605400,20,all_days,completion_random_sample
2025-01-12T00:00:00+00:00,66606187,20,all_days,completion_random_sample
2025-01-12T00:00:00+00:00,66606834,20,all_days,completion_random_sample
2025-01-12T00:00:00+00:00,66607403,20,all_days,completion_random_sample
2025-01-12T00:00:00+00:00,66609970,20,all_days,completion_random_sample
2025-01-12T00:00:00+00:00,66614491,20,all_days,completion_random_sample
2025-01-12T00:00:00+00:00,66615819,20,all_days,completion_random_sample
2025-01-12T00:00:00+00:00,66616744,20,all_days,completion_random_sample
2025-01-12T00:00:00+00:00,66618693,20,all_days,completion_random_sample
2025-01-12T00:00:00+00:00,66621929,20,all_days,completion_random_sample
2025-01-12T00:00:00+00:00,66622963,20,all_days,completion_random_sample
2025-01-12T00:00:00+00:00,66623249,20,all_days,completion_random_sample
2025-01-12T00:00:00+00:00,66626831,20,all_days,completion_random_sample
2025-01-13T00:00:00+00:00,66628492,20,all_days,completion_random_sample
2025-01-13T00:00:00+00:00,66629410,20,all_days,completion_random_sample
2025-01-13T00:00:00+00:00,66630684,20,all_days,completion_random_sample
2025-01-13T00:00:00+00:00,66630734,20,all_days,completion_random_sample
2025-01-13T00:00:00+00:00,66633308,20,all_days,completion_random_sample
2025-01-13T00:00:00+00:00,66634367,20,all_days,completion_random_sample
2025-01-13T00:00:00+00:00,66638808,20,all_days,completion_random_sample
2025-01-13T00:00:00+00:00,66639897,20,all_days,completion_random_sample
2025-01-13T00:00:00+00:00,66642189,20,all_days,completion_random_sample
2025-01-13T00:00:00+00:00,66643054,20,all_days,completion_random_sample
2025-01-13T00:00:00+00:00,66647446,20,all_days,completion_random_sample
2025-01-13T00:00:00+00:00,66653887,20,all_days,completion_random_sample
2025-01-13T00:00:00+00:00,66656235,20,all_days,completion_random_sample
2025-01-13T00:00:00+00:00,66657909,20,all_days,completion_random_sample
2025-01-13T00:00:00+00:00,66657965,20,all_days,completion_random_sample
2025-01-13T00:00:00+00:00,66662669,20,all_days,completion_random_sample
2025-01-13T00:00:00+00:00,66664084,20,all_days,completion_random_sample
2025-01-13T00:00:00+00:00,66664834,20,all_days,completion_random_sample
2025-01-13T00:00:00+00:00,66664913,20,all_days,completion_random_sample
2025-01-13T00:00:00+00:00,66666639,20,all_days,completion_random_sample
2025-01-14T00:00:00+00:00,66670840,20,all_days,completion_random_sample
2025-01-14T00:00:00+00:00,66673885,20,all_days,completion_random_sample
2025-01-14T00:00:00+00:00,66675202,20,all_days,completion_random_sample
2025-01-14T00:00:00+00:00,66675620,20,all_days,completion_random_sample
2025-01-14T00:00:00+00:00,66675758,20,all_days,completion_random_sample
2025-01-14T00:00:00+00:00,66677692,20,all_days,completion_random_sample
2025-01-14T00:00:00+00:00,66678570,20,all_days,completion_random_sample
2025-01-14T00:00:00+00:00,66680115,20,all_days,completion_random_sample
2025-01-14T00:00:00+00:00,66680448,20,all_days,completion_random_sample
2025-01-14T00:00:00+00:00,66681536,20,all_days,completion_random_sample
2025-01-14T00:00:00+00:00,66683547,20,all_days,completion_random_sample
2025-01-14T00:00:00+00:00,66688799,20,all_days,completion_random_sample
2025-01-14T00:00:00+00:00,66689318,20,all_days,completion_random_sample
2025-01-14T00:00:00+00:00,66690730,20,all_days,completion_random_sample
2025-01-14T00:00:00+00:00,66692829,20,all_days,completion_random_sample
2025-01-14T00:00:00+00:00,66695721,20,all_days,completion_random_sample
2025-01-14T00:00:00+00:00,66697871,20,all_days,completion_random_sample
2025-01-14T00:00:00+00:00,66699875,20,all_days,completion_random_sample
2025-01-14T00:00:00+00:00,66704008,20,all_days,completion_random_sample
2025-01-14T00:00:00+00:00,66704993,20,all_days,completion_random_sample
2025-01-15T00:00:00+00:00,66708359,20,all_days,completion_random_sample
2025-01-15T00:00:00+00:00,66709141,20,all_days,completion_random_sample
2025-01-15T00:00:00+00:00,66709482,20,all_days,completion_random_sample
2025-01-15T00:00:00+00:00,66709562,20,all_days,completion_random_sample
2025-01-15T00:00:00+00:00,66710261,20,all_days,completion_random_sample
2025-01-15T00:00:00+00:00,66710511,20,all_days,completion_random_sample
2025-01-15T00:00:00+00:00,66714957,20,all_days,completion_random_sample
2025-01-15T00:00:00+00:00,66715704,20,all_days,completion_random_sample
2025-01-15T00:00:00+00:00,66715833,20,all_days,completion_random_sample
2025-01-15T00:00:00+00:00,66717943,20,all_days,completion_random_sample
2025-01-15T00:00:00+00:00,66720645,20,all_days,completion_random_sample
2025-01-15T00:00:00+00:00,66720842,20,all_days,completion_random_sample
2025-01-15T00:00:00+00:00,66723797,20,all_days,completion_random_sample
2025-01-15T00:00:00+00:00,66724685,20,all_days,completion_random_sample
2025-01-15T00:00:00+00:00,66737136,20,all_days,completion_random_sample
2025-01-15T00:00:00+00:00,66737471,20,all_days,completion_random_sample
2025-01-15T00:00:00+00:00,66738768,20,all_days,completion_random_sample
2025-01-15T00:00:00+00:00,66739827,20,all_days,completion_random_sample
2025-01-15T00:00:00+00:00,66743473,20,all_days,completion_random_sample
2025-01-15T00:00:00+00:00,66744119,20,all_days,completion_random_sample
2025-01-16T00:00:00+00:00,66751629,20,all_days,completion_random_sample
2025-01-16T00:00:00+00:00,66753736,20,all_days,completion_random_sample
2025-01-16T00:00:00+00:00,66756447,20,all_days,completion_random_sample
2025-01-16T00:00:00+00:00,66758559,20,all_days,completion_random_sample
2025-01-16T00:00:00+00:00,66759209,20,all_days,completion_random_sample
2025-01-16T00:00:00+00:00,66759352,20,all_days,completion_random_sample
2025-01-16T00:00:00+00:00,66762167,20,all_days,completion_random_sample
2025-01-16T00:00:00+00:00,66767852,20,all_days,completion_random_sample
2025-01-16T00:00:00+00:00,66769751,20,all_days,completion_random_sample
2025-01-16T00:00:00+00:00,66770799,20,all_days,completion_random_sample
2025-01-16T00:00:00+00:00,66774792,20,all_days,completion_random_sample
2025-01-16T00:00:00+00:00,66775254,20,all_days,completion_random_sample
2025-01-16T00:00:00+00:00,66775459,20,all_days,completion_random_sample
2025-01-16T00:00:00+00:00,66776807,20,all_days,completion_random_sample
2025-01-16T00:00:00+00:00,66776886,20,all_days,completion_random_sample
2025-01-16T00:00:00+00:00,66778088,20,all_days,completion_random_sample
2025-01-16T00:00:00+00:00,66781169,20,all_days,completion_random_sample
2025-01-16T00:00:00+00:00,66781797,20,all_days,completion_random_sample
2025-01-16T00:00:00+00:00,66785497,20,all_days,completion_random_sample
2025-01-16T00:00:00+00:00,66785831,20,all_days,completion_random_sample
2025-01-17T00:00:00+00:00,66790326,20,all_days,completion_random_sample
2025-01-17T00:00:00+00:00,66790364,20,all_days,completion_random_sample
2025-01-17T00:00:00+00:00,66792033,20,all_days,completion_random_sample
2025-01-17T00:00:00+00:00,66793588,20,all_days,completion_random_sample
2025-01-17T00:00:00+00:00,66795640,20,all_days,completion_random_sample
2025-01-17T00:00:00+00:00,66796166,20,all_days,completion_random_sample
2025-01-17T00:00:00+00:00,66797944,20,all_days,completion_random_sample
2025-01-17T00:00:00+00:00,66798253,20,all_days,completion_random_sample
2025-01-17T00:00:00+00:00,66801744,20,all_days,completion_random_sample
2025-01-17T00:00:00+00:00,66802586,20,all_days,completion_random_sample
2025-01-17T00:00:00+00:00,66805055,20,all_days,completion_random_sample
2025-01-17T00:00:00+00:00,66805842,20,all_days,completion_random_sample
2025-01-17T00:00:00+00:00,66806639,20,all_days,completion_random_sample
2025-01-17T00:00:00+00:00,66806851,20,all_days,completion_random_sample
2025-01-17T00:00:00+00:00,66810375,20,all_days,completion_random_sample
2025-01-17T00:00:00+00:00,66811106,20,all_days,completion_random_sample
2025-01-17T00:00:00+00:00,66814346,20,all_days,completion_random_sample
2025-01-17T00:00:00+00:00,66821012,20,all_days,completion_random_sample
2025-01-17T00:00:00+00:00,66823517,20,all_days,completion_random_sample
2025-01-17T00:00:00+00:00,66825344,20,all_days,completion_random_sample
2025-01-18T00:00:00+00:00,66830288,20,all_days,completion_random_sample
2025-01-18T00:00:00+00:00,66831870,20,all_days,completion_random_sample
2025-01-18T00:00:00+00:00,66832486,20,all_days,completion_random_sample
2025-01-18T00:00:00+00:00,66837731,20,all_days,completion_random_sample
2025-01-18T00:00:00+00:00,66840175,20,all_days,completion_random_sample
2025-01-18T00:00:00+00:00,66842325,20,all_days,completion_random_sample
2025-01-18T00:00:00+00:00,66845999,20,all_days,completion_random_sample
2025-01-18T00:00:00+00:00,66847787,20,all_days,completion_random_sample
2025-01-18T00:00:00+00:00,66848022,20,all_days,completion_random_sample
2025-01-18T00:00:00+00:00,66848863,20,all_days,completion_random_sample
2025-01-18T00:00:00+00:00,66851276,20,all_days,completion_random_sample
2025-01-18T00:00:00+00:00,66853270,20,all_days,completion_random_sample
2025-01-18T00:00:00+00:00,66853880,20,all_days,completion_random_sample
2025-01-18T00:00:00+00:00,66854733,20,all_days,completion_random_sample
2025-01-18T00:00:00+00:00,66855499,20,all_days,completion_random_sample
2025-01-18T00:00:00+00:00,66860746,20,all_days,completion_random_sample
2025-01-18T00:00:00+00:00,66861542,20,all_days,completion_random_sample
2025-01-18T00:00:00+00:00,66862127,20,all_days,completion_random_sample
2025-01-18T00:00:00+00:00,66864878,20,all_days,completion_random_sample
2025-01-18T00:00:00+00:00,66867697,20,all_days,completion_random_sample
2025-01-19T00:00:00+00:00,66869205,20,all_days,reused_three_phase_sample
2025-01-19T00:00:00+00:00,66870862,20,all_days,reused_three_phase_sample
2025-01-19T00:00:00+00:00,66871387,20,all_days,reused_three_phase_sample
2025-01-19T00:00:00+00:00,66873278,20,all_days,reused_three_phase_sample
2025-01-19T00:00:00+00:00,66873705,20,all_days,reused_three_phase_sample
2025-01-19T00:00:00+00:00,66875134,20,all_days,reused_three_phase_sample
2025-01-19T00:00:00+00:00,66878020,20,all_days,reused_three_phase_sample
2025-01-19T00:00:00+00:00,66878432,20,all_days,reused_three_phase_sample
2025-01-19T00:00:00+00:00,66878577,20,all_days,reused_three_phase_sample
2025-01-19T00:00:00+00:00,66879277,20,all_days,reused_three_phase_sample
2025-01-19T00:00:00+00:00,66884022,20,all_days,reused_three_phase_sample
2025-01-19T00:00:00+00:00,66885208,20,all_days,reused_three_phase_sample
2025-01-19T00:00:00+00:00,66888953,20,all_days,reused_three_phase_sample
2025-01-19T00:00:00+00:00,66894140,20,all_days,reused_three_phase_sample
2025-01-19T00:00:00+00:00,66896704,20,all_days,reused_three_phase_sample
2025-01-19T00:00:00+00:00,66896875,20,all_days,reused_three_phase_sample
2025-01-19T00:00:00+00:00,66899740,20,all_days,reused_three_phase_sample
2025-01-19T00:00:00+00:00,66901870,20,all_days,reused_three_phase_sample
2025-01-19T00:00:00+00:00,66902795,20,all_days,reused_three_phase_sample
2025-01-19T00:00:00+00:00,66907489,20,all_days,reused_three_phase_sample
2025-01-20T00:00:00+00:00,66910238,20,all_days,reused_three_phase_sample
2025-01-20T00:00:00+00:00,66913283,20,all_days,reused_three_phase_sample
2025-01-20T00:00:00+00:00,66916181,20,all_days,reused_three_phase_sample
2025-01-20T00:00:00+00:00,66916902,20,all_days,reused_three_phase_sample
2025-01-20T00:00:00+00:00,66918049,20,all_days,reused_three_phase_sample
2025-01-20T00:00:00+00:00,66918254,20,all_days,reused_three_phase_sample
2025-01-20T00:00:00+00:00,66920773,20,all_days,reused_three_phase_sample
2025-01-20T00:00:00+00:00,66923969,20,all_days,reused_three_phase_sample
2025-01-20T00:00:00+00:00,66926693,20,all_days,reused_three_phase_sample
2025-01-20T00:00:00+00:00,66930049,20,all_days,reused_three_phase_sample
2025-01-20T00:00:00+00:00,66930657,20,all_days,reused_three_phase_sample
2025-01-20T00:00:00+00:00,66931019,20,all_days,reused_three_phase_sample
2025-01-20T00:00:00+00:00,66931705,20,all_days,reused_three_phase_sample
2025-01-20T00:00:00+00:00,66933194,20,all_days,reused_three_phase_sample
2025-01-20T00:00:00+00:00,66933239,20,all_days,reused_three_phase_sample
2025-01-20T00:00:00+00:00,66936284,20,all_days,reused_three_phase_sample
2025-01-20T00:00:00+00:00,66936904,20,all_days,reused_three_phase_sample
2025-01-20T00:00:00+00:00,66939423,20,all_days,reused_three_phase_sample
2025-01-20T00:00:00+00:00,66940983,20,all_days,reused_three_phase_sample
2025-01-20T00:00:00+00:00,66944380,20,all_days,reused_three_phase_sample
2025-01-21T00:00:00+00:00,66948137,20,all_days,completion_random_sample
2025-01-21T00:00:00+00:00,66949176,20,all_days,completion_random_sample
2025-01-21T00:00:00+00:00,66950378,20,all_days,completion_random_sample
2025-01-21T00:00:00+00:00,66955445,20,all_days,completion_random_sample
2025-01-21T00:00:00+00:00,66956752,20,all_days,completion_random_sample
2025-01-21T00:00:00+00:00,66958324,20,all_days,completion_random_sample
2025-01-21T00:00:00+00:00,66958709,20,all_days,completion_random_sample
2025-01-21T00:00:00+00:00,66960699,20,all_days,completion_random_sample
2025-01-21T00:00:00+00:00,66964991,20,all_days,completion_random_sample
2025-01-21T00:00:00+00:00,66966066,20,all_days,completion_random_sample
2025-01-21T00:00:00+00:00,66966112,20,all_days,completion_random_sample
2025-01-21T00:00:00+00:00,66969174,20,all_days,completion_random_sample
2025-01-21T00:00:00+00:00,66969668,20,all_days,completion_random_sample
2025-01-21T00:00:00+00:00,66972718,20,all_days,completion_random_sample
2025-01-21T00:00:00+00:00,66973249,20,all_days,completion_random_sample
2025-01-21T00:00:00+00:00,66974743,20,all_days,completion_random_sample
2025-01-21T00:00:00+00:00,66976373,20,all_days,completion_random_sample
2025-01-21T00:00:00+00:00,66980289,20,all_days,completion_random_sample
2025-01-21T00:00:00+00:00,66981271,20,all_days,completion_random_sample
2025-01-21T00:00:00+00:00,66984772,20,all_days,completion_random_sample
2025-01-22T00:00:00+00:00,66986083,20,all_days,completion_random_sample
2025-01-22T00:00:00+00:00,66986280,20,all_days,completion_random_sample
2025-01-22T00:00:00+00:00,66990703,20,all_days,completion_random_sample
2025-01-22T00:00:00+00:00,66998683,20,all_days,completion_random_sample
2025-01-22T00:00:00+00:00,67000012,20,all_days,completion_random_sample
2025-01-22T00:00:00+00:00,67004281,20,all_days,completion_random_sample
2025-01-22T00:00:00+00:00,67007981,20,all_days,completion_random_sample
2025-01-22T00:00:00+00:00,67009255,20,all_days,completion_random_sample
2025-01-22T00:00:00+00:00,67010917,20,all_days,completion_random_sample
2025-01-22T00:00:00+00:00,67010926,20,all_days,completion_random_sample
2025-01-22T00:00:00+00:00,67011086,20,all_days,completion_random_sample
2025-01-22T00:00:00+00:00,67011314,20,all_days,completion_random_sample
2025-01-22T00:00:00+00:00,67012218,20,all_days,completion_random_sample
2025-01-22T00:00:00+00:00,67012734,20,all_days,completion_random_sample
2025-01-22T00:00:00+00:00,67015213,20,all_days,completion_random_sample
2025-01-22T00:00:00+00:00,67016819,20,all_days,completion_random_sample
2025-01-22T00:00:00+00:00,67017857,20,all_days,completion_random_sample
2025-01-22T00:00:00+00:00,67019518,20,all_days,completion_random_sample
2025-01-22T00:00:00+00:00,67022373,20,all_days,completion_random_sample
2025-01-22T00:00:00+00:00,67024302,20,all_days,completion_random_sample
2025-01-23T00:00:00+00:00,67026997,20,all_days,completion_random_sample
2025-01-23T00:00:00+00:00,67029262,20,all_days,completion_random_sample
2025-01-23T00:00:00+00:00,67031041,20,all_days,completion_random_sample
2025-01-23T00:00:00+00:00,67033095,20,all_days,completion_random_sample
2025-01-23T00:00:00+00:00,67034680,20,all_days,completion_random_sample
2025-01-23T00:00:00+00:00,67034855,20,all_days,completion_random_sample
2025-01-23T00:00:00+00:00,67039109,20,all_days,completion_random_sample
2025-01-23T00:00:00+00:00,67039603,20,all_days,completion_random_sample
2025-01-23T00:00:00+00:00,67044846,20,all_days,completion_random_sample
2025-01-23T00:00:00+00:00,67046118,20,all_days,completion_random_sample
2025-01-23T00:00:00+00:00,67047664,20,all_days,completion_random_sample
2025-01-23T00:00:00+00:00,67048242,20,all_days,completion_random_sample
2025-01-23T00:00:00+00:00,67050806,20,all_days,completion_random_sample
2025-01-23T00:00:00+00:00,67052328,20,all_days,completion_random_sample
2025-01-23T00:00:00+00:00,67055300,20,all_days,completion_random_sample
2025-01-23T00:00:00+00:00,67057201,20,all_days,completion_random_sample
2025-01-23T00:00:00+00:00,67061368,20,all_days,completion_random_sample
2025-01-23T00:00:00+00:00,67063565,20,all_days,completion_random_sample
2025-01-23T00:00:00+00:00,67064710,20,all_days,completion_random_sample
2025-01-23T00:00:00+00:00,67064754,20,all_days,completion_random_sample
2025-01-24T00:00:00+00:00,67067447,20,all_days,completion_random_sample
2025-01-24T00:00:00+00:00,67067604,20,all_days,completion_random_sample
2025-01-24T00:00:00+00:00,67067998,20,all_days,completion_random_sample
2025-01-24T00:00:00+00:00,67071858,20,all_days,completion_random_sample
2025-01-24T00:00:00+00:00,67075367,20,all_days,completion_random_sample
2025-01-24T00:00:00+00:00,67081910,20,all_days,completion_random_sample
2025-01-24T00:00:00+00:00,67085418,20,all_days,completion_random_sample
2025-01-24T00:00:00+00:00,67089048,20,all_days,completion_random_sample
2025-01-24T00:00:00+00:00,67093931,20,all_days,completion_random_sample
2025-01-24T00:00:00+00:00,67094166,20,all_days,completion_random_sample
2025-01-24T00:00:00+00:00,67094703,20,all_days,completion_random_sample
2025-01-24T00:00:00+00:00,67094914,20,all_days,completion_random_sample
2025-01-24T00:00:00+00:00,67097642,20,all_days,completion_random_sample
2025-01-24T00:00:00+00:00,67098392,20,all_days,completion_random_sample
2025-01-24T00:00:00+00:00,67098694,20,all_days,completion_random_sample
2025-01-24T00:00:00+00:00,67099115,20,all_days,completion_random_sample
2025-01-24T00:00:00+00:00,67099931,20,all_days,completion_random_sample
2025-01-24T00:00:00+00:00,67102145,20,all_days,completion_random_sample
2025-01-24T00:00:00+00:00,67104321,20,all_days,completion_random_sample
2025-01-24T00:00:00+00:00,67104776,20,all_days,completion_random_sample
2025-01-25T00:00:00+00:00,67107286,20,all_days,completion_random_sample
2025-01-25T00:00:00+00:00,67107722,20,all_days,completion_random_sample
2025-01-25T00:00:00+00:00,67108641,20,all_days,completion_random_sample
2025-01-25T00:00:00+00:00,67112953,20,all_days,completion_random_sample
2025-01-25T00:00:00+00:00,67112958,20,all_days,completion_random_sample
2025-01-25T00:00:00+00:00,67114236,20,all_days,completion_random_sample
2025-01-25T00:00:00+00:00,67115509,20,all_days,completion_random_sample
2025-01-25T00:00:00+00:00,67116985,20,all_days,completion_random_sample
2025-01-25T00:00:00+00:00,67117212,20,all_days,completion_random_sample
2025-01-25T00:00:00+00:00,67120688,20,all_days,completion_random_sample
2025-01-25T00:00:00+00:00,67121685,20,all_days,completion_random_sample
2025-01-25T00:00:00+00:00,67124197,20,all_days,completion_random_sample
2025-01-25T00:00:00+00:00,67125578,20,all_days,completion_random_sample
2025-01-25T00:00:00+00:00,67126871,20,all_days,completion_random_sample
2025-01-25T00:00:00+00:00,67128853,20,all_days,completion_random_sample
2025-01-25T00:00:00+00:00,67134960,20,all_days,completion_random_sample
2025-01-25T00:00:00+00:00,67135043,20,all_days,completion_random_sample
2025-01-25T00:00:00+00:00,67138393,20,all_days,completion_random_sample
2025-01-25T00:00:00+00:00,67140464,20,all_days,completion_random_sample
2025-01-25T00:00:00+00:00,67145995,20,all_days,completion_random_sample
2025-01-26T00:00:00+00:00,67147240,20,all_days,completion_random_sample
2025-01-26T00:00:00+00:00,67148408,20,all_days,completion_random_sample
2025-01-26T00:00:00+00:00,67149303,20,all_days,completion_random_sample
2025-01-26T00:00:00+00:00,67150129,20,all_days,completion_random_sample
2025-01-26T00:00:00+00:00,67158417,20,all_days,completion_random_sample
2025-01-26T00:00:00+00:00,67162459,20,all_days,completion_random_sample
2025-01-26T00:00:00+00:00,67164424,20,all_days,completion_random_sample
2025-01-26T00:00:00+00:00,67165856,20,all_days,completion_random_sample
2025-01-26T00:00:00+00:00,67166925,20,all_days,completion_random_sample
2025-01-26T00:00:00+00:00,67169928,20,all_days,completion_random_sample
2025-01-26T00:00:00+00:00,67172621,20,all_days,completion_random_sample
2025-01-26T00:00:00+00:00,67173101,20,all_days,completion_random_sample
2025-01-26T00:00:00+00:00,67173270,20,all_days,completion_random_sample
2025-01-26T00:00:00+00:00,67178527,20,all_days,completion_random_sample
2025-01-26T00:00:00+00:00,67178627,20,all_days,completion_random_sample
2025-01-26T00:00:00+00:00,67179604,20,all_days,completion_random_sample
2025-01-26T00:00:00+00:00,67179953,20,all_days,completion_random_sample
2025-01-26T00:00:00+00:00,67180083,20,all_days,completion_random_sample
2025-01-26T00:00:00+00:00,67182213,20,all_days,completion_random_sample
2025-01-26T00:00:00+00:00,67185504,20,all_days,completion_random_sample
2025-01-27T00:00:00+00:00,67187925,20,all_days,completion_random_sample
2025-01-27T00:00:00+00:00,67192292,20,all_days,completion_random_sample
2025-01-27T00:00:00+00:00,67192350,20,all_days,completion_random_sample
2025-01-27T00:00:00+00:00,67197392,20,all_days,completion_random_sample
2025-01-27T00:00:00+00:00,67200597,20,all_days,completion_random_sample
2025-01-27T00:00:00+00:00,67200748,20,all_days,completion_random_sample
2025-01-27T00:00:00+00:00,67201770,20,all_days,completion_random_sample
2025-01-27T00:00:00+00:00,67204570,20,all_days,completion_random_sample
2025-01-27T00:00:00+00:00,67205018,20,all_days,completion_random_sample
2025-01-27T00:00:00+00:00,67206108,20,all_days,completion_random_sample
2025-01-27T00:00:00+00:00,67208479,20,all_days,completion_random_sample
2025-01-27T00:00:00+00:00,67210329,20,all_days,completion_random_sample
2025-01-27T00:00:00+00:00,67211766,20,all_days,completion_random_sample
2025-01-27T00:00:00+00:00,67212186,20,all_days,completion_random_sample
2025-01-27T00:00:00+00:00,67218601,20,all_days,completion_random_sample
2025-01-27T00:00:00+00:00,67220008,20,all_days,completion_random_sample
2025-01-27T00:00:00+00:00,67223053,20,all_days,completion_random_sample
2025-01-27T00:00:00+00:00,67224212,20,all_days,completion_random_sample
2025-01-27T00:00:00+00:00,67224905,20,all_days,completion_random_sample
2025-01-27T00:00:00+00:00,67225435,20,all_days,completion_random_sample
2025-01-28T00:00:00+00:00,67229070,20,all_days,completion_random_sample
2025-01-28T00:00:00+00:00,67229360,20,all_days,completion_random_sample
2025-01-28T00:00:00+00:00,67231921,20,all_days,completion_random_sample
2025-01-28T00:00:00+00:00,67232869,20,all_days,completion_random_sample
2025-01-28T00:00:00+00:00,67235266,20,all_days,completion_random_sample
2025-01-28T00:00:00+00:00,67236573,20,all_days,completion_random_sample
2025-01-28T00:00:00+00:00,67237317,20,all_days,completion_random_sample
2025-01-28T00:00:00+00:00,67237704,20,all_days,completion_random_sample
2025-01-28T00:00:00+00:00,67238068,20,all_days,completion_random_sample
2025-01-28T00:00:00+00:00,67239877,20,all_days,completion_random_sample
2025-01-28T00:00:00+00:00,67241691,20,all_days,completion_random_sample
2025-01-28T00:00:00+00:00,67243431,20,all_days,completion_random_sample
2025-01-28T00:00:00+00:00,67245361,20,all_days,completion_random_sample
2025-01-28T00:00:00+00:00,67253056,20,all_days,completion_random_sample
2025-01-28T00:00:00+00:00,67261354,20,all_days,completion_random_sample
2025-01-28T00:00:00+00:00,67261802,20,all_days,completion_random_sample
2025-01-28T00:00:00+00:00,67261804,20,all_days,completion_random_sample
2025-01-28T00:00:00+00:00,67265736,20,all_days,completion_random_sample
2025-01-28T00:00:00+00:00,67265903,20,all_days,completion_random_sample
2025-01-28T00:00:00+00:00,67265939,20,all_days,completion_random_sample
2025-01-29T00:00:00+00:00,67267113,20,all_days,completion_random_sample
2025-01-29T00:00:00+00:00,67267602,20,all_days,completion_random_sample
2025-01-29T00:00:00+00:00,67269869,20,all_days,completion_random_sample
2025-01-29T00:00:00+00:00,67271225,20,all_days,completion_random_sample
2025-01-29T00:00:00+00:00,67272911,20,all_days,completion_random_sample
2025-01-29T00:00:00+00:00,67273525,20,all_days,completion_random_sample
2025-01-29T00:00:00+00:00,67278040,20,all_days,completion_random_sample
2025-01-29T00:00:00+00:00,67278606,20,all_days,completion_random_sample
2025-01-29T00:00:00+00:00,67279531,20,all_days,completion_random_sample
2025-01-29T00:00:00+00:00,67280270,20,all_days,completion_random_sample
2025-01-29T00:00:00+00:00,67284418,20,all_days,completion_random_sample
2025-01-29T00:00:00+00:00,67293686,20,all_days,completion_random_sample
2025-01-29T00:00:00+00:00,67293987,20,all_days,completion_random_sample
2025-01-29T00:00:00+00:00,67295907,20,all_days,completion_random_sample
2025-01-29T00:00:00+00:00,67296394,20,all_days,completion_random_sample
2025-01-29T00:00:00+00:00,67296925,20,all_days,completion_random_sample
2025-01-29T00:00:00+00:00,67298957,20,all_days,completion_random_sample
2025-01-29T00:00:00+00:00,67303449,20,all_days,completion_random_sample
2025-01-29T00:00:00+00:00,67306316,20,all_days,completion_random_sample
2025-01-29T00:00:00+00:00,67306875,20,all_days,completion_random_sample
2025-01-30T00:00:00+00:00,67311991,20,all_days,completion_random_sample
2025-01-30T00:00:00+00:00,67313438,20,all_days,completion_random_sample
2025-01-30T00:00:00+00:00,67317289,20,all_days,completion_random_sample
2025-01-30T00:00:00+00:00,67323203,20,all_days,completion_random_sample
2025-01-30T00:00:00+00:00,67323854,20,all_days,completion_random_sample
2025-01-30T00:00:00+00:00,67324572,20,all_days,completion_random_sample
2025-01-30T00:00:00+00:00,67324680,20,all_days,completion_random_sample
2025-01-30T00:00:00+00:00,67328880,20,all_days,completion_random_sample
2025-01-30T00:00:00+00:00,67330810,20,all_days,completion_random_sample
2025-01-30T00:00:00+00:00,67333923,20,all_days,completion_random_sample
2025-01-30T00:00:00+00:00,67334151,20,all_days,completion_random_sample
2025-01-30T00:00:00+00:00,67335444,20,all_days,completion_random_sample
2025-01-30T00:00:00+00:00,67337035,20,all_days,completion_random_sample
2025-01-30T00:00:00+00:00,67337245,20,all_days,completion_random_sample
2025-01-30T00:00:00+00:00,67340022,20,all_days,completion_random_sample
2025-01-30T00:00:00+00:00,67341347,20,all_days,completion_random_sample
2025-01-30T00:00:00+00:00,67342563,20,all_days,completion_random_sample
2025-01-30T00:00:00+00:00,67343303,20,all_days,completion_random_sample
2025-01-30T00:00:00+00:00,67343416,20,all_days,completion_random_sample
2025-01-30T00:00:00+00:00,67345392,20,all_days,completion_random_sample
2025-01-31T00:00:00+00:00,67349404,20,all_days,completion_random_sample
2025-01-31T00:00:00+00:00,67350154,20,all_days,completion_random_sample
2025-01-31T00:00:00+00:00,67350352,20,all_days,completion_random_sample
2025-01-31T00:00:00+00:00,67351530,20,all_days,completion_random_sample
2025-01-31T00:00:00+00:00,67354349,20,all_days,completion_random_sample
2025-01-31T00:00:00+00:00,67354827,20,all_days,completion_random_sample
2025-01-31T00:00:00+00:00,67361245,20,all_days,completion_random_sample
2025-01-31T00:00:00+00:00,67363464,20,all_days,completion_random_sample
2025-01-31T00:00:00+00:00,67364169,20,all_days,completion_random_sample
2025-01-31T00:00:00+00:00,67367064,20,all_days,completion_random_sample
2025-01-31T00:00:00+00:00,67369638,20,all_days,completion_random_sample
2025-01-31T00:00:00+00:00,67371326,20,all_days,completion_random_sample
2025-01-31T00:00:00+00:00,67379083,20,all_days,completion_random_sample
2025-01-31T00:00:00+00:00,67379223,20,all_days,completion_random_sample
2025-01-31T00:00:00+00:00,67379415,20,all_days,completion_random_sample
2025-01-31T00:00:00+00:00,67380097,20,all_days,completion_random_sample
2025-01-31T00:00:00+00:00,67380340,20,all_days,completion_random_sample
2025-01-31T00:00:00+00:00,67380838,20,all_days,completion_random_sample
2025-01-31T00:00:00+00:00,67382962,20,all_days,completion_random_sample
2025-01-31T00:00:00+00:00,67386047,20,all_days,completion_random_sample
2025-02-01T00:00:00+00:00,67387725,20,all_days,completion_random_sample
2025-02-01T00:00:00+00:00,67389346,20,all_days,completion_random_sample
2025-02-01T00:00:00+00:00,67393155,20,all_days,completion_random_sample
2025-02-01T00:00:00+00:00,67397501,20,all_days,completion_random_sample
2025-02-01T00:00:00+00:00,67398889,20,all_days,completion_random_sample
2025-02-01T00:00:00+00:00,67399433,20,all_days,completion_random_sample
2025-02-01T00:00:00+00:00,67401370,20,all_days,completion_random_sample
2025-02-01T00:00:00+00:00,67403994,20,all_days,completion_random_sample
2025-02-01T00:00:00+00:00,67404462,20,all_days,completion_random_sample
2025-02-01T00:00:00+00:00,67409140,20,all_days,completion_random_sample
2025-02-01T00:00:00+00:00,67411504,20,all_days,completion_random_sample
2025-02-01T00:00:00+00:00,67411570,20,all_days,completion_random_sample
2025-02-01T00:00:00+00:00,67412425,20,all_days,completion_random_sample
2025-02-01T00:00:00+00:00,67412572,20,all_days,completion_random_sample
2025-02-01T00:00:00+00:00,67415515,20,all_days,completion_random_sample
2025-02-01T00:00:00+00:00,67416926,20,all_days,completion_random_sample
2025-02-01T00:00:00+00:00,67420739,20,all_days,completion_random_sample
2025-02-01T00:00:00+00:00,67424210,20,all_days,completion_random_sample
2025-02-01T00:00:00+00:00,67425060,20,all_days,completion_random_sample
2025-02-01T00:00:00+00:00,67425951,20,all_days,completion_random_sample
2025-02-02T00:00:00+00:00,67428648,20,all_days,reused_three_phase_sample
2025-02-02T00:00:00+00:00,67429979,20,all_days,reused_three_phase_sample
2025-02-02T00:00:00+00:00,67430521,20,all_days,reused_three_phase_sample
2025-02-02T00:00:00+00:00,67431812,20,all_days,reused_three_phase_sample
2025-02-02T00:00:00+00:00,67432675,20,all_days,reused_three_phase_sample
2025-02-02T00:00:00+00:00,67433051,20,all_days,reused_three_phase_sample
2025-02-02T00:00:00+00:00,67434297,20,all_days,reused_three_phase_sample
2025-02-02T00:00:00+00:00,67435736,20,all_days,reused_three_phase_sample
2025-02-02T00:00:00+00:00,67442083,20,all_days,reused_three_phase_sample
2025-02-02T00:00:00+00:00,67443293,20,all_days,reused_three_phase_sample
2025-02-02T00:00:00+00:00,67444446,20,all_days,reused_three_phase_sample
2025-02-02T00:00:00+00:00,67444619,20,all_days,reused_three_phase_sample
2025-02-02T00:00:00+00:00,67449297,20,all_days,reused_three_phase_sample
2025-02-02T00:00:00+00:00,67450496,20,all_days,reused_three_phase_sample
2025-02-02T00:00:00+00:00,67453841,20,all_days,reused_three_phase_sample
2025-02-02T00:00:00+00:00,67455046,20,all_days,reused_three_phase_sample
2025-02-02T00:00:00+00:00,67461095,20,all_days,reused_three_phase_sample
2025-02-02T00:00:00+00:00,67464770,20,all_days,reused_three_phase_sample
2025-02-02T00:00:00+00:00,67465812,20,all_days,reused_three_phase_sample
2025-02-02T00:00:00+00:00,67467412,20,all_days,reused_three_phase_sample
2025-02-03T00:00:00+00:00,67473175,20,all_days,reused_three_phase_sample
2025-02-03T00:00:00+00:00,67475127,20,all_days,reused_three_phase_sample
2025-02-03T00:00:00+00:00,67481726,20,all_days,reused_three_phase_sample
2025-02-03T00:00:00+00:00,67482823,20,all_days,reused_three_phase_sample
2025-02-03T00:00:00+00:00,67482867,20,all_days,reused_three_phase_sample
2025-02-03T00:00:00+00:00,67485613,20,all_days,reused_three_phase_sample
2025-02-03T00:00:00+00:00,67485871,20,all_days,reused_three_phase_sample
2025-02-03T00:00:00+00:00,67487730,20,all_days,reused_three_phase_sample
2025-02-03T00:00:00+00:00,67487978,20,all_days,reused_three_phase_sample
2025-02-03T00:00:00+00:00,67488006,20,all_days,reused_three_phase_sample
2025-02-03T00:00:00+00:00,67488691,20,all_days,reused_three_phase_sample
2025-02-03T00:00:00+00:00,67489046,20,all_days,reused_three_phase_sample
2025-02-03T00:00:00+00:00,67498002,20,all_days,reused_three_phase_sample
2025-02-03T00:00:00+00:00,67499772,20,all_days,reused_three_phase_sample
2025-02-03T00:00:00+00:00,67500169,20,all_days,reused_three_phase_sample
2025-02-03T00:00:00+00:00,67500393,20,all_days,reused_three_phase_sample
2025-02-03T00:00:00+00:00,67502833,20,all_days,reused_three_phase_sample
2025-02-03T00:00:00+00:00,67503739,20,all_days,reused_three_phase_sample
2025-02-03T00:00:00+00:00,67503922,20,all_days,reused_three_phase_sample
2025-02-03T00:00:00+00:00,67506579,20,all_days,reused_three_phase_sample
2025-02-04T00:00:00+00:00,67509099,20,all_days,completion_random_sample
2025-02-04T00:00:00+00:00,67512054,20,all_days,completion_random_sample
2025-02-04T00:00:00+00:00,67515599,20,all_days,completion_random_sample
2025-02-04T00:00:00+00:00,67519513,20,all_days,completion_random_sample
2025-02-04T00:00:00+00:00,67521685,20,all_days,completion_random_sample
2025-02-04T00:00:00+00:00,67524383,20,all_days,completion_random_sample
2025-02-04T00:00:00+00:00,67525595,20,all_days,completion_random_sample
2025-02-04T00:00:00+00:00,67526587,20,all_days,completion_random_sample
2025-02-04T00:00:00+00:00,67529882,20,all_days,completion_random_sample
2025-02-04T00:00:00+00:00,67531878,20,all_days,completion_random_sample
2025-02-04T00:00:00+00:00,67534131,20,all_days,completion_random_sample
2025-02-04T00:00:00+00:00,67534459,20,all_days,completion_random_sample
2025-02-04T00:00:00+00:00,67536229,20,all_days,completion_random_sample
2025-02-04T00:00:00+00:00,67536743,20,all_days,completion_random_sample
2025-02-04T00:00:00+00:00,67538280,20,all_days,completion_random_sample
2025-02-04T00:00:00+00:00,67538722,20,all_days,completion_random_sample
2025-02-04T00:00:00+00:00,67540071,20,all_days,completion_random_sample
2025-02-04T00:00:00+00:00,67541883,20,all_days,completion_random_sample
2025-02-04T00:00:00+00:00,67543627,20,all_days,completion_random_sample
2025-02-04T00:00:00+00:00,67546502,20,all_days,completion_random_sample
2025-02-05T00:00:00+00:00,67549393,20,all_days,completion_random_sample
2025-02-05T00:00:00+00:00,67549885,20,all_days,completion_random_sample
2025-02-05T00:00:00+00:00,67554353,20,all_days,completion_random_sample
2025-02-05T00:00:00+00:00,67554363,20,all_days,completion_random_sample
2025-02-05T00:00:00+00:00,67563089,20,all_days,completion_random_sample
2025-02-05T00:00:00+00:00,67564774,20,all_days,completion_random_sample
2025-02-05T00:00:00+00:00,67564820,20,all_days,completion_random_sample
2025-02-05T00:00:00+00:00,67565112,20,all_days,completion_random_sample
2025-02-05T00:00:00+00:00,67565508,20,all_days,completion_random_sample
2025-02-05T00:00:00+00:00,67566143,20,all_days,completion_random_sample
2025-02-05T00:00:00+00:00,67570280,20,all_days,completion_random_sample
2025-02-05T00:00:00+00:00,67571411,20,all_days,completion_random_sample
2025-02-05T00:00:00+00:00,67572391,20,all_days,completion_random_sample
2025-02-05T00:00:00+00:00,67572599,20,all_days,completion_random_sample
2025-02-05T00:00:00+00:00,67573081,20,all_days,completion_random_sample
2025-02-05T00:00:00+00:00,67575786,20,all_days,completion_random_sample
2025-02-05T00:00:00+00:00,67579702,20,all_days,completion_random_sample
2025-02-05T00:00:00+00:00,67580715,20,all_days,completion_random_sample
2025-02-05T00:00:00+00:00,67582356,20,all_days,completion_random_sample
2025-02-05T00:00:00+00:00,67582944,20,all_days,completion_random_sample
2025-02-06T00:00:00+00:00,67587860,20,all_days,reused_three_phase_sample
2025-02-06T00:00:00+00:00,67587929,20,all_days,reused_three_phase_sample
2025-02-06T00:00:00+00:00,67588805,20,all_days,reused_three_phase_sample
2025-02-06T00:00:00+00:00,67588960,20,all_days,reused_three_phase_sample
2025-02-06T00:00:00+00:00,67592341,20,all_days,reused_three_phase_sample
2025-02-06T00:00:00+00:00,67595263,20,all_days,reused_three_phase_sample
2025-02-06T00:00:00+00:00,67596654,20,all_days,reused_three_phase_sample
2025-02-06T00:00:00+00:00,67596914,20,all_days,reused_three_phase_sample
2025-02-06T00:00:00+00:00,67597901,20,all_days,reused_three_phase_sample
2025-02-06T00:00:00+00:00,67599539,20,all_days,reused_three_phase_sample
2025-02-06T00:00:00+00:00,67600737,20,all_days,reused_three_phase_sample
2025-02-06T00:00:00+00:00,67605950,20,all_days,reused_three_phase_sample
2025-02-06T00:00:00+00:00,67606573,20,all_days,reused_three_phase_sample
2025-02-06T00:00:00+00:00,67607195,20,all_days,reused_three_phase_sample
2025-02-06T00:00:00+00:00,67609375,20,all_days,reused_three_phase_sample
2025-02-06T00:00:00+00:00,67610765,20,all_days,reused_three_phase_sample
2025-02-06T00:00:00+00:00,67611597,20,all_days,reused_three_phase_sample
2025-02-06T00:00:00+00:00,67612195,20,all_days,reused_three_phase_sample
2025-02-06T00:00:00+00:00,67614258,20,all_days,reused_three_phase_sample
2025-02-06T00:00:00+00:00,67622786,20,all_days,reused_three_phase_sample
2025-02-07T00:00:00+00:00,67626070,20,all_days,reused_three_phase_sample
2025-02-07T00:00:00+00:00,67626596,20,all_days,reused_three_phase_sample
2025-02-07T00:00:00+00:00,67627755,20,all_days,reused_three_phase_sample
2025-02-07T00:00:00+00:00,67628705,20,all_days,reused_three_phase_sample
2025-02-07T00:00:00+00:00,67630182,20,all_days,reused_three_phase_sample
2025-02-07T00:00:00+00:00,67630304,20,all_days,reused_three_phase_sample
2025-02-07T00:00:00+00:00,67630885,20,all_days,reused_three_phase_sample
2025-02-07T00:00:00+00:00,67631055,20,all_days,reused_three_phase_sample
2025-02-07T00:00:00+00:00,67635041,20,all_days,reused_three_phase_sample
2025-02-07T00:00:00+00:00,67636333,20,all_days,reused_three_phase_sample
2025-02-07T00:00:00+00:00,67640810,20,all_days,reused_three_phase_sample
2025-02-07T00:00:00+00:00,67646298,20,all_days,reused_three_phase_sample
2025-02-07T00:00:00+00:00,67647350,20,all_days,reused_three_phase_sample
2025-02-07T00:00:00+00:00,67648233,20,all_days,reused_three_phase_sample
2025-02-07T00:00:00+00:00,67648378,20,all_days,reused_three_phase_sample
2025-02-07T00:00:00+00:00,67649676,20,all_days,reused_three_phase_sample
2025-02-07T00:00:00+00:00,67651337,20,all_days,reused_three_phase_sample
2025-02-07T00:00:00+00:00,67655898,20,all_days,reused_three_phase_sample
2025-02-07T00:00:00+00:00,67660010,20,all_days,reused_three_phase_sample
2025-02-07T00:00:00+00:00,67660079,20,all_days,reused_three_phase_sample
2025-02-08T00:00:00+00:00,67668246,20,all_days,reused_three_phase_sample
2025-02-08T00:00:00+00:00,67668310,20,all_days,reused_three_phase_sample
2025-02-08T00:00:00+00:00,67670310,20,all_days,reused_three_phase_sample
2025-02-08T00:00:00+00:00,67670578,20,all_days,reused_three_phase_sample
2025-02-08T00:00:00+00:00,67670613,20,all_days,reused_three_phase_sample
2025-02-08T00:00:00+00:00,67672692,20,all_days,reused_three_phase_sample
2025-02-08T00:00:00+00:00,67674632,20,all_days,reused_three_phase_sample
2025-02-08T00:00:00+00:00,67675286,20,all_days,reused_three_phase_sample
2025-02-08T00:00:00+00:00,67676085,20,all_days,reused_three_phase_sample
2025-02-08T00:00:00+00:00,67679835,20,all_days,reused_three_phase_sample
2025-02-08T00:00:00+00:00,67683953,20,all_days,reused_three_phase_sample
2025-02-08T00:00:00+00:00,67685024,20,all_days,reused_three_phase_sample
2025-02-08T00:00:00+00:00,67685289,20,all_days,reused_three_phase_sample
2025-02-08T00:00:00+00:00,67685517,20,all_days,reused_three_phase_sample
2025-02-08T00:00:00+00:00,67694233,20,all_days,reused_three_phase_sample
2025-02-08T00:00:00+00:00,67694614,20,all_days,reused_three_phase_sample
2025-02-08T00:00:00+00:00,67697379,20,all_days,reused_three_phase_sample
2025-02-08T00:00:00+00:00,67698633,20,all_days,reused_three_phase_sample
2025-02-08T00:00:00+00:00,67701672,20,all_days,reused_three_phase_sample
2025-02-08T00:00:00+00:00,67702017,20,all_days,reused_three_phase_sample
2025-02-09T00:00:00+00:00,67704730,20,all_days,reused_three_phase_sample
2025-02-09T00:00:00+00:00,67705410,20,all_days,reused_three_phase_sample
2025-02-09T00:00:00+00:00,67706844,20,all_days,reused_three_phase_sample
2025-02-09T00:00:00+00:00,67709018,20,all_days,reused_three_phase_sample
2025-02-09T00:00:00+00:00,67709582,20,all_days,reused_three_phase_sample
2025-02-09T00:00:00+00:00,67710117,20,all_days,reused_three_phase_sample
2025-02-09T00:00:00+00:00,67711785,20,all_days,reused_three_phase_sample
2025-02-09T00:00:00+00:00,67712355,20,all_days,reused_three_phase_sample
2025-02-09T00:00:00+00:00,67714737,20,all_days,reused_three_phase_sample
2025-02-09T00:00:00+00:00,67715077,20,all_days,reused_three_phase_sample
2025-02-09T00:00:00+00:00,67718314,20,all_days,reused_three_phase_sample
2025-02-09T00:00:00+00:00,67719143,20,all_days,reused_three_phase_sample
2025-02-09T00:00:00+00:00,67719184,20,all_days,reused_three_phase_sample
2025-02-09T00:00:00+00:00,67720290,20,all_days,reused_three_phase_sample
2025-02-09T00:00:00+00:00,67721904,20,all_days,reused_three_phase_sample
2025-02-09T00:00:00+00:00,67724333,20,all_days,reused_three_phase_sample
2025-02-09T00:00:00+00:00,67726760,20,all_days,reused_three_phase_sample
2025-02-09T00:00:00+00:00,67727743,20,all_days,reused_three_phase_sample
2025-02-09T00:00:00+00:00,67729648,20,all_days,reused_three_phase_sample
2025-02-09T00:00:00+00:00,67739065,20,all_days,reused_three_phase_sample
2025-02-10T00:00:00+00:00,67740236,20,all_days,completion_random_sample
2025-02-10T00:00:00+00:00,67741621,20,all_days,completion_random_sample
2025-02-10T00:00:00+00:00,67743369,20,all_days,completion_random_sample
2025-02-10T00:00:00+00:00,67744649,20,all_days,completion_random_sample
2025-02-10T00:00:00+00:00,67745615,20,all_days,completion_random_sample
2025-02-10T00:00:00+00:00,67746377,20,all_days,completion_random_sample
2025-02-10T00:00:00+00:00,67750538,20,all_days,completion_random_sample
2025-02-10T00:00:00+00:00,67751581,20,all_days,completion_random_sample
2025-02-10T00:00:00+00:00,67760557,20,all_days,completion_random_sample
2025-02-10T00:00:00+00:00,67762760,20,all_days,completion_random_sample
2025-02-10T00:00:00+00:00,67766729,20,all_days,completion_random_sample
2025-02-10T00:00:00+00:00,67766944,20,all_days,completion_random_sample
2025-02-10T00:00:00+00:00,67767799,20,all_days,completion_random_sample
2025-02-10T00:00:00+00:00,67768433,20,all_days,completion_random_sample
2025-02-10T00:00:00+00:00,67771246,20,all_days,completion_random_sample
2025-02-10T00:00:00+00:00,67771667,20,all_days,completion_random_sample
2025-02-10T00:00:00+00:00,67771908,20,all_days,completion_random_sample
2025-02-10T00:00:00+00:00,67772519,20,all_days,completion_random_sample
2025-02-10T00:00:00+00:00,67773889,20,all_days,completion_random_sample
2025-02-10T00:00:00+00:00,67775387,20,all_days,completion_random_sample
2025-02-11T00:00:00+00:00,67779854,20,all_days,completion_random_sample
2025-02-11T00:00:00+00:00,67785262,20,all_days,completion_random_sample
2025-02-11T00:00:00+00:00,67785835,20,all_days,completion_random_sample
2025-02-11T00:00:00+00:00,67789420,20,all_days,completion_random_sample
2025-02-11T00:00:00+00:00,67794211,20,all_days,completion_random_sample
2025-02-11T00:00:00+00:00,67794709,20,all_days,completion_random_sample
2025-02-11T00:00:00+00:00,67796555,20,all_days,completion_random_sample
2025-02-11T00:00:00+00:00,67798476,20,all_days,completion_random_sample
2025-02-11T00:00:00+00:00,67799348,20,all_days,completion_random_sample
2025-02-11T00:00:00+00:00,67799691,20,all_days,completion_random_sample
2025-02-11T00:00:00+00:00,67802458,20,all_days,completion_random_sample
2025-02-11T00:00:00+00:00,67804376,20,all_days,completion_random_sample
2025-02-11T00:00:00+00:00,67805313,20,all_days,completion_random_sample
2025-02-11T00:00:00+00:00,67807322,20,all_days,completion_random_sample
2025-02-11T00:00:00+00:00,67807330,20,all_days,completion_random_sample
2025-02-11T00:00:00+00:00,67807884,20,all_days,completion_random_sample
2025-02-11T00:00:00+00:00,67808623,20,all_days,completion_random_sample
2025-02-11T00:00:00+00:00,67814346,20,all_days,completion_random_sample
2025-02-11T00:00:00+00:00,67814899,20,all_days,completion_random_sample
2025-02-11T00:00:00+00:00,67814932,20,all_days,completion_random_sample
2025-02-12T00:00:00+00:00,67815012,20,all_days,completion_random_sample
2025-02-12T00:00:00+00:00,67816029,20,all_days,completion_random_sample
2025-02-12T00:00:00+00:00,67816753,20,all_days,completion_random_sample
2025-02-12T00:00:00+00:00,67821580,20,all_days,completion_random_sample
2025-02-12T00:00:00+00:00,67824377,20,all_days,completion_random_sample
2025-02-12T00:00:00+00:00,67824486,20,all_days,completion_random_sample
2025-02-12T00:00:00+00:00,67825378,20,all_days,completion_random_sample
2025-02-12T00:00:00+00:00,67826115,20,all_days,completion_random_sample
2025-02-12T00:00:00+00:00,67826751,20,all_days,completion_random_sample
2025-02-12T00:00:00+00:00,67830898,20,all_days,completion_random_sample
2025-02-12T00:00:00+00:00,67832472,20,all_days,completion_random_sample
2025-02-12T00:00:00+00:00,67836744,20,all_days,completion_random_sample
2025-02-12T00:00:00+00:00,67837274,20,all_days,completion_random_sample
2025-02-12T00:00:00+00:00,67841617,20,all_days,completion_random_sample
2025-02-12T00:00:00+00:00,67841772,20,all_days,completion_random_sample
2025-02-12T00:00:00+00:00,67844860,20,all_days,completion_random_sample
2025-02-12T00:00:00+00:00,67846668,20,all_days,completion_random_sample
2025-02-12T00:00:00+00:00,67849354,20,all_days,completion_random_sample
2025-02-12T00:00:00+00:00,67851790,20,all_days,completion_random_sample
2025-02-12T00:00:00+00:00,67853064,20,all_days,completion_random_sample
2025-02-13T00:00:00+00:00,67853250,20,all_days,completion_random_sample
2025-02-13T00:00:00+00:00,67858875,20,all_days,completion_random_sample
2025-02-13T00:00:00+00:00,67860259,20,all_days,completion_random_sample
2025-02-13T00:00:00+00:00,67861765,20,all_days,completion_random_sample
2025-02-13T00:00:00+00:00,67863633,20,all_days,completion_random_sample
2025-02-13T00:00:00+00:00,67864069,20,all_days,completion_random_sample
2025-02-13T00:00:00+00:00,67868505,20,all_days,completion_random_sample
2025-02-13T00:00:00+00:00,67870133,20,all_days,completion_random_sample
2025-02-13T00:00:00+00:00,67872457,20,all_days,completion_random_sample
2025-02-13T00:00:00+00:00,67874352,20,all_days,completion_random_sample
2025-02-13T00:00:00+00:00,67875203,20,all_days,completion_random_sample
2025-02-13T00:00:00+00:00,67877874,20,all_days,completion_random_sample
2025-02-13T00:00:00+00:00,67878986,20,all_days,completion_random_sample
2025-02-13T00:00:00+00:00,67879040,20,all_days,completion_random_sample
2025-02-13T00:00:00+00:00,67882781,20,all_days,completion_random_sample
2025-02-13T00:00:00+00:00,67883381,20,all_days,completion_random_sample
2025-02-13T00:00:00+00:00,67886326,20,all_days,completion_random_sample
2025-02-13T00:00:00+00:00,67889361,20,all_days,completion_random_sample
2025-02-13T00:00:00+00:00,67890410,20,all_days,completion_random_sample
2025-02-13T00:00:00+00:00,67891125,20,all_days,completion_random_sample
2025-02-14T00:00:00+00:00,67897419,20,all_days,completion_random_sample
2025-02-14T00:00:00+00:00,67897655,20,all_days,completion_random_sample
2025-02-14T00:00:00+00:00,67897930,20,all_days,completion_random_sample
2025-02-14T00:00:00+00:00,67899629,20,all_days,completion_random_sample
2025-02-14T00:00:00+00:00,67902810,20,all_days,completion_random_sample
2025-02-14T00:00:00+00:00,67903092,20,all_days,completion_random_sample
2025-02-14T00:00:00+00:00,67906775,20,all_days,completion_random_sample
2025-02-14T00:00:00+00:00,67907226,20,all_days,completion_random_sample
2025-02-14T00:00:00+00:00,67908471,20,all_days,completion_random_sample
2025-02-14T00:00:00+00:00,67910197,20,all_days,completion_random_sample
2025-02-14T00:00:00+00:00,67913631,20,all_days,completion_random_sample
2025-02-14T00:00:00+00:00,67917089,20,all_days,completion_random_sample
2025-02-14T00:00:00+00:00,67918612,20,all_days,completion_random_sample
2025-02-14T00:00:00+00:00,67920313,20,all_days,completion_random_sample
2025-02-14T00:00:00+00:00,67921260,20,all_days,completion_random_sample
2025-02-14T00:00:00+00:00,67921308,20,all_days,completion_random_sample
2025-02-14T00:00:00+00:00,67923015,20,all_days,completion_random_sample
2025-02-14T00:00:00+00:00,67924430,20,all_days,completion_random_sample
2025-02-14T00:00:00+00:00,67928740,20,all_days,completion_random_sample
2025-02-14T00:00:00+00:00,67929097,20,all_days,completion_random_sample
2025-02-15T00:00:00+00:00,67934514,20,all_days,completion_random_sample
2025-02-15T00:00:00+00:00,67934790,20,all_days,completion_random_sample
2025-02-15T00:00:00+00:00,67934890,20,all_days,completion_random_sample
2025-02-15T00:00:00+00:00,67936884,20,all_days,completion_random_sample
2025-02-15T00:00:00+00:00,67938252,20,all_days,completion_random_sample
2025-02-15T00:00:00+00:00,67942917,20,all_days,completion_random_sample
2025-02-15T00:00:00+00:00,67942958,20,all_days,completion_random_sample
2025-02-15T00:00:00+00:00,67943344,20,all_days,completion_random_sample
2025-02-15T00:00:00+00:00,67947935,20,all_days,completion_random_sample
2025-02-15T00:00:00+00:00,67955013,20,all_days,completion_random_sample
2025-02-15T00:00:00+00:00,67961026,20,all_days,completion_random_sample
2025-02-15T00:00:00+00:00,67961532,20,all_days,completion_random_sample
2025-02-15T00:00:00+00:00,67963494,20,all_days,completion_random_sample
2025-02-15T00:00:00+00:00,67964135,20,all_days,completion_random_sample
2025-02-15T00:00:00+00:00,67965090,20,all_days,completion_random_sample
2025-02-15T00:00:00+00:00,67965477,20,all_days,completion_random_sample
2025-02-15T00:00:00+00:00,67966901,20,all_days,completion_random_sample
2025-02-15T00:00:00+00:00,67967818,20,all_days,completion_random_sample
2025-02-15T00:00:00+00:00,67968574,20,all_days,completion_random_sample
2025-02-15T00:00:00+00:00,67972166,20,all_days,completion_random_sample
2025-02-16T00:00:00+00:00,67975875,20,all_days,completion_random_sample
2025-02-16T00:00:00+00:00,67976621,20,all_days,completion_random_sample
2025-02-16T00:00:00+00:00,67978434,20,all_days,completion_random_sample
2025-02-16T00:00:00+00:00,67981604,20,all_days,completion_random_sample
2025-02-16T00:00:00+00:00,67982644,20,all_days,completion_random_sample
2025-02-16T00:00:00+00:00,67983042,20,all_days,completion_random_sample
2025-02-16T00:00:00+00:00,67983952,20,all_days,completion_random_sample
2025-02-16T00:00:00+00:00,67985834,20,all_days,completion_random_sample
2025-02-16T00:00:00+00:00,67988340,20,all_days,completion_random_sample
2025-02-16T00:00:00+00:00,67990441,20,all_days,completion_random_sample
2025-02-16T00:00:00+00:00,67999868,20,all_days,completion_random_sample
2025-02-16T00:00:00+00:00,68000720,20,all_days,completion_random_sample
2025-02-16T00:00:00+00:00,68001522,20,all_days,completion_random_sample
2025-02-16T00:00:00+00:00,68002407,20,all_days,completion_random_sample
2025-02-16T00:00:00+00:00,68003475,20,all_days,completion_random_sample
2025-02-16T00:00:00+00:00,68003943,20,all_days,completion_random_sample
2025-02-16T00:00:00+00:00,68003986,20,all_days,completion_random_sample
2025-02-16T00:00:00+00:00,68008915,20,all_days,completion_random_sample
2025-02-16T00:00:00+00:00,68009051,20,all_days,completion_random_sample
2025-02-16T00:00:00+00:00,68010148,20,all_days,completion_random_sample
2025-02-17T00:00:00+00:00,68016888,20,all_days,completion_random_sample
2025-02-17T00:00:00+00:00,68016930,20,all_days,completion_random_sample
2025-02-17T00:00:00+00:00,68018086,20,all_days,completion_random_sample
2025-02-17T00:00:00+00:00,68023949,20,all_days,completion_random_sample
2025-02-17T00:00:00+00:00,68024648,20,all_days,completion_random_sample
2025-02-17T00:00:00+00:00,68024967,20,all_days,completion_random_sample
2025-02-17T00:00:00+00:00,68025115,20,all_days,completion_random_sample
2025-02-17T00:00:00+00:00,68029306,20,all_days,completion_random_sample
2025-02-17T00:00:00+00:00,68029552,20,all_days,completion_random_sample
2025-02-17T00:00:00+00:00,68029636,20,all_days,completion_random_sample
2025-02-17T00:00:00+00:00,68031017,20,all_days,completion_random_sample
2025-02-17T00:00:00+00:00,68032571,20,all_days,completion_random_sample
2025-02-17T00:00:00+00:00,68037213,20,all_days,completion_random_sample
2025-02-17T00:00:00+00:00,68037220,20,all_days,completion_random_sample
2025-02-17T00:00:00+00:00,68044082,20,all_days,completion_random_sample
2025-02-17T00:00:00+00:00,68050207,20,all_days,completion_random_sample
2025-02-17T00:00:00+00:00,68051441,20,all_days,completion_random_sample
2025-02-17T00:00:00+00:00,68051509,20,all_days,completion_random_sample
2025-02-17T00:00:00+00:00,68052512,20,all_days,completion_random_sample
2025-02-17T00:00:00+00:00,68052629,20,all_days,completion_random_sample
2025-02-18T00:00:00+00:00,68053232,20,all_days,reused_three_phase_sample
2025-02-18T00:00:00+00:00,68054450,20,all_days,reused_three_phase_sample
2025-02-18T00:00:00+00:00,68056063,20,all_days,reused_three_phase_sample
2025-02-18T00:00:00+00:00,68057235,20,all_days,reused_three_phase_sample
2025-02-18T00:00:00+00:00,68057677,20,all_days,reused_three_phase_sample
2025-02-18T00:00:00+00:00,68058967,20,all_days,reused_three_phase_sample
2025-02-18T00:00:00+00:00,68060474,20,all_days,reused_three_phase_sample
2025-02-18T00:00:00+00:00,68066864,20,all_days,reused_three_phase_sample
2025-02-18T00:00:00+00:00,68068391,20,all_days,reused_three_phase_sample
2025-02-18T00:00:00+00:00,68070919,20,all_days,reused_three_phase_sample
2025-02-18T00:00:00+00:00,68074554,20,all_days,reused_three_phase_sample
2025-02-18T00:00:00+00:00,68074770,20,all_days,reused_three_phase_sample
2025-02-18T00:00:00+00:00,68077308,20,all_days,reused_three_phase_sample
2025-02-18T00:00:00+00:00,68081096,20,all_days,reused_three_phase_sample
2025-02-18T00:00:00+00:00,68082850,20,all_days,reused_three_phase_sample
2025-02-18T00:00:00+00:00,68083609,20,all_days,reused_three_phase_sample
2025-02-18T00:00:00+00:00,68083612,20,all_days,reused_three_phase_sample
2025-02-18T00:00:00+00:00,68084757,20,all_days,reused_three_phase_sample
2025-02-18T00:00:00+00:00,68085857,20,all_days,reused_three_phase_sample
2025-02-18T00:00:00+00:00,68092541,20,all_days,reused_three_phase_sample
2025-02-19T00:00:00+00:00,68093189,20,all_days,reused_three_phase_sample
2025-02-19T00:00:00+00:00,68096220,20,all_days,reused_three_phase_sample
2025-02-19T00:00:00+00:00,68097750,20,all_days,reused_three_phase_sample
2025-02-19T00:00:00+00:00,68100261,20,all_days,reused_three_phase_sample
2025-02-19T00:00:00+00:00,68103010,20,all_days,reused_three_phase_sample
2025-02-19T00:00:00+00:00,68103239,20,all_days,reused_three_phase_sample
2025-02-19T00:00:00+00:00,68103697,20,all_days,reused_three_phase_sample
2025-02-19T00:00:00+00:00,68104361,20,all_days,reused_three_phase_sample
2025-02-19T00:00:00+00:00,68106184,20,all_days,reused_three_phase_sample
2025-02-19T00:00:00+00:00,68106505,20,all_days,reused_three_phase_sample
2025-02-19T00:00:00+00:00,68106668,20,all_days,reused_three_phase_sample
2025-02-19T00:00:00+00:00,68110630,20,all_days,reused_three_phase_sample
2025-02-19T00:00:00+00:00,68111487,20,all_days,reused_three_phase_sample
2025-02-19T00:00:00+00:00,68117291,20,all_days,reused_three_phase_sample
2025-02-19T00:00:00+00:00,68119545,20,all_days,reused_three_phase_sample
2025-02-19T00:00:00+00:00,68123195,20,all_days,reused_three_phase_sample
2025-02-19T00:00:00+00:00,68124024,20,all_days,reused_three_phase_sample
2025-02-19T00:00:00+00:00,68128368,20,all_days,reused_three_phase_sample
2025-02-19T00:00:00+00:00,68130028,20,all_days,reused_three_phase_sample
2025-02-19T00:00:00+00:00,68132945,20,all_days,reused_three_phase_sample
2025-02-20T00:00:00+00:00,68139096,20,all_days,reused_three_phase_sample
2025-02-20T00:00:00+00:00,68139282,20,all_days,reused_three_phase_sample
2025-02-20T00:00:00+00:00,68140943,20,all_days,reused_three_phase_sample
2025-02-20T00:00:00+00:00,68141346,20,all_days,reused_three_phase_sample
2025-02-20T00:00:00+00:00,68142264,20,all_days,reused_three_phase_sample
2025-02-20T00:00:00+00:00,68142689,20,all_days,reused_three_phase_sample
2025-02-20T00:00:00+00:00,68144773,20,all_days,reused_three_phase_sample
2025-02-20T00:00:00+00:00,68145466,20,all_days,reused_three_phase_sample
2025-02-20T00:00:00+00:00,68147605,20,all_days,reused_three_phase_sample
2025-02-20T00:00:00+00:00,68149651,20,all_days,reused_three_phase_sample
2025-02-20T00:00:00+00:00,68150067,20,all_days,reused_three_phase_sample
2025-02-20T00:00:00+00:00,68154401,20,all_days,reused_three_phase_sample
2025-02-20T00:00:00+00:00,68154633,20,all_days,reused_three_phase_sample
2025-02-20T00:00:00+00:00,68155378,20,all_days,reused_three_phase_sample
2025-02-20T00:00:00+00:00,68157076,20,all_days,reused_three_phase_sample
2025-02-20T00:00:00+00:00,68159597,20,all_days,reused_three_phase_sample
2025-02-20T00:00:00+00:00,68162727,20,all_days,reused_three_phase_sample
2025-02-20T00:00:00+00:00,68168719,20,all_days,reused_three_phase_sample
2025-02-20T00:00:00+00:00,68169818,20,all_days,reused_three_phase_sample
2025-02-20T00:00:00+00:00,68170596,20,all_days,reused_three_phase_sample
2025-02-21T00:00:00+00:00,68173651,20,all_days,reused_three_phase_sample
2025-02-21T00:00:00+00:00,68175037,20,all_days,reused_three_phase_sample
2025-02-21T00:00:00+00:00,68176010,20,all_days,reused_three_phase_sample
2025-02-21T00:00:00+00:00,68178035,20,all_days,reused_three_phase_sample
2025-02-21T00:00:00+00:00,68178995,20,all_days,reused_three_phase_sample
2025-02-21T00:00:00+00:00,68179758,20,all_days,reused_three_phase_sample
2025-02-21T00:00:00+00:00,68180602,20,all_days,reused_three_phase_sample
2025-02-21T00:00:00+00:00,68185868,20,all_days,reused_three_phase_sample
2025-02-21T00:00:00+00:00,68190650,20,all_days,reused_three_phase_sample
2025-02-21T00:00:00+00:00,68192436,20,all_days,reused_three_phase_sample
2025-02-21T00:00:00+00:00,68192582,20,all_days,reused_three_phase_sample
2025-02-21T00:00:00+00:00,68194738,20,all_days,reused_three_phase_sample
2025-02-21T00:00:00+00:00,68194856,20,all_days,reused_three_phase_sample
2025-02-21T00:00:00+00:00,68195471,20,all_days,reused_three_phase_sample
2025-02-21T00:00:00+00:00,68197798,20,all_days,reused_three_phase_sample
2025-02-21T00:00:00+00:00,68200439,20,all_days,reused_three_phase_sample
2025-02-21T00:00:00+00:00,68202698,20,all_days,reused_three_phase_sample
2025-02-21T00:00:00+00:00,68203314,20,all_days,reused_three_phase_sample
2025-02-21T00:00:00+00:00,68204740,20,all_days,reused_three_phase_sample
2025-02-21T00:00:00+00:00,68212034,20,all_days,reused_three_phase_sample
2025-02-22T00:00:00+00:00,68214495,20,all_days,reused_three_phase_sample
2025-02-22T00:00:00+00:00,68216066,20,all_days,reused_three_phase_sample
2025-02-22T00:00:00+00:00,68216555,20,all_days,reused_three_phase_sample
2025-02-22T00:00:00+00:00,68220175,20,all_days,reused_three_phase_sample
2025-02-22T00:00:00+00:00,68220467,20,all_days,reused_three_phase_sample
2025-02-22T00:00:00+00:00,68223269,20,all_days,reused_three_phase_sample
2025-02-22T00:00:00+00:00,68231614,20,all_days,reused_three_phase_sample
2025-02-22T00:00:00+00:00,68234333,20,all_days,reused_three_phase_sample
2025-02-22T00:00:00+00:00,68235007,20,all_days,reused_three_phase_sample
2025-02-22T00:00:00+00:00,68236167,20,all_days,reused_three_phase_sample
2025-02-22T00:00:00+00:00,68238341,20,all_days,reused_three_phase_sample
2025-02-22T00:00:00+00:00,68242482,20,all_days,reused_three_phase_sample
2025-02-22T00:00:00+00:00,68243960,20,all_days,reused_three_phase_sample
2025-02-22T00:00:00+00:00,68244349,20,all_days,reused_three_phase_sample
2025-02-22T00:00:00+00:00,68245378,20,all_days,reused_three_phase_sample
2025-02-22T00:00:00+00:00,68246916,20,all_days,reused_three_phase_sample
2025-02-22T00:00:00+00:00,68248001,20,all_days,reused_three_phase_sample
2025-02-22T00:00:00+00:00,68250826,20,all_days,reused_three_phase_sample
2025-02-22T00:00:00+00:00,68251009,20,all_days,reused_three_phase_sample
2025-02-22T00:00:00+00:00,68252144,20,all_days,reused_three_phase_sample
2025-02-23T00:00:00+00:00,68254438,20,all_days,reused_three_phase_sample
2025-02-23T00:00:00+00:00,68255325,20,all_days,reused_three_phase_sample
2025-02-23T00:00:00+00:00,68258380,20,all_days,reused_three_phase_sample
2025-02-23T00:00:00+00:00,68262597,20,all_days,reused_three_phase_sample
2025-02-23T00:00:00+00:00,68263526,20,all_days,reused_three_phase_sample
2025-02-23T00:00:00+00:00,68266157,20,all_days,reused_three_phase_sample
2025-02-23T00:00:00+00:00,68266276,20,all_days,reused_three_phase_sample
2025-02-23T00:00:00+00:00,68268019,20,all_days,reused_three_phase_sample
2025-02-23T00:00:00+00:00,68270530,20,all_days,reused_three_phase_sample
2025-02-23T00:00:00+00:00,68271181,20,all_days,reused_three_phase_sample
2025-02-23T00:00:00+00:00,68272809,20,all_days,reused_three_phase_sample
2025-02-23T00:00:00+00:00,68275939,20,all_days,reused_three_phase_sample
2025-02-23T00:00:00+00:00,68276094,20,all_days,reused_three_phase_sample
2025-02-23T00:00:00+00:00,68277370,20,all_days,reused_three_phase_sample
2025-02-23T00:00:00+00:00,68277516,20,all_days,reused_three_phase_sample
2025-02-23T00:00:00+00:00,68278110,20,all_days,reused_three_phase_sample
2025-02-23T00:00:00+00:00,68285016,20,all_days,reused_three_phase_sample
2025-02-23T00:00:00+00:00,68285115,20,all_days,reused_three_phase_sample
2025-02-23T00:00:00+00:00,68287475,20,all_days,reused_three_phase_sample
2025-02-23T00:00:00+00:00,68288315,20,all_days,reused_three_phase_sample
2025-02-24T00:00:00+00:00,68295218,20,all_days,reused_three_phase_sample
2025-02-24T00:00:00+00:00,68296533,20,all_days,reused_three_phase_sample
2025-02-24T00:00:00+00:00,68296636,20,all_days,reused_three_phase_sample
2025-02-24T00:00:00+00:00,68299617,20,all_days,reused_three_phase_sample
2025-02-24T00:00:00+00:00,68299730,20,all_days,reused_three_phase_sample
2025-02-24T00:00:00+00:00,68302060,20,all_days,reused_three_phase_sample
2025-02-24T00:00:00+00:00,68309189,20,all_days,reused_three_phase_sample
2025-02-24T00:00:00+00:00,68311793,20,all_days,reused_three_phase_sample
2025-02-24T00:00:00+00:00,68314543,20,all_days,reused_three_phase_sample
2025-02-24T00:00:00+00:00,68315430,20,all_days,reused_three_phase_sample
2025-02-24T00:00:00+00:00,68317749,20,all_days,reused_three_phase_sample
2025-02-24T00:00:00+00:00,68322855,20,all_days,reused_three_phase_sample
2025-02-24T00:00:00+00:00,68325120,20,all_days,reused_three_phase_sample
2025-02-24T00:00:00+00:00,68326257,20,all_days,reused_three_phase_sample
2025-02-24T00:00:00+00:00,68328539,20,all_days,reused_three_phase_sample
2025-02-24T00:00:00+00:00,68328852,20,all_days,reused_three_phase_sample
2025-02-24T00:00:00+00:00,68330656,20,all_days,reused_three_phase_sample
2025-02-24T00:00:00+00:00,68330745,20,all_days,reused_three_phase_sample
2025-02-24T00:00:00+00:00,68331785,20,all_days,reused_three_phase_sample
2025-02-24T00:00:00+00:00,68331827,20,all_days,reused_three_phase_sample
2025-02-25T00:00:00+00:00,68334684,20,all_days,reused_three_phase_sample
2025-02-25T00:00:00+00:00,68335129,20,all_days,reused_three_phase_sample
2025-02-25T00:00:00+00:00,68336055,20,all_days,reused_three_phase_sample
2025-02-25T00:00:00+00:00,68336350,20,all_days,reused_three_phase_sample
2025-02-25T00:00:00+00:00,68336804,20,all_days,reused_three_phase_sample
2025-02-25T00:00:00+00:00,68340975,20,all_days,reused_three_phase_sample
2025-02-25T00:00:00+00:00,68341070,20,all_days,reused_three_phase_sample
2025-02-25T00:00:00+00:00,68343229,20,all_days,reused_three_phase_sample
2025-02-25T00:00:00+00:00,68348401,20,all_days,reused_three_phase_sample
2025-02-25T00:00:00+00:00,68350080,20,all_days,reused_three_phase_sample
2025-02-25T00:00:00+00:00,68355253,20,all_days,reused_three_phase_sample
2025-02-25T00:00:00+00:00,68356977,20,all_days,reused_three_phase_sample
2025-02-25T00:00:00+00:00,68357610,20,all_days,reused_three_phase_sample
2025-02-25T00:00:00+00:00,68361842,20,all_days,reused_three_phase_sample
2025-02-25T00:00:00+00:00,68362068,20,all_days,reused_three_phase_sample
2025-02-25T00:00:00+00:00,68363504,20,all_days,reused_three_phase_sample
2025-02-25T00:00:00+00:00,68363677,20,all_days,reused_three_phase_sample
2025-02-25T00:00:00+00:00,68365299,20,all_days,reused_three_phase_sample
2025-02-25T00:00:00+00:00,68368504,20,all_days,reused_three_phase_sample
2025-02-25T00:00:00+00:00,68373903,20,all_days,reused_three_phase_sample
2025-02-26T00:00:00+00:00,68375509,20,all_days,reused_three_phase_sample
2025-02-26T00:00:00+00:00,68376841,20,all_days,reused_three_phase_sample
2025-02-26T00:00:00+00:00,68378103,20,all_days,reused_three_phase_sample
2025-02-26T00:00:00+00:00,68378297,20,all_days,reused_three_phase_sample
2025-02-26T00:00:00+00:00,68378888,20,all_days,reused_three_phase_sample
2025-02-26T00:00:00+00:00,68380014,20,all_days,reused_three_phase_sample
2025-02-26T00:00:00+00:00,68381188,20,all_days,reused_three_phase_sample
2025-02-26T00:00:00+00:00,68381542,20,all_days,reused_three_phase_sample
2025-02-26T00:00:00+00:00,68381773,20,all_days,reused_three_phase_sample
2025-02-26T00:00:00+00:00,68386615,20,all_days,reused_three_phase_sample
2025-02-26T00:00:00+00:00,68386923,20,all_days,reused_three_phase_sample
2025-02-26T00:00:00+00:00,68387170,20,all_days,reused_three_phase_sample
2025-02-26T00:00:00+00:00,68390429,20,all_days,reused_three_phase_sample
2025-02-26T00:00:00+00:00,68393234,20,all_days,reused_three_phase_sample
2025-02-26T00:00:00+00:00,68400973,20,all_days,reused_three_phase_sample
2025-02-26T00:00:00+00:00,68402163,20,all_days,reused_three_phase_sample
2025-02-26T00:00:00+00:00,68404768,20,all_days,reused_three_phase_sample
2025-02-26T00:00:00+00:00,68404787,20,all_days,reused_three_phase_sample
2025-02-26T00:00:00+00:00,68405161,20,all_days,reused_three_phase_sample
2025-02-26T00:00:00+00:00,68408542,20,all_days,reused_three_phase_sample
2025-02-27T00:00:00+00:00,68418169,20,all_days,reused_three_phase_sample
2025-02-27T00:00:00+00:00,68419020,20,all_days,reused_three_phase_sample
2025-02-27T00:00:00+00:00,68419110,20,all_days,reused_three_phase_sample
2025-02-27T00:00:00+00:00,68421858,20,all_days,reused_three_phase_sample
2025-02-27T00:00:00+00:00,68423458,20,all_days,reused_three_phase_sample
2025-02-27T00:00:00+00:00,68423736,20,all_days,reused_three_phase_sample
2025-02-27T00:00:00+00:00,68426137,20,all_days,reused_three_phase_sample
2025-02-27T00:00:00+00:00,68428707,20,all_days,reused_three_phase_sample
2025-02-27T00:00:00+00:00,68431617,20,all_days,reused_three_phase_sample
2025-02-27T00:00:00+00:00,68432420,20,all_days,reused_three_phase_sample
2025-02-27T00:00:00+00:00,68436275,20,all_days,reused_three_phase_sample
2025-02-27T00:00:00+00:00,68438370,20,all_days,reused_three_phase_sample
2025-02-27T00:00:00+00:00,68438682,20,all_days,reused_three_phase_sample
2025-02-27T00:00:00+00:00,68439477,20,all_days,reused_three_phase_sample
2025-02-27T00:00:00+00:00,68441986,20,all_days,reused_three_phase_sample
2025-02-27T00:00:00+00:00,68443978,20,all_days,reused_three_phase_sample
2025-02-27T00:00:00+00:00,68446465,20,all_days,reused_three_phase_sample
2025-02-27T00:00:00+00:00,68450633,20,all_days,reused_three_phase_sample
2025-02-27T00:00:00+00:00,68451079,20,all_days,reused_three_phase_sample
2025-02-27T00:00:00+00:00,68452081,20,all_days,reused_three_phase_sample
2025-02-28T00:00:00+00:00,68456354,20,all_days,reused_three_phase_sample
2025-02-28T00:00:00+00:00,68462787,20,all_days,reused_three_phase_sample
2025-02-28T00:00:00+00:00,68462978,20,all_days,reused_three_phase_sample
2025-02-28T00:00:00+00:00,68464067,20,all_days,reused_three_phase_sample
2025-02-28T00:00:00+00:00,68467697,20,all_days,reused_three_phase_sample
2025-02-28T00:00:00+00:00,68470665,20,all_days,reused_three_phase_sample
2025-02-28T00:00:00+00:00,68472511,20,all_days,reused_three_phase_sample
2025-02-28T00:00:00+00:00,68476701,20,all_days,reused_three_phase_sample
2025-02-28T00:00:00+00:00,68477910,20,all_days,reused_three_phase_sample
2025-02-28T00:00:00+00:00,68478325,20,all_days,reused_three_phase_sample
2025-02-28T00:00:00+00:00,68478349,20,all_days,reused_three_phase_sample
2025-02-28T00:00:00+00:00,68482911,20,all_days,reused_three_phase_sample
2025-02-28T00:00:00+00:00,68483063,20,all_days,reused_three_phase_sample
2025-02-28T00:00:00+00:00,68484424,20,all_days,reused_three_phase_sample
2025-02-28T00:00:00+00:00,68487742,20,all_days,reused_three_phase_sample
2025-02-28T00:00:00+00:00,68489298,20,all_days,reused_three_phase_sample
2025-02-28T00:00:00+00:00,68490302,20,all_days,reused_three_phase_sample
2025-02-28T00:00:00+00:00,68490792,20,all_days,reused_three_phase_sample
2025-02-28T00:00:00+00:00,68494949,20,all_days,reused_three_phase_sample
2025-02-28T00:00:00+00:00,68495120,20,all_days,reused_three_phase_sample
2025-03-01T00:00:00+00:00,68495887,20,all_days,completion_random_sample
2025-03-01T00:00:00+00:00,68497227,20,all_days,completion_random_sample
2025-03-01T00:00:00+00:00,68497422,20,all_days,completion_random_sample
2025-03-01T00:00:00+00:00,68502268,20,all_days,completion_random_sample
2025-03-01T00:00:00+00:00,68503080,20,all_days,completion_random_sample
2025-03-01T00:00:00+00:00,68504963,20,all_days,completion_random_sample
2025-03-01T00:00:00+00:00,68506820,20,all_days,completion_random_sample
2025-03-01T00:00:00+00:00,68507884,20,all_days,completion_random_sample
2025-03-01T00:00:00+00:00,68508351,20,all_days,completion_random_sample
2025-03-01T00:00:00+00:00,68511207,20,all_days,completion_random_sample
2025-03-01T00:00:00+00:00,68512575,20,all_days,completion_random_sample
2025-03-01T00:00:00+00:00,68518902,20,all_days,completion_random_sample
2025-03-01T00:00:00+00:00,68520082,20,all_days,completion_random_sample
2025-03-01T00:00:00+00:00,68520586,20,all_days,completion_random_sample
2025-03-01T00:00:00+00:00,68526644,20,all_days,completion_random_sample
2025-03-01T00:00:00+00:00,68531674,20,all_days,completion_random_sample
2025-03-01T00:00:00+00:00,68533886,20,all_days,completion_random_sample
2025-03-01T00:00:00+00:00,68533988,20,all_days,completion_random_sample
2025-03-01T00:00:00+00:00,68535577,20,all_days,completion_random_sample
2025-03-01T00:00:00+00:00,68535638,20,all_days,completion_random_sample
2025-03-02T00:00:00+00:00,68536604,20,all_days,reused_three_phase_sample
2025-03-02T00:00:00+00:00,68542322,20,all_days,reused_three_phase_sample
2025-03-02T00:00:00+00:00,68543999,20,all_days,reused_three_phase_sample
2025-03-02T00:00:00+00:00,68545424,20,all_days,reused_three_phase_sample
2025-03-02T00:00:00+00:00,68547071,20,all_days,reused_three_phase_sample
2025-03-02T00:00:00+00:00,68549136,20,all_days,reused_three_phase_sample
2025-03-02T00:00:00+00:00,68552878,20,all_days,reused_three_phase_sample
2025-03-02T00:00:00+00:00,68554476,20,all_days,reused_three_phase_sample
2025-03-02T00:00:00+00:00,68555706,20,all_days,reused_three_phase_sample
2025-03-02T00:00:00+00:00,68556400,20,all_days,reused_three_phase_sample
2025-03-02T00:00:00+00:00,68556598,20,all_days,reused_three_phase_sample
2025-03-02T00:00:00+00:00,68557079,20,all_days,reused_three_phase_sample
2025-03-02T00:00:00+00:00,68564434,20,all_days,reused_three_phase_sample
2025-03-02T00:00:00+00:00,68567087,20,all_days,reused_three_phase_sample
2025-03-02T00:00:00+00:00,68568585,20,all_days,reused_three_phase_sample
2025-03-02T00:00:00+00:00,68570424,20,all_days,reused_three_phase_sample
2025-03-02T00:00:00+00:00,68570472,20,all_days,reused_three_phase_sample
2025-03-02T00:00:00+00:00,68571027,20,all_days,reused_three_phase_sample
2025-03-02T00:00:00+00:00,68573113,20,all_days,reused_three_phase_sample
2025-03-02T00:00:00+00:00,68573462,20,all_days,reused_three_phase_sample
2025-03-03T00:00:00+00:00,68578332,20,all_days,completion_random_sample
2025-03-03T00:00:00+00:00,68578587,20,all_days,completion_random_sample
2025-03-03T00:00:00+00:00,68581014,20,all_days,completion_random_sample
2025-03-03T00:00:00+00:00,68581234,20,all_days,completion_random_sample
2025-03-03T00:00:00+00:00,68588449,20,all_days,completion_random_sample
2025-03-03T00:00:00+00:00,68589627,20,all_days,completion_random_sample
2025-03-03T00:00:00+00:00,68591645,20,all_days,completion_random_sample
2025-03-03T00:00:00+00:00,68592188,20,all_days,completion_random_sample
2025-03-03T00:00:00+00:00,68593611,20,all_days,completion_random_sample
2025-03-03T00:00:00+00:00,68593851,20,all_days,completion_random_sample
2025-03-03T00:00:00+00:00,68597564,20,all_days,completion_random_sample
2025-03-03T00:00:00+00:00,68597852,20,all_days,completion_random_sample
2025-03-03T00:00:00+00:00,68599741,20,all_days,completion_random_sample
2025-03-03T00:00:00+00:00,68605717,20,all_days,completion_random_sample
2025-03-03T00:00:00+00:00,68607238,20,all_days,completion_random_sample
2025-03-03T00:00:00+00:00,68608139,20,all_days,completion_random_sample
2025-03-03T00:00:00+00:00,68608491,20,all_days,completion_random_sample
2025-03-03T00:00:00+00:00,68608833,20,all_days,completion_random_sample
2025-03-03T00:00:00+00:00,68611825,20,all_days,completion_random_sample
2025-03-03T00:00:00+00:00,68612964,20,all_days,completion_random_sample
2025-03-04T00:00:00+00:00,68615321,20,all_days,completion_random_sample
2025-03-04T00:00:00+00:00,68617824,20,all_days,completion_random_sample
2025-03-04T00:00:00+00:00,68617870,20,all_days,completion_random_sample
2025-03-04T00:00:00+00:00,68618468,20,all_days,completion_random_sample
2025-03-04T00:00:00+00:00,68619552,20,all_days,completion_random_sample
2025-03-04T00:00:00+00:00,68622604,20,all_days,completion_random_sample
2025-03-04T00:00:00+00:00,68622996,20,all_days,completion_random_sample
2025-03-04T00:00:00+00:00,68624094,20,all_days,completion_random_sample
2025-03-04T00:00:00+00:00,68629502,20,all_days,completion_random_sample
2025-03-04T00:00:00+00:00,68634372,20,all_days,completion_random_sample
2025-03-04T00:00:00+00:00,68634822,20,all_days,completion_random_sample
2025-03-04T00:00:00+00:00,68635558,20,all_days,completion_random_sample
2025-03-04T00:00:00+00:00,68636089,20,all_days,completion_random_sample
2025-03-04T00:00:00+00:00,68637580,20,all_days,completion_random_sample
2025-03-04T00:00:00+00:00,68647863,20,all_days,completion_random_sample
2025-03-04T00:00:00+00:00,68647963,20,all_days,completion_random_sample
2025-03-04T00:00:00+00:00,68647980,20,all_days,completion_random_sample
2025-03-04T00:00:00+00:00,68652610,20,all_days,completion_random_sample
2025-03-04T00:00:00+00:00,68652983,20,all_days,completion_random_sample
2025-03-04T00:00:00+00:00,68653165,20,all_days,completion_random_sample
2025-03-05T00:00:00+00:00,68658603,20,all_days,completion_random_sample
2025-03-05T00:00:00+00:00,68663268,20,all_days,completion_random_sample
2025-03-05T00:00:00+00:00,68664047,20,all_days,completion_random_sample
2025-03-05T00:00:00+00:00,68665858,20,all_days,completion_random_sample
2025-03-05T00:00:00+00:00,68666430,20,all_days,completion_random_sample
2025-03-05T00:00:00+00:00,68670811,20,all_days,completion_random_sample
2025-03-05T00:00:00+00:00,68673587,20,all_days,completion_random_sample
2025-03-05T00:00:00+00:00,68676403,20,all_days,completion_random_sample
2025-03-05T00:00:00+00:00,68680417,20,all_days,completion_random_sample
2025-03-05T00:00:00+00:00,68681649,20,all_days,completion_random_sample
2025-03-05T00:00:00+00:00,68682709,20,all_days,completion_random_sample
2025-03-05T00:00:00+00:00,68683268,20,all_days,completion_random_sample
2025-03-05T00:00:00+00:00,68683571,20,all_days,completion_random_sample
2025-03-05T00:00:00+00:00,68685086,20,all_days,completion_random_sample
2025-03-05T00:00:00+00:00,68685582,20,all_days,completion_random_sample
2025-03-05T00:00:00+00:00,68687246,20,all_days,completion_random_sample
2025-03-05T00:00:00+00:00,68687762,20,all_days,completion_random_sample
2025-03-05T00:00:00+00:00,68692718,20,all_days,completion_random_sample
2025-03-05T00:00:00+00:00,68694419,20,all_days,completion_random_sample
2025-03-05T00:00:00+00:00,68695188,20,all_days,completion_random_sample
2025-03-06T00:00:00+00:00,68695898,20,all_days,completion_random_sample
2025-03-06T00:00:00+00:00,68696593,20,all_days,completion_random_sample
2025-03-06T00:00:00+00:00,68702769,20,all_days,completion_random_sample
2025-03-06T00:00:00+00:00,68703452,20,all_days,completion_random_sample
2025-03-06T00:00:00+00:00,68704442,20,all_days,completion_random_sample
2025-03-06T00:00:00+00:00,68708847,20,all_days,completion_random_sample
2025-03-06T00:00:00+00:00,68710112,20,all_days,completion_random_sample
2025-03-06T00:00:00+00:00,68710207,20,all_days,completion_random_sample
2025-03-06T00:00:00+00:00,68713972,20,all_days,completion_random_sample
2025-03-06T00:00:00+00:00,68714684,20,all_days,completion_random_sample
2025-03-06T00:00:00+00:00,68715272,20,all_days,completion_random_sample
2025-03-06T00:00:00+00:00,68716788,20,all_days,completion_random_sample
2025-03-06T00:00:00+00:00,68717135,20,all_days,completion_random_sample
2025-03-06T00:00:00+00:00,68719903,20,all_days,completion_random_sample
2025-03-06T00:00:00+00:00,68720909,20,all_days,completion_random_sample
2025-03-06T00:00:00+00:00,68726789,20,all_days,completion_random_sample
2025-03-06T00:00:00+00:00,68726997,20,all_days,completion_random_sample
2025-03-06T00:00:00+00:00,68729528,20,all_days,completion_random_sample
2025-03-06T00:00:00+00:00,68730191,20,all_days,completion_random_sample
2025-03-06T00:00:00+00:00,68731620,20,all_days,completion_random_sample
2025-03-07T00:00:00+00:00,68735708,20,all_days,completion_random_sample
2025-03-07T00:00:00+00:00,68738849,20,all_days,completion_random_sample
2025-03-07T00:00:00+00:00,68741254,20,all_days,completion_random_sample
2025-03-07T00:00:00+00:00,68741770,20,all_days,completion_random_sample
2025-03-07T00:00:00+00:00,68741990,20,all_days,completion_random_sample
2025-03-07T00:00:00+00:00,68745200,20,all_days,completion_random_sample
2025-03-07T00:00:00+00:00,68745290,20,all_days,completion_random_sample
2025-03-07T00:00:00+00:00,68746831,20,all_days,completion_random_sample
2025-03-07T00:00:00+00:00,68748040,20,all_days,completion_random_sample
2025-03-07T00:00:00+00:00,68749598,20,all_days,completion_random_sample
2025-03-07T00:00:00+00:00,68750423,20,all_days,completion_random_sample
2025-03-07T00:00:00+00:00,68757161,20,all_days,completion_random_sample
2025-03-07T00:00:00+00:00,68757864,20,all_days,completion_random_sample
2025-03-07T00:00:00+00:00,68757929,20,all_days,completion_random_sample
2025-03-07T00:00:00+00:00,68758786,20,all_days,completion_random_sample
2025-03-07T00:00:00+00:00,68770159,20,all_days,completion_random_sample
2025-03-07T00:00:00+00:00,68770596,20,all_days,completion_random_sample
2025-03-07T00:00:00+00:00,68774950,20,all_days,completion_random_sample
2025-03-07T00:00:00+00:00,68775373,20,all_days,completion_random_sample
2025-03-07T00:00:00+00:00,68775948,20,all_days,completion_random_sample
2025-03-08T00:00:00+00:00,68782405,20,all_days,completion_random_sample
2025-03-08T00:00:00+00:00,68783163,20,all_days,completion_random_sample
2025-03-08T00:00:00+00:00,68784116,20,all_days,completion_random_sample
2025-03-08T00:00:00+00:00,68788200,20,all_days,completion_random_sample
2025-03-08T00:00:00+00:00,68788877,20,all_days,completion_random_sample
2025-03-08T00:00:00+00:00,68789948,20,all_days,completion_random_sample
2025-03-08T00:00:00+00:00,68793757,20,all_days,completion_random_sample
2025-03-08T00:00:00+00:00,68794873,20,all_days,completion_random_sample
2025-03-08T00:00:00+00:00,68795181,20,all_days,completion_random_sample
2025-03-08T00:00:00+00:00,68795219,20,all_days,completion_random_sample
2025-03-08T00:00:00+00:00,68796251,20,all_days,completion_random_sample
2025-03-08T00:00:00+00:00,68796313,20,all_days,completion_random_sample
2025-03-08T00:00:00+00:00,68797860,20,all_days,completion_random_sample
2025-03-08T00:00:00+00:00,68798284,20,all_days,completion_random_sample
2025-03-08T00:00:00+00:00,68803388,20,all_days,completion_random_sample
2025-03-08T00:00:00+00:00,68803740,20,all_days,completion_random_sample
2025-03-08T00:00:00+00:00,68807689,20,all_days,completion_random_sample
2025-03-08T00:00:00+00:00,68812393,20,all_days,completion_random_sample
2025-03-08T00:00:00+00:00,68815532,20,all_days,completion_random_sample
2025-03-08T00:00:00+00:00,68815759,20,all_days,completion_random_sample
2025-03-09T00:00:00+00:00,68817260,20,all_days,completion_random_sample
2025-03-09T00:00:00+00:00,68818269,20,all_days,completion_random_sample
2025-03-09T00:00:00+00:00,68819197,20,all_days,completion_random_sample
2025-03-09T00:00:00+00:00,68820536,20,all_days,completion_random_sample
2025-03-09T00:00:00+00:00,68821479,20,all_days,completion_random_sample
2025-03-09T00:00:00+00:00,68824486,20,all_days,completion_random_sample
2025-03-09T00:00:00+00:00,68828329,20,all_days,completion_random_sample
2025-03-09T00:00:00+00:00,68829266,20,all_days,completion_random_sample
2025-03-09T00:00:00+00:00,68832027,20,all_days,completion_random_sample
2025-03-09T00:00:00+00:00,68832088,20,all_days,completion_random_sample
2025-03-09T00:00:00+00:00,68833837,20,all_days,completion_random_sample
2025-03-09T00:00:00+00:00,68838472,20,all_days,completion_random_sample
2025-03-09T00:00:00+00:00,68841740,20,all_days,completion_random_sample
2025-03-09T00:00:00+00:00,68844770,20,all_days,completion_random_sample
2025-03-09T00:00:00+00:00,68846052,20,all_days,completion_random_sample
2025-03-09T00:00:00+00:00,68846314,20,all_days,completion_random_sample
2025-03-09T00:00:00+00:00,68848555,20,all_days,completion_random_sample
2025-03-09T00:00:00+00:00,68850409,20,all_days,completion_random_sample
2025-03-09T00:00:00+00:00,68851505,20,all_days,completion_random_sample
2025-03-09T00:00:00+00:00,68853561,20,all_days,completion_random_sample
2025-03-10T00:00:00+00:00,68856416,20,all_days,reused_three_phase_sample
2025-03-10T00:00:00+00:00,68857946,20,all_days,reused_three_phase_sample
2025-03-10T00:00:00+00:00,68860383,20,all_days,reused_three_phase_sample
2025-03-10T00:00:00+00:00,68861048,20,all_days,reused_three_phase_sample
2025-03-10T00:00:00+00:00,68861816,20,all_days,reused_three_phase_sample
2025-03-10T00:00:00+00:00,68862166,20,all_days,reused_three_phase_sample
2025-03-10T00:00:00+00:00,68867232,20,all_days,reused_three_phase_sample
2025-03-10T00:00:00+00:00,68868313,20,all_days,reused_three_phase_sample
2025-03-10T00:00:00+00:00,68869858,20,all_days,reused_three_phase_sample
2025-03-10T00:00:00+00:00,68871865,20,all_days,reused_three_phase_sample
2025-03-10T00:00:00+00:00,68872967,20,all_days,reused_three_phase_sample
2025-03-10T00:00:00+00:00,68873926,20,all_days,reused_three_phase_sample
2025-03-10T00:00:00+00:00,68876845,20,all_days,reused_three_phase_sample
2025-03-10T00:00:00+00:00,68877994,20,all_days,reused_three_phase_sample
2025-03-10T00:00:00+00:00,68879615,20,all_days,reused_three_phase_sample
2025-03-10T00:00:00+00:00,68882610,20,all_days,reused_three_phase_sample
2025-03-10T00:00:00+00:00,68882632,20,all_days,reused_three_phase_sample
2025-03-10T00:00:00+00:00,68883359,20,all_days,reused_three_phase_sample
2025-03-10T00:00:00+00:00,68887569,20,all_days,reused_three_phase_sample
2025-03-10T00:00:00+00:00,68896367,20,all_days,reused_three_phase_sample
2025-03-11T00:00:00+00:00,68896942,20,all_days,completion_random_sample
2025-03-11T00:00:00+00:00,68897060,20,all_days,completion_random_sample
2025-03-11T00:00:00+00:00,68901243,20,all_days,completion_random_sample
2025-03-11T00:00:00+00:00,68901982,20,all_days,completion_random_sample
2025-03-11T00:00:00+00:00,68903710,20,all_days,completion_random_sample
2025-03-11T00:00:00+00:00,68904848,20,all_days,completion_random_sample
2025-03-11T00:00:00+00:00,68904908,20,all_days,completion_random_sample
2025-03-11T00:00:00+00:00,68909155,20,all_days,completion_random_sample
2025-03-11T00:00:00+00:00,68910690,20,all_days,completion_random_sample
2025-03-11T00:00:00+00:00,68911390,20,all_days,completion_random_sample
2025-03-11T00:00:00+00:00,68913333,20,all_days,completion_random_sample
2025-03-11T00:00:00+00:00,68916164,20,all_days,completion_random_sample
2025-03-11T00:00:00+00:00,68917642,20,all_days,completion_random_sample
2025-03-11T00:00:00+00:00,68918659,20,all_days,completion_random_sample
2025-03-11T00:00:00+00:00,68928216,20,all_days,completion_random_sample
2025-03-11T00:00:00+00:00,68928812,20,all_days,completion_random_sample
2025-03-11T00:00:00+00:00,68931896,20,all_days,completion_random_sample
2025-03-11T00:00:00+00:00,68932109,20,all_days,completion_random_sample
2025-03-11T00:00:00+00:00,68932460,20,all_days,completion_random_sample
2025-03-11T00:00:00+00:00,68934248,20,all_days,completion_random_sample
2025-03-12T00:00:00+00:00,68937696,20,all_days,completion_random_sample
2025-03-12T00:00:00+00:00,68941513,20,all_days,completion_random_sample
2025-03-12T00:00:00+00:00,68941786,20,all_days,completion_random_sample
2025-03-12T00:00:00+00:00,68942557,20,all_days,completion_random_sample
2025-03-12T00:00:00+00:00,68943911,20,all_days,completion_random_sample
2025-03-12T00:00:00+00:00,68946632,20,all_days,completion_random_sample
2025-03-12T00:00:00+00:00,68947343,20,all_days,completion_random_sample
2025-03-12T00:00:00+00:00,68947468,20,all_days,completion_random_sample
2025-03-12T00:00:00+00:00,68948366,20,all_days,completion_random_sample
2025-03-12T00:00:00+00:00,68952585,20,all_days,completion_random_sample
2025-03-12T00:00:00+00:00,68952880,20,all_days,completion_random_sample
2025-03-12T00:00:00+00:00,68954304,20,all_days,completion_random_sample
2025-03-12T00:00:00+00:00,68955255,20,all_days,completion_random_sample
2025-03-12T00:00:00+00:00,68955564,20,all_days,completion_random_sample
2025-03-12T00:00:00+00:00,68955699,20,all_days,completion_random_sample
2025-03-12T00:00:00+00:00,68956422,20,all_days,completion_random_sample
2025-03-12T00:00:00+00:00,68957584,20,all_days,completion_random_sample
2025-03-12T00:00:00+00:00,68959869,20,all_days,completion_random_sample
2025-03-12T00:00:00+00:00,68964431,20,all_days,completion_random_sample
2025-03-12T00:00:00+00:00,68975595,20,all_days,completion_random_sample
2025-03-13T00:00:00+00:00,68981604,20,all_days,completion_random_sample
2025-03-13T00:00:00+00:00,68982430,20,all_days,completion_random_sample
2025-03-13T00:00:00+00:00,68984458,20,all_days,completion_random_sample
2025-03-13T00:00:00+00:00,68986358,20,all_days,completion_random_sample
2025-03-13T00:00:00+00:00,68989682,20,all_days,completion_random_sample
2025-03-13T00:00:00+00:00,68990601,20,all_days,completion_random_sample
2025-03-13T00:00:00+00:00,68991076,20,all_days,completion_random_sample
2025-03-13T00:00:00+00:00,68992025,20,all_days,completion_random_sample
2025-03-13T00:00:00+00:00,68992962,20,all_days,completion_random_sample
2025-03-13T00:00:00+00:00,68994237,20,all_days,completion_random_sample
2025-03-13T00:00:00+00:00,69000247,20,all_days,completion_random_sample
2025-03-13T00:00:00+00:00,69004330,20,all_days,completion_random_sample
2025-03-13T00:00:00+00:00,69004936,20,all_days,completion_random_sample
2025-03-13T00:00:00+00:00,69006517,20,all_days,completion_random_sample
2025-03-13T00:00:00+00:00,69008269,20,all_days,completion_random_sample
2025-03-13T00:00:00+00:00,69010336,20,all_days,completion_random_sample
2025-03-13T00:00:00+00:00,69012793,20,all_days,completion_random_sample
2025-03-13T00:00:00+00:00,69013627,20,all_days,completion_random_sample
2025-03-13T00:00:00+00:00,69013950,20,all_days,completion_random_sample
2025-03-13T00:00:00+00:00,69016124,20,all_days,completion_random_sample
2025-03-14T00:00:00+00:00,69019109,20,all_days,completion_random_sample
2025-03-14T00:00:00+00:00,69020089,20,all_days,completion_random_sample
2025-03-14T00:00:00+00:00,69025383,20,all_days,completion_random_sample
2025-03-14T00:00:00+00:00,69026282,20,all_days,completion_random_sample
2025-03-14T00:00:00+00:00,69029647,20,all_days,completion_random_sample
2025-03-14T00:00:00+00:00,69035520,20,all_days,completion_random_sample
2025-03-14T00:00:00+00:00,69037372,20,all_days,completion_random_sample
2025-03-14T00:00:00+00:00,69038923,20,all_days,completion_random_sample
2025-03-14T00:00:00+00:00,69039391,20,all_days,completion_random_sample
2025-03-14T00:00:00+00:00,69039979,20,all_days,completion_random_sample
2025-03-14T00:00:00+00:00,69040532,20,all_days,completion_random_sample
2025-03-14T00:00:00+00:00,69040562,20,all_days,completion_random_sample
2025-03-14T00:00:00+00:00,69041217,20,all_days,completion_random_sample
2025-03-14T00:00:00+00:00,69041448,20,all_days,completion_random_sample
2025-03-14T00:00:00+00:00,69042115,20,all_days,completion_random_sample
2025-03-14T00:00:00+00:00,69043360,20,all_days,completion_random_sample
2025-03-14T00:00:00+00:00,69049137,20,all_days,completion_random_sample
2025-03-14T00:00:00+00:00,69050521,20,all_days,completion_random_sample
2025-03-14T00:00:00+00:00,69053911,20,all_days,completion_random_sample
2025-03-14T00:00:00+00:00,69056402,20,all_days,completion_random_sample
2025-03-15T00:00:00+00:00,69061631,20,all_days,completion_random_sample
2025-03-15T00:00:00+00:00,69064169,20,all_days,completion_random_sample
2025-03-15T00:00:00+00:00,69065009,20,all_days,completion_random_sample
2025-03-15T00:00:00+00:00,69066425,20,all_days,completion_random_sample
2025-03-15T00:00:00+00:00,69068821,20,all_days,completion_random_sample
2025-03-15T00:00:00+00:00,69073679,20,all_days,completion_random_sample
2025-03-15T00:00:00+00:00,69074112,20,all_days,completion_random_sample
2025-03-15T00:00:00+00:00,69078039,20,all_days,completion_random_sample
2025-03-15T00:00:00+00:00,69081702,20,all_days,completion_random_sample
2025-03-15T00:00:00+00:00,69081981,20,all_days,completion_random_sample
2025-03-15T00:00:00+00:00,69084500,20,all_days,completion_random_sample
2025-03-15T00:00:00+00:00,69087632,20,all_days,completion_random_sample
2025-03-15T00:00:00+00:00,69088515,20,all_days,completion_random_sample
2025-03-15T00:00:00+00:00,69092462,20,all_days,completion_random_sample
2025-03-15T00:00:00+00:00,69093809,20,all_days,completion_random_sample
2025-03-15T00:00:00+00:00,69094753,20,all_days,completion_random_sample
2025-03-15T00:00:00+00:00,69096913,20,all_days,completion_random_sample
2025-03-15T00:00:00+00:00,69097658,20,all_days,completion_random_sample
2025-03-15T00:00:00+00:00,69097764,20,all_days,completion_random_sample
2025-03-15T00:00:00+00:00,69098090,20,all_days,completion_random_sample
2025-03-16T00:00:00+00:00,69100154,20,all_days,completion_random_sample
2025-03-16T00:00:00+00:00,69104211,20,all_days,completion_random_sample
2025-03-16T00:00:00+00:00,69108360,20,all_days,completion_random_sample
2025-03-16T00:00:00+00:00,69110589,20,all_days,completion_random_sample
2025-03-16T00:00:00+00:00,69114123,20,all_days,completion_random_sample
2025-03-16T00:00:00+00:00,69114898,20,all_days,completion_random_sample
2025-03-16T00:00:00+00:00,69116265,20,all_days,completion_random_sample
2025-03-16T00:00:00+00:00,69118317,20,all_days,completion_random_sample
2025-03-16T00:00:00+00:00,69120421,20,all_days,completion_random_sample
2025-03-16T00:00:00+00:00,69122478,20,all_days,completion_random_sample
2025-03-16T00:00:00+00:00,69124793,20,all_days,completion_random_sample
2025-03-16T00:00:00+00:00,69125790,20,all_days,completion_random_sample
2025-03-16T00:00:00+00:00,69126080,20,all_days,completion_random_sample
2025-03-16T00:00:00+00:00,69126100,20,all_days,completion_random_sample
2025-03-16T00:00:00+00:00,69126545,20,all_days,completion_random_sample
2025-03-16T00:00:00+00:00,69127535,20,all_days,completion_random_sample
2025-03-16T00:00:00+00:00,69131728,20,all_days,completion_random_sample
2025-03-16T00:00:00+00:00,69137000,20,all_days,completion_random_sample
2025-03-16T00:00:00+00:00,69137820,20,all_days,completion_random_sample
2025-03-16T00:00:00+00:00,69138540,20,all_days,completion_random_sample
2025-03-17T00:00:00+00:00,69140069,20,all_days,completion_random_sample
2025-03-17T00:00:00+00:00,69143959,20,all_days,completion_random_sample
2025-03-17T00:00:00+00:00,69146008,20,all_days,completion_random_sample
2025-03-17T00:00:00+00:00,69151980,20,all_days,completion_random_sample
2025-03-17T00:00:00+00:00,69152903,20,all_days,completion_random_sample
2025-03-17T00:00:00+00:00,69153409,20,all_days,completion_random_sample
2025-03-17T00:00:00+00:00,69154423,20,all_days,completion_random_sample
2025-03-17T00:00:00+00:00,69157603,20,all_days,completion_random_sample
2025-03-17T00:00:00+00:00,69157874,20,all_days,completion_random_sample
2025-03-17T00:00:00+00:00,69160056,20,all_days,completion_random_sample
2025-03-17T00:00:00+00:00,69161157,20,all_days,completion_random_sample
2025-03-17T00:00:00+00:00,69161540,20,all_days,completion_random_sample
2025-03-17T00:00:00+00:00,69162939,20,all_days,completion_random_sample
2025-03-17T00:00:00+00:00,69163252,20,all_days,completion_random_sample
2025-03-17T00:00:00+00:00,69166361,20,all_days,completion_random_sample
2025-03-17T00:00:00+00:00,69169487,20,all_days,completion_random_sample
2025-03-17T00:00:00+00:00,69170805,20,all_days,completion_random_sample
2025-03-17T00:00:00+00:00,69175936,20,all_days,completion_random_sample
2025-03-17T00:00:00+00:00,69176738,20,all_days,completion_random_sample
2025-03-17T00:00:00+00:00,69178568,20,all_days,completion_random_sample
2025-03-18T00:00:00+00:00,69178671,20,all_days,completion_random_sample
2025-03-18T00:00:00+00:00,69179209,20,all_days,completion_random_sample
2025-03-18T00:00:00+00:00,69182944,20,all_days,completion_random_sample
2025-03-18T00:00:00+00:00,69192169,20,all_days,completion_random_sample
2025-03-18T00:00:00+00:00,69192637,20,all_days,completion_random_sample
2025-03-18T00:00:00+00:00,69195410,20,all_days,completion_random_sample
2025-03-18T00:00:00+00:00,69196909,20,all_days,completion_random_sample
2025-03-18T00:00:00+00:00,69198238,20,all_days,completion_random_sample
2025-03-18T00:00:00+00:00,69198719,20,all_days,completion_random_sample
2025-03-18T00:00:00+00:00,69203501,20,all_days,completion_random_sample
2025-03-18T00:00:00+00:00,69204518,20,all_days,completion_random_sample
2025-03-18T00:00:00+00:00,69204551,20,all_days,completion_random_sample
2025-03-18T00:00:00+00:00,69205460,20,all_days,completion_random_sample
2025-03-18T00:00:00+00:00,69208787,20,all_days,completion_random_sample
2025-03-18T00:00:00+00:00,69210816,20,all_days,completion_random_sample
2025-03-18T00:00:00+00:00,69210908,20,all_days,completion_random_sample
2025-03-18T00:00:00+00:00,69213217,20,all_days,completion_random_sample
2025-03-18T00:00:00+00:00,69213945,20,all_days,completion_random_sample
2025-03-18T00:00:00+00:00,69213992,20,all_days,completion_random_sample
2025-03-18T00:00:00+00:00,69217581,20,all_days,completion_random_sample
2025-03-19T00:00:00+00:00,69219607,20,all_days,completion_random_sample
2025-03-19T00:00:00+00:00,69221566,20,all_days,completion_random_sample
2025-03-19T00:00:00+00:00,69222648,20,all_days,completion_random_sample
2025-03-19T00:00:00+00:00,69222827,20,all_days,completion_random_sample
2025-03-19T00:00:00+00:00,69223232,20,all_days,completion_random_sample
2025-03-19T00:00:00+00:00,69225381,20,all_days,completion_random_sample
2025-03-19T00:00:00+00:00,69225629,20,all_days,completion_random_sample
2025-03-19T00:00:00+00:00,69226414,20,all_days,completion_random_sample
2025-03-19T00:00:00+00:00,69229083,20,all_days,completion_random_sample
2025-03-19T00:00:00+00:00,69230719,20,all_days,completion_random_sample
2025-03-19T00:00:00+00:00,69236954,20,all_days,completion_random_sample
2025-03-19T00:00:00+00:00,69239519,20,all_days,completion_random_sample
2025-03-19T00:00:00+00:00,69244595,20,all_days,completion_random_sample
2025-03-19T00:00:00+00:00,69245159,20,all_days,completion_random_sample
2025-03-19T00:00:00+00:00,69246094,20,all_days,completion_random_sample
2025-03-19T00:00:00+00:00,69247019,20,all_days,completion_random_sample
2025-03-19T00:00:00+00:00,69247508,20,all_days,completion_random_sample
2025-03-19T00:00:00+00:00,69251027,20,all_days,completion_random_sample
2025-03-19T00:00:00+00:00,69254284,20,all_days,completion_random_sample
2025-03-19T00:00:00+00:00,69258596,20,all_days,completion_random_sample
2025-03-20T00:00:00+00:00,69259476,20,all_days,completion_random_sample
2025-03-20T00:00:00+00:00,69265604,20,all_days,completion_random_sample
2025-03-20T00:00:00+00:00,69265837,20,all_days,completion_random_sample
2025-03-20T00:00:00+00:00,69266314,20,all_days,completion_random_sample
2025-03-20T00:00:00+00:00,69267907,20,all_days,completion_random_sample
2025-03-20T00:00:00+00:00,69277751,20,all_days,completion_random_sample
2025-03-20T00:00:00+00:00,69278723,20,all_days,completion_random_sample
2025-03-20T00:00:00+00:00,69279929,20,all_days,completion_random_sample
2025-03-20T00:00:00+00:00,69280627,20,all_days,completion_random_sample
2025-03-20T00:00:00+00:00,69282440,20,all_days,completion_random_sample
2025-03-20T00:00:00+00:00,69282809,20,all_days,completion_random_sample
2025-03-20T00:00:00+00:00,69283631,20,all_days,completion_random_sample
2025-03-20T00:00:00+00:00,69283932,20,all_days,completion_random_sample
2025-03-20T00:00:00+00:00,69284066,20,all_days,completion_random_sample
2025-03-20T00:00:00+00:00,69285247,20,all_days,completion_random_sample
2025-03-20T00:00:00+00:00,69285317,20,all_days,completion_random_sample
2025-03-20T00:00:00+00:00,69287335,20,all_days,completion_random_sample
2025-03-20T00:00:00+00:00,69291309,20,all_days,completion_random_sample
2025-03-20T00:00:00+00:00,69294348,20,all_days,completion_random_sample
2025-03-20T00:00:00+00:00,69295759,20,all_days,completion_random_sample
2025-03-21T00:00:00+00:00,69301034,20,all_days,reused_three_phase_sample
2025-03-21T00:00:00+00:00,69301358,20,all_days,reused_three_phase_sample
2025-03-21T00:00:00+00:00,69304599,20,all_days,reused_three_phase_sample
2025-03-21T00:00:00+00:00,69307380,20,all_days,reused_three_phase_sample
2025-03-21T00:00:00+00:00,69309529,20,all_days,reused_three_phase_sample
2025-03-21T00:00:00+00:00,69309788,20,all_days,reused_three_phase_sample
2025-03-21T00:00:00+00:00,69314544,20,all_days,reused_three_phase_sample
2025-03-21T00:00:00+00:00,69315627,20,all_days,reused_three_phase_sample
2025-03-21T00:00:00+00:00,69317472,20,all_days,reused_three_phase_sample
2025-03-21T00:00:00+00:00,69320826,20,all_days,reused_three_phase_sample
2025-03-21T00:00:00+00:00,69322193,20,all_days,reused_three_phase_sample
2025-03-21T00:00:00+00:00,69322549,20,all_days,reused_three_phase_sample
2025-03-21T00:00:00+00:00,69324921,20,all_days,reused_three_phase_sample
2025-03-21T00:00:00+00:00,69328458,20,all_days,reused_three_phase_sample
2025-03-21T00:00:00+00:00,69330955,20,all_days,reused_three_phase_sample
2025-03-21T00:00:00+00:00,69331929,20,all_days,reused_three_phase_sample
2025-03-21T00:00:00+00:00,69332117,20,all_days,reused_three_phase_sample
2025-03-21T00:00:00+00:00,69332908,20,all_days,reused_three_phase_sample
2025-03-21T00:00:00+00:00,69335897,20,all_days,reused_three_phase_sample
2025-03-21T00:00:00+00:00,69336172,20,all_days,reused_three_phase_sample
2025-03-22T00:00:00+00:00,69339875,20,all_days,reused_three_phase_sample
2025-03-22T00:00:00+00:00,69339937,20,all_days,reused_three_phase_sample
2025-03-22T00:00:00+00:00,69340965,20,all_days,reused_three_phase_sample
2025-03-22T00:00:00+00:00,69348670,20,all_days,reused_three_phase_sample
2025-03-22T00:00:00+00:00,69349912,20,all_days,reused_three_phase_sample
2025-03-22T00:00:00+00:00,69352670,20,all_days,reused_three_phase_sample
2025-03-22T00:00:00+00:00,69355635,20,all_days,reused_three_phase_sample
2025-03-22T00:00:00+00:00,69356221,20,all_days,reused_three_phase_sample
2025-03-22T00:00:00+00:00,69361727,20,all_days,reused_three_phase_sample
2025-03-22T00:00:00+00:00,69362215,20,all_days,reused_three_phase_sample
2025-03-22T00:00:00+00:00,69362968,20,all_days,reused_three_phase_sample
2025-03-22T00:00:00+00:00,69368776,20,all_days,reused_three_phase_sample
2025-03-22T00:00:00+00:00,69369015,20,all_days,reused_three_phase_sample
2025-03-22T00:00:00+00:00,69370519,20,all_days,reused_three_phase_sample
2025-03-22T00:00:00+00:00,69371223,20,all_days,reused_three_phase_sample
2025-03-22T00:00:00+00:00,69373459,20,all_days,reused_three_phase_sample
2025-03-22T00:00:00+00:00,69373535,20,all_days,reused_three_phase_sample
2025-03-22T00:00:00+00:00,69376085,20,all_days,reused_three_phase_sample
2025-03-22T00:00:00+00:00,69376419,20,all_days,reused_three_phase_sample
2025-03-22T00:00:00+00:00,69378178,20,all_days,reused_three_phase_sample
2025-03-23T00:00:00+00:00,69380870,20,all_days,reused_three_phase_sample
2025-03-23T00:00:00+00:00,69381051,20,all_days,reused_three_phase_sample
2025-03-23T00:00:00+00:00,69381752,20,all_days,reused_three_phase_sample
2025-03-23T00:00:00+00:00,69385626,20,all_days,reused_three_phase_sample
2025-03-23T00:00:00+00:00,69387966,20,all_days,reused_three_phase_sample
2025-03-23T00:00:00+00:00,69388126,20,all_days,reused_three_phase_sample
2025-03-23T00:00:00+00:00,69389296,20,all_days,reused_three_phase_sample
2025-03-23T00:00:00+00:00,69390743,20,all_days,reused_three_phase_sample
2025-03-23T00:00:00+00:00,69392461,20,all_days,reused_three_phase_sample
2025-03-23T00:00:00+00:00,69393981,20,all_days,reused_three_phase_sample
2025-03-23T00:00:00+00:00,69394512,20,all_days,reused_three_phase_sample
2025-03-23T00:00:00+00:00,69399064,20,all_days,reused_three_phase_sample
2025-03-23T00:00:00+00:00,69401443,20,all_days,reused_three_phase_sample
2025-03-23T00:00:00+00:00,69401575,20,all_days,reused_three_phase_sample
2025-03-23T00:00:00+00:00,69405996,20,all_days,reused_three_phase_sample
2025-03-23T00:00:00+00:00,69406985,20,all_days,reused_three_phase_sample
2025-03-23T00:00:00+00:00,69410146,20,all_days,reused_three_phase_sample
2025-03-23T00:00:00+00:00,69412183,20,all_days,reused_three_phase_sample
2025-03-23T00:00:00+00:00,69414046,20,all_days,reused_three_phase_sample
2025-03-23T00:00:00+00:00,69417395,20,all_days,reused_three_phase_sample
2025-03-24T00:00:00+00:00,69421312,20,all_days,reused_three_phase_sample
2025-03-24T00:00:00+00:00,69428787,20,all_days,reused_three_phase_sample
2025-03-24T00:00:00+00:00,69430405,20,all_days,reused_three_phase_sample
2025-03-24T00:00:00+00:00,69431832,20,all_days,reused_three_phase_sample
2025-03-24T00:00:00+00:00,69432289,20,all_days,reused_three_phase_sample
2025-03-24T00:00:00+00:00,69434430,20,all_days,reused_three_phase_sample
2025-03-24T00:00:00+00:00,69436727,20,all_days,reused_three_phase_sample
2025-03-24T00:00:00+00:00,69440119,20,all_days,reused_three_phase_sample
2025-03-24T00:00:00+00:00,69440410,20,all_days,reused_three_phase_sample
2025-03-24T00:00:00+00:00,69440931,20,all_days,reused_three_phase_sample
2025-03-24T00:00:00+00:00,69443424,20,all_days,reused_three_phase_sample
2025-03-24T00:00:00+00:00,69446520,20,all_days,reused_three_phase_sample
2025-03-24T00:00:00+00:00,69448777,20,all_days,reused_three_phase_sample
2025-03-24T00:00:00+00:00,69450863,20,all_days,reused_three_phase_sample
2025-03-24T00:00:00+00:00,69452394,20,all_days,reused_three_phase_sample
2025-03-24T00:00:00+00:00,69455651,20,all_days,reused_three_phase_sample
2025-03-24T00:00:00+00:00,69455956,20,all_days,reused_three_phase_sample
2025-03-24T00:00:00+00:00,69457026,20,all_days,reused_three_phase_sample
2025-03-24T00:00:00+00:00,69459527,20,all_days,reused_three_phase_sample
2025-03-24T00:00:00+00:00,69460562,20,all_days,reused_three_phase_sample
2025-03-25T00:00:00+00:00,69461620,20,all_days,reused_three_phase_sample
2025-03-25T00:00:00+00:00,69462102,20,all_days,reused_three_phase_sample
2025-03-25T00:00:00+00:00,69464385,20,all_days,reused_three_phase_sample
2025-03-25T00:00:00+00:00,69467794,20,all_days,reused_three_phase_sample
2025-03-25T00:00:00+00:00,69468522,20,all_days,reused_three_phase_sample
2025-03-25T00:00:00+00:00,69473473,20,all_days,reused_three_phase_sample
2025-03-25T00:00:00+00:00,69473543,20,all_days,reused_three_phase_sample
2025-03-25T00:00:00+00:00,69474765,20,all_days,reused_three_phase_sample
2025-03-25T00:00:00+00:00,69476975,20,all_days,reused_three_phase_sample
2025-03-25T00:00:00+00:00,69477246,20,all_days,reused_three_phase_sample
2025-03-25T00:00:00+00:00,69478500,20,all_days,reused_three_phase_sample
2025-03-25T00:00:00+00:00,69486890,20,all_days,reused_three_phase_sample
2025-03-25T00:00:00+00:00,69488073,20,all_days,reused_three_phase_sample
2025-03-25T00:00:00+00:00,69489891,20,all_days,reused_three_phase_sample
2025-03-25T00:00:00+00:00,69492045,20,all_days,reused_three_phase_sample
2025-03-25T00:00:00+00:00,69492382,20,all_days,reused_three_phase_sample
2025-03-25T00:00:00+00:00,69492804,20,all_days,reused_three_phase_sample
2025-03-25T00:00:00+00:00,69493325,20,all_days,reused_three_phase_sample
2025-03-25T00:00:00+00:00,69495496,20,all_days,reused_three_phase_sample
2025-03-25T00:00:00+00:00,69497836,20,all_days,reused_three_phase_sample
2025-03-26T00:00:00+00:00,69502152,20,all_days,reused_three_phase_sample
2025-03-26T00:00:00+00:00,69510148,20,all_days,reused_three_phase_sample
2025-03-26T00:00:00+00:00,69512208,20,all_days,reused_three_phase_sample
2025-03-26T00:00:00+00:00,69512553,20,all_days,reused_three_phase_sample
2025-03-26T00:00:00+00:00,69513298,20,all_days,reused_three_phase_sample
2025-03-26T00:00:00+00:00,69515649,20,all_days,reused_three_phase_sample
2025-03-26T00:00:00+00:00,69517572,20,all_days,reused_three_phase_sample
2025-03-26T00:00:00+00:00,69517671,20,all_days,reused_three_phase_sample
2025-03-26T00:00:00+00:00,69521539,20,all_days,reused_three_phase_sample
2025-03-26T00:00:00+00:00,69521815,20,all_days,reused_three_phase_sample
2025-03-26T00:00:00+00:00,69527530,20,all_days,reused_three_phase_sample
2025-03-26T00:00:00+00:00,69527799,20,all_days,reused_three_phase_sample
2025-03-26T00:00:00+00:00,69529700,20,all_days,reused_three_phase_sample
2025-03-26T00:00:00+00:00,69530130,20,all_days,reused_three_phase_sample
2025-03-26T00:00:00+00:00,69531412,20,all_days,reused_three_phase_sample
2025-03-26T00:00:00+00:00,69533061,20,all_days,reused_three_phase_sample
2025-03-26T00:00:00+00:00,69535105,20,all_days,reused_three_phase_sample
2025-03-26T00:00:00+00:00,69537552,20,all_days,reused_three_phase_sample
2025-03-26T00:00:00+00:00,69540387,20,all_days,reused_three_phase_sample
2025-03-26T00:00:00+00:00,69540616,20,all_days,reused_three_phase_sample
2025-03-27T00:00:00+00:00,69542731,20,all_days,reused_three_phase_sample
2025-03-27T00:00:00+00:00,69544020,20,all_days,reused_three_phase_sample
2025-03-27T00:00:00+00:00,69549001,20,all_days,reused_three_phase_sample
2025-03-27T00:00:00+00:00,69550222,20,all_days,reused_three_phase_sample
2025-03-27T00:00:00+00:00,69553483,20,all_days,reused_three_phase_sample
2025-03-27T00:00:00+00:00,69554024,20,all_days,reused_three_phase_sample
2025-03-27T00:00:00+00:00,69554204,20,all_days,reused_three_phase_sample
2025-03-27T00:00:00+00:00,69554666,20,all_days,reused_three_phase_sample
2025-03-27T00:00:00+00:00,69557761,20,all_days,reused_three_phase_sample
2025-03-27T00:00:00+00:00,69557874,20,all_days,reused_three_phase_sample
2025-03-27T00:00:00+00:00,69559289,20,all_days,reused_three_phase_sample
2025-03-27T00:00:00+00:00,69561004,20,all_days,reused_three_phase_sample
2025-03-27T00:00:00+00:00,69562266,20,all_days,reused_three_phase_sample
2025-03-27T00:00:00+00:00,69562539,20,all_days,reused_three_phase_sample
2025-03-27T00:00:00+00:00,69565821,20,all_days,reused_three_phase_sample
2025-03-27T00:00:00+00:00,69565971,20,all_days,reused_three_phase_sample
2025-03-27T00:00:00+00:00,69569099,20,all_days,reused_three_phase_sample
2025-03-27T00:00:00+00:00,69569723,20,all_days,reused_three_phase_sample
2025-03-27T00:00:00+00:00,69573594,20,all_days,reused_three_phase_sample
2025-03-27T00:00:00+00:00,69578887,20,all_days,reused_three_phase_sample
2025-03-28T00:00:00+00:00,69583215,20,all_days,reused_three_phase_sample
2025-03-28T00:00:00+00:00,69585463,20,all_days,reused_three_phase_sample
2025-03-28T00:00:00+00:00,69585862,20,all_days,reused_three_phase_sample
2025-03-28T00:00:00+00:00,69586970,20,all_days,reused_three_phase_sample
2025-03-28T00:00:00+00:00,69589958,20,all_days,reused_three_phase_sample
2025-03-28T00:00:00+00:00,69590353,20,all_days,reused_three_phase_sample
2025-03-28T00:00:00+00:00,69591982,20,all_days,reused_three_phase_sample
2025-03-28T00:00:00+00:00,69597515,20,all_days,reused_three_phase_sample
2025-03-28T00:00:00+00:00,69602227,20,all_days,reused_three_phase_sample
2025-03-28T00:00:00+00:00,69602322,20,all_days,reused_three_phase_sample
2025-03-28T00:00:00+00:00,69607215,20,all_days,reused_three_phase_sample
2025-03-28T00:00:00+00:00,69607770,20,all_days,reused_three_phase_sample
2025-03-28T00:00:00+00:00,69608283,20,all_days,reused_three_phase_sample
2025-03-28T00:00:00+00:00,69611220,20,all_days,reused_three_phase_sample
2025-03-28T00:00:00+00:00,69617471,20,all_days,reused_three_phase_sample
2025-03-28T00:00:00+00:00,69618046,20,all_days,reused_three_phase_sample
2025-03-28T00:00:00+00:00,69618385,20,all_days,reused_three_phase_sample
2025-03-28T00:00:00+00:00,69618604,20,all_days,reused_three_phase_sample
2025-03-28T00:00:00+00:00,69620484,20,all_days,reused_three_phase_sample
2025-03-28T00:00:00+00:00,69621937,20,all_days,reused_three_phase_sample
2025-03-29T00:00:00+00:00,69622645,20,all_days,reused_three_phase_sample
2025-03-29T00:00:00+00:00,69624207,20,all_days,reused_three_phase_sample
2025-03-29T00:00:00+00:00,69624300,20,all_days,reused_three_phase_sample
2025-03-29T00:00:00+00:00,69624609,20,all_days,reused_three_phase_sample
2025-03-29T00:00:00+00:00,69626752,20,all_days,reused_three_phase_sample
2025-03-29T00:00:00+00:00,69629095,20,all_days,reused_three_phase_sample
2025-03-29T00:00:00+00:00,69630367,20,all_days,reused_three_phase_sample
2025-03-29T00:00:00+00:00,69630396,20,all_days,reused_three_phase_sample
2025-03-29T00:00:00+00:00,69635739,20,all_days,reused_three_phase_sample
2025-03-29T00:00:00+00:00,69636389,20,all_days,reused_three_phase_sample
2025-03-29T00:00:00+00:00,69638385,20,all_days,reused_three_phase_sample
2025-03-29T00:00:00+00:00,69638490,20,all_days,reused_three_phase_sample
2025-03-29T00:00:00+00:00,69644376,20,all_days,reused_three_phase_sample
2025-03-29T00:00:00+00:00,69646156,20,all_days,reused_three_phase_sample
2025-03-29T00:00:00+00:00,69648477,20,all_days,reused_three_phase_sample
2025-03-29T00:00:00+00:00,69649325,20,all_days,reused_three_phase_sample
2025-03-29T00:00:00+00:00,69654372,20,all_days,reused_three_phase_sample
2025-03-29T00:00:00+00:00,69655254,20,all_days,reused_three_phase_sample
2025-03-29T00:00:00+00:00,69657592,20,all_days,reused_three_phase_sample
2025-03-29T00:00:00+00:00,69658753,20,all_days,reused_three_phase_sample
2025-03-30T00:00:00+00:00,69664122,20,all_days,reused_three_phase_sample
2025-03-30T00:00:00+00:00,69664822,20,all_days,reused_three_phase_sample
2025-03-30T00:00:00+00:00,69665035,20,all_days,reused_three_phase_sample
2025-03-30T00:00:00+00:00,69667335,20,all_days,reused_three_phase_sample
2025-03-30T00:00:00+00:00,69668363,20,all_days,reused_three_phase_sample
2025-03-30T00:00:00+00:00,69669237,20,all_days,reused_three_phase_sample
2025-03-30T00:00:00+00:00,69669486,20,all_days,reused_three_phase_sample
2025-03-30T00:00:00+00:00,69670912,20,all_days,reused_three_phase_sample
2025-03-30T00:00:00+00:00,69681599,20,all_days,reused_three_phase_sample
2025-03-30T00:00:00+00:00,69682483,20,all_days,reused_three_phase_sample
2025-03-30T00:00:00+00:00,69687311,20,all_days,reused_three_phase_sample
2025-03-30T00:00:00+00:00,69687568,20,all_days,reused_three_phase_sample
2025-03-30T00:00:00+00:00,69687796,20,all_days,reused_three_phase_sample
2025-03-30T00:00:00+00:00,69691083,20,all_days,reused_three_phase_sample
2025-03-30T00:00:00+00:00,69692173,20,all_days,reused_three_phase_sample
2025-03-30T00:00:00+00:00,69693232,20,all_days,reused_three_phase_sample
2025-03-30T00:00:00+00:00,69694162,20,all_days,reused_three_phase_sample
2025-03-30T00:00:00+00:00,69695179,20,all_days,reused_three_phase_sample
2025-03-30T00:00:00+00:00,69699442,20,all_days,reused_three_phase_sample
2025-03-30T00:00:00+00:00,69702996,20,all_days,reused_three_phase_sample
2025-03-31T00:00:00+00:00,69703656,20,all_days,reused_three_phase_sample
2025-03-31T00:00:00+00:00,69703941,20,all_days,reused_three_phase_sample
2025-03-31T00:00:00+00:00,69708464,20,all_days,reused_three_phase_sample
2025-03-31T00:00:00+00:00,69710706,20,all_days,reused_three_phase_sample
2025-03-31T00:00:00+00:00,69711641,20,all_days,reused_three_phase_sample
2025-03-31T00:00:00+00:00,69712140,20,all_days,reused_three_phase_sample
2025-03-31T00:00:00+00:00,69716842,20,all_days,reused_three_phase_sample
2025-03-31T00:00:00+00:00,69717475,20,all_days,reused_three_phase_sample
2025-03-31T00:00:00+00:00,69718754,20,all_days,reused_three_phase_sample
2025-03-31T00:00:00+00:00,69719818,20,all_days,reused_three_phase_sample
2025-03-31T00:00:00+00:00,69724140,20,all_days,reused_three_phase_sample
2025-03-31T00:00:00+00:00,69726448,20,all_days,reused_three_phase_sample
2025-03-31T00:00:00+00:00,69726844,20,all_days,reused_three_phase_sample
2025-03-31T00:00:00+00:00,69728627,20,all_days,reused_three_phase_sample
2025-03-31T00:00:00+00:00,69730177,20,all_days,reused_three_phase_sample
2025-03-31T00:00:00+00:00,69730531,20,all_days,reused_three_phase_sample
2025-03-31T00:00:00+00:00,69730705,20,all_days,reused_three_phase_sample
2025-03-31T00:00:00+00:00,69732295,20,all_days,reused_three_phase_sample
2025-03-31T00:00:00+00:00,69732342,20,all_days,reused_three_phase_sample
2025-03-31T00:00:00+00:00,69740593,20,all_days,reused_three_phase_sample
2025-04-01T00:00:00+00:00,69744803,20,all_days,reused_three_phase_sample
2025-04-01T00:00:00+00:00,69745106,20,all_days,reused_three_phase_sample
2025-04-01T00:00:00+00:00,69748824,20,all_days,reused_three_phase_sample
2025-04-01T00:00:00+00:00,69749298,20,all_days,reused_three_phase_sample
2025-04-01T00:00:00+00:00,69749737,20,all_days,reused_three_phase_sample
2025-04-01T00:00:00+00:00,69752504,20,all_days,reused_three_phase_sample
2025-04-01T00:00:00+00:00,69754556,20,all_days,reused_three_phase_sample
2025-04-01T00:00:00+00:00,69756342,20,all_days,reused_three_phase_sample
2025-04-01T00:00:00+00:00,69763405,20,all_days,reused_three_phase_sample
2025-04-01T00:00:00+00:00,69766637,20,all_days,reused_three_phase_sample
2025-04-01T00:00:00+00:00,69768382,20,all_days,reused_three_phase_sample
2025-04-01T00:00:00+00:00,69769243,20,all_days,reused_three_phase_sample
2025-04-01T00:00:00+00:00,69770815,20,all_days,reused_three_phase_sample
2025-04-01T00:00:00+00:00,69771260,20,all_days,reused_three_phase_sample
2025-04-01T00:00:00+00:00,69778697,20,all_days,reused_three_phase_sample
2025-04-01T00:00:00+00:00,69778843,20,all_days,reused_three_phase_sample
2025-04-01T00:00:00+00:00,69779099,20,all_days,reused_three_phase_sample
2025-04-01T00:00:00+00:00,69781492,20,all_days,reused_three_phase_sample
2025-04-01T00:00:00+00:00,69782115,20,all_days,reused_three_phase_sample
2025-04-01T00:00:00+00:00,69783398,20,all_days,reused_three_phase_sample
2025-04-02T00:00:00+00:00,69784856,20,all_days,reused_three_phase_sample
2025-04-02T00:00:00+00:00,69785260,20,all_days,reused_three_phase_sample
2025-04-02T00:00:00+00:00,69787466,20,all_days,reused_three_phase_sample
2025-04-02T00:00:00+00:00,69787946,20,all_days,reused_three_phase_sample
2025-04-02T00:00:00+00:00,69794705,20,all_days,reused_three_phase_sample
2025-04-02T00:00:00+00:00,69796959,20,all_days,reused_three_phase_sample
2025-04-02T00:00:00+00:00,69799169,20,all_days,reused_three_phase_sample
2025-04-02T00:00:00+00:00,69801352,20,all_days,reused_three_phase_sample
2025-04-02T00:00:00+00:00,69806843,20,all_days,reused_three_phase_sample
2025-04-02T00:00:00+00:00,69807331,20,all_days,reused_three_phase_sample
2025-04-02T00:00:00+00:00,69807573,20,all_days,reused_three_phase_sample
2025-04-02T00:00:00+00:00,69808172,20,all_days,reused_three_phase_sample
2025-04-02T00:00:00+00:00,69809076,20,all_days,reused_three_phase_sample
2025-04-02T00:00:00+00:00,69809400,20,all_days,reused_three_phase_sample
2025-04-02T00:00:00+00:00,69809454,20,all_days,reused_three_phase_sample
2025-04-02T00:00:00+00:00,69813135,20,all_days,reused_three_phase_sample
2025-04-02T00:00:00+00:00,69813683,20,all_days,reused_three_phase_sample
2025-04-02T00:00:00+00:00,69817300,20,all_days,reused_three_phase_sample
2025-04-02T00:00:00+00:00,69817370,20,all_days,reused_three_phase_sample
2025-04-02T00:00:00+00:00,69821448,20,all_days,reused_three_phase_sample
2025-04-03T00:00:00+00:00,69825087,20,all_days,reused_three_phase_sample
2025-04-03T00:00:00+00:00,69826117,20,all_days,reused_three_phase_sample
2025-04-03T00:00:00+00:00,69827976,20,all_days,reused_three_phase_sample
2025-04-03T00:00:00+00:00,69828370,20,all_days,reused_three_phase_sample
2025-04-03T00:00:00+00:00,69830653,20,all_days,reused_three_phase_sample
2025-04-03T00:00:00+00:00,69831559,20,all_days,reused_three_phase_sample
2025-04-03T00:00:00+00:00,69842835,20,all_days,reused_three_phase_sample
2025-04-03T00:00:00+00:00,69843600,20,all_days,reused_three_phase_sample
2025-04-03T00:00:00+00:00,69843858,20,all_days,reused_three_phase_sample
2025-04-03T00:00:00+00:00,69843939,20,all_days,reused_three_phase_sample
2025-04-03T00:00:00+00:00,69844487,20,all_days,reused_three_phase_sample
2025-04-03T00:00:00+00:00,69844768,20,all_days,reused_three_phase_sample
2025-04-03T00:00:00+00:00,69845730,20,all_days,reused_three_phase_sample
2025-04-03T00:00:00+00:00,69846229,20,all_days,reused_three_phase_sample
2025-04-03T00:00:00+00:00,69847561,20,all_days,reused_three_phase_sample
2025-04-03T00:00:00+00:00,69850182,20,all_days,reused_three_phase_sample
2025-04-03T00:00:00+00:00,69851391,20,all_days,reused_three_phase_sample
2025-04-03T00:00:00+00:00,69853032,20,all_days,reused_three_phase_sample
2025-04-03T00:00:00+00:00,69853563,20,all_days,reused_three_phase_sample
2025-04-03T00:00:00+00:00,69859239,20,all_days,reused_three_phase_sample
2025-04-04T00:00:00+00:00,69868783,20,all_days,reused_three_phase_sample
2025-04-04T00:00:00+00:00,69873648,20,all_days,reused_three_phase_sample
2025-04-04T00:00:00+00:00,69874714,20,all_days,reused_three_phase_sample
2025-04-04T00:00:00+00:00,69876375,20,all_days,reused_three_phase_sample
2025-04-04T00:00:00+00:00,69878875,20,all_days,reused_three_phase_sample
2025-04-04T00:00:00+00:00,69881228,20,all_days,reused_three_phase_sample
2025-04-04T00:00:00+00:00,69884808,20,all_days,reused_three_phase_sample
2025-04-04T00:00:00+00:00,69885310,20,all_days,reused_three_phase_sample
2025-04-04T00:00:00+00:00,69888914,20,all_days,reused_three_phase_sample
2025-04-04T00:00:00+00:00,69895171,20,all_days,reused_three_phase_sample
2025-04-04T00:00:00+00:00,69896510,20,all_days,reused_three_phase_sample
2025-04-04T00:00:00+00:00,69897563,20,all_days,reused_three_phase_sample
2025-04-04T00:00:00+00:00,69897880,20,all_days,reused_three_phase_sample
2025-04-04T00:00:00+00:00,69899692,20,all_days,reused_three_phase_sample
2025-04-04T00:00:00+00:00,69899982,20,all_days,reused_three_phase_sample
2025-04-04T00:00:00+00:00,69901059,20,all_days,reused_three_phase_sample
2025-04-04T00:00:00+00:00,69901617,20,all_days,reused_three_phase_sample
2025-04-04T00:00:00+00:00,69903035,20,all_days,reused_three_phase_sample
2025-04-04T00:00:00+00:00,69904499,20,all_days,reused_three_phase_sample
2025-04-04T00:00:00+00:00,69905015,20,all_days,reused_three_phase_sample
2025-04-05T00:00:00+00:00,69911553,20,all_days,reused_three_phase_sample
2025-04-05T00:00:00+00:00,69912076,20,all_days,reused_three_phase_sample
2025-04-05T00:00:00+00:00,69914961,20,all_days,reused_three_phase_sample
2025-04-05T00:00:00+00:00,69915973,20,all_days,reused_three_phase_sample
2025-04-05T00:00:00+00:00,69916266,20,all_days,reused_three_phase_sample
2025-04-05T00:00:00+00:00,69918433,20,all_days,reused_three_phase_sample
2025-04-05T00:00:00+00:00,69918571,20,all_days,reused_three_phase_sample
2025-04-05T00:00:00+00:00,69919208,20,all_days,reused_three_phase_sample
2025-04-05T00:00:00+00:00,69920671,20,all_days,reused_three_phase_sample
2025-04-05T00:00:00+00:00,69921036,20,all_days,reused_three_phase_sample
2025-04-05T00:00:00+00:00,69921543,20,all_days,reused_three_phase_sample
2025-04-05T00:00:00+00:00,69924007,20,all_days,reused_three_phase_sample
2025-04-05T00:00:00+00:00,69924929,20,all_days,reused_three_phase_sample
2025-04-05T00:00:00+00:00,69926816,20,all_days,reused_three_phase_sample
2025-04-05T00:00:00+00:00,69938490,20,all_days,reused_three_phase_sample
2025-04-05T00:00:00+00:00,69939584,20,all_days,reused_three_phase_sample
2025-04-05T00:00:00+00:00,69941341,20,all_days,reused_three_phase_sample
2025-04-05T00:00:00+00:00,69944990,20,all_days,reused_three_phase_sample
2025-04-05T00:00:00+00:00,69945306,20,all_days,reused_three_phase_sample
2025-04-05T00:00:00+00:00,69945410,20,all_days,reused_three_phase_sample
2025-04-06T00:00:00+00:00,69946122,20,all_days,reused_three_phase_sample
2025-04-06T00:00:00+00:00,69948182,20,all_days,reused_three_phase_sample
2025-04-06T00:00:00+00:00,69948579,20,all_days,reused_three_phase_sample
2025-04-06T00:00:00+00:00,69953042,20,all_days,reused_three_phase_sample
2025-04-06T00:00:00+00:00,69955397,20,all_days,reused_three_phase_sample
2025-04-06T00:00:00+00:00,69956764,20,all_days,reused_three_phase_sample
2025-04-06T00:00:00+00:00,69957441,20,all_days,reused_three_phase_sample
2025-04-06T00:00:00+00:00,69963366,20,all_days,reused_three_phase_sample
2025-04-06T00:00:00+00:00,69963887,20,all_days,reused_three_phase_sample
2025-04-06T00:00:00+00:00,69964334,20,all_days,reused_three_phase_sample
2025-04-06T00:00:00+00:00,69964932,20,all_days,reused_three_phase_sample
2025-04-06T00:00:00+00:00,69967596,20,all_days,reused_three_phase_sample
2025-04-06T00:00:00+00:00,69968533,20,all_days,reused_three_phase_sample
2025-04-06T00:00:00+00:00,69968706,20,all_days,reused_three_phase_sample
2025-04-06T00:00:00+00:00,69969112,20,all_days,reused_three_phase_sample
2025-04-06T00:00:00+00:00,69972686,20,all_days,reused_three_phase_sample
2025-04-06T00:00:00+00:00,69972891,20,all_days,reused_three_phase_sample
2025-04-06T00:00:00+00:00,69977514,20,all_days,reused_three_phase_sample
2025-04-06T00:00:00+00:00,69979304,20,all_days,reused_three_phase_sample
2025-04-06T00:00:00+00:00,69985676,20,all_days,reused_three_phase_sample
2025-04-07T00:00:00+00:00,69988347,20,all_days,reused_three_phase_sample
2025-04-07T00:00:00+00:00,69990433,20,all_days,reused_three_phase_sample
2025-04-07T00:00:00+00:00,69990775,20,all_days,reused_three_phase_sample
2025-04-07T00:00:00+00:00,69993933,20,all_days,reused_three_phase_sample
2025-04-07T00:00:00+00:00,69996562,20,all_days,reused_three_phase_sample
2025-04-07T00:00:00+00:00,69997182,20,all_days,reused_three_phase_sample
2025-04-07T00:00:00+00:00,69999574,20,all_days,reused_three_phase_sample
2025-04-07T00:00:00+00:00,69999678,20,all_days,reused_three_phase_sample
2025-04-07T00:00:00+00:00,70001407,20,all_days,reused_three_phase_sample
2025-04-07T00:00:00+00:00,70002887,20,all_days,reused_three_phase_sample
2025-04-07T00:00:00+00:00,70004458,20,all_days,reused_three_phase_sample
2025-04-07T00:00:00+00:00,70007065,20,all_days,reused_three_phase_sample
2025-04-07T00:00:00+00:00,70014154,20,all_days,reused_three_phase_sample
2025-04-07T00:00:00+00:00,70016862,20,all_days,reused_three_phase_sample
2025-04-07T00:00:00+00:00,70019204,20,all_days,reused_three_phase_sample
2025-04-07T00:00:00+00:00,70020126,20,all_days,reused_three_phase_sample
2025-04-07T00:00:00+00:00,70020318,20,all_days,reused_three_phase_sample
2025-04-07T00:00:00+00:00,70023269,20,all_days,reused_three_phase_sample
2025-04-07T00:00:00+00:00,70024682,20,all_days,reused_three_phase_sample
2025-04-07T00:00:00+00:00,70024949,20,all_days,reused_three_phase_sample
2025-04-08T00:00:00+00:00,70027661,20,all_days,reused_three_phase_sample
2025-04-08T00:00:00+00:00,70031063,20,all_days,reused_three_phase_sample
2025-04-08T00:00:00+00:00,70033274,20,all_days,reused_three_phase_sample
2025-04-08T00:00:00+00:00,70033285,20,all_days,reused_three_phase_sample
2025-04-08T00:00:00+00:00,70034679,20,all_days,reused_three_phase_sample
2025-04-08T00:00:00+00:00,70036096,20,all_days,reused_three_phase_sample
2025-04-08T00:00:00+00:00,70038022,20,all_days,reused_three_phase_sample
2025-04-08T00:00:00+00:00,70038362,20,all_days,reused_three_phase_sample
2025-04-08T00:00:00+00:00,70044914,20,all_days,reused_three_phase_sample
2025-04-08T00:00:00+00:00,70048153,20,all_days,reused_three_phase_sample
2025-04-08T00:00:00+00:00,70048197,20,all_days,reused_three_phase_sample
2025-04-08T00:00:00+00:00,70049554,20,all_days,reused_three_phase_sample
2025-04-08T00:00:00+00:00,70050383,20,all_days,reused_three_phase_sample
2025-04-08T00:00:00+00:00,70055651,20,all_days,reused_three_phase_sample
2025-04-08T00:00:00+00:00,70057412,20,all_days,reused_three_phase_sample
2025-04-08T00:00:00+00:00,70059082,20,all_days,reused_three_phase_sample
2025-04-08T00:00:00+00:00,70063352,20,all_days,reused_three_phase_sample
2025-04-08T00:00:00+00:00,70063826,20,all_days,reused_three_phase_sample
2025-04-08T00:00:00+00:00,70063920,20,all_days,reused_three_phase_sample
2025-04-08T00:00:00+00:00,70066297,20,all_days,reused_three_phase_sample
2025-04-09T00:00:00+00:00,70069181,20,all_days,reused_three_phase_sample
2025-04-09T00:00:00+00:00,70069241,20,all_days,reused_three_phase_sample
2025-04-09T00:00:00+00:00,70070496,20,all_days,reused_three_phase_sample
2025-04-09T00:00:00+00:00,70073981,20,all_days,reused_three_phase_sample
2025-04-09T00:00:00+00:00,70077728,20,all_days,reused_three_phase_sample
2025-04-09T00:00:00+00:00,70077949,20,all_days,reused_three_phase_sample
2025-04-09T00:00:00+00:00,70081298,20,all_days,reused_three_phase_sample
2025-04-09T00:00:00+00:00,70083779,20,all_days,reused_three_phase_sample
2025-04-09T00:00:00+00:00,70086638,20,all_days,reused_three_phase_sample
2025-04-09T00:00:00+00:00,70086718,20,all_days,reused_three_phase_sample
2025-04-09T00:00:00+00:00,70088082,20,all_days,reused_three_phase_sample
2025-04-09T00:00:00+00:00,70088187,20,all_days,reused_three_phase_sample
2025-04-09T00:00:00+00:00,70088216,20,all_days,reused_three_phase_sample
2025-04-09T00:00:00+00:00,70089613,20,all_days,reused_three_phase_sample
2025-04-09T00:00:00+00:00,70101863,20,all_days,reused_three_phase_sample
2025-04-09T00:00:00+00:00,70102527,20,all_days,reused_three_phase_sample
2025-04-09T00:00:00+00:00,70104773,20,all_days,reused_three_phase_sample
2025-04-09T00:00:00+00:00,70105743,20,all_days,reused_three_phase_sample
2025-04-09T00:00:00+00:00,70105816,20,all_days,reused_three_phase_sample
2025-04-09T00:00:00+00:00,70106110,20,all_days,reused_three_phase_sample
2025-04-10T00:00:00+00:00,70108918,20,all_days,reused_three_phase_sample
2025-04-10T00:00:00+00:00,70112514,20,all_days,reused_three_phase_sample
2025-04-10T00:00:00+00:00,70113546,20,all_days,reused_three_phase_sample
2025-04-10T00:00:00+00:00,70114129,20,all_days,reused_three_phase_sample
2025-04-10T00:00:00+00:00,70114535,20,all_days,reused_three_phase_sample
2025-04-10T00:00:00+00:00,70116899,20,all_days,reused_three_phase_sample
2025-04-10T00:00:00+00:00,70122638,20,all_days,reused_three_phase_sample
2025-04-10T00:00:00+00:00,70123617,20,all_days,reused_three_phase_sample
2025-04-10T00:00:00+00:00,70125833,20,all_days,reused_three_phase_sample
2025-04-10T00:00:00+00:00,70130201,20,all_days,reused_three_phase_sample
2025-04-10T00:00:00+00:00,70131852,20,all_days,reused_three_phase_sample
2025-04-10T00:00:00+00:00,70138829,20,all_days,reused_three_phase_sample
2025-04-10T00:00:00+00:00,70139071,20,all_days,reused_three_phase_sample
2025-04-10T00:00:00+00:00,70142140,20,all_days,reused_three_phase_sample
2025-04-10T00:00:00+00:00,70143855,20,all_days,reused_three_phase_sample
2025-04-10T00:00:00+00:00,70146244,20,all_days,reused_three_phase_sample
2025-04-10T00:00:00+00:00,70146641,20,all_days,reused_three_phase_sample
2025-04-10T00:00:00+00:00,70146895,20,all_days,reused_three_phase_sample
2025-04-10T00:00:00+00:00,70147066,20,all_days,reused_three_phase_sample
2025-04-10T00:00:00+00:00,70147400,20,all_days,reused_three_phase_sample
2025-04-11T00:00:00+00:00,70150132,20,all_days,completion_random_sample
2025-04-11T00:00:00+00:00,70151279,20,all_days,completion_random_sample
2025-04-11T00:00:00+00:00,70152587,20,all_days,completion_random_sample
2025-04-11T00:00:00+00:00,70154288,20,all_days,completion_random_sample
2025-04-11T00:00:00+00:00,70158502,20,all_days,completion_random_sample
2025-04-11T00:00:00+00:00,70158718,20,all_days,completion_random_sample
2025-04-11T00:00:00+00:00,70160599,20,all_days,completion_random_sample
2025-04-11T00:00:00+00:00,70161711,20,all_days,completion_random_sample
2025-04-11T00:00:00+00:00,70162429,20,all_days,completion_random_sample
2025-04-11T00:00:00+00:00,70166038,20,all_days,completion_random_sample
2025-04-11T00:00:00+00:00,70170156,20,all_days,completion_random_sample
2025-04-11T00:00:00+00:00,70170384,20,all_days,completion_random_sample
2025-04-11T00:00:00+00:00,70173905,20,all_days,completion_random_sample
2025-04-11T00:00:00+00:00,70175299,20,all_days,completion_random_sample
2025-04-11T00:00:00+00:00,70180463,20,all_days,completion_random_sample
2025-04-11T00:00:00+00:00,70184577,20,all_days,completion_random_sample
2025-04-11T00:00:00+00:00,70184674,20,all_days,completion_random_sample
2025-04-11T00:00:00+00:00,70185286,20,all_days,completion_random_sample
2025-04-11T00:00:00+00:00,70185378,20,all_days,completion_random_sample
2025-04-11T00:00:00+00:00,70186242,20,all_days,completion_random_sample
2025-04-12T00:00:00+00:00,70192779,20,all_days,completion_random_sample
2025-04-12T00:00:00+00:00,70193037,20,all_days,completion_random_sample
2025-04-12T00:00:00+00:00,70193751,20,all_days,completion_random_sample
2025-04-12T00:00:00+00:00,70195568,20,all_days,completion_random_sample
2025-04-12T00:00:00+00:00,70195647,20,all_days,completion_random_sample
2025-04-12T00:00:00+00:00,70199677,20,all_days,completion_random_sample
2025-04-12T00:00:00+00:00,70202592,20,all_days,completion_random_sample
2025-04-12T00:00:00+00:00,70202840,20,all_days,completion_random_sample
2025-04-12T00:00:00+00:00,70206207,20,all_days,completion_random_sample
2025-04-12T00:00:00+00:00,70206980,20,all_days,completion_random_sample
2025-04-12T00:00:00+00:00,70210970,20,all_days,completion_random_sample
2025-04-12T00:00:00+00:00,70211879,20,all_days,completion_random_sample
2025-04-12T00:00:00+00:00,70213231,20,all_days,completion_random_sample
2025-04-12T00:00:00+00:00,70214021,20,all_days,completion_random_sample
2025-04-12T00:00:00+00:00,70214329,20,all_days,completion_random_sample
2025-04-12T00:00:00+00:00,70217899,20,all_days,completion_random_sample
2025-04-12T00:00:00+00:00,70218809,20,all_days,completion_random_sample
2025-04-12T00:00:00+00:00,70225845,20,all_days,completion_random_sample
2025-04-12T00:00:00+00:00,70227269,20,all_days,completion_random_sample
2025-04-12T00:00:00+00:00,70227853,20,all_days,completion_random_sample
2025-04-13T00:00:00+00:00,70229618,20,all_days,completion_random_sample
2025-04-13T00:00:00+00:00,70231256,20,all_days,completion_random_sample
2025-04-13T00:00:00+00:00,70232992,20,all_days,completion_random_sample
2025-04-13T00:00:00+00:00,70237061,20,all_days,completion_random_sample
2025-04-13T00:00:00+00:00,70237723,20,all_days,completion_random_sample
2025-04-13T00:00:00+00:00,70238216,20,all_days,completion_random_sample
2025-04-13T00:00:00+00:00,70238231,20,all_days,completion_random_sample
2025-04-13T00:00:00+00:00,70238530,20,all_days,completion_random_sample
2025-04-13T00:00:00+00:00,70238763,20,all_days,completion_random_sample
2025-04-13T00:00:00+00:00,70240428,20,all_days,completion_random_sample
2025-04-13T00:00:00+00:00,70247792,20,all_days,completion_random_sample
2025-04-13T00:00:00+00:00,70248465,20,all_days,completion_random_sample
2025-04-13T00:00:00+00:00,70252210,20,all_days,completion_random_sample
2025-04-13T00:00:00+00:00,70252478,20,all_days,completion_random_sample
2025-04-13T00:00:00+00:00,70254918,20,all_days,completion_random_sample
2025-04-13T00:00:00+00:00,70256261,20,all_days,completion_random_sample
2025-04-13T00:00:00+00:00,70256327,20,all_days,completion_random_sample
2025-04-13T00:00:00+00:00,70263404,20,all_days,completion_random_sample
2025-04-13T00:00:00+00:00,70267017,20,all_days,completion_random_sample
2025-04-13T00:00:00+00:00,70267751,20,all_days,completion_random_sample
2025-04-14T00:00:00+00:00,70271380,20,all_days,completion_random_sample
2025-04-14T00:00:00+00:00,70272722,20,all_days,completion_random_sample
2025-04-14T00:00:00+00:00,70275728,20,all_days,completion_random_sample
2025-04-14T00:00:00+00:00,70278357,20,all_days,completion_random_sample
2025-04-14T00:00:00+00:00,70278791,20,all_days,completion_random_sample
2025-04-14T00:00:00+00:00,70280955,20,all_days,completion_random_sample
2025-04-14T00:00:00+00:00,70282822,20,all_days,completion_random_sample
2025-04-14T00:00:00+00:00,70285721,20,all_days,completion_random_sample
2025-04-14T00:00:00+00:00,70285803,20,all_days,completion_random_sample
2025-04-14T00:00:00+00:00,70289701,20,all_days,completion_random_sample
2025-04-14T00:00:00+00:00,70291953,20,all_days,completion_random_sample
2025-04-14T00:00:00+00:00,70292237,20,all_days,completion_random_sample
2025-04-14T00:00:00+00:00,70298788,20,all_days,completion_random_sample
2025-04-14T00:00:00+00:00,70300315,20,all_days,completion_random_sample
2025-04-14T00:00:00+00:00,70304570,20,all_days,completion_random_sample
2025-04-14T00:00:00+00:00,70306602,20,all_days,completion_random_sample
2025-04-14T00:00:00+00:00,70307072,20,all_days,completion_random_sample
2025-04-14T00:00:00+00:00,70307075,20,all_days,completion_random_sample
2025-04-14T00:00:00+00:00,70308861,20,all_days,completion_random_sample
2025-04-14T00:00:00+00:00,70309200,20,all_days,completion_random_sample
2025-04-15T00:00:00+00:00,70311343,20,all_days,completion_random_sample
2025-04-15T00:00:00+00:00,70314194,20,all_days,completion_random_sample
2025-04-15T00:00:00+00:00,70318994,20,all_days,completion_random_sample
2025-04-15T00:00:00+00:00,70320716,20,all_days,completion_random_sample
2025-04-15T00:00:00+00:00,70328102,20,all_days,completion_random_sample
2025-04-15T00:00:00+00:00,70329543,20,all_days,completion_random_sample
2025-04-15T00:00:00+00:00,70329609,20,all_days,completion_random_sample
2025-04-15T00:00:00+00:00,70329957,20,all_days,completion_random_sample
2025-04-15T00:00:00+00:00,70330663,20,all_days,completion_random_sample
2025-04-15T00:00:00+00:00,70331152,20,all_days,completion_random_sample
2025-04-15T00:00:00+00:00,70332964,20,all_days,completion_random_sample
2025-04-15T00:00:00+00:00,70333101,20,all_days,completion_random_sample
2025-04-15T00:00:00+00:00,70335171,20,all_days,completion_random_sample
2025-04-15T00:00:00+00:00,70335232,20,all_days,completion_random_sample
2025-04-15T00:00:00+00:00,70335855,20,all_days,completion_random_sample
2025-04-15T00:00:00+00:00,70340262,20,all_days,completion_random_sample
2025-04-15T00:00:00+00:00,70341092,20,all_days,completion_random_sample
2025-04-15T00:00:00+00:00,70342510,20,all_days,completion_random_sample
2025-04-15T00:00:00+00:00,70346668,20,all_days,completion_random_sample
2025-04-15T00:00:00+00:00,70347211,20,all_days,completion_random_sample
2025-04-16T00:00:00+00:00,70353688,20,all_days,completion_random_sample
2025-04-16T00:00:00+00:00,70353715,20,all_days,completion_random_sample
2025-04-16T00:00:00+00:00,70355039,20,all_days,completion_random_sample
2025-04-16T00:00:00+00:00,70355482,20,all_days,completion_random_sample
2025-04-16T00:00:00+00:00,70355483,20,all_days,completion_random_sample
2025-04-16T00:00:00+00:00,70359337,20,all_days,completion_random_sample
2025-04-16T00:00:00+00:00,70360093,20,all_days,completion_random_sample
2025-04-16T00:00:00+00:00,70361128,20,all_days,completion_random_sample
2025-04-16T00:00:00+00:00,70361726,20,all_days,completion_random_sample
2025-04-16T00:00:00+00:00,70363202,20,all_days,completion_random_sample
2025-04-16T00:00:00+00:00,70364095,20,all_days,completion_random_sample
2025-04-16T00:00:00+00:00,70364563,20,all_days,completion_random_sample
2025-04-16T00:00:00+00:00,70367851,20,all_days,completion_random_sample
2025-04-16T00:00:00+00:00,70370033,20,all_days,completion_random_sample
2025-04-16T00:00:00+00:00,70371943,20,all_days,completion_random_sample
2025-04-16T00:00:00+00:00,70374317,20,all_days,completion_random_sample
2025-04-16T00:00:00+00:00,70378089,20,all_days,completion_random_sample
2025-04-16T00:00:00+00:00,70383601,20,all_days,completion_random_sample
2025-04-16T00:00:00+00:00,70384431,20,all_days,completion_random_sample
2025-04-16T00:00:00+00:00,70387769,20,all_days,completion_random_sample
2025-04-17T00:00:00+00:00,70395100,20,all_days,reused_three_phase_sample
2025-04-17T00:00:00+00:00,70398796,20,all_days,reused_three_phase_sample
2025-04-17T00:00:00+00:00,70402823,20,all_days,reused_three_phase_sample
2025-04-17T00:00:00+00:00,70405539,20,all_days,reused_three_phase_sample
2025-04-17T00:00:00+00:00,70406000,20,all_days,reused_three_phase_sample
2025-04-17T00:00:00+00:00,70406066,20,all_days,reused_three_phase_sample
2025-04-17T00:00:00+00:00,70407700,20,all_days,reused_three_phase_sample
2025-04-17T00:00:00+00:00,70410838,20,all_days,reused_three_phase_sample
2025-04-17T00:00:00+00:00,70411370,20,all_days,reused_three_phase_sample
2025-04-17T00:00:00+00:00,70412258,20,all_days,reused_three_phase_sample
2025-04-17T00:00:00+00:00,70412526,20,all_days,reused_three_phase_sample
2025-04-17T00:00:00+00:00,70417555,20,all_days,reused_three_phase_sample
2025-04-17T00:00:00+00:00,70418806,20,all_days,reused_three_phase_sample
2025-04-17T00:00:00+00:00,70422122,20,all_days,reused_three_phase_sample
2025-04-17T00:00:00+00:00,70423952,20,all_days,reused_three_phase_sample
2025-04-17T00:00:00+00:00,70425781,20,all_days,reused_three_phase_sample
2025-04-17T00:00:00+00:00,70427605,20,all_days,reused_three_phase_sample
2025-04-17T00:00:00+00:00,70427824,20,all_days,reused_three_phase_sample
2025-04-17T00:00:00+00:00,70428895,20,all_days,reused_three_phase_sample
2025-04-17T00:00:00+00:00,70430981,20,all_days,reused_three_phase_sample
2025-04-18T00:00:00+00:00,70432818,20,all_days,reused_three_phase_sample
2025-04-18T00:00:00+00:00,70433842,20,all_days,reused_three_phase_sample
2025-04-18T00:00:00+00:00,70434133,20,all_days,reused_three_phase_sample
2025-04-18T00:00:00+00:00,70438053,20,all_days,reused_three_phase_sample
2025-04-18T00:00:00+00:00,70438061,20,all_days,reused_three_phase_sample
2025-04-18T00:00:00+00:00,70442312,20,all_days,reused_three_phase_sample
2025-04-18T00:00:00+00:00,70445234,20,all_days,reused_three_phase_sample
2025-04-18T00:00:00+00:00,70445399,20,all_days,reused_three_phase_sample
2025-04-18T00:00:00+00:00,70447758,20,all_days,reused_three_phase_sample
2025-04-18T00:00:00+00:00,70447977,20,all_days,reused_three_phase_sample
2025-04-18T00:00:00+00:00,70448493,20,all_days,reused_three_phase_sample
2025-04-18T00:00:00+00:00,70448891,20,all_days,reused_three_phase_sample
2025-04-18T00:00:00+00:00,70453305,20,all_days,reused_three_phase_sample
2025-04-18T00:00:00+00:00,70462760,20,all_days,reused_three_phase_sample
2025-04-18T00:00:00+00:00,70464253,20,all_days,reused_three_phase_sample
2025-04-18T00:00:00+00:00,70464909,20,all_days,reused_three_phase_sample
2025-04-18T00:00:00+00:00,70467387,20,all_days,reused_three_phase_sample
2025-04-18T00:00:00+00:00,70467477,20,all_days,reused_three_phase_sample
2025-04-18T00:00:00+00:00,70467721,20,all_days,reused_three_phase_sample
2025-04-18T00:00:00+00:00,70469686,20,all_days,reused_three_phase_sample
2025-04-19T00:00:00+00:00,70473539,20,all_days,reused_three_phase_sample
2025-04-19T00:00:00+00:00,70473995,20,all_days,reused_three_phase_sample
2025-04-19T00:00:00+00:00,70474228,20,all_days,reused_three_phase_sample
2025-04-19T00:00:00+00:00,70474716,20,all_days,reused_three_phase_sample
2025-04-19T00:00:00+00:00,70475677,20,all_days,reused_three_phase_sample
2025-04-19T00:00:00+00:00,70481408,20,all_days,reused_three_phase_sample
2025-04-19T00:00:00+00:00,70482477,20,all_days,reused_three_phase_sample
2025-04-19T00:00:00+00:00,70483951,20,all_days,reused_three_phase_sample
2025-04-19T00:00:00+00:00,70486691,20,all_days,reused_three_phase_sample
2025-04-19T00:00:00+00:00,70489481,20,all_days,reused_three_phase_sample
2025-04-19T00:00:00+00:00,70490458,20,all_days,reused_three_phase_sample
2025-04-19T00:00:00+00:00,70492642,20,all_days,reused_three_phase_sample
2025-04-19T00:00:00+00:00,70497063,20,all_days,reused_three_phase_sample
2025-04-19T00:00:00+00:00,70497592,20,all_days,reused_three_phase_sample
2025-04-19T00:00:00+00:00,70505186,20,all_days,reused_three_phase_sample
2025-04-19T00:00:00+00:00,70505241,20,all_days,reused_three_phase_sample
2025-04-19T00:00:00+00:00,70505618,20,all_days,reused_three_phase_sample
2025-04-19T00:00:00+00:00,70508175,20,all_days,reused_three_phase_sample
2025-04-19T00:00:00+00:00,70509112,20,all_days,reused_three_phase_sample
2025-04-19T00:00:00+00:00,70510731,20,all_days,reused_three_phase_sample
2025-04-20T00:00:00+00:00,70512426,20,all_days,reused_three_phase_sample
2025-04-20T00:00:00+00:00,70512493,20,all_days,reused_three_phase_sample
2025-04-20T00:00:00+00:00,70515118,20,all_days,reused_three_phase_sample
2025-04-20T00:00:00+00:00,70516912,20,all_days,reused_three_phase_sample
2025-04-20T00:00:00+00:00,70516979,20,all_days,reused_three_phase_sample
2025-04-20T00:00:00+00:00,70517620,20,all_days,reused_three_phase_sample
2025-04-20T00:00:00+00:00,70519851,20,all_days,reused_three_phase_sample
2025-04-20T00:00:00+00:00,70522119,20,all_days,reused_three_phase_sample
2025-04-20T00:00:00+00:00,70523131,20,all_days,reused_three_phase_sample
2025-04-20T00:00:00+00:00,70527371,20,all_days,reused_three_phase_sample
2025-04-20T00:00:00+00:00,70529859,20,all_days,reused_three_phase_sample
2025-04-20T00:00:00+00:00,70530780,20,all_days,reused_three_phase_sample
2025-04-20T00:00:00+00:00,70534063,20,all_days,reused_three_phase_sample
2025-04-20T00:00:00+00:00,70535378,20,all_days,reused_three_phase_sample
2025-04-20T00:00:00+00:00,70538440,20,all_days,reused_three_phase_sample
2025-04-20T00:00:00+00:00,70539627,20,all_days,reused_three_phase_sample
2025-04-20T00:00:00+00:00,70541141,20,all_days,reused_three_phase_sample
2025-04-20T00:00:00+00:00,70541813,20,all_days,reused_three_phase_sample
2025-04-20T00:00:00+00:00,70545165,20,all_days,reused_three_phase_sample
2025-04-20T00:00:00+00:00,70548746,20,all_days,reused_three_phase_sample
2025-04-21T00:00:00+00:00,70560481,20,all_days,reused_three_phase_sample
2025-04-21T00:00:00+00:00,70560506,20,all_days,reused_three_phase_sample
2025-04-21T00:00:00+00:00,70563850,20,all_days,reused_three_phase_sample
2025-04-21T00:00:00+00:00,70565085,20,all_days,reused_three_phase_sample
2025-04-21T00:00:00+00:00,70566604,20,all_days,reused_three_phase_sample
2025-04-21T00:00:00+00:00,70566617,20,all_days,reused_three_phase_sample
2025-04-21T00:00:00+00:00,70569637,20,all_days,reused_three_phase_sample
2025-04-21T00:00:00+00:00,70569737,20,all_days,reused_three_phase_sample
2025-04-21T00:00:00+00:00,70570774,20,all_days,reused_three_phase_sample
2025-04-21T00:00:00+00:00,70571484,20,all_days,reused_three_phase_sample
2025-04-21T00:00:00+00:00,70572828,20,all_days,reused_three_phase_sample
2025-04-21T00:00:00+00:00,70579654,20,all_days,reused_three_phase_sample
2025-04-21T00:00:00+00:00,70580069,20,all_days,reused_three_phase_sample
2025-04-21T00:00:00+00:00,70581860,20,all_days,reused_three_phase_sample
2025-04-21T00:00:00+00:00,70583912,20,all_days,reused_three_phase_sample
2025-04-21T00:00:00+00:00,70584225,20,all_days,reused_three_phase_sample
2025-04-21T00:00:00+00:00,70587167,20,all_days,reused_three_phase_sample
2025-04-21T00:00:00+00:00,70588281,20,all_days,reused_three_phase_sample
2025-04-21T00:00:00+00:00,70590319,20,all_days,reused_three_phase_sample
2025-04-21T00:00:00+00:00,70591747,20,all_days,reused_three_phase_sample
2025-04-22T00:00:00+00:00,70595497,20,all_days,reused_three_phase_sample
2025-04-22T00:00:00+00:00,70596780,20,all_days,reused_three_phase_sample
2025-04-22T00:00:00+00:00,70601528,20,all_days,reused_three_phase_sample
2025-04-22T00:00:00+00:00,70602185,20,all_days,reused_three_phase_sample
2025-04-22T00:00:00+00:00,70602407,20,all_days,reused_three_phase_sample
2025-04-22T00:00:00+00:00,70602622,20,all_days,reused_three_phase_sample
2025-04-22T00:00:00+00:00,70604779,20,all_days,reused_three_phase_sample
2025-04-22T00:00:00+00:00,70610736,20,all_days,reused_three_phase_sample
2025-04-22T00:00:00+00:00,70610988,20,all_days,reused_three_phase_sample
2025-04-22T00:00:00+00:00,70613946,20,all_days,reused_three_phase_sample
2025-04-22T00:00:00+00:00,70615096,20,all_days,reused_three_phase_sample
2025-04-22T00:00:00+00:00,70615212,20,all_days,reused_three_phase_sample
2025-04-22T00:00:00+00:00,70617301,20,all_days,reused_three_phase_sample
2025-04-22T00:00:00+00:00,70618369,20,all_days,reused_three_phase_sample
2025-04-22T00:00:00+00:00,70621347,20,all_days,reused_three_phase_sample
2025-04-22T00:00:00+00:00,70622094,20,all_days,reused_three_phase_sample
2025-04-22T00:00:00+00:00,70623695,20,all_days,reused_three_phase_sample
2025-04-22T00:00:00+00:00,70625394,20,all_days,reused_three_phase_sample
2025-04-22T00:00:00+00:00,70628935,20,all_days,reused_three_phase_sample
2025-04-22T00:00:00+00:00,70631067,20,all_days,reused_three_phase_sample
2025-04-23T00:00:00+00:00,70634805,20,all_days,reused_three_phase_sample
2025-04-23T00:00:00+00:00,70636616,20,all_days,reused_three_phase_sample
2025-04-23T00:00:00+00:00,70639600,20,all_days,reused_three_phase_sample
2025-04-23T00:00:00+00:00,70641077,20,all_days,reused_three_phase_sample
2025-04-23T00:00:00+00:00,70642577,20,all_days,reused_three_phase_sample
2025-04-23T00:00:00+00:00,70654814,20,all_days,reused_three_phase_sample
2025-04-23T00:00:00+00:00,70658343,20,all_days,reused_three_phase_sample
2025-04-23T00:00:00+00:00,70658762,20,all_days,reused_three_phase_sample
2025-04-23T00:00:00+00:00,70659725,20,all_days,reused_three_phase_sample
2025-04-23T00:00:00+00:00,70661995,20,all_days,reused_three_phase_sample
2025-04-23T00:00:00+00:00,70663468,20,all_days,reused_three_phase_sample
2025-04-23T00:00:00+00:00,70665088,20,all_days,reused_three_phase_sample
2025-04-23T00:00:00+00:00,70669428,20,all_days,reused_three_phase_sample
2025-04-23T00:00:00+00:00,70671127,20,all_days,reused_three_phase_sample
2025-04-23T00:00:00+00:00,70671576,20,all_days,reused_three_phase_sample
2025-04-23T00:00:00+00:00,70671735,20,all_days,reused_three_phase_sample
2025-04-23T00:00:00+00:00,70671825,20,all_days,reused_three_phase_sample
2025-04-23T00:00:00+00:00,70672776,20,all_days,reused_three_phase_sample
2025-04-23T00:00:00+00:00,70672891,20,all_days,reused_three_phase_sample
2025-04-23T00:00:00+00:00,70674176,20,all_days,reused_three_phase_sample
2025-04-24T00:00:00+00:00,70675591,20,all_days,reused_three_phase_sample
2025-04-24T00:00:00+00:00,70676651,20,all_days,reused_three_phase_sample
2025-04-24T00:00:00+00:00,70676664,20,all_days,reused_three_phase_sample
2025-04-24T00:00:00+00:00,70684027,20,all_days,reused_three_phase_sample
2025-04-24T00:00:00+00:00,70689250,20,all_days,reused_three_phase_sample
2025-04-24T00:00:00+00:00,70689827,20,all_days,reused_three_phase_sample
2025-04-24T00:00:00+00:00,70695940,20,all_days,reused_three_phase_sample
2025-04-24T00:00:00+00:00,70697975,20,all_days,reused_three_phase_sample
2025-04-24T00:00:00+00:00,70699666,20,all_days,reused_three_phase_sample
2025-04-24T00:00:00+00:00,70701025,20,all_days,reused_three_phase_sample
2025-04-24T00:00:00+00:00,70701577,20,all_days,reused_three_phase_sample
2025-04-24T00:00:00+00:00,70701998,20,all_days,reused_three_phase_sample
2025-04-24T00:00:00+00:00,70703414,20,all_days,reused_three_phase_sample
2025-04-24T00:00:00+00:00,70704599,20,all_days,reused_three_phase_sample
2025-04-24T00:00:00+00:00,70705891,20,all_days,reused_three_phase_sample
2025-04-24T00:00:00+00:00,70706232,20,all_days,reused_three_phase_sample
2025-04-24T00:00:00+00:00,70709350,20,all_days,reused_three_phase_sample
2025-04-24T00:00:00+00:00,70710124,20,all_days,reused_three_phase_sample
2025-04-24T00:00:00+00:00,70712195,20,all_days,reused_three_phase_sample
2025-04-24T00:00:00+00:00,70714687,20,all_days,reused_three_phase_sample
2025-04-25T00:00:00+00:00,70716073,20,all_days,reused_three_phase_sample
2025-04-25T00:00:00+00:00,70717264,20,all_days,reused_three_phase_sample
2025-04-25T00:00:00+00:00,70718872,20,all_days,reused_three_phase_sample
2025-04-25T00:00:00+00:00,70720653,20,all_days,reused_three_phase_sample
2025-04-25T00:00:00+00:00,70721688,20,all_days,reused_three_phase_sample
2025-04-25T00:00:00+00:00,70723215,20,all_days,reused_three_phase_sample
2025-04-25T00:00:00+00:00,70723791,20,all_days,reused_three_phase_sample
2025-04-25T00:00:00+00:00,70724870,20,all_days,reused_three_phase_sample
2025-04-25T00:00:00+00:00,70726297,20,all_days,reused_three_phase_sample
2025-04-25T00:00:00+00:00,70727463,20,all_days,reused_three_phase_sample
2025-04-25T00:00:00+00:00,70730475,20,all_days,reused_three_phase_sample
2025-04-25T00:00:00+00:00,70730968,20,all_days,reused_three_phase_sample
2025-04-25T00:00:00+00:00,70732823,20,all_days,reused_three_phase_sample
2025-04-25T00:00:00+00:00,70734512,20,all_days,reused_three_phase_sample
2025-04-25T00:00:00+00:00,70735293,20,all_days,reused_three_phase_sample
2025-04-25T00:00:00+00:00,70735489,20,all_days,reused_three_phase_sample
2025-04-25T00:00:00+00:00,70740833,20,all_days,reused_three_phase_sample
2025-04-25T00:00:00+00:00,70746284,20,all_days,reused_three_phase_sample
2025-04-25T00:00:00+00:00,70749293,20,all_days,reused_three_phase_sample
2025-04-25T00:00:00+00:00,70752394,20,all_days,reused_three_phase_sample
2025-04-26T00:00:00+00:00,70756602,20,all_days,reused_three_phase_sample
2025-04-26T00:00:00+00:00,70757074,20,all_days,reused_three_phase_sample
2025-04-26T00:00:00+00:00,70763402,20,all_days,reused_three_phase_sample
2025-04-26T00:00:00+00:00,70766107,20,all_days,reused_three_phase_sample
2025-04-26T00:00:00+00:00,70779543,20,all_days,reused_three_phase_sample
2025-04-26T00:00:00+00:00,70785091,20,all_days,reused_three_phase_sample
2025-04-26T00:00:00+00:00,70785588,20,all_days,reused_three_phase_sample
2025-04-26T00:00:00+00:00,70785952,20,all_days,reused_three_phase_sample
2025-04-26T00:00:00+00:00,70787185,20,all_days,reused_three_phase_sample
2025-04-26T00:00:00+00:00,70788436,20,all_days,reused_three_phase_sample
2025-04-26T00:00:00+00:00,70789523,20,all_days,reused_three_phase_sample
2025-04-26T00:00:00+00:00,70790874,20,all_days,reused_three_phase_sample
2025-04-26T00:00:00+00:00,70791446,20,all_days,reused_three_phase_sample
2025-04-26T00:00:00+00:00,70791757,20,all_days,reused_three_phase_sample
2025-04-26T00:00:00+00:00,70791821,20,all_days,reused_three_phase_sample
2025-04-26T00:00:00+00:00,70792123,20,all_days,reused_three_phase_sample
2025-04-26T00:00:00+00:00,70793333,20,all_days,reused_three_phase_sample
2025-04-26T00:00:00+00:00,70794460,20,all_days,reused_three_phase_sample
2025-04-26T00:00:00+00:00,70795439,20,all_days,reused_three_phase_sample
2025-04-26T00:00:00+00:00,70795715,20,all_days,reused_three_phase_sample
2025-04-27T00:00:00+00:00,70798043,20,all_days,reused_three_phase_sample
2025-04-27T00:00:00+00:00,70798122,20,all_days,reused_three_phase_sample
2025-04-27T00:00:00+00:00,70798637,20,all_days,reused_three_phase_sample
2025-04-27T00:00:00+00:00,70798763,20,all_days,reused_three_phase_sample
2025-04-27T00:00:00+00:00,70799633,20,all_days,reused_three_phase_sample
2025-04-27T00:00:00+00:00,70801861,20,all_days,reused_three_phase_sample
2025-04-27T00:00:00+00:00,70802964,20,all_days,reused_three_phase_sample
2025-04-27T00:00:00+00:00,70804550,20,all_days,reused_three_phase_sample
2025-04-27T00:00:00+00:00,70806392,20,all_days,reused_three_phase_sample
2025-04-27T00:00:00+00:00,70811849,20,all_days,reused_three_phase_sample
2025-04-27T00:00:00+00:00,70812728,20,all_days,reused_three_phase_sample
2025-04-27T00:00:00+00:00,70814974,20,all_days,reused_three_phase_sample
2025-04-27T00:00:00+00:00,70816100,20,all_days,reused_three_phase_sample
2025-04-27T00:00:00+00:00,70820633,20,all_days,reused_three_phase_sample
2025-04-27T00:00:00+00:00,70822962,20,all_days,reused_three_phase_sample
2025-04-27T00:00:00+00:00,70826240,20,all_days,reused_three_phase_sample
2025-04-27T00:00:00+00:00,70829375,20,all_days,reused_three_phase_sample
2025-04-27T00:00:00+00:00,70830470,20,all_days,reused_three_phase_sample
2025-04-27T00:00:00+00:00,70831037,20,all_days,reused_three_phase_sample
2025-04-27T00:00:00+00:00,70835009,20,all_days,reused_three_phase_sample
2025-04-28T00:00:00+00:00,70837074,20,all_days,reused_three_phase_sample
2025-04-28T00:00:00+00:00,70838565,20,all_days,reused_three_phase_sample
2025-04-28T00:00:00+00:00,70842328,20,all_days,reused_three_phase_sample
2025-04-28T00:00:00+00:00,70844436,20,all_days,reused_three_phase_sample
2025-04-28T00:00:00+00:00,70847127,20,all_days,reused_three_phase_sample
2025-04-28T00:00:00+00:00,70848350,20,all_days,reused_three_phase_sample
2025-04-28T00:00:00+00:00,70850083,20,all_days,reused_three_phase_sample
2025-04-28T00:00:00+00:00,70851481,20,all_days,reused_three_phase_sample
2025-04-28T00:00:00+00:00,70859024,20,all_days,reused_three_phase_sample
2025-04-28T00:00:00+00:00,70860188,20,all_days,reused_three_phase_sample
2025-04-28T00:00:00+00:00,70860981,20,all_days,reused_three_phase_sample
2025-04-28T00:00:00+00:00,70864493,20,all_days,reused_three_phase_sample
2025-04-28T00:00:00+00:00,70864951,20,all_days,reused_three_phase_sample
2025-04-28T00:00:00+00:00,70866208,20,all_days,reused_three_phase_sample
2025-04-28T00:00:00+00:00,70866756,20,all_days,reused_three_phase_sample
2025-04-28T00:00:00+00:00,70869107,20,all_days,reused_three_phase_sample
2025-04-28T00:00:00+00:00,70873321,20,all_days,reused_three_phase_sample
2025-04-28T00:00:00+00:00,70875353,20,all_days,reused_three_phase_sample
2025-04-28T00:00:00+00:00,70877110,20,all_days,reused_three_phase_sample
2025-04-28T00:00:00+00:00,70877252,20,all_days,reused_three_phase_sample
2025-04-29T00:00:00+00:00,70880543,20,all_days,reused_three_phase_sample
2025-04-29T00:00:00+00:00,70881456,20,all_days,reused_three_phase_sample
2025-04-29T00:00:00+00:00,70882315,20,all_days,reused_three_phase_sample
2025-04-29T00:00:00+00:00,70882734,20,all_days,reused_three_phase_sample
2025-04-29T00:00:00+00:00,70885676,20,all_days,reused_three_phase_sample
2025-04-29T00:00:00+00:00,70887091,20,all_days,reused_three_phase_sample
2025-04-29T00:00:00+00:00,70890326,20,all_days,reused_three_phase_sample
2025-04-29T00:00:00+00:00,70890603,20,all_days,reused_three_phase_sample
2025-04-29T00:00:00+00:00,70892327,20,all_days,reused_three_phase_sample
2025-04-29T00:00:00+00:00,70893977,20,all_days,reused_three_phase_sample
2025-04-29T00:00:00+00:00,70897429,20,all_days,reused_three_phase_sample
2025-04-29T00:00:00+00:00,70898316,20,all_days,reused_three_phase_sample
2025-04-29T00:00:00+00:00,70900364,20,all_days,reused_three_phase_sample
2025-04-29T00:00:00+00:00,70901165,20,all_days,reused_three_phase_sample
2025-04-29T00:00:00+00:00,70901599,20,all_days,reused_three_phase_sample
2025-04-29T00:00:00+00:00,70905385,20,all_days,reused_three_phase_sample
2025-04-29T00:00:00+00:00,70905593,20,all_days,reused_three_phase_sample
2025-04-29T00:00:00+00:00,70912050,20,all_days,reused_three_phase_sample
2025-04-29T00:00:00+00:00,70915723,20,all_days,reused_three_phase_sample
2025-04-29T00:00:00+00:00,70916963,20,all_days,reused_three_phase_sample
2025-04-30T00:00:00+00:00,70918318,20,all_days,reused_three_phase_sample
2025-04-30T00:00:00+00:00,70919070,20,all_days,reused_three_phase_sample
2025-04-30T00:00:00+00:00,70925106,20,all_days,reused_three_phase_sample
2025-04-30T00:00:00+00:00,70927010,20,all_days,reused_three_phase_sample
2025-04-30T00:00:00+00:00,70927839,20,all_days,reused_three_phase_sample
2025-04-30T00:00:00+00:00,70931130,20,all_days,reused_three_phase_sample
2025-04-30T00:00:00+00:00,70935277,20,all_days,reused_three_phase_sample
2025-04-30T00:00:00+00:00,70935967,20,all_days,reused_three_phase_sample
2025-04-30T00:00:00+00:00,70936603,20,all_days,reused_three_phase_sample
2025-04-30T00:00:00+00:00,70939611,20,all_days,reused_three_phase_sample
2025-04-30T00:00:00+00:00,70939767,20,all_days,reused_three_phase_sample
2025-04-30T00:00:00+00:00,70943294,20,all_days,reused_three_phase_sample
2025-04-30T00:00:00+00:00,70946716,20,all_days,reused_three_phase_sample
2025-04-30T00:00:00+00:00,70947034,20,all_days,reused_three_phase_sample
2025-04-30T00:00:00+00:00,70948615,20,all_days,reused_three_phase_sample
2025-04-30T00:00:00+00:00,70949808,20,all_days,reused_three_phase_sample
2025-04-30T00:00:00+00:00,70952662,20,all_days,reused_three_phase_sample
2025-04-30T00:00:00+00:00,70956145,20,all_days,reused_three_phase_sample
2025-04-30T00:00:00+00:00,70956511,20,all_days,reused_three_phase_sample
2025-04-30T00:00:00+00:00,70956910,20,all_days,reused_three_phase_sample
2025-05-01T00:00:00+00:00,70960679,20,all_days,reused_three_phase_sample
2025-05-01T00:00:00+00:00,70961011,20,all_days,reused_three_phase_sample
2025-05-01T00:00:00+00:00,70961203,20,all_days,reused_three_phase_sample
2025-05-01T00:00:00+00:00,70962813,20,all_days,reused_three_phase_sample
2025-05-01T00:00:00+00:00,70962926,20,all_days,reused_three_phase_sample
2025-05-01T00:00:00+00:00,70965603,20,all_days,reused_three_phase_sample
2025-05-01T00:00:00+00:00,70968690,20,all_days,reused_three_phase_sample
2025-05-01T00:00:00+00:00,70970212,20,all_days,reused_three_phase_sample
2025-05-01T00:00:00+00:00,70970809,20,all_days,reused_three_phase_sample
2025-05-01T00:00:00+00:00,70970860,20,all_days,reused_three_phase_sample
2025-05-01T00:00:00+00:00,70973158,20,all_days,reused_three_phase_sample
2025-05-01T00:00:00+00:00,70973389,20,all_days,reused_three_phase_sample
2025-05-01T00:00:00+00:00,70976488,20,all_days,reused_three_phase_sample
2025-05-01T00:00:00+00:00,70983166,20,all_days,reused_three_phase_sample
2025-05-01T00:00:00+00:00,70984044,20,all_days,reused_three_phase_sample
2025-05-01T00:00:00+00:00,70985099,20,all_days,reused_three_phase_sample
2025-05-01T00:00:00+00:00,70991719,20,all_days,reused_three_phase_sample
2025-05-01T00:00:00+00:00,70991904,20,all_days,reused_three_phase_sample
2025-05-01T00:00:00+00:00,70991956,20,all_days,reused_three_phase_sample
2025-05-01T00:00:00+00:00,70994409,20,all_days,reused_three_phase_sample
2025-05-02T00:00:00+00:00,71002123,20,all_days,reused_three_phase_sample
2025-05-02T00:00:00+00:00,71006252,20,all_days,reused_three_phase_sample
2025-05-02T00:00:00+00:00,71007355,20,all_days,reused_three_phase_sample
2025-05-02T00:00:00+00:00,71007655,20,all_days,reused_three_phase_sample
2025-05-02T00:00:00+00:00,71009576,20,all_days,reused_three_phase_sample
2025-05-02T00:00:00+00:00,71012894,20,all_days,reused_three_phase_sample
2025-05-02T00:00:00+00:00,71015277,20,all_days,reused_three_phase_sample
2025-05-02T00:00:00+00:00,71015635,20,all_days,reused_three_phase_sample
2025-05-02T00:00:00+00:00,71016847,20,all_days,reused_three_phase_sample
2025-05-02T00:00:00+00:00,71022368,20,all_days,reused_three_phase_sample
2025-05-02T00:00:00+00:00,71022805,20,all_days,reused_three_phase_sample
2025-05-02T00:00:00+00:00,71023149,20,all_days,reused_three_phase_sample
2025-05-02T00:00:00+00:00,71023776,20,all_days,reused_three_phase_sample
2025-05-02T00:00:00+00:00,71025789,20,all_days,reused_three_phase_sample
2025-05-02T00:00:00+00:00,71025906,20,all_days,reused_three_phase_sample
2025-05-02T00:00:00+00:00,71026324,20,all_days,reused_three_phase_sample
2025-05-02T00:00:00+00:00,71029217,20,all_days,reused_three_phase_sample
2025-05-02T00:00:00+00:00,71031318,20,all_days,reused_three_phase_sample
2025-05-02T00:00:00+00:00,71032928,20,all_days,reused_three_phase_sample
2025-05-02T00:00:00+00:00,71034896,20,all_days,reused_three_phase_sample
2025-05-03T00:00:00+00:00,71039732,20,all_days,reused_three_phase_sample
2025-05-03T00:00:00+00:00,71042404,20,all_days,reused_three_phase_sample
2025-05-03T00:00:00+00:00,71046105,20,all_days,reused_three_phase_sample
2025-05-03T00:00:00+00:00,71046866,20,all_days,reused_three_phase_sample
2025-05-03T00:00:00+00:00,71047003,20,all_days,reused_three_phase_sample
2025-05-03T00:00:00+00:00,71049666,20,all_days,reused_three_phase_sample
2025-05-03T00:00:00+00:00,71049919,20,all_days,reused_three_phase_sample
2025-05-03T00:00:00+00:00,71053326,20,all_days,reused_three_phase_sample
2025-05-03T00:00:00+00:00,71060052,20,all_days,reused_three_phase_sample
2025-05-03T00:00:00+00:00,71061466,20,all_days,reused_three_phase_sample
2025-05-03T00:00:00+00:00,71061555,20,all_days,reused_three_phase_sample
2025-05-03T00:00:00+00:00,71063097,20,all_days,reused_three_phase_sample
2025-05-03T00:00:00+00:00,71067477,20,all_days,reused_three_phase_sample
2025-05-03T00:00:00+00:00,71067603,20,all_days,reused_three_phase_sample
2025-05-03T00:00:00+00:00,71067851,20,all_days,reused_three_phase_sample
2025-05-03T00:00:00+00:00,71068939,20,all_days,reused_three_phase_sample
2025-05-03T00:00:00+00:00,71072069,20,all_days,reused_three_phase_sample
2025-05-03T00:00:00+00:00,71072669,20,all_days,reused_three_phase_sample
2025-05-03T00:00:00+00:00,71074792,20,all_days,reused_three_phase_sample
2025-05-03T00:00:00+00:00,71078594,20,all_days,reused_three_phase_sample
2025-05-04T00:00:00+00:00,71080359,20,all_days,reused_three_phase_sample
2025-05-04T00:00:00+00:00,71082932,20,all_days,reused_three_phase_sample
2025-05-04T00:00:00+00:00,71083277,20,all_days,reused_three_phase_sample
2025-05-04T00:00:00+00:00,71083764,20,all_days,reused_three_phase_sample
2025-05-04T00:00:00+00:00,71084862,20,all_days,reused_three_phase_sample
2025-05-04T00:00:00+00:00,71085275,20,all_days,reused_three_phase_sample
2025-05-04T00:00:00+00:00,71089245,20,all_days,reused_three_phase_sample
2025-05-04T00:00:00+00:00,71091023,20,all_days,reused_three_phase_sample
2025-05-04T00:00:00+00:00,71091638,20,all_days,reused_three_phase_sample
2025-05-04T00:00:00+00:00,71093023,20,all_days,reused_three_phase_sample
2025-05-04T00:00:00+00:00,71093963,20,all_days,reused_three_phase_sample
2025-05-04T00:00:00+00:00,71095385,20,all_days,reused_three_phase_sample
2025-05-04T00:00:00+00:00,71096830,20,all_days,reused_three_phase_sample
2025-05-04T00:00:00+00:00,71103419,20,all_days,reused_three_phase_sample
2025-05-04T00:00:00+00:00,71104077,20,all_days,reused_three_phase_sample
2025-05-04T00:00:00+00:00,71104684,20,all_days,reused_three_phase_sample
2025-05-04T00:00:00+00:00,71109358,20,all_days,reused_three_phase_sample
2025-05-04T00:00:00+00:00,71110134,20,all_days,reused_three_phase_sample
2025-05-04T00:00:00+00:00,71113132,20,all_days,reused_three_phase_sample
2025-05-04T00:00:00+00:00,71116576,20,all_days,reused_three_phase_sample
2025-05-05T00:00:00+00:00,71121945,20,all_days,reused_three_phase_sample
2025-05-05T00:00:00+00:00,71123374,20,all_days,reused_three_phase_sample
2025-05-05T00:00:00+00:00,71123757,20,all_days,reused_three_phase_sample
2025-05-05T00:00:00+00:00,71124488,20,all_days,reused_three_phase_sample
2025-05-05T00:00:00+00:00,71129112,20,all_days,reused_three_phase_sample
2025-05-05T00:00:00+00:00,71131900,20,all_days,reused_three_phase_sample
2025-05-05T00:00:00+00:00,71132974,20,all_days,reused_three_phase_sample
2025-05-05T00:00:00+00:00,71135072,20,all_days,reused_three_phase_sample
2025-05-05T00:00:00+00:00,71136556,20,all_days,reused_three_phase_sample
2025-05-05T00:00:00+00:00,71138135,20,all_days,reused_three_phase_sample
2025-05-05T00:00:00+00:00,71138518,20,all_days,reused_three_phase_sample
2025-05-05T00:00:00+00:00,71141377,20,all_days,reused_three_phase_sample
2025-05-05T00:00:00+00:00,71147631,20,all_days,reused_three_phase_sample
2025-05-05T00:00:00+00:00,71148975,20,all_days,reused_three_phase_sample
2025-05-05T00:00:00+00:00,71149488,20,all_days,reused_three_phase_sample
2025-05-05T00:00:00+00:00,71151272,20,all_days,reused_three_phase_sample
2025-05-05T00:00:00+00:00,71153837,20,all_days,reused_three_phase_sample
2025-05-05T00:00:00+00:00,71155314,20,all_days,reused_three_phase_sample
2025-05-05T00:00:00+00:00,71158686,20,all_days,reused_three_phase_sample
2025-05-05T00:00:00+00:00,71159659,20,all_days,reused_three_phase_sample
2025-05-06T00:00:00+00:00,71161061,20,all_days,reused_three_phase_sample
2025-05-06T00:00:00+00:00,71161468,20,all_days,reused_three_phase_sample
2025-05-06T00:00:00+00:00,71162671,20,all_days,reused_three_phase_sample
2025-05-06T00:00:00+00:00,71162852,20,all_days,reused_three_phase_sample
2025-05-06T00:00:00+00:00,71166596,20,all_days,reused_three_phase_sample
2025-05-06T00:00:00+00:00,71167190,20,all_days,reused_three_phase_sample
2025-05-06T00:00:00+00:00,71172214,20,all_days,reused_three_phase_sample
2025-05-06T00:00:00+00:00,71172707,20,all_days,reused_three_phase_sample
2025-05-06T00:00:00+00:00,71173618,20,all_days,reused_three_phase_sample
2025-05-06T00:00:00+00:00,71179649,20,all_days,reused_three_phase_sample
2025-05-06T00:00:00+00:00,71185186,20,all_days,reused_three_phase_sample
2025-05-06T00:00:00+00:00,71185198,20,all_days,reused_three_phase_sample
2025-05-06T00:00:00+00:00,71185429,20,all_days,reused_three_phase_sample
2025-05-06T00:00:00+00:00,71187973,20,all_days,reused_three_phase_sample
2025-05-06T00:00:00+00:00,71189707,20,all_days,reused_three_phase_sample
2025-05-06T00:00:00+00:00,71193067,20,all_days,reused_three_phase_sample
2025-05-06T00:00:00+00:00,71193494,20,all_days,reused_three_phase_sample
2025-05-06T00:00:00+00:00,71197064,20,all_days,reused_three_phase_sample
2025-05-06T00:00:00+00:00,71198202,20,all_days,reused_three_phase_sample
2025-05-06T00:00:00+00:00,71198230,20,all_days,reused_three_phase_sample
2025-05-07T00:00:00+00:00,71201619,20,all_days,reused_three_phase_sample
2025-05-07T00:00:00+00:00,71203135,20,all_days,reused_three_phase_sample
2025-05-07T00:00:00+00:00,71203473,20,all_days,reused_three_phase_sample
2025-05-07T00:00:00+00:00,71204273,20,all_days,reused_three_phase_sample
2025-05-07T00:00:00+00:00,71213034,20,all_days,reused_three_phase_sample
2025-05-07T00:00:00+00:00,71215324,20,all_days,reused_three_phase_sample
2025-05-07T00:00:00+00:00,71217132,20,all_days,reused_three_phase_sample
2025-05-07T00:00:00+00:00,71217999,20,all_days,reused_three_phase_sample
2025-05-07T00:00:00+00:00,71218183,20,all_days,reused_three_phase_sample
2025-05-07T00:00:00+00:00,71218256,20,all_days,reused_three_phase_sample
2025-05-07T00:00:00+00:00,71219075,20,all_days,reused_three_phase_sample
2025-05-07T00:00:00+00:00,71226707,20,all_days,reused_three_phase_sample
2025-05-07T00:00:00+00:00,71227573,20,all_days,reused_three_phase_sample
2025-05-07T00:00:00+00:00,71230103,20,all_days,reused_three_phase_sample
2025-05-07T00:00:00+00:00,71230607,20,all_days,reused_three_phase_sample
2025-05-07T00:00:00+00:00,71234522,20,all_days,reused_three_phase_sample
2025-05-07T00:00:00+00:00,71236959,20,all_days,reused_three_phase_sample
2025-05-07T00:00:00+00:00,71237758,20,all_days,reused_three_phase_sample
2025-05-07T00:00:00+00:00,71238707,20,all_days,reused_three_phase_sample
2025-05-07T00:00:00+00:00,71240268,20,all_days,reused_three_phase_sample
2025-05-08T00:00:00+00:00,71244302,20,all_days,reused_three_phase_sample
2025-05-08T00:00:00+00:00,71245000,20,all_days,reused_three_phase_sample
2025-05-08T00:00:00+00:00,71247681,20,all_days,reused_three_phase_sample
2025-05-08T00:00:00+00:00,71254360,20,all_days,reused_three_phase_sample
2025-05-08T00:00:00+00:00,71255955,20,all_days,reused_three_phase_sample
2025-05-08T00:00:00+00:00,71257833,20,all_days,reused_three_phase_sample
2025-05-08T00:00:00+00:00,71262209,20,all_days,reused_three_phase_sample
2025-05-08T00:00:00+00:00,71262911,20,all_days,reused_three_phase_sample
2025-05-08T00:00:00+00:00,71263331,20,all_days,reused_three_phase_sample
2025-05-08T00:00:00+00:00,71263639,20,all_days,reused_three_phase_sample
2025-05-08T00:00:00+00:00,71263875,20,all_days,reused_three_phase_sample
2025-05-08T00:00:00+00:00,71265016,20,all_days,reused_three_phase_sample
2025-05-08T00:00:00+00:00,71266667,20,all_days,reused_three_phase_sample
2025-05-08T00:00:00+00:00,71267025,20,all_days,reused_three_phase_sample
2025-05-08T00:00:00+00:00,71270301,20,all_days,reused_three_phase_sample
2025-05-08T00:00:00+00:00,71271400,20,all_days,reused_three_phase_sample
2025-05-08T00:00:00+00:00,71273718,20,all_days,reused_three_phase_sample
2025-05-08T00:00:00+00:00,71276835,20,all_days,reused_three_phase_sample
2025-05-08T00:00:00+00:00,71278720,20,all_days,reused_three_phase_sample
2025-05-08T00:00:00+00:00,71280496,20,all_days,reused_three_phase_sample
2025-05-09T00:00:00+00:00,71282587,20,all_days,reused_three_phase_sample
2025-05-09T00:00:00+00:00,71283200,20,all_days,reused_three_phase_sample
2025-05-09T00:00:00+00:00,71288518,20,all_days,reused_three_phase_sample
2025-05-09T00:00:00+00:00,71289361,20,all_days,reused_three_phase_sample
2025-05-09T00:00:00+00:00,71292673,20,all_days,reused_three_phase_sample
2025-05-09T00:00:00+00:00,71293201,20,all_days,reused_three_phase_sample
2025-05-09T00:00:00+00:00,71294177,20,all_days,reused_three_phase_sample
2025-05-09T00:00:00+00:00,71294672,20,all_days,reused_three_phase_sample
2025-05-09T00:00:00+00:00,71301152,20,all_days,reused_three_phase_sample
2025-05-09T00:00:00+00:00,71301542,20,all_days,reused_three_phase_sample
2025-05-09T00:00:00+00:00,71303031,20,all_days,reused_three_phase_sample
2025-05-09T00:00:00+00:00,71303298,20,all_days,reused_three_phase_sample
2025-05-09T00:00:00+00:00,71305208,20,all_days,reused_three_phase_sample
2025-05-09T00:00:00+00:00,71306312,20,all_days,reused_three_phase_sample
2025-05-09T00:00:00+00:00,71308175,20,all_days,reused_three_phase_sample
2025-05-09T00:00:00+00:00,71313802,20,all_days,reused_three_phase_sample
2025-05-09T00:00:00+00:00,71315397,20,all_days,reused_three_phase_sample
2025-05-09T00:00:00+00:00,71319146,20,all_days,reused_three_phase_sample
2025-05-09T00:00:00+00:00,71319369,20,all_days,reused_three_phase_sample
2025-05-09T00:00:00+00:00,71323041,20,all_days,reused_three_phase_sample
2025-05-10T00:00:00+00:00,71325827,20,all_days,reused_three_phase_sample
2025-05-10T00:00:00+00:00,71326323,20,all_days,reused_three_phase_sample
2025-05-10T00:00:00+00:00,71327865,20,all_days,reused_three_phase_sample
2025-05-10T00:00:00+00:00,71330405,20,all_days,reused_three_phase_sample
2025-05-10T00:00:00+00:00,71332532,20,all_days,reused_three_phase_sample
2025-05-10T00:00:00+00:00,71334960,20,all_days,reused_three_phase_sample
2025-05-10T00:00:00+00:00,71335731,20,all_days,reused_three_phase_sample
2025-05-10T00:00:00+00:00,71336608,20,all_days,reused_three_phase_sample
2025-05-10T00:00:00+00:00,71338319,20,all_days,reused_three_phase_sample
2025-05-10T00:00:00+00:00,71339112,20,all_days,reused_three_phase_sample
2025-05-10T00:00:00+00:00,71341214,20,all_days,reused_three_phase_sample
2025-05-10T00:00:00+00:00,71341618,20,all_days,reused_three_phase_sample
2025-05-10T00:00:00+00:00,71347224,20,all_days,reused_three_phase_sample
2025-05-10T00:00:00+00:00,71350631,20,all_days,reused_three_phase_sample
2025-05-10T00:00:00+00:00,71353204,20,all_days,reused_three_phase_sample
2025-05-10T00:00:00+00:00,71354820,20,all_days,reused_three_phase_sample
2025-05-10T00:00:00+00:00,71357983,20,all_days,reused_three_phase_sample
2025-05-10T00:00:00+00:00,71359633,20,all_days,reused_three_phase_sample
2025-05-10T00:00:00+00:00,71361021,20,all_days,reused_three_phase_sample
2025-05-10T00:00:00+00:00,71362358,20,all_days,reused_three_phase_sample
2025-05-11T00:00:00+00:00,71364206,20,all_days,reused_three_phase_sample
2025-05-11T00:00:00+00:00,71364748,20,all_days,reused_three_phase_sample
2025-05-11T00:00:00+00:00,71369417,20,all_days,reused_three_phase_sample
2025-05-11T00:00:00+00:00,71371969,20,all_days,reused_three_phase_sample
2025-05-11T00:00:00+00:00,71372384,20,all_days,reused_three_phase_sample
2025-05-11T00:00:00+00:00,71372408,20,all_days,reused_three_phase_sample
2025-05-11T00:00:00+00:00,71374025,20,all_days,reused_three_phase_sample
2025-05-11T00:00:00+00:00,71375658,20,all_days,reused_three_phase_sample
2025-05-11T00:00:00+00:00,71378016,20,all_days,reused_three_phase_sample
2025-05-11T00:00:00+00:00,71381828,20,all_days,reused_three_phase_sample
2025-05-11T00:00:00+00:00,71383090,20,all_days,reused_three_phase_sample
2025-05-11T00:00:00+00:00,71386810,20,all_days,reused_three_phase_sample
2025-05-11T00:00:00+00:00,71388884,20,all_days,reused_three_phase_sample
2025-05-11T00:00:00+00:00,71390624,20,all_days,reused_three_phase_sample
2025-05-11T00:00:00+00:00,71392140,20,all_days,reused_three_phase_sample
2025-05-11T00:00:00+00:00,71395023,20,all_days,reused_three_phase_sample
2025-05-11T00:00:00+00:00,71395315,20,all_days,reused_three_phase_sample
2025-05-11T00:00:00+00:00,71395990,20,all_days,reused_three_phase_sample
2025-05-11T00:00:00+00:00,71396595,20,all_days,reused_three_phase_sample
2025-05-11T00:00:00+00:00,71401005,20,all_days,reused_three_phase_sample
2025-05-12T00:00:00+00:00,71404545,20,all_days,reused_three_phase_sample
2025-05-12T00:00:00+00:00,71406835,20,all_days,reused_three_phase_sample
2025-05-12T00:00:00+00:00,71407490,20,all_days,reused_three_phase_sample
2025-05-12T00:00:00+00:00,71409791,20,all_days,reused_three_phase_sample
2025-05-12T00:00:00+00:00,71411395,20,all_days,reused_three_phase_sample
2025-05-12T00:00:00+00:00,71412020,20,all_days,reused_three_phase_sample
2025-05-12T00:00:00+00:00,71414949,20,all_days,reused_three_phase_sample
2025-05-12T00:00:00+00:00,71415028,20,all_days,reused_three_phase_sample
2025-05-12T00:00:00+00:00,71415501,20,all_days,reused_three_phase_sample
2025-05-12T00:00:00+00:00,71416547,20,all_days,reused_three_phase_sample
2025-05-12T00:00:00+00:00,71418857,20,all_days,reused_three_phase_sample
2025-05-12T00:00:00+00:00,71425240,20,all_days,reused_three_phase_sample
2025-05-12T00:00:00+00:00,71428393,20,all_days,reused_three_phase_sample
2025-05-12T00:00:00+00:00,71429558,20,all_days,reused_three_phase_sample
2025-05-12T00:00:00+00:00,71432887,20,all_days,reused_three_phase_sample
2025-05-12T00:00:00+00:00,71432929,20,all_days,reused_three_phase_sample
2025-05-12T00:00:00+00:00,71435723,20,all_days,reused_three_phase_sample
2025-05-12T00:00:00+00:00,71438711,20,all_days,reused_three_phase_sample
2025-05-12T00:00:00+00:00,71439403,20,all_days,reused_three_phase_sample
2025-05-12T00:00:00+00:00,71441649,20,all_days,reused_three_phase_sample
2025-05-13T00:00:00+00:00,71444665,20,all_days,reused_three_phase_sample
2025-05-13T00:00:00+00:00,71447019,20,all_days,reused_three_phase_sample
2025-05-13T00:00:00+00:00,71449422,20,all_days,reused_three_phase_sample
2025-05-13T00:00:00+00:00,71453111,20,all_days,reused_three_phase_sample
2025-05-13T00:00:00+00:00,71454634,20,all_days,reused_three_phase_sample
2025-05-13T00:00:00+00:00,71455112,20,all_days,reused_three_phase_sample
2025-05-13T00:00:00+00:00,71460319,20,all_days,reused_three_phase_sample
2025-05-13T00:00:00+00:00,71462143,20,all_days,reused_three_phase_sample
2025-05-13T00:00:00+00:00,71462653,20,all_days,reused_three_phase_sample
2025-05-13T00:00:00+00:00,71465472,20,all_days,reused_three_phase_sample
2025-05-13T00:00:00+00:00,71466092,20,all_days,reused_three_phase_sample
2025-05-13T00:00:00+00:00,71467595,20,all_days,reused_three_phase_sample
2025-05-13T00:00:00+00:00,71468170,20,all_days,reused_three_phase_sample
2025-05-13T00:00:00+00:00,71471052,20,all_days,reused_three_phase_sample
2025-05-13T00:00:00+00:00,71473044,20,all_days,reused_three_phase_sample
2025-05-13T00:00:00+00:00,71474725,20,all_days,reused_three_phase_sample
2025-05-13T00:00:00+00:00,71475128,20,all_days,reused_three_phase_sample
2025-05-13T00:00:00+00:00,71479987,20,all_days,reused_three_phase_sample
2025-05-13T00:00:00+00:00,71480892,20,all_days,reused_three_phase_sample
2025-05-13T00:00:00+00:00,71483988,20,all_days,reused_three_phase_sample
2025-05-14T00:00:00+00:00,71485417,20,all_days,reused_three_phase_sample
2025-05-14T00:00:00+00:00,71487040,20,all_days,reused_three_phase_sample
2025-05-14T00:00:00+00:00,71487796,20,all_days,reused_three_phase_sample
2025-05-14T00:00:00+00:00,71490888,20,all_days,reused_three_phase_sample
2025-05-14T00:00:00+00:00,71490976,20,all_days,reused_three_phase_sample
2025-05-14T00:00:00+00:00,71494758,20,all_days,reused_three_phase_sample
2025-05-14T00:00:00+00:00,71498526,20,all_days,reused_three_phase_sample
2025-05-14T00:00:00+00:00,71500469,20,all_days,reused_three_phase_sample
2025-05-14T00:00:00+00:00,71501798,20,all_days,reused_three_phase_sample
2025-05-14T00:00:00+00:00,71501854,20,all_days,reused_three_phase_sample
2025-05-14T00:00:00+00:00,71502957,20,all_days,reused_three_phase_sample
2025-05-14T00:00:00+00:00,71507452,20,all_days,reused_three_phase_sample
2025-05-14T00:00:00+00:00,71508045,20,all_days,reused_three_phase_sample
2025-05-14T00:00:00+00:00,71513033,20,all_days,reused_three_phase_sample
2025-05-14T00:00:00+00:00,71516794,20,all_days,reused_three_phase_sample
2025-05-14T00:00:00+00:00,71517141,20,all_days,reused_three_phase_sample
2025-05-14T00:00:00+00:00,71517897,20,all_days,reused_three_phase_sample
2025-05-14T00:00:00+00:00,71520763,20,all_days,reused_three_phase_sample
2025-05-14T00:00:00+00:00,71523372,20,all_days,reused_three_phase_sample
2025-05-14T00:00:00+00:00,71524284,20,all_days,reused_three_phase_sample
2025-05-15T00:00:00+00:00,71526898,20,all_days,reused_three_phase_sample
2025-05-15T00:00:00+00:00,71532578,20,all_days,reused_three_phase_sample
2025-05-15T00:00:00+00:00,71535050,20,all_days,reused_three_phase_sample
2025-05-15T00:00:00+00:00,71535962,20,all_days,reused_three_phase_sample
2025-05-15T00:00:00+00:00,71539272,20,all_days,reused_three_phase_sample
2025-05-15T00:00:00+00:00,71540295,20,all_days,reused_three_phase_sample
2025-05-15T00:00:00+00:00,71542634,20,all_days,reused_three_phase_sample
2025-05-15T00:00:00+00:00,71543133,20,all_days,reused_three_phase_sample
2025-05-15T00:00:00+00:00,71543719,20,all_days,reused_three_phase_sample
2025-05-15T00:00:00+00:00,71544312,20,all_days,reused_three_phase_sample
2025-05-15T00:00:00+00:00,71545739,20,all_days,reused_three_phase_sample
2025-05-15T00:00:00+00:00,71547877,20,all_days,reused_three_phase_sample
2025-05-15T00:00:00+00:00,71550896,20,all_days,reused_three_phase_sample
2025-05-15T00:00:00+00:00,71557657,20,all_days,reused_three_phase_sample
2025-05-15T00:00:00+00:00,71557817,20,all_days,reused_three_phase_sample
2025-05-15T00:00:00+00:00,71559947,20,all_days,reused_three_phase_sample
2025-05-15T00:00:00+00:00,71560220,20,all_days,reused_three_phase_sample
2025-05-15T00:00:00+00:00,71560473,20,all_days,reused_three_phase_sample
2025-05-15T00:00:00+00:00,71562695,20,all_days,reused_three_phase_sample
2025-05-15T00:00:00+00:00,71563198,20,all_days,reused_three_phase_sample
2025-05-16T00:00:00+00:00,71567648,20,all_days,completion_random_sample
2025-05-16T00:00:00+00:00,71569056,20,all_days,completion_random_sample
2025-05-16T00:00:00+00:00,71569735,20,all_days,completion_random_sample
2025-05-16T00:00:00+00:00,71569906,20,all_days,completion_random_sample
2025-05-16T00:00:00+00:00,71573404,20,all_days,completion_random_sample
2025-05-16T00:00:00+00:00,71577961,20,all_days,completion_random_sample
2025-05-16T00:00:00+00:00,71580635,20,all_days,completion_random_sample
2025-05-16T00:00:00+00:00,71581734,20,all_days,completion_random_sample
2025-05-16T00:00:00+00:00,71582651,20,all_days,completion_random_sample
2025-05-16T00:00:00+00:00,71584767,20,all_days,completion_random_sample
2025-05-16T00:00:00+00:00,71586059,20,all_days,completion_random_sample
2025-05-16T00:00:00+00:00,71586099,20,all_days,completion_random_sample
2025-05-16T00:00:00+00:00,71587843,20,all_days,completion_random_sample
2025-05-16T00:00:00+00:00,71591218,20,all_days,completion_random_sample
2025-05-16T00:00:00+00:00,71591242,20,all_days,completion_random_sample
2025-05-16T00:00:00+00:00,71594396,20,all_days,completion_random_sample
2025-05-16T00:00:00+00:00,71595049,20,all_days,completion_random_sample
2025-05-16T00:00:00+00:00,71595261,20,all_days,completion_random_sample
2025-05-16T00:00:00+00:00,71595586,20,all_days,completion_random_sample
2025-05-16T00:00:00+00:00,71604542,20,all_days,completion_random_sample
2025-05-17T00:00:00+00:00,71609219,20,all_days,completion_random_sample
2025-05-17T00:00:00+00:00,71610413,20,all_days,completion_random_sample
2025-05-17T00:00:00+00:00,71610764,20,all_days,completion_random_sample
2025-05-17T00:00:00+00:00,71612178,20,all_days,completion_random_sample
2025-05-17T00:00:00+00:00,71612195,20,all_days,completion_random_sample
2025-05-17T00:00:00+00:00,71612550,20,all_days,completion_random_sample
2025-05-17T00:00:00+00:00,71612958,20,all_days,completion_random_sample
2025-05-17T00:00:00+00:00,71618490,20,all_days,completion_random_sample
2025-05-17T00:00:00+00:00,71620769,20,all_days,completion_random_sample
2025-05-17T00:00:00+00:00,71621650,20,all_days,completion_random_sample
2025-05-17T00:00:00+00:00,71623776,20,all_days,completion_random_sample
2025-05-17T00:00:00+00:00,71629217,20,all_days,completion_random_sample
2025-05-17T00:00:00+00:00,71631469,20,all_days,completion_random_sample
2025-05-17T00:00:00+00:00,71633432,20,all_days,completion_random_sample
2025-05-17T00:00:00+00:00,71633891,20,all_days,completion_random_sample
2025-05-17T00:00:00+00:00,71635004,20,all_days,completion_random_sample
2025-05-17T00:00:00+00:00,71638150,20,all_days,completion_random_sample
2025-05-17T00:00:00+00:00,71640575,20,all_days,completion_random_sample
2025-05-17T00:00:00+00:00,71642638,20,all_days,completion_random_sample
2025-05-17T00:00:00+00:00,71643131,20,all_days,completion_random_sample
2025-05-18T00:00:00+00:00,71647156,20,all_days,completion_random_sample
2025-05-18T00:00:00+00:00,71648796,20,all_days,completion_random_sample
2025-05-18T00:00:00+00:00,71649445,20,all_days,completion_random_sample
2025-05-18T00:00:00+00:00,71650427,20,all_days,completion_random_sample
2025-05-18T00:00:00+00:00,71650675,20,all_days,completion_random_sample
2025-05-18T00:00:00+00:00,71655968,20,all_days,completion_random_sample
2025-05-18T00:00:00+00:00,71657270,20,all_days,completion_random_sample
2025-05-18T00:00:00+00:00,71657334,20,all_days,completion_random_sample
2025-05-18T00:00:00+00:00,71660281,20,all_days,completion_random_sample
2025-05-18T00:00:00+00:00,71665913,20,all_days,completion_random_sample
2025-05-18T00:00:00+00:00,71666052,20,all_days,completion_random_sample
2025-05-18T00:00:00+00:00,71666176,20,all_days,completion_random_sample
2025-05-18T00:00:00+00:00,71667156,20,all_days,completion_random_sample
2025-05-18T00:00:00+00:00,71667955,20,all_days,completion_random_sample
2025-05-18T00:00:00+00:00,71670704,20,all_days,completion_random_sample
2025-05-18T00:00:00+00:00,71671301,20,all_days,completion_random_sample
2025-05-18T00:00:00+00:00,71673588,20,all_days,completion_random_sample
2025-05-18T00:00:00+00:00,71674529,20,all_days,completion_random_sample
2025-05-18T00:00:00+00:00,71675861,20,all_days,completion_random_sample
2025-05-18T00:00:00+00:00,71677546,20,all_days,completion_random_sample
2025-05-19T00:00:00+00:00,71693874,20,all_days,completion_random_sample
2025-05-19T00:00:00+00:00,71695217,20,all_days,completion_random_sample
2025-05-19T00:00:00+00:00,71695554,20,all_days,completion_random_sample
2025-05-19T00:00:00+00:00,71696013,20,all_days,completion_random_sample
2025-05-19T00:00:00+00:00,71698433,20,all_days,completion_random_sample
2025-05-19T00:00:00+00:00,71705698,20,all_days,completion_random_sample
2025-05-19T00:00:00+00:00,71706063,20,all_days,completion_random_sample
2025-05-19T00:00:00+00:00,71710427,20,all_days,completion_random_sample
2025-05-19T00:00:00+00:00,71710462,20,all_days,completion_random_sample
2025-05-19T00:00:00+00:00,71710621,20,all_days,completion_random_sample
2025-05-19T00:00:00+00:00,71712091,20,all_days,completion_random_sample
2025-05-19T00:00:00+00:00,71713655,20,all_days,completion_random_sample
2025-05-19T00:00:00+00:00,71714044,20,all_days,completion_random_sample
2025-05-19T00:00:00+00:00,71714786,20,all_days,completion_random_sample
2025-05-19T00:00:00+00:00,71715124,20,all_days,completion_random_sample
2025-05-19T00:00:00+00:00,71723562,20,all_days,completion_random_sample
2025-05-19T00:00:00+00:00,71724754,20,all_days,completion_random_sample
2025-05-19T00:00:00+00:00,71725239,20,all_days,completion_random_sample
2025-05-19T00:00:00+00:00,71725353,20,all_days,completion_random_sample
2025-05-19T00:00:00+00:00,71726692,20,all_days,completion_random_sample
2025-05-20T00:00:00+00:00,71728668,20,all_days,completion_random_sample
2025-05-20T00:00:00+00:00,71730294,20,all_days,completion_random_sample
2025-05-20T00:00:00+00:00,71732770,20,all_days,completion_random_sample
2025-05-20T00:00:00+00:00,71733238,20,all_days,completion_random_sample
2025-05-20T00:00:00+00:00,71735641,20,all_days,completion_random_sample
2025-05-20T00:00:00+00:00,71735848,20,all_days,completion_random_sample
2025-05-20T00:00:00+00:00,71735867,20,all_days,completion_random_sample
2025-05-20T00:00:00+00:00,71739170,20,all_days,completion_random_sample
2025-05-20T00:00:00+00:00,71740712,20,all_days,completion_random_sample
2025-05-20T00:00:00+00:00,71743527,20,all_days,completion_random_sample
2025-05-20T00:00:00+00:00,71744748,20,all_days,completion_random_sample
2025-05-20T00:00:00+00:00,71752198,20,all_days,completion_random_sample
2025-05-20T00:00:00+00:00,71752498,20,all_days,completion_random_sample
2025-05-20T00:00:00+00:00,71754874,20,all_days,completion_random_sample
2025-05-20T00:00:00+00:00,71758506,20,all_days,completion_random_sample
2025-05-20T00:00:00+00:00,71759610,20,all_days,completion_random_sample
2025-05-20T00:00:00+00:00,71763621,20,all_days,completion_random_sample
2025-05-20T00:00:00+00:00,71764009,20,all_days,completion_random_sample
2025-05-20T00:00:00+00:00,71764770,20,all_days,completion_random_sample
2025-05-20T00:00:00+00:00,71766371,20,all_days,completion_random_sample
2025-05-21T00:00:00+00:00,71772316,20,all_days,completion_random_sample
2025-05-21T00:00:00+00:00,71773202,20,all_days,completion_random_sample
2025-05-21T00:00:00+00:00,71773794,20,all_days,completion_random_sample
2025-05-21T00:00:00+00:00,71774959,20,all_days,completion_random_sample
2025-05-21T00:00:00+00:00,71777924,20,all_days,completion_random_sample
2025-05-21T00:00:00+00:00,71777972,20,all_days,completion_random_sample
2025-05-21T00:00:00+00:00,71778499,20,all_days,completion_random_sample
2025-05-21T00:00:00+00:00,71779743,20,all_days,completion_random_sample
2025-05-21T00:00:00+00:00,71783574,20,all_days,completion_random_sample
2025-05-21T00:00:00+00:00,71785871,20,all_days,completion_random_sample
2025-05-21T00:00:00+00:00,71790881,20,all_days,completion_random_sample
2025-05-21T00:00:00+00:00,71792945,20,all_days,completion_random_sample
2025-05-21T00:00:00+00:00,71793393,20,all_days,completion_random_sample
2025-05-21T00:00:00+00:00,71794583,20,all_days,completion_random_sample
2025-05-21T00:00:00+00:00,71801996,20,all_days,completion_random_sample
2025-05-21T00:00:00+00:00,71804190,20,all_days,completion_random_sample
2025-05-21T00:00:00+00:00,71805551,20,all_days,completion_random_sample
2025-05-21T00:00:00+00:00,71805724,20,all_days,completion_random_sample
2025-05-21T00:00:00+00:00,71806485,20,all_days,completion_random_sample
2025-05-21T00:00:00+00:00,71806651,20,all_days,completion_random_sample
2025-05-22T00:00:00+00:00,71810434,20,all_days,completion_random_sample
2025-05-22T00:00:00+00:00,71811184,20,all_days,completion_random_sample
2025-05-22T00:00:00+00:00,71812605,20,all_days,completion_random_sample
2025-05-22T00:00:00+00:00,71814029,20,all_days,completion_random_sample
2025-05-22T00:00:00+00:00,71817287,20,all_days,completion_random_sample
2025-05-22T00:00:00+00:00,71818980,20,all_days,completion_random_sample
2025-05-22T00:00:00+00:00,71819728,20,all_days,completion_random_sample
2025-05-22T00:00:00+00:00,71821656,20,all_days,completion_random_sample
2025-05-22T00:00:00+00:00,71822761,20,all_days,completion_random_sample
2025-05-22T00:00:00+00:00,71823355,20,all_days,completion_random_sample
2025-05-22T00:00:00+00:00,71824984,20,all_days,completion_random_sample
2025-05-22T00:00:00+00:00,71830948,20,all_days,completion_random_sample
2025-05-22T00:00:00+00:00,71831289,20,all_days,completion_random_sample
2025-05-22T00:00:00+00:00,71832019,20,all_days,completion_random_sample
2025-05-22T00:00:00+00:00,71833503,20,all_days,completion_random_sample
2025-05-22T00:00:00+00:00,71834757,20,all_days,completion_random_sample
2025-05-22T00:00:00+00:00,71838253,20,all_days,completion_random_sample
2025-05-22T00:00:00+00:00,71838595,20,all_days,completion_random_sample
2025-05-22T00:00:00+00:00,71842015,20,all_days,completion_random_sample
2025-05-22T00:00:00+00:00,71845118,20,all_days,completion_random_sample
2025-05-23T00:00:00+00:00,71847217,20,all_days,completion_random_sample
2025-05-23T00:00:00+00:00,71849301,20,all_days,completion_random_sample
2025-05-23T00:00:00+00:00,71850580,20,all_days,completion_random_sample
2025-05-23T00:00:00+00:00,71852710,20,all_days,completion_random_sample
2025-05-23T00:00:00+00:00,71854428,20,all_days,completion_random_sample
2025-05-23T00:00:00+00:00,71856695,20,all_days,completion_random_sample
2025-05-23T00:00:00+00:00,71858015,20,all_days,completion_random_sample
2025-05-23T00:00:00+00:00,71858273,20,all_days,completion_random_sample
2025-05-23T00:00:00+00:00,71858338,20,all_days,completion_random_sample
2025-05-23T00:00:00+00:00,71861983,20,all_days,completion_random_sample
2025-05-23T00:00:00+00:00,71864350,20,all_days,completion_random_sample
2025-05-23T00:00:00+00:00,71865895,20,all_days,completion_random_sample
2025-05-23T00:00:00+00:00,71867572,20,all_days,completion_random_sample
2025-05-23T00:00:00+00:00,71868583,20,all_days,completion_random_sample
2025-05-23T00:00:00+00:00,71870206,20,all_days,completion_random_sample
2025-05-23T00:00:00+00:00,71881923,20,all_days,completion_random_sample
2025-05-23T00:00:00+00:00,71883186,20,all_days,completion_random_sample
2025-05-23T00:00:00+00:00,71883736,20,all_days,completion_random_sample
2025-05-23T00:00:00+00:00,71884420,20,all_days,completion_random_sample
2025-05-23T00:00:00+00:00,71886794,20,all_days,completion_random_sample
2025-05-24T00:00:00+00:00,71887737,20,all_days,completion_random_sample
2025-05-24T00:00:00+00:00,71890732,20,all_days,completion_random_sample
2025-05-24T00:00:00+00:00,71891992,20,all_days,completion_random_sample
2025-05-24T00:00:00+00:00,71893125,20,all_days,completion_random_sample
2025-05-24T00:00:00+00:00,71900418,20,all_days,completion_random_sample
2025-05-24T00:00:00+00:00,71901132,20,all_days,completion_random_sample
2025-05-24T00:00:00+00:00,71901205,20,all_days,completion_random_sample
2025-05-24T00:00:00+00:00,71902546,20,all_days,completion_random_sample
2025-05-24T00:00:00+00:00,71903370,20,all_days,completion_random_sample
2025-05-24T00:00:00+00:00,71903686,20,all_days,completion_random_sample
2025-05-24T00:00:00+00:00,71904982,20,all_days,completion_random_sample
2025-05-24T00:00:00+00:00,71905479,20,all_days,completion_random_sample
2025-05-24T00:00:00+00:00,71905641,20,all_days,completion_random_sample
2025-05-24T00:00:00+00:00,71906115,20,all_days,completion_random_sample
2025-05-24T00:00:00+00:00,71910868,20,all_days,completion_random_sample
2025-05-24T00:00:00+00:00,71913942,20,all_days,completion_random_sample
2025-05-24T00:00:00+00:00,71915486,20,all_days,completion_random_sample
2025-05-24T00:00:00+00:00,71916623,20,all_days,completion_random_sample
2025-05-24T00:00:00+00:00,71917743,20,all_days,completion_random_sample
2025-05-24T00:00:00+00:00,71919419,20,all_days,completion_random_sample
2025-05-25T00:00:00+00:00,71934339,20,all_days,completion_random_sample
2025-05-25T00:00:00+00:00,71942154,20,all_days,completion_random_sample
2025-05-25T00:00:00+00:00,71942983,20,all_days,completion_random_sample
2025-05-25T00:00:00+00:00,71944214,20,all_days,completion_random_sample
2025-05-25T00:00:00+00:00,71944539,20,all_days,completion_random_sample
2025-05-25T00:00:00+00:00,71947969,20,all_days,completion_random_sample
2025-05-25T00:00:00+00:00,71951503,20,all_days,completion_random_sample
2025-05-25T00:00:00+00:00,71951630,20,all_days,completion_random_sample
2025-05-25T00:00:00+00:00,71953682,20,all_days,completion_random_sample
2025-05-25T00:00:00+00:00,71954973,20,all_days,completion_random_sample
2025-05-25T00:00:00+00:00,71956318,20,all_days,completion_random_sample
2025-05-25T00:00:00+00:00,71956500,20,all_days,completion_random_sample
2025-05-25T00:00:00+00:00,71956632,20,all_days,completion_random_sample
2025-05-25T00:00:00+00:00,71958635,20,all_days,completion_random_sample
2025-05-25T00:00:00+00:00,71959337,20,all_days,completion_random_sample
2025-05-25T00:00:00+00:00,71960497,20,all_days,completion_random_sample
2025-05-25T00:00:00+00:00,71961884,20,all_days,completion_random_sample
2025-05-25T00:00:00+00:00,71964951,20,all_days,completion_random_sample
2025-05-25T00:00:00+00:00,71967470,20,all_days,completion_random_sample
2025-05-25T00:00:00+00:00,71967852,20,all_days,completion_random_sample
2025-05-26T00:00:00+00:00,71968551,20,all_days,completion_random_sample
2025-05-26T00:00:00+00:00,71971255,20,all_days,completion_random_sample
2025-05-26T00:00:00+00:00,71971432,20,all_days,completion_random_sample
2025-05-26T00:00:00+00:00,71973523,20,all_days,completion_random_sample
2025-05-26T00:00:00+00:00,71976217,20,all_days,completion_random_sample
2025-05-26T00:00:00+00:00,71977400,20,all_days,completion_random_sample
2025-05-26T00:00:00+00:00,71978748,20,all_days,completion_random_sample
2025-05-26T00:00:00+00:00,71979633,20,all_days,completion_random_sample
2025-05-26T00:00:00+00:00,71979679,20,all_days,completion_random_sample
2025-05-26T00:00:00+00:00,71992315,20,all_days,completion_random_sample
2025-05-26T00:00:00+00:00,71994153,20,all_days,completion_random_sample
2025-05-26T00:00:00+00:00,71995526,20,all_days,completion_random_sample
2025-05-26T00:00:00+00:00,71995701,20,all_days,completion_random_sample
2025-05-26T00:00:00+00:00,71996027,20,all_days,completion_random_sample
2025-05-26T00:00:00+00:00,71997255,20,all_days,completion_random_sample
2025-05-26T00:00:00+00:00,72000795,20,all_days,completion_random_sample
2025-05-26T00:00:00+00:00,72001732,20,all_days,completion_random_sample
2025-05-26T00:00:00+00:00,72002390,20,all_days,completion_random_sample
2025-05-26T00:00:00+00:00,72003095,20,all_days,completion_random_sample
2025-05-26T00:00:00+00:00,72005571,20,all_days,completion_random_sample
2025-05-27T00:00:00+00:00,72009793,20,all_days,completion_random_sample
2025-05-27T00:00:00+00:00,72014859,20,all_days,completion_random_sample
2025-05-27T00:00:00+00:00,72015604,20,all_days,completion_random_sample
2025-05-27T00:00:00+00:00,72019681,20,all_days,completion_random_sample
2025-05-27T00:00:00+00:00,72020097,20,all_days,completion_random_sample
2025-05-27T00:00:00+00:00,72025202,20,all_days,completion_random_sample
2025-05-27T00:00:00+00:00,72025431,20,all_days,completion_random_sample
2025-05-27T00:00:00+00:00,72032736,20,all_days,completion_random_sample
2025-05-27T00:00:00+00:00,72033116,20,all_days,completion_random_sample
2025-05-27T00:00:00+00:00,72035263,20,all_days,completion_random_sample
2025-05-27T00:00:00+00:00,72035490,20,all_days,completion_random_sample
2025-05-27T00:00:00+00:00,72037533,20,all_days,completion_random_sample
2025-05-27T00:00:00+00:00,72038702,20,all_days,completion_random_sample
2025-05-27T00:00:00+00:00,72039172,20,all_days,completion_random_sample
2025-05-27T00:00:00+00:00,72039501,20,all_days,completion_random_sample
2025-05-27T00:00:00+00:00,72040180,20,all_days,completion_random_sample
2025-05-27T00:00:00+00:00,72040846,20,all_days,completion_random_sample
2025-05-27T00:00:00+00:00,72047140,20,all_days,completion_random_sample
2025-05-27T00:00:00+00:00,72047556,20,all_days,completion_random_sample
2025-05-27T00:00:00+00:00,72048130,20,all_days,completion_random_sample
2025-05-28T00:00:00+00:00,72050426,20,all_days,completion_random_sample
2025-05-28T00:00:00+00:00,72051853,20,all_days,completion_random_sample
2025-05-28T00:00:00+00:00,72052446,20,all_days,completion_random_sample
2025-05-28T00:00:00+00:00,72052959,20,all_days,completion_random_sample
2025-05-28T00:00:00+00:00,72055049,20,all_days,completion_random_sample
2025-05-28T00:00:00+00:00,72055637,20,all_days,completion_random_sample
2025-05-28T00:00:00+00:00,72056623,20,all_days,completion_random_sample
2025-05-28T00:00:00+00:00,72056701,20,all_days,completion_random_sample
2025-05-28T00:00:00+00:00,72059542,20,all_days,completion_random_sample
2025-05-28T00:00:00+00:00,72060663,20,all_days,completion_random_sample
2025-05-28T00:00:00+00:00,72065025,20,all_days,completion_random_sample
2025-05-28T00:00:00+00:00,72065571,20,all_days,completion_random_sample
2025-05-28T00:00:00+00:00,72067008,20,all_days,completion_random_sample
2025-05-28T00:00:00+00:00,72067397,20,all_days,completion_random_sample
2025-05-28T00:00:00+00:00,72069419,20,all_days,completion_random_sample
2025-05-28T00:00:00+00:00,72069757,20,all_days,completion_random_sample
2025-05-28T00:00:00+00:00,72070620,20,all_days,completion_random_sample
2025-05-28T00:00:00+00:00,72071414,20,all_days,completion_random_sample
2025-05-28T00:00:00+00:00,72080110,20,all_days,completion_random_sample
2025-05-28T00:00:00+00:00,72086255,20,all_days,completion_random_sample
2025-05-29T00:00:00+00:00,72089916,20,all_days,completion_random_sample
2025-05-29T00:00:00+00:00,72095042,20,all_days,completion_random_sample
2025-05-29T00:00:00+00:00,72098398,20,all_days,completion_random_sample
2025-05-29T00:00:00+00:00,72099939,20,all_days,completion_random_sample
2025-05-29T00:00:00+00:00,72099976,20,all_days,completion_random_sample
2025-05-29T00:00:00+00:00,72101272,20,all_days,completion_random_sample
2025-05-29T00:00:00+00:00,72109240,20,all_days,completion_random_sample
2025-05-29T00:00:00+00:00,72109373,20,all_days,completion_random_sample
2025-05-29T00:00:00+00:00,72111284,20,all_days,completion_random_sample
2025-05-29T00:00:00+00:00,72112514,20,all_days,completion_random_sample
2025-05-29T00:00:00+00:00,72113783,20,all_days,completion_random_sample
2025-05-29T00:00:00+00:00,72114819,20,all_days,completion_random_sample
2025-05-29T00:00:00+00:00,72120744,20,all_days,completion_random_sample
2025-05-29T00:00:00+00:00,72120750,20,all_days,completion_random_sample
2025-05-29T00:00:00+00:00,72120888,20,all_days,completion_random_sample
2025-05-29T00:00:00+00:00,72122017,20,all_days,completion_random_sample
2025-05-29T00:00:00+00:00,72126023,20,all_days,completion_random_sample
2025-05-29T00:00:00+00:00,72126291,20,all_days,completion_random_sample
2025-05-29T00:00:00+00:00,72126914,20,all_days,completion_random_sample
2025-05-29T00:00:00+00:00,72127236,20,all_days,completion_random_sample
2025-05-30T00:00:00+00:00,72130436,20,all_days,completion_random_sample
2025-05-30T00:00:00+00:00,72131845,20,all_days,completion_random_sample
2025-05-30T00:00:00+00:00,72137354,20,all_days,completion_random_sample
2025-05-30T00:00:00+00:00,72137496,20,all_days,completion_random_sample
2025-05-30T00:00:00+00:00,72139498,20,all_days,completion_random_sample
2025-05-30T00:00:00+00:00,72139998,20,all_days,completion_random_sample
2025-05-30T00:00:00+00:00,72140087,20,all_days,completion_random_sample
2025-05-30T00:00:00+00:00,72142407,20,all_days,completion_random_sample
2025-05-30T00:00:00+00:00,72145036,20,all_days,completion_random_sample
2025-05-30T00:00:00+00:00,72152203,20,all_days,completion_random_sample
2025-05-30T00:00:00+00:00,72155107,20,all_days,completion_random_sample
2025-05-30T00:00:00+00:00,72156218,20,all_days,completion_random_sample
2025-05-30T00:00:00+00:00,72156281,20,all_days,completion_random_sample
2025-05-30T00:00:00+00:00,72156340,20,all_days,completion_random_sample
2025-05-30T00:00:00+00:00,72157821,20,all_days,completion_random_sample
2025-05-30T00:00:00+00:00,72159516,20,all_days,completion_random_sample
2025-05-30T00:00:00+00:00,72159848,20,all_days,completion_random_sample
2025-05-30T00:00:00+00:00,72162591,20,all_days,completion_random_sample
2025-05-30T00:00:00+00:00,72166125,20,all_days,completion_random_sample
2025-05-30T00:00:00+00:00,72167719,20,all_days,completion_random_sample
2025-05-31T00:00:00+00:00,72171090,20,all_days,completion_random_sample
2025-05-31T00:00:00+00:00,72171602,20,all_days,completion_random_sample
2025-05-31T00:00:00+00:00,72172489,20,all_days,completion_random_sample
2025-05-31T00:00:00+00:00,72174821,20,all_days,completion_random_sample
2025-05-31T00:00:00+00:00,72175232,20,all_days,completion_random_sample
2025-05-31T00:00:00+00:00,72179045,20,all_days,completion_random_sample
2025-05-31T00:00:00+00:00,72179375,20,all_days,completion_random_sample
2025-05-31T00:00:00+00:00,72182088,20,all_days,completion_random_sample
2025-05-31T00:00:00+00:00,72182287,20,all_days,completion_random_sample
2025-05-31T00:00:00+00:00,72185242,20,all_days,completion_random_sample
2025-05-31T00:00:00+00:00,72195531,20,all_days,completion_random_sample
2025-05-31T00:00:00+00:00,72197203,20,all_days,completion_random_sample
2025-05-31T00:00:00+00:00,72197345,20,all_days,completion_random_sample
2025-05-31T00:00:00+00:00,72200158,20,all_days,completion_random_sample
2025-05-31T00:00:00+00:00,72200217,20,all_days,completion_random_sample
2025-05-31T00:00:00+00:00,72200286,20,all_days,completion_random_sample
2025-05-31T00:00:00+00:00,72202476,20,all_days,completion_random_sample
2025-05-31T00:00:00+00:00,72207487,20,all_days,completion_random_sample
2025-05-31T00:00:00+00:00,72207936,20,all_days,completion_random_sample
2025-05-31T00:00:00+00:00,72211081,20,all_days,completion_random_sample
2025-06-01T00:00:00+00:00,72215080,20,all_days,completion_random_sample
2025-06-01T00:00:00+00:00,72215654,20,all_days,completion_random_sample
2025-06-01T00:00:00+00:00,72218764,20,all_days,completion_random_sample
2025-06-01T00:00:00+00:00,72223649,20,all_days,completion_random_sample
2025-06-01T00:00:00+00:00,72223765,20,all_days,completion_random_sample
2025-06-01T00:00:00+00:00,72223978,20,all_days,completion_random_sample
2025-06-01T00:00:00+00:00,72228562,20,all_days,completion_random_sample
2025-06-01T00:00:00+00:00,72232473,20,all_days,completion_random_sample
2025-06-01T00:00:00+00:00,72233878,20,all_days,completion_random_sample
2025-06-01T00:00:00+00:00,72234383,20,all_days,completion_random_sample
2025-06-01T00:00:00+00:00,72234667,20,all_days,completion_random_sample
2025-06-01T00:00:00+00:00,72235677,20,all_days,completion_random_sample
2025-06-01T00:00:00+00:00,72236731,20,all_days,completion_random_sample
2025-06-01T00:00:00+00:00,72241566,20,all_days,completion_random_sample
2025-06-01T00:00:00+00:00,72244725,20,all_days,completion_random_sample
2025-06-01T00:00:00+00:00,72246471,20,all_days,completion_random_sample
2025-06-01T00:00:00+00:00,72247293,20,all_days,completion_random_sample
2025-06-01T00:00:00+00:00,72248197,20,all_days,completion_random_sample
2025-06-01T00:00:00+00:00,72249184,20,all_days,completion_random_sample
2025-06-01T00:00:00+00:00,72250265,20,all_days,completion_random_sample
2025-06-02T00:00:00+00:00,72252779,20,all_days,reused_three_phase_sample
2025-06-02T00:00:00+00:00,72254743,20,all_days,reused_three_phase_sample
2025-06-02T00:00:00+00:00,72255676,20,all_days,reused_three_phase_sample
2025-06-02T00:00:00+00:00,72258051,20,all_days,reused_three_phase_sample
2025-06-02T00:00:00+00:00,72258306,20,all_days,reused_three_phase_sample
2025-06-02T00:00:00+00:00,72264621,20,all_days,reused_three_phase_sample
2025-06-02T00:00:00+00:00,72267206,20,all_days,reused_three_phase_sample
2025-06-02T00:00:00+00:00,72267946,20,all_days,reused_three_phase_sample
2025-06-02T00:00:00+00:00,72272473,20,all_days,reused_three_phase_sample
2025-06-02T00:00:00+00:00,72272674,20,all_days,reused_three_phase_sample
2025-06-02T00:00:00+00:00,72275996,20,all_days,reused_three_phase_sample
2025-06-02T00:00:00+00:00,72276383,20,all_days,reused_three_phase_sample
2025-06-02T00:00:00+00:00,72278152,20,all_days,reused_three_phase_sample
2025-06-02T00:00:00+00:00,72278940,20,all_days,reused_three_phase_sample
2025-06-02T00:00:00+00:00,72280338,20,all_days,reused_three_phase_sample
2025-06-02T00:00:00+00:00,72284514,20,all_days,reused_three_phase_sample
2025-06-02T00:00:00+00:00,72286048,20,all_days,reused_three_phase_sample
2025-06-02T00:00:00+00:00,72286636,20,all_days,reused_three_phase_sample
2025-06-02T00:00:00+00:00,72287694,20,all_days,reused_three_phase_sample
2025-06-02T00:00:00+00:00,72288197,20,all_days,reused_three_phase_sample
2025-06-03T00:00:00+00:00,72292585,20,all_days,reused_three_phase_sample
2025-06-03T00:00:00+00:00,72297016,20,all_days,reused_three_phase_sample
2025-06-03T00:00:00+00:00,72299955,20,all_days,reused_three_phase_sample
2025-06-03T00:00:00+00:00,72300522,20,all_days,reused_three_phase_sample
2025-06-03T00:00:00+00:00,72300884,20,all_days,reused_three_phase_sample
2025-06-03T00:00:00+00:00,72301451,20,all_days,reused_three_phase_sample
2025-06-03T00:00:00+00:00,72302405,20,all_days,reused_three_phase_sample
2025-06-03T00:00:00+00:00,72303275,20,all_days,reused_three_phase_sample
2025-06-03T00:00:00+00:00,72304851,20,all_days,reused_three_phase_sample
2025-06-03T00:00:00+00:00,72306001,20,all_days,reused_three_phase_sample
2025-06-03T00:00:00+00:00,72307924,20,all_days,reused_three_phase_sample
2025-06-03T00:00:00+00:00,72310048,20,all_days,reused_three_phase_sample
2025-06-03T00:00:00+00:00,72312311,20,all_days,reused_three_phase_sample
2025-06-03T00:00:00+00:00,72313995,20,all_days,reused_three_phase_sample
2025-06-03T00:00:00+00:00,72314812,20,all_days,reused_three_phase_sample
2025-06-03T00:00:00+00:00,72316470,20,all_days,reused_three_phase_sample
2025-06-03T00:00:00+00:00,72317313,20,all_days,reused_three_phase_sample
2025-06-03T00:00:00+00:00,72320311,20,all_days,reused_three_phase_sample
2025-06-03T00:00:00+00:00,72325149,20,all_days,reused_three_phase_sample
2025-06-03T00:00:00+00:00,72327997,20,all_days,reused_three_phase_sample
2025-06-04T00:00:00+00:00,72332996,20,all_days,reused_three_phase_sample
2025-06-04T00:00:00+00:00,72335666,20,all_days,reused_three_phase_sample
2025-06-04T00:00:00+00:00,72336520,20,all_days,reused_three_phase_sample
2025-06-04T00:00:00+00:00,72336761,20,all_days,reused_three_phase_sample
2025-06-04T00:00:00+00:00,72337960,20,all_days,reused_three_phase_sample
2025-06-04T00:00:00+00:00,72341492,20,all_days,reused_three_phase_sample
2025-06-04T00:00:00+00:00,72342671,20,all_days,reused_three_phase_sample
2025-06-04T00:00:00+00:00,72344800,20,all_days,reused_three_phase_sample
2025-06-04T00:00:00+00:00,72346073,20,all_days,reused_three_phase_sample
2025-06-04T00:00:00+00:00,72352826,20,all_days,reused_three_phase_sample
2025-06-04T00:00:00+00:00,72354308,20,all_days,reused_three_phase_sample
2025-06-04T00:00:00+00:00,72356262,20,all_days,reused_three_phase_sample
2025-06-04T00:00:00+00:00,72356448,20,all_days,reused_three_phase_sample
2025-06-04T00:00:00+00:00,72357207,20,all_days,reused_three_phase_sample
2025-06-04T00:00:00+00:00,72361352,20,all_days,reused_three_phase_sample
2025-06-04T00:00:00+00:00,72361787,20,all_days,reused_three_phase_sample
2025-06-04T00:00:00+00:00,72363228,20,all_days,reused_three_phase_sample
2025-06-04T00:00:00+00:00,72367561,20,all_days,reused_three_phase_sample
2025-06-04T00:00:00+00:00,72368701,20,all_days,reused_three_phase_sample
2025-06-04T00:00:00+00:00,72369976,20,all_days,reused_three_phase_sample
2025-06-05T00:00:00+00:00,72375347,20,all_days,reused_three_phase_sample
2025-06-05T00:00:00+00:00,72379293,20,all_days,reused_three_phase_sample
2025-06-05T00:00:00+00:00,72379624,20,all_days,reused_three_phase_sample
2025-06-05T00:00:00+00:00,72379695,20,all_days,reused_three_phase_sample
2025-06-05T00:00:00+00:00,72380333,20,all_days,reused_three_phase_sample
2025-06-05T00:00:00+00:00,72381097,20,all_days,reused_three_phase_sample
2025-06-05T00:00:00+00:00,72381862,20,all_days,reused_three_phase_sample
2025-06-05T00:00:00+00:00,72383406,20,all_days,reused_three_phase_sample
2025-06-05T00:00:00+00:00,72388241,20,all_days,reused_three_phase_sample
2025-06-05T00:00:00+00:00,72389110,20,all_days,reused_three_phase_sample
2025-06-05T00:00:00+00:00,72389134,20,all_days,reused_three_phase_sample
2025-06-05T00:00:00+00:00,72390184,20,all_days,reused_three_phase_sample
2025-06-05T00:00:00+00:00,72392453,20,all_days,reused_three_phase_sample
2025-06-05T00:00:00+00:00,72393514,20,all_days,reused_three_phase_sample
2025-06-05T00:00:00+00:00,72394782,20,all_days,reused_three_phase_sample
2025-06-05T00:00:00+00:00,72398488,20,all_days,reused_three_phase_sample
2025-06-05T00:00:00+00:00,72405797,20,all_days,reused_three_phase_sample
2025-06-05T00:00:00+00:00,72406718,20,all_days,reused_three_phase_sample
2025-06-05T00:00:00+00:00,72407799,20,all_days,reused_three_phase_sample
2025-06-05T00:00:00+00:00,72409876,20,all_days,reused_three_phase_sample
2025-06-06T00:00:00+00:00,72413557,20,all_days,reused_three_phase_sample
2025-06-06T00:00:00+00:00,72413742,20,all_days,reused_three_phase_sample
2025-06-06T00:00:00+00:00,72415088,20,all_days,reused_three_phase_sample
2025-06-06T00:00:00+00:00,72416332,20,all_days,reused_three_phase_sample
2025-06-06T00:00:00+00:00,72417590,20,all_days,reused_three_phase_sample
2025-06-06T00:00:00+00:00,72418133,20,all_days,reused_three_phase_sample
2025-06-06T00:00:00+00:00,72423053,20,all_days,reused_three_phase_sample
2025-06-06T00:00:00+00:00,72426448,20,all_days,reused_three_phase_sample
2025-06-06T00:00:00+00:00,72426721,20,all_days,reused_three_phase_sample
2025-06-06T00:00:00+00:00,72426783,20,all_days,reused_three_phase_sample
2025-06-06T00:00:00+00:00,72431198,20,all_days,reused_three_phase_sample
2025-06-06T00:00:00+00:00,72431317,20,all_days,reused_three_phase_sample
2025-06-06T00:00:00+00:00,72431398,20,all_days,reused_three_phase_sample
2025-06-06T00:00:00+00:00,72432479,20,all_days,reused_three_phase_sample
2025-06-06T00:00:00+00:00,72436056,20,all_days,reused_three_phase_sample
2025-06-06T00:00:00+00:00,72437096,20,all_days,reused_three_phase_sample
2025-06-06T00:00:00+00:00,72442167,20,all_days,reused_three_phase_sample
2025-06-06T00:00:00+00:00,72447527,20,all_days,reused_three_phase_sample
2025-06-06T00:00:00+00:00,72450810,20,all_days,reused_three_phase_sample
2025-06-06T00:00:00+00:00,72452919,20,all_days,reused_three_phase_sample
2025-06-07T00:00:00+00:00,72453940,20,all_days,reused_three_phase_sample
2025-06-07T00:00:00+00:00,72455388,20,all_days,reused_three_phase_sample
2025-06-07T00:00:00+00:00,72455766,20,all_days,reused_three_phase_sample
2025-06-07T00:00:00+00:00,72456753,20,all_days,reused_three_phase_sample
2025-06-07T00:00:00+00:00,72458257,20,all_days,reused_three_phase_sample
2025-06-07T00:00:00+00:00,72458433,20,all_days,reused_three_phase_sample
2025-06-07T00:00:00+00:00,72460591,20,all_days,reused_three_phase_sample
2025-06-07T00:00:00+00:00,72468754,20,all_days,reused_three_phase_sample
2025-06-07T00:00:00+00:00,72468905,20,all_days,reused_three_phase_sample
2025-06-07T00:00:00+00:00,72472472,20,all_days,reused_three_phase_sample
2025-06-07T00:00:00+00:00,72473085,20,all_days,reused_three_phase_sample
2025-06-07T00:00:00+00:00,72473823,20,all_days,reused_three_phase_sample
2025-06-07T00:00:00+00:00,72475005,20,all_days,reused_three_phase_sample
2025-06-07T00:00:00+00:00,72477117,20,all_days,reused_three_phase_sample
2025-06-07T00:00:00+00:00,72478623,20,all_days,reused_three_phase_sample
2025-06-07T00:00:00+00:00,72483141,20,all_days,reused_three_phase_sample
2025-06-07T00:00:00+00:00,72483527,20,all_days,reused_three_phase_sample
2025-06-07T00:00:00+00:00,72486601,20,all_days,reused_three_phase_sample
2025-06-07T00:00:00+00:00,72487306,20,all_days,reused_three_phase_sample
2025-06-07T00:00:00+00:00,72487800,20,all_days,reused_three_phase_sample
2025-06-08T00:00:00+00:00,72496251,20,all_days,reused_three_phase_sample
2025-06-08T00:00:00+00:00,72497543,20,all_days,reused_three_phase_sample
2025-06-08T00:00:00+00:00,72497643,20,all_days,reused_three_phase_sample
2025-06-08T00:00:00+00:00,72498526,20,all_days,reused_three_phase_sample
2025-06-08T00:00:00+00:00,72503333,20,all_days,reused_three_phase_sample
2025-06-08T00:00:00+00:00,72503599,20,all_days,reused_three_phase_sample
2025-06-08T00:00:00+00:00,72505822,20,all_days,reused_three_phase_sample
2025-06-08T00:00:00+00:00,72516985,20,all_days,reused_three_phase_sample
2025-06-08T00:00:00+00:00,72517226,20,all_days,reused_three_phase_sample
2025-06-08T00:00:00+00:00,72517266,20,all_days,reused_three_phase_sample
2025-06-08T00:00:00+00:00,72517887,20,all_days,reused_three_phase_sample
2025-06-08T00:00:00+00:00,72519252,20,all_days,reused_three_phase_sample
2025-06-08T00:00:00+00:00,72520800,20,all_days,reused_three_phase_sample
2025-06-08T00:00:00+00:00,72522717,20,all_days,reused_three_phase_sample
2025-06-08T00:00:00+00:00,72523223,20,all_days,reused_three_phase_sample
2025-06-08T00:00:00+00:00,72525198,20,all_days,reused_three_phase_sample
2025-06-08T00:00:00+00:00,72529179,20,all_days,reused_three_phase_sample
2025-06-08T00:00:00+00:00,72530440,20,all_days,reused_three_phase_sample
2025-06-08T00:00:00+00:00,72530498,20,all_days,reused_three_phase_sample
2025-06-08T00:00:00+00:00,72531873,20,all_days,reused_three_phase_sample
2025-06-09T00:00:00+00:00,72535436,20,all_days,reused_three_phase_sample
2025-06-09T00:00:00+00:00,72543739,20,all_days,reused_three_phase_sample
2025-06-09T00:00:00+00:00,72544342,20,all_days,reused_three_phase_sample
2025-06-09T00:00:00+00:00,72545873,20,all_days,reused_three_phase_sample
2025-06-09T00:00:00+00:00,72547256,20,all_days,reused_three_phase_sample
2025-06-09T00:00:00+00:00,72549724,20,all_days,reused_three_phase_sample
2025-06-09T00:00:00+00:00,72553165,20,all_days,reused_three_phase_sample
2025-06-09T00:00:00+00:00,72553318,20,all_days,reused_three_phase_sample
2025-06-09T00:00:00+00:00,72554234,20,all_days,reused_three_phase_sample
2025-06-09T00:00:00+00:00,72554383,20,all_days,reused_three_phase_sample
2025-06-09T00:00:00+00:00,72556958,20,all_days,reused_three_phase_sample
2025-06-09T00:00:00+00:00,72557052,20,all_days,reused_three_phase_sample
2025-06-09T00:00:00+00:00,72561367,20,all_days,reused_three_phase_sample
2025-06-09T00:00:00+00:00,72566293,20,all_days,reused_three_phase_sample
2025-06-09T00:00:00+00:00,72566810,20,all_days,reused_three_phase_sample
2025-06-09T00:00:00+00:00,72568137,20,all_days,reused_three_phase_sample
2025-06-09T00:00:00+00:00,72569417,20,all_days,reused_three_phase_sample
2025-06-09T00:00:00+00:00,72569552,20,all_days,reused_three_phase_sample
2025-06-09T00:00:00+00:00,72571390,20,all_days,reused_three_phase_sample
2025-06-09T00:00:00+00:00,72574214,20,all_days,reused_three_phase_sample
2025-06-10T00:00:00+00:00,72576449,20,all_days,reused_three_phase_sample
2025-06-10T00:00:00+00:00,72576854,20,all_days,reused_three_phase_sample
2025-06-10T00:00:00+00:00,72577734,20,all_days,reused_three_phase_sample
2025-06-10T00:00:00+00:00,72585776,20,all_days,reused_three_phase_sample
2025-06-10T00:00:00+00:00,72586362,20,all_days,reused_three_phase_sample
2025-06-10T00:00:00+00:00,72586649,20,all_days,reused_three_phase_sample
2025-06-10T00:00:00+00:00,72587110,20,all_days,reused_three_phase_sample
2025-06-10T00:00:00+00:00,72587272,20,all_days,reused_three_phase_sample
2025-06-10T00:00:00+00:00,72589397,20,all_days,reused_three_phase_sample
2025-06-10T00:00:00+00:00,72597214,20,all_days,reused_three_phase_sample
2025-06-10T00:00:00+00:00,72600032,20,all_days,reused_three_phase_sample
2025-06-10T00:00:00+00:00,72600581,20,all_days,reused_three_phase_sample
2025-06-10T00:00:00+00:00,72606443,20,all_days,reused_three_phase_sample
2025-06-10T00:00:00+00:00,72607085,20,all_days,reused_three_phase_sample
2025-06-10T00:00:00+00:00,72610924,20,all_days,reused_three_phase_sample
2025-06-10T00:00:00+00:00,72612075,20,all_days,reused_three_phase_sample
2025-06-10T00:00:00+00:00,72612619,20,all_days,reused_three_phase_sample
2025-06-10T00:00:00+00:00,72613328,20,all_days,reused_three_phase_sample
2025-06-10T00:00:00+00:00,72614118,20,all_days,reused_three_phase_sample
2025-06-10T00:00:00+00:00,72615189,20,all_days,reused_three_phase_sample
2025-06-11T00:00:00+00:00,72616809,20,all_days,reused_three_phase_sample
2025-06-11T00:00:00+00:00,72618378,20,all_days,reused_three_phase_sample
2025-06-11T00:00:00+00:00,72618630,20,all_days,reused_three_phase_sample
2025-06-11T00:00:00+00:00,72622373,20,all_days,reused_three_phase_sample
2025-06-11T00:00:00+00:00,72622630,20,all_days,reused_three_phase_sample
2025-06-11T00:00:00+00:00,72622911,20,all_days,reused_three_phase_sample
2025-06-11T00:00:00+00:00,72624066,20,all_days,reused_three_phase_sample
2025-06-11T00:00:00+00:00,72624954,20,all_days,reused_three_phase_sample
2025-06-11T00:00:00+00:00,72628259,20,all_days,reused_three_phase_sample
2025-06-11T00:00:00+00:00,72628907,20,all_days,reused_three_phase_sample
2025-06-11T00:00:00+00:00,72629749,20,all_days,reused_three_phase_sample
2025-06-11T00:00:00+00:00,72630497,20,all_days,reused_three_phase_sample
2025-06-11T00:00:00+00:00,72638106,20,all_days,reused_three_phase_sample
2025-06-11T00:00:00+00:00,72647963,20,all_days,reused_three_phase_sample
2025-06-11T00:00:00+00:00,72649820,20,all_days,reused_three_phase_sample
2025-06-11T00:00:00+00:00,72651312,20,all_days,reused_three_phase_sample
2025-06-11T00:00:00+00:00,72652411,20,all_days,reused_three_phase_sample
2025-06-11T00:00:00+00:00,72652906,20,all_days,reused_three_phase_sample
2025-06-11T00:00:00+00:00,72653705,20,all_days,reused_three_phase_sample
2025-06-11T00:00:00+00:00,72655746,20,all_days,reused_three_phase_sample
2025-06-12T00:00:00+00:00,72658266,20,all_days,reused_three_phase_sample
2025-06-12T00:00:00+00:00,72658724,20,all_days,reused_three_phase_sample
2025-06-12T00:00:00+00:00,72659704,20,all_days,reused_three_phase_sample
2025-06-12T00:00:00+00:00,72663938,20,all_days,reused_three_phase_sample
2025-06-12T00:00:00+00:00,72664868,20,all_days,reused_three_phase_sample
2025-06-12T00:00:00+00:00,72667068,20,all_days,reused_three_phase_sample
2025-06-12T00:00:00+00:00,72667804,20,all_days,reused_three_phase_sample
2025-06-12T00:00:00+00:00,72669772,20,all_days,reused_three_phase_sample
2025-06-12T00:00:00+00:00,72670006,20,all_days,reused_three_phase_sample
2025-06-12T00:00:00+00:00,72673092,20,all_days,reused_three_phase_sample
2025-06-12T00:00:00+00:00,72673339,20,all_days,reused_three_phase_sample
2025-06-12T00:00:00+00:00,72673486,20,all_days,reused_three_phase_sample
2025-06-12T00:00:00+00:00,72676312,20,all_days,reused_three_phase_sample
2025-06-12T00:00:00+00:00,72681033,20,all_days,reused_three_phase_sample
2025-06-12T00:00:00+00:00,72684027,20,all_days,reused_three_phase_sample
2025-06-12T00:00:00+00:00,72687309,20,all_days,reused_three_phase_sample
2025-06-12T00:00:00+00:00,72687554,20,all_days,reused_three_phase_sample
2025-06-12T00:00:00+00:00,72688724,20,all_days,reused_three_phase_sample
2025-06-12T00:00:00+00:00,72690093,20,all_days,reused_three_phase_sample
2025-06-12T00:00:00+00:00,72691317,20,all_days,reused_three_phase_sample
2025-06-13T00:00:00+00:00,72698009,20,all_days,reused_three_phase_sample
2025-06-13T00:00:00+00:00,72700929,20,all_days,reused_three_phase_sample
2025-06-13T00:00:00+00:00,72702738,20,all_days,reused_three_phase_sample
2025-06-13T00:00:00+00:00,72705547,20,all_days,reused_three_phase_sample
2025-06-13T00:00:00+00:00,72711036,20,all_days,reused_three_phase_sample
2025-06-13T00:00:00+00:00,72711777,20,all_days,reused_three_phase_sample
2025-06-13T00:00:00+00:00,72711872,20,all_days,reused_three_phase_sample
2025-06-13T00:00:00+00:00,72712843,20,all_days,reused_three_phase_sample
2025-06-13T00:00:00+00:00,72715484,20,all_days,reused_three_phase_sample
2025-06-13T00:00:00+00:00,72715747,20,all_days,reused_three_phase_sample
2025-06-13T00:00:00+00:00,72716553,20,all_days,reused_three_phase_sample
2025-06-13T00:00:00+00:00,72717716,20,all_days,reused_three_phase_sample
2025-06-13T00:00:00+00:00,72720292,20,all_days,reused_three_phase_sample
2025-06-13T00:00:00+00:00,72721510,20,all_days,reused_three_phase_sample
2025-06-13T00:00:00+00:00,72721742,20,all_days,reused_three_phase_sample
2025-06-13T00:00:00+00:00,72724002,20,all_days,reused_three_phase_sample
2025-06-13T00:00:00+00:00,72725986,20,all_days,reused_three_phase_sample
2025-06-13T00:00:00+00:00,72727708,20,all_days,reused_three_phase_sample
2025-06-13T00:00:00+00:00,72728942,20,all_days,reused_three_phase_sample
2025-06-13T00:00:00+00:00,72733027,20,all_days,reused_three_phase_sample
2025-06-14T00:00:00+00:00,72738911,20,all_days,reused_three_phase_sample
2025-06-14T00:00:00+00:00,72739315,20,all_days,reused_three_phase_sample
2025-06-14T00:00:00+00:00,72744744,20,all_days,reused_three_phase_sample
2025-06-14T00:00:00+00:00,72748014,20,all_days,reused_three_phase_sample
2025-06-14T00:00:00+00:00,72748838,20,all_days,reused_three_phase_sample
2025-06-14T00:00:00+00:00,72750098,20,all_days,reused_three_phase_sample
2025-06-14T00:00:00+00:00,72753798,20,all_days,reused_three_phase_sample
2025-06-14T00:00:00+00:00,72760626,20,all_days,reused_three_phase_sample
2025-06-14T00:00:00+00:00,72760910,20,all_days,reused_three_phase_sample
2025-06-14T00:00:00+00:00,72761454,20,all_days,reused_three_phase_sample
2025-06-14T00:00:00+00:00,72765191,20,all_days,reused_three_phase_sample
2025-06-14T00:00:00+00:00,72766513,20,all_days,reused_three_phase_sample
2025-06-14T00:00:00+00:00,72768690,20,all_days,reused_three_phase_sample
2025-06-14T00:00:00+00:00,72768976,20,all_days,reused_three_phase_sample
2025-06-14T00:00:00+00:00,72770354,20,all_days,reused_three_phase_sample
2025-06-14T00:00:00+00:00,72772698,20,all_days,reused_three_phase_sample
2025-06-14T00:00:00+00:00,72773215,20,all_days,reused_three_phase_sample
2025-06-14T00:00:00+00:00,72773633,20,all_days,reused_three_phase_sample
2025-06-14T00:00:00+00:00,72776323,20,all_days,reused_three_phase_sample
2025-06-14T00:00:00+00:00,72776749,20,all_days,reused_three_phase_sample
2025-06-15T00:00:00+00:00,72777827,20,all_days,reused_three_phase_sample
2025-06-15T00:00:00+00:00,72778471,20,all_days,reused_three_phase_sample
2025-06-15T00:00:00+00:00,72778969,20,all_days,reused_three_phase_sample
2025-06-15T00:00:00+00:00,72779900,20,all_days,reused_three_phase_sample
2025-06-15T00:00:00+00:00,72790114,20,all_days,reused_three_phase_sample
2025-06-15T00:00:00+00:00,72791312,20,all_days,reused_three_phase_sample
2025-06-15T00:00:00+00:00,72791562,20,all_days,reused_three_phase_sample
2025-06-15T00:00:00+00:00,72793464,20,all_days,reused_three_phase_sample
2025-06-15T00:00:00+00:00,72796434,20,all_days,reused_three_phase_sample
2025-06-15T00:00:00+00:00,72798838,20,all_days,reused_three_phase_sample
2025-06-15T00:00:00+00:00,72801358,20,all_days,reused_three_phase_sample
2025-06-15T00:00:00+00:00,72802310,20,all_days,reused_three_phase_sample
2025-06-15T00:00:00+00:00,72802675,20,all_days,reused_three_phase_sample
2025-06-15T00:00:00+00:00,72807095,20,all_days,reused_three_phase_sample
2025-06-15T00:00:00+00:00,72808793,20,all_days,reused_three_phase_sample
2025-06-15T00:00:00+00:00,72809937,20,all_days,reused_three_phase_sample
2025-06-15T00:00:00+00:00,72812028,20,all_days,reused_three_phase_sample
2025-06-15T00:00:00+00:00,72812861,20,all_days,reused_three_phase_sample
2025-06-15T00:00:00+00:00,72813847,20,all_days,reused_three_phase_sample
2025-06-15T00:00:00+00:00,72814232,20,all_days,reused_three_phase_sample
2025-06-16T00:00:00+00:00,72817961,20,all_days,reused_three_phase_sample
2025-06-16T00:00:00+00:00,72825739,20,all_days,reused_three_phase_sample
2025-06-16T00:00:00+00:00,72828911,20,all_days,reused_three_phase_sample
2025-06-16T00:00:00+00:00,72829231,20,all_days,reused_three_phase_sample
2025-06-16T00:00:00+00:00,72829547,20,all_days,reused_three_phase_sample
2025-06-16T00:00:00+00:00,72829928,20,all_days,reused_three_phase_sample
2025-06-16T00:00:00+00:00,72830004,20,all_days,reused_three_phase_sample
2025-06-16T00:00:00+00:00,72830391,20,all_days,reused_three_phase_sample
2025-06-16T00:00:00+00:00,72832774,20,all_days,reused_three_phase_sample
2025-06-16T00:00:00+00:00,72832792,20,all_days,reused_three_phase_sample
2025-06-16T00:00:00+00:00,72835153,20,all_days,reused_three_phase_sample
2025-06-16T00:00:00+00:00,72837158,20,all_days,reused_three_phase_sample
2025-06-16T00:00:00+00:00,72839656,20,all_days,reused_three_phase_sample
2025-06-16T00:00:00+00:00,72843716,20,all_days,reused_three_phase_sample
2025-06-16T00:00:00+00:00,72845502,20,all_days,reused_three_phase_sample
2025-06-16T00:00:00+00:00,72847455,20,all_days,reused_three_phase_sample
2025-06-16T00:00:00+00:00,72847557,20,all_days,reused_three_phase_sample
2025-06-16T00:00:00+00:00,72849876,20,all_days,reused_three_phase_sample
2025-06-16T00:00:00+00:00,72851368,20,all_days,reused_three_phase_sample
2025-06-16T00:00:00+00:00,72857143,20,all_days,reused_three_phase_sample
2025-06-17T00:00:00+00:00,72863812,20,all_days,reused_three_phase_sample
2025-06-17T00:00:00+00:00,72864294,20,all_days,reused_three_phase_sample
2025-06-17T00:00:00+00:00,72864807,20,all_days,reused_three_phase_sample
2025-06-17T00:00:00+00:00,72864861,20,all_days,reused_three_phase_sample
2025-06-17T00:00:00+00:00,72868686,20,all_days,reused_three_phase_sample
2025-06-17T00:00:00+00:00,72871706,20,all_days,reused_three_phase_sample
2025-06-17T00:00:00+00:00,72872396,20,all_days,reused_three_phase_sample
2025-06-17T00:00:00+00:00,72872591,20,all_days,reused_three_phase_sample
2025-06-17T00:00:00+00:00,72873240,20,all_days,reused_three_phase_sample
2025-06-17T00:00:00+00:00,72878894,20,all_days,reused_three_phase_sample
2025-06-17T00:00:00+00:00,72879576,20,all_days,reused_three_phase_sample
2025-06-17T00:00:00+00:00,72881294,20,all_days,reused_three_phase_sample
2025-06-17T00:00:00+00:00,72886256,20,all_days,reused_three_phase_sample
2025-06-17T00:00:00+00:00,72886537,20,all_days,reused_three_phase_sample
2025-06-17T00:00:00+00:00,72890056,20,all_days,reused_three_phase_sample
2025-06-17T00:00:00+00:00,72891106,20,all_days,reused_three_phase_sample
2025-06-17T00:00:00+00:00,72892196,20,all_days,reused_three_phase_sample
2025-06-17T00:00:00+00:00,72894525,20,all_days,reused_three_phase_sample
2025-06-17T00:00:00+00:00,72894646,20,all_days,reused_three_phase_sample
2025-06-17T00:00:00+00:00,72897722,20,all_days,reused_three_phase_sample
2025-06-18T00:00:00+00:00,72902727,20,all_days,reused_three_phase_sample
2025-06-18T00:00:00+00:00,72904605,20,all_days,reused_three_phase_sample
2025-06-18T00:00:00+00:00,72906502,20,all_days,reused_three_phase_sample
2025-06-18T00:00:00+00:00,72906754,20,all_days,reused_three_phase_sample
2025-06-18T00:00:00+00:00,72909118,20,all_days,reused_three_phase_sample
2025-06-18T00:00:00+00:00,72914029,20,all_days,reused_three_phase_sample
2025-06-18T00:00:00+00:00,72914721,20,all_days,reused_three_phase_sample
2025-06-18T00:00:00+00:00,72921733,20,all_days,reused_three_phase_sample
2025-06-18T00:00:00+00:00,72921990,20,all_days,reused_three_phase_sample
2025-06-18T00:00:00+00:00,72922230,20,all_days,reused_three_phase_sample
2025-06-18T00:00:00+00:00,72924062,20,all_days,reused_three_phase_sample
2025-06-18T00:00:00+00:00,72925497,20,all_days,reused_three_phase_sample
2025-06-18T00:00:00+00:00,72925947,20,all_days,reused_three_phase_sample
2025-06-18T00:00:00+00:00,72926568,20,all_days,reused_three_phase_sample
2025-06-18T00:00:00+00:00,72926574,20,all_days,reused_three_phase_sample
2025-06-18T00:00:00+00:00,72928959,20,all_days,reused_three_phase_sample
2025-06-18T00:00:00+00:00,72929196,20,all_days,reused_three_phase_sample
2025-06-18T00:00:00+00:00,72931897,20,all_days,reused_three_phase_sample
2025-06-18T00:00:00+00:00,72936381,20,all_days,reused_three_phase_sample
2025-06-18T00:00:00+00:00,72938584,20,all_days,reused_three_phase_sample
2025-06-19T00:00:00+00:00,72939473,20,all_days,reused_three_phase_sample
2025-06-19T00:00:00+00:00,72942135,20,all_days,reused_three_phase_sample
2025-06-19T00:00:00+00:00,72945005,20,all_days,reused_three_phase_sample
2025-06-19T00:00:00+00:00,72946234,20,all_days,reused_three_phase_sample
2025-06-19T00:00:00+00:00,72949142,20,all_days,reused_three_phase_sample
2025-06-19T00:00:00+00:00,72951017,20,all_days,reused_three_phase_sample
2025-06-19T00:00:00+00:00,72952330,20,all_days,reused_three_phase_sample
2025-06-19T00:00:00+00:00,72952491,20,all_days,reused_three_phase_sample
2025-06-19T00:00:00+00:00,72953894,20,all_days,reused_three_phase_sample
2025-06-19T00:00:00+00:00,72954006,20,all_days,reused_three_phase_sample
2025-06-19T00:00:00+00:00,72956645,20,all_days,reused_three_phase_sample
2025-06-19T00:00:00+00:00,72960111,20,all_days,reused_three_phase_sample
2025-06-19T00:00:00+00:00,72963059,20,all_days,reused_three_phase_sample
2025-06-19T00:00:00+00:00,72963065,20,all_days,reused_three_phase_sample
2025-06-19T00:00:00+00:00,72964855,20,all_days,reused_three_phase_sample
2025-06-19T00:00:00+00:00,72969500,20,all_days,reused_three_phase_sample
2025-06-19T00:00:00+00:00,72971665,20,all_days,reused_three_phase_sample
2025-06-19T00:00:00+00:00,72973360,20,all_days,reused_three_phase_sample
2025-06-19T00:00:00+00:00,72975042,20,all_days,reused_three_phase_sample
2025-06-19T00:00:00+00:00,72975698,20,all_days,reused_three_phase_sample
2025-06-20T00:00:00+00:00,72981552,20,all_days,reused_three_phase_sample
2025-06-20T00:00:00+00:00,72981777,20,all_days,reused_three_phase_sample
2025-06-20T00:00:00+00:00,72982515,20,all_days,reused_three_phase_sample
2025-06-20T00:00:00+00:00,72983626,20,all_days,reused_three_phase_sample
2025-06-20T00:00:00+00:00,72985683,20,all_days,reused_three_phase_sample
2025-06-20T00:00:00+00:00,72991400,20,all_days,reused_three_phase_sample
2025-06-20T00:00:00+00:00,72996339,20,all_days,reused_three_phase_sample
2025-06-20T00:00:00+00:00,72998422,20,all_days,reused_three_phase_sample
2025-06-20T00:00:00+00:00,72998687,20,all_days,reused_three_phase_sample
2025-06-20T00:00:00+00:00,72999411,20,all_days,reused_three_phase_sample
2025-06-20T00:00:00+00:00,73002623,20,all_days,reused_three_phase_sample
2025-06-20T00:00:00+00:00,73005202,20,all_days,reused_three_phase_sample
2025-06-20T00:00:00+00:00,73006924,20,all_days,reused_three_phase_sample
2025-06-20T00:00:00+00:00,73008899,20,all_days,reused_three_phase_sample
2025-06-20T00:00:00+00:00,73010914,20,all_days,reused_three_phase_sample
2025-06-20T00:00:00+00:00,73010954,20,all_days,reused_three_phase_sample
2025-06-20T00:00:00+00:00,73013287,20,all_days,reused_three_phase_sample
2025-06-20T00:00:00+00:00,73014105,20,all_days,reused_three_phase_sample
2025-06-20T00:00:00+00:00,73017440,20,all_days,reused_three_phase_sample
2025-06-20T00:00:00+00:00,73019867,20,all_days,reused_three_phase_sample
2025-06-21T00:00:00+00:00,73024921,20,all_days,reused_three_phase_sample
2025-06-21T00:00:00+00:00,73024929,20,all_days,reused_three_phase_sample
2025-06-21T00:00:00+00:00,73026252,20,all_days,reused_three_phase_sample
2025-06-21T00:00:00+00:00,73028701,20,all_days,reused_three_phase_sample
2025-06-21T00:00:00+00:00,73029517,20,all_days,reused_three_phase_sample
2025-06-21T00:00:00+00:00,73029894,20,all_days,reused_three_phase_sample
2025-06-21T00:00:00+00:00,73031855,20,all_days,reused_three_phase_sample
2025-06-21T00:00:00+00:00,73033219,20,all_days,reused_three_phase_sample
2025-06-21T00:00:00+00:00,73033836,20,all_days,reused_three_phase_sample
2025-06-21T00:00:00+00:00,73039254,20,all_days,reused_three_phase_sample
2025-06-21T00:00:00+00:00,73039843,20,all_days,reused_three_phase_sample
2025-06-21T00:00:00+00:00,73042816,20,all_days,reused_three_phase_sample
2025-06-21T00:00:00+00:00,73047305,20,all_days,reused_three_phase_sample
2025-06-21T00:00:00+00:00,73047583,20,all_days,reused_three_phase_sample
2025-06-21T00:00:00+00:00,73049263,20,all_days,reused_three_phase_sample
2025-06-21T00:00:00+00:00,73049667,20,all_days,reused_three_phase_sample
2025-06-21T00:00:00+00:00,73049930,20,all_days,reused_three_phase_sample
2025-06-21T00:00:00+00:00,73050169,20,all_days,reused_three_phase_sample
2025-06-21T00:00:00+00:00,73055557,20,all_days,reused_three_phase_sample
2025-06-21T00:00:00+00:00,73059367,20,all_days,reused_three_phase_sample
2025-06-22T00:00:00+00:00,73061630,20,all_days,reused_three_phase_sample
2025-06-22T00:00:00+00:00,73063534,20,all_days,reused_three_phase_sample
2025-06-22T00:00:00+00:00,73065184,20,all_days,reused_three_phase_sample
2025-06-22T00:00:00+00:00,73076704,20,all_days,reused_three_phase_sample
2025-06-22T00:00:00+00:00,73077500,20,all_days,reused_three_phase_sample
2025-06-22T00:00:00+00:00,73079982,20,all_days,reused_three_phase_sample
2025-06-22T00:00:00+00:00,73082961,20,all_days,reused_three_phase_sample
2025-06-22T00:00:00+00:00,73082969,20,all_days,reused_three_phase_sample
2025-06-22T00:00:00+00:00,73084198,20,all_days,reused_three_phase_sample
2025-06-22T00:00:00+00:00,73085790,20,all_days,reused_three_phase_sample
2025-06-22T00:00:00+00:00,73086760,20,all_days,reused_three_phase_sample
2025-06-22T00:00:00+00:00,73088073,20,all_days,reused_three_phase_sample
2025-06-22T00:00:00+00:00,73088297,20,all_days,reused_three_phase_sample
2025-06-22T00:00:00+00:00,73090247,20,all_days,reused_three_phase_sample
2025-06-22T00:00:00+00:00,73090513,20,all_days,reused_three_phase_sample
2025-06-22T00:00:00+00:00,73093718,20,all_days,reused_three_phase_sample
2025-06-22T00:00:00+00:00,73094324,20,all_days,reused_three_phase_sample
2025-06-22T00:00:00+00:00,73094912,20,all_days,reused_three_phase_sample
2025-06-22T00:00:00+00:00,73097098,20,all_days,reused_three_phase_sample
2025-06-22T00:00:00+00:00,73097397,20,all_days,reused_three_phase_sample
2025-06-23T00:00:00+00:00,73106603,20,all_days,reused_three_phase_sample
2025-06-23T00:00:00+00:00,73108180,20,all_days,reused_three_phase_sample
2025-06-23T00:00:00+00:00,73112662,20,all_days,reused_three_phase_sample
2025-06-23T00:00:00+00:00,73117300,20,all_days,reused_three_phase_sample
2025-06-23T00:00:00+00:00,73119237,20,all_days,reused_three_phase_sample
2025-06-23T00:00:00+00:00,73121881,20,all_days,reused_three_phase_sample
2025-06-23T00:00:00+00:00,73123026,20,all_days,reused_three_phase_sample
2025-06-23T00:00:00+00:00,73123806,20,all_days,reused_three_phase_sample
2025-06-23T00:00:00+00:00,73125234,20,all_days,reused_three_phase_sample
2025-06-23T00:00:00+00:00,73126606,20,all_days,reused_three_phase_sample
2025-06-23T00:00:00+00:00,73127864,20,all_days,reused_three_phase_sample
2025-06-23T00:00:00+00:00,73128402,20,all_days,reused_three_phase_sample
2025-06-23T00:00:00+00:00,73128424,20,all_days,reused_three_phase_sample
2025-06-23T00:00:00+00:00,73130366,20,all_days,reused_three_phase_sample
2025-06-23T00:00:00+00:00,73131708,20,all_days,reused_three_phase_sample
2025-06-23T00:00:00+00:00,73131968,20,all_days,reused_three_phase_sample
2025-06-23T00:00:00+00:00,73133079,20,all_days,reused_three_phase_sample
2025-06-23T00:00:00+00:00,73133375,20,all_days,reused_three_phase_sample
2025-06-23T00:00:00+00:00,73133632,20,all_days,reused_three_phase_sample
2025-06-23T00:00:00+00:00,73139420,20,all_days,reused_three_phase_sample
2025-06-24T00:00:00+00:00,73142261,20,all_days,reused_three_phase_sample
2025-06-24T00:00:00+00:00,73143996,20,all_days,reused_three_phase_sample
2025-06-24T00:00:00+00:00,73148530,20,all_days,reused_three_phase_sample
2025-06-24T00:00:00+00:00,73151347,20,all_days,reused_three_phase_sample
2025-06-24T00:00:00+00:00,73154022,20,all_days,reused_three_phase_sample
2025-06-24T00:00:00+00:00,73155298,20,all_days,reused_three_phase_sample
2025-06-24T00:00:00+00:00,73155338,20,all_days,reused_three_phase_sample
2025-06-24T00:00:00+00:00,73156400,20,all_days,reused_three_phase_sample
2025-06-24T00:00:00+00:00,73156432,20,all_days,reused_three_phase_sample
2025-06-24T00:00:00+00:00,73158874,20,all_days,reused_three_phase_sample
2025-06-24T00:00:00+00:00,73162759,20,all_days,reused_three_phase_sample
2025-06-24T00:00:00+00:00,73166580,20,all_days,reused_three_phase_sample
2025-06-24T00:00:00+00:00,73167945,20,all_days,reused_three_phase_sample
2025-06-24T00:00:00+00:00,73170292,20,all_days,reused_three_phase_sample
2025-06-24T00:00:00+00:00,73173921,20,all_days,reused_three_phase_sample
2025-06-24T00:00:00+00:00,73174319,20,all_days,reused_three_phase_sample
2025-06-24T00:00:00+00:00,73178161,20,all_days,reused_three_phase_sample
2025-06-24T00:00:00+00:00,73178621,20,all_days,reused_three_phase_sample
2025-06-24T00:00:00+00:00,73178880,20,all_days,reused_three_phase_sample
2025-06-24T00:00:00+00:00,73179351,20,all_days,reused_three_phase_sample
2025-06-25T00:00:00+00:00,73185774,20,all_days,reused_three_phase_sample
2025-06-25T00:00:00+00:00,73185983,20,all_days,reused_three_phase_sample
2025-06-25T00:00:00+00:00,73186940,20,all_days,reused_three_phase_sample
2025-06-25T00:00:00+00:00,73187886,20,all_days,reused_three_phase_sample
2025-06-25T00:00:00+00:00,73188443,20,all_days,reused_three_phase_sample
2025-06-25T00:00:00+00:00,73191720,20,all_days,reused_three_phase_sample
2025-06-25T00:00:00+00:00,73192229,20,all_days,reused_three_phase_sample
2025-06-25T00:00:00+00:00,73196350,20,all_days,reused_three_phase_sample
2025-06-25T00:00:00+00:00,73196630,20,all_days,reused_three_phase_sample
2025-06-25T00:00:00+00:00,73198752,20,all_days,reused_three_phase_sample
2025-06-25T00:00:00+00:00,73199372,20,all_days,reused_three_phase_sample
2025-06-25T00:00:00+00:00,73199702,20,all_days,reused_three_phase_sample
2025-06-25T00:00:00+00:00,73201181,20,all_days,reused_three_phase_sample
2025-06-25T00:00:00+00:00,73205015,20,all_days,reused_three_phase_sample
2025-06-25T00:00:00+00:00,73205646,20,all_days,reused_three_phase_sample
2025-06-25T00:00:00+00:00,73205861,20,all_days,reused_three_phase_sample
2025-06-25T00:00:00+00:00,73208209,20,all_days,reused_three_phase_sample
2025-06-25T00:00:00+00:00,73213433,20,all_days,reused_three_phase_sample
2025-06-25T00:00:00+00:00,73213859,20,all_days,reused_three_phase_sample
2025-06-25T00:00:00+00:00,73221800,20,all_days,reused_three_phase_sample
2025-06-26T00:00:00+00:00,73222775,20,all_days,reused_three_phase_sample
2025-06-26T00:00:00+00:00,73224905,20,all_days,reused_three_phase_sample
2025-06-26T00:00:00+00:00,73225706,20,all_days,reused_three_phase_sample
2025-06-26T00:00:00+00:00,73230526,20,all_days,reused_three_phase_sample
2025-06-26T00:00:00+00:00,73230680,20,all_days,reused_three_phase_sample
2025-06-26T00:00:00+00:00,73231366,20,all_days,reused_three_phase_sample
2025-06-26T00:00:00+00:00,73240171,20,all_days,reused_three_phase_sample
2025-06-26T00:00:00+00:00,73243085,20,all_days,reused_three_phase_sample
2025-06-26T00:00:00+00:00,73243924,20,all_days,reused_three_phase_sample
2025-06-26T00:00:00+00:00,73244570,20,all_days,reused_three_phase_sample
2025-06-26T00:00:00+00:00,73248836,20,all_days,reused_three_phase_sample
2025-06-26T00:00:00+00:00,73249604,20,all_days,reused_three_phase_sample
2025-06-26T00:00:00+00:00,73251195,20,all_days,reused_three_phase_sample
2025-06-26T00:00:00+00:00,73254948,20,all_days,reused_three_phase_sample
2025-06-26T00:00:00+00:00,73257473,20,all_days,reused_three_phase_sample
2025-06-26T00:00:00+00:00,73257580,20,all_days,reused_three_phase_sample
2025-06-26T00:00:00+00:00,73257871,20,all_days,reused_three_phase_sample
2025-06-26T00:00:00+00:00,73258064,20,all_days,reused_three_phase_sample
2025-06-26T00:00:00+00:00,73258666,20,all_days,reused_three_phase_sample
2025-06-26T00:00:00+00:00,73259056,20,all_days,reused_three_phase_sample
2025-06-27T00:00:00+00:00,73265494,20,all_days,reused_three_phase_sample
2025-06-27T00:00:00+00:00,73271089,20,all_days,reused_three_phase_sample
2025-06-27T00:00:00+00:00,73272473,20,all_days,reused_three_phase_sample
2025-06-27T00:00:00+00:00,73273792,20,all_days,reused_three_phase_sample
2025-06-27T00:00:00+00:00,73275793,20,all_days,reused_three_phase_sample
2025-06-27T00:00:00+00:00,73277120,20,all_days,reused_three_phase_sample
2025-06-27T00:00:00+00:00,73278419,20,all_days,reused_three_phase_sample
2025-06-27T00:00:00+00:00,73278766,20,all_days,reused_three_phase_sample
2025-06-27T00:00:00+00:00,73283366,20,all_days,reused_three_phase_sample
2025-06-27T00:00:00+00:00,73284232,20,all_days,reused_three_phase_sample
2025-06-27T00:00:00+00:00,73285030,20,all_days,reused_three_phase_sample
2025-06-27T00:00:00+00:00,73288941,20,all_days,reused_three_phase_sample
2025-06-27T00:00:00+00:00,73290044,20,all_days,reused_three_phase_sample
2025-06-27T00:00:00+00:00,73293320,20,all_days,reused_three_phase_sample
2025-06-27T00:00:00+00:00,73295290,20,all_days,reused_three_phase_sample
2025-06-27T00:00:00+00:00,73297998,20,all_days,reused_three_phase_sample
2025-06-27T00:00:00+00:00,73299900,20,all_days,reused_three_phase_sample
2025-06-27T00:00:00+00:00,73302543,20,all_days,reused_three_phase_sample
2025-06-27T00:00:00+00:00,73302818,20,all_days,reused_three_phase_sample
2025-06-27T00:00:00+00:00,73303390,20,all_days,reused_three_phase_sample
2025-06-28T00:00:00+00:00,73307159,20,all_days,reused_three_phase_sample
2025-06-28T00:00:00+00:00,73308607,20,all_days,reused_three_phase_sample
2025-06-28T00:00:00+00:00,73313149,20,all_days,reused_three_phase_sample
2025-06-28T00:00:00+00:00,73315784,20,all_days,reused_three_phase_sample
2025-06-28T00:00:00+00:00,73317002,20,all_days,reused_three_phase_sample
2025-06-28T00:00:00+00:00,73320351,20,all_days,reused_three_phase_sample
2025-06-28T00:00:00+00:00,73324290,20,all_days,reused_three_phase_sample
2025-06-28T00:00:00+00:00,73326013,20,all_days,reused_three_phase_sample
2025-06-28T00:00:00+00:00,73327663,20,all_days,reused_three_phase_sample
2025-06-28T00:00:00+00:00,73327806,20,all_days,reused_three_phase_sample
2025-06-28T00:00:00+00:00,73329291,20,all_days,reused_three_phase_sample
2025-06-28T00:00:00+00:00,73329470,20,all_days,reused_three_phase_sample
2025-06-28T00:00:00+00:00,73332539,20,all_days,reused_three_phase_sample
2025-06-28T00:00:00+00:00,73333588,20,all_days,reused_three_phase_sample
2025-06-28T00:00:00+00:00,73335082,20,all_days,reused_three_phase_sample
2025-06-28T00:00:00+00:00,73340179,20,all_days,reused_three_phase_sample
2025-06-28T00:00:00+00:00,73341618,20,all_days,reused_three_phase_sample
2025-06-28T00:00:00+00:00,73342021,20,all_days,reused_three_phase_sample
2025-06-28T00:00:00+00:00,73343828,20,all_days,reused_three_phase_sample
2025-06-28T00:00:00+00:00,73343973,20,all_days,reused_three_phase_sample
2025-06-29T00:00:00+00:00,73352050,20,all_days,reused_three_phase_sample
2025-06-29T00:00:00+00:00,73355204,20,all_days,reused_three_phase_sample
2025-06-29T00:00:00+00:00,73357864,20,all_days,reused_three_phase_sample
2025-06-29T00:00:00+00:00,73359072,20,all_days,reused_three_phase_sample
2025-06-29T00:00:00+00:00,73360106,20,all_days,reused_three_phase_sample
2025-06-29T00:00:00+00:00,73363953,20,all_days,reused_three_phase_sample
2025-06-29T00:00:00+00:00,73364461,20,all_days,reused_three_phase_sample
2025-06-29T00:00:00+00:00,73365042,20,all_days,reused_three_phase_sample
2025-06-29T00:00:00+00:00,73365284,20,all_days,reused_three_phase_sample
2025-06-29T00:00:00+00:00,73365975,20,all_days,reused_three_phase_sample
2025-06-29T00:00:00+00:00,73371257,20,all_days,reused_three_phase_sample
2025-06-29T00:00:00+00:00,73371750,20,all_days,reused_three_phase_sample
2025-06-29T00:00:00+00:00,73372447,20,all_days,reused_three_phase_sample
2025-06-29T00:00:00+00:00,73372676,20,all_days,reused_three_phase_sample
2025-06-29T00:00:00+00:00,73372870,20,all_days,reused_three_phase_sample
2025-06-29T00:00:00+00:00,73372879,20,all_days,reused_three_phase_sample
2025-06-29T00:00:00+00:00,73376746,20,all_days,reused_three_phase_sample
2025-06-29T00:00:00+00:00,73378405,20,all_days,reused_three_phase_sample
2025-06-29T00:00:00+00:00,73382343,20,all_days,reused_three_phase_sample
2025-06-29T00:00:00+00:00,73382524,20,all_days,reused_three_phase_sample
2025-06-30T00:00:00+00:00,73386839,20,all_days,reused_three_phase_sample
2025-06-30T00:00:00+00:00,73386931,20,all_days,reused_three_phase_sample
2025-06-30T00:00:00+00:00,73387244,20,all_days,reused_three_phase_sample
2025-06-30T00:00:00+00:00,73389199,20,all_days,reused_three_phase_sample
2025-06-30T00:00:00+00:00,73401062,20,all_days,reused_three_phase_sample
2025-06-30T00:00:00+00:00,73401562,20,all_days,reused_three_phase_sample
2025-06-30T00:00:00+00:00,73403794,20,all_days,reused_three_phase_sample
2025-06-30T00:00:00+00:00,73405019,20,all_days,reused_three_phase_sample
2025-06-30T00:00:00+00:00,73406150,20,all_days,reused_three_phase_sample
2025-06-30T00:00:00+00:00,73406451,20,all_days,reused_three_phase_sample
2025-06-30T00:00:00+00:00,73410132,20,all_days,reused_three_phase_sample
2025-06-30T00:00:00+00:00,73413680,20,all_days,reused_three_phase_sample
2025-06-30T00:00:00+00:00,73413863,20,all_days,reused_three_phase_sample
2025-06-30T00:00:00+00:00,73414880,20,all_days,reused_three_phase_sample
2025-06-30T00:00:00+00:00,73417974,20,all_days,reused_three_phase_sample
2025-06-30T00:00:00+00:00,73419178,20,all_days,reused_three_phase_sample
2025-06-30T00:00:00+00:00,73420051,20,all_days,reused_three_phase_sample
2025-06-30T00:00:00+00:00,73421456,20,all_days,reused_three_phase_sample
2025-06-30T00:00:00+00:00,73422180,20,all_days,reused_three_phase_sample
2025-06-30T00:00:00+00:00,73424724,20,all_days,reused_three_phase_sample
2025-07-01T00:00:00+00:00,73426440,20,all_days,reused_three_phase_sample
2025-07-01T00:00:00+00:00,73426588,20,all_days,reused_three_phase_sample
2025-07-01T00:00:00+00:00,73427956,20,all_days,reused_three_phase_sample
2025-07-01T00:00:00+00:00,73432387,20,all_days,reused_three_phase_sample
2025-07-01T00:00:00+00:00,73434474,20,all_days,reused_three_phase_sample
2025-07-01T00:00:00+00:00,73435629,20,all_days,reused_three_phase_sample
2025-07-01T00:00:00+00:00,73436806,20,all_days,reused_three_phase_sample
2025-07-01T00:00:00+00:00,73440941,20,all_days,reused_three_phase_sample
2025-07-01T00:00:00+00:00,73441188,20,all_days,reused_three_phase_sample
2025-07-01T00:00:00+00:00,73441904,20,all_days,reused_three_phase_sample
2025-07-01T00:00:00+00:00,73445877,20,all_days,reused_three_phase_sample
2025-07-01T00:00:00+00:00,73446026,20,all_days,reused_three_phase_sample
2025-07-01T00:00:00+00:00,73450924,20,all_days,reused_three_phase_sample
2025-07-01T00:00:00+00:00,73454666,20,all_days,reused_three_phase_sample
2025-07-01T00:00:00+00:00,73455519,20,all_days,reused_three_phase_sample
2025-07-01T00:00:00+00:00,73458419,20,all_days,reused_three_phase_sample
2025-07-01T00:00:00+00:00,73461853,20,all_days,reused_three_phase_sample
2025-07-01T00:00:00+00:00,73462935,20,all_days,reused_three_phase_sample
2025-07-01T00:00:00+00:00,73463528,20,all_days,reused_three_phase_sample
2025-07-01T00:00:00+00:00,73464386,20,all_days,reused_three_phase_sample
2025-07-02T00:00:00+00:00,73468140,20,all_days,reused_three_phase_sample
2025-07-02T00:00:00+00:00,73470308,20,all_days,reused_three_phase_sample
2025-07-02T00:00:00+00:00,73475628,20,all_days,reused_three_phase_sample
2025-07-02T00:00:00+00:00,73476614,20,all_days,reused_three_phase_sample
2025-07-02T00:00:00+00:00,73477903,20,all_days,reused_three_phase_sample
2025-07-02T00:00:00+00:00,73479456,20,all_days,reused_three_phase_sample
2025-07-02T00:00:00+00:00,73479588,20,all_days,reused_three_phase_sample
2025-07-02T00:00:00+00:00,73481708,20,all_days,reused_three_phase_sample
2025-07-02T00:00:00+00:00,73483029,20,all_days,reused_three_phase_sample
2025-07-02T00:00:00+00:00,73486006,20,all_days,reused_three_phase_sample
2025-07-02T00:00:00+00:00,73493249,20,all_days,reused_three_phase_sample
2025-07-02T00:00:00+00:00,73494765,20,all_days,reused_three_phase_sample
2025-07-02T00:00:00+00:00,73495537,20,all_days,reused_three_phase_sample
2025-07-02T00:00:00+00:00,73496831,20,all_days,reused_three_phase_sample
2025-07-02T00:00:00+00:00,73498094,20,all_days,reused_three_phase_sample
2025-07-02T00:00:00+00:00,73499458,20,all_days,reused_three_phase_sample
2025-07-02T00:00:00+00:00,73499999,20,all_days,reused_three_phase_sample
2025-07-02T00:00:00+00:00,73502698,20,all_days,reused_three_phase_sample
2025-07-02T00:00:00+00:00,73504586,20,all_days,reused_three_phase_sample
2025-07-02T00:00:00+00:00,73505619,20,all_days,reused_three_phase_sample
2025-07-03T00:00:00+00:00,73506489,20,all_days,reused_three_phase_sample
2025-07-03T00:00:00+00:00,73512832,20,all_days,reused_three_phase_sample
2025-07-03T00:00:00+00:00,73518016,20,all_days,reused_three_phase_sample
2025-07-03T00:00:00+00:00,73518565,20,all_days,reused_three_phase_sample
2025-07-03T00:00:00+00:00,73518831,20,all_days,reused_three_phase_sample
2025-07-03T00:00:00+00:00,73519381,20,all_days,reused_three_phase_sample
2025-07-03T00:00:00+00:00,73519859,20,all_days,reused_three_phase_sample
2025-07-03T00:00:00+00:00,73520328,20,all_days,reused_three_phase_sample
2025-07-03T00:00:00+00:00,73520818,20,all_days,reused_three_phase_sample
2025-07-03T00:00:00+00:00,73531201,20,all_days,reused_three_phase_sample
2025-07-03T00:00:00+00:00,73531707,20,all_days,reused_three_phase_sample
2025-07-03T00:00:00+00:00,73531712,20,all_days,reused_three_phase_sample
2025-07-03T00:00:00+00:00,73535447,20,all_days,reused_three_phase_sample
2025-07-03T00:00:00+00:00,73538395,20,all_days,reused_three_phase_sample
2025-07-03T00:00:00+00:00,73539526,20,all_days,reused_three_phase_sample
2025-07-03T00:00:00+00:00,73542171,20,all_days,reused_three_phase_sample
2025-07-03T00:00:00+00:00,73542811,20,all_days,reused_three_phase_sample
2025-07-03T00:00:00+00:00,73543091,20,all_days,reused_three_phase_sample
2025-07-03T00:00:00+00:00,73543308,20,all_days,reused_three_phase_sample
2025-07-03T00:00:00+00:00,73544871,20,all_days,reused_three_phase_sample
2025-07-04T00:00:00+00:00,73546599,20,all_days,reused_three_phase_sample
2025-07-04T00:00:00+00:00,73547346,20,all_days,reused_three_phase_sample
2025-07-04T00:00:00+00:00,73550208,20,all_days,reused_three_phase_sample
2025-07-04T00:00:00+00:00,73550627,20,all_days,reused_three_phase_sample
2025-07-04T00:00:00+00:00,73552026,20,all_days,reused_three_phase_sample
2025-07-04T00:00:00+00:00,73565369,20,all_days,reused_three_phase_sample
2025-07-04T00:00:00+00:00,73566396,20,all_days,reused_three_phase_sample
2025-07-04T00:00:00+00:00,73567595,20,all_days,reused_three_phase_sample
2025-07-04T00:00:00+00:00,73567783,20,all_days,reused_three_phase_sample
2025-07-04T00:00:00+00:00,73568747,20,all_days,reused_three_phase_sample
2025-07-04T00:00:00+00:00,73569703,20,all_days,reused_three_phase_sample
2025-07-04T00:00:00+00:00,73571133,20,all_days,reused_three_phase_sample
2025-07-04T00:00:00+00:00,73574842,20,all_days,reused_three_phase_sample
2025-07-04T00:00:00+00:00,73574864,20,all_days,reused_three_phase_sample
2025-07-04T00:00:00+00:00,73575518,20,all_days,reused_three_phase_sample
2025-07-04T00:00:00+00:00,73576699,20,all_days,reused_three_phase_sample
2025-07-04T00:00:00+00:00,73578460,20,all_days,reused_three_phase_sample
2025-07-04T00:00:00+00:00,73578489,20,all_days,reused_three_phase_sample
2025-07-04T00:00:00+00:00,73584252,20,all_days,reused_three_phase_sample
2025-07-04T00:00:00+00:00,73586203,20,all_days,reused_three_phase_sample
2025-07-05T00:00:00+00:00,73590962,20,all_days,reused_three_phase_sample
2025-07-05T00:00:00+00:00,73593261,20,all_days,reused_three_phase_sample
2025-07-05T00:00:00+00:00,73596824,20,all_days,reused_three_phase_sample
2025-07-05T00:00:00+00:00,73597685,20,all_days,reused_three_phase_sample
2025-07-05T00:00:00+00:00,73604983,20,all_days,reused_three_phase_sample
2025-07-05T00:00:00+00:00,73608047,20,all_days,reused_three_phase_sample
2025-07-05T00:00:00+00:00,73608660,20,all_days,reused_three_phase_sample
2025-07-05T00:00:00+00:00,73609692,20,all_days,reused_three_phase_sample
2025-07-05T00:00:00+00:00,73609808,20,all_days,reused_three_phase_sample
2025-07-05T00:00:00+00:00,73613924,20,all_days,reused_three_phase_sample
2025-07-05T00:00:00+00:00,73615843,20,all_days,reused_three_phase_sample
2025-07-05T00:00:00+00:00,73616343,20,all_days,reused_three_phase_sample
2025-07-05T00:00:00+00:00,73616505,20,all_days,reused_three_phase_sample
2025-07-05T00:00:00+00:00,73620567,20,all_days,reused_three_phase_sample
2025-07-05T00:00:00+00:00,73621493,20,all_days,reused_three_phase_sample
2025-07-05T00:00:00+00:00,73623269,20,all_days,reused_three_phase_sample
2025-07-05T00:00:00+00:00,73624068,20,all_days,reused_three_phase_sample
2025-07-05T00:00:00+00:00,73624985,20,all_days,reused_three_phase_sample
2025-07-05T00:00:00+00:00,73626317,20,all_days,reused_three_phase_sample
2025-07-05T00:00:00+00:00,73626763,20,all_days,reused_three_phase_sample
2025-07-06T00:00:00+00:00,73628551,20,all_days,reused_three_phase_sample
2025-07-06T00:00:00+00:00,73628797,20,all_days,reused_three_phase_sample
2025-07-06T00:00:00+00:00,73632595,20,all_days,reused_three_phase_sample
2025-07-06T00:00:00+00:00,73635518,20,all_days,reused_three_phase_sample
2025-07-06T00:00:00+00:00,73638524,20,all_days,reused_three_phase_sample
2025-07-06T00:00:00+00:00,73640230,20,all_days,reused_three_phase_sample
2025-07-06T00:00:00+00:00,73643721,20,all_days,reused_three_phase_sample
2025-07-06T00:00:00+00:00,73647193,20,all_days,reused_three_phase_sample
2025-07-06T00:00:00+00:00,73648411,20,all_days,reused_three_phase_sample
2025-07-06T00:00:00+00:00,73649562,20,all_days,reused_three_phase_sample
2025-07-06T00:00:00+00:00,73653405,20,all_days,reused_three_phase_sample
2025-07-06T00:00:00+00:00,73654164,20,all_days,reused_three_phase_sample
2025-07-06T00:00:00+00:00,73655216,20,all_days,reused_three_phase_sample
2025-07-06T00:00:00+00:00,73658917,20,all_days,reused_three_phase_sample
2025-07-06T00:00:00+00:00,73659649,20,all_days,reused_three_phase_sample
2025-07-06T00:00:00+00:00,73659918,20,all_days,reused_three_phase_sample
2025-07-06T00:00:00+00:00,73660526,20,all_days,reused_three_phase_sample
2025-07-06T00:00:00+00:00,73663793,20,all_days,reused_three_phase_sample
2025-07-06T00:00:00+00:00,73664658,20,all_days,reused_three_phase_sample
2025-07-06T00:00:00+00:00,73665882,20,all_days,reused_three_phase_sample
2025-07-07T00:00:00+00:00,73668184,20,all_days,reused_three_phase_sample
2025-07-07T00:00:00+00:00,73668885,20,all_days,reused_three_phase_sample
2025-07-07T00:00:00+00:00,73669329,20,all_days,reused_three_phase_sample
2025-07-07T00:00:00+00:00,73671049,20,all_days,reused_three_phase_sample
2025-07-07T00:00:00+00:00,73672204,20,all_days,reused_three_phase_sample
2025-07-07T00:00:00+00:00,73674050,20,all_days,reused_three_phase_sample
2025-07-07T00:00:00+00:00,73675017,20,all_days,reused_three_phase_sample
2025-07-07T00:00:00+00:00,73677211,20,all_days,reused_three_phase_sample
2025-07-07T00:00:00+00:00,73686243,20,all_days,reused_three_phase_sample
2025-07-07T00:00:00+00:00,73686860,20,all_days,reused_three_phase_sample
2025-07-07T00:00:00+00:00,73687066,20,all_days,reused_three_phase_sample
2025-07-07T00:00:00+00:00,73689719,20,all_days,reused_three_phase_sample
2025-07-07T00:00:00+00:00,73691730,20,all_days,reused_three_phase_sample
2025-07-07T00:00:00+00:00,73692675,20,all_days,reused_three_phase_sample
2025-07-07T00:00:00+00:00,73694216,20,all_days,reused_three_phase_sample
2025-07-07T00:00:00+00:00,73695053,20,all_days,reused_three_phase_sample
2025-07-07T00:00:00+00:00,73697377,20,all_days,reused_three_phase_sample
2025-07-07T00:00:00+00:00,73698923,20,all_days,reused_three_phase_sample
2025-07-07T00:00:00+00:00,73703430,20,all_days,reused_three_phase_sample
2025-07-07T00:00:00+00:00,73703968,20,all_days,reused_three_phase_sample
2025-07-08T00:00:00+00:00,73709201,20,all_days,reused_three_phase_sample
2025-07-08T00:00:00+00:00,73709482,20,all_days,reused_three_phase_sample
2025-07-08T00:00:00+00:00,73710654,20,all_days,reused_three_phase_sample
2025-07-08T00:00:00+00:00,73714970,20,all_days,reused_three_phase_sample
2025-07-08T00:00:00+00:00,73715827,20,all_days,reused_three_phase_sample
2025-07-08T00:00:00+00:00,73716178,20,all_days,reused_three_phase_sample
2025-07-08T00:00:00+00:00,73718212,20,all_days,reused_three_phase_sample
2025-07-08T00:00:00+00:00,73718498,20,all_days,reused_three_phase_sample
2025-07-08T00:00:00+00:00,73726361,20,all_days,reused_three_phase_sample
2025-07-08T00:00:00+00:00,73728155,20,all_days,reused_three_phase_sample
2025-07-08T00:00:00+00:00,73728661,20,all_days,reused_three_phase_sample
2025-07-08T00:00:00+00:00,73729045,20,all_days,reused_three_phase_sample
2025-07-08T00:00:00+00:00,73729250,20,all_days,reused_three_phase_sample
2025-07-08T00:00:00+00:00,73731663,20,all_days,reused_three_phase_sample
2025-07-08T00:00:00+00:00,73734799,20,all_days,reused_three_phase_sample
2025-07-08T00:00:00+00:00,73741730,20,all_days,reused_three_phase_sample
2025-07-08T00:00:00+00:00,73746959,20,all_days,reused_three_phase_sample
2025-07-08T00:00:00+00:00,73747764,20,all_days,reused_three_phase_sample
2025-07-08T00:00:00+00:00,73748162,20,all_days,reused_three_phase_sample
2025-07-08T00:00:00+00:00,73749214,20,all_days,reused_three_phase_sample
2025-07-09T00:00:00+00:00,73750216,20,all_days,reused_three_phase_sample
2025-07-09T00:00:00+00:00,73752232,20,all_days,reused_three_phase_sample
2025-07-09T00:00:00+00:00,73753794,20,all_days,reused_three_phase_sample
2025-07-09T00:00:00+00:00,73754030,20,all_days,reused_three_phase_sample
2025-07-09T00:00:00+00:00,73754851,20,all_days,reused_three_phase_sample
2025-07-09T00:00:00+00:00,73755419,20,all_days,reused_three_phase_sample
2025-07-09T00:00:00+00:00,73756977,20,all_days,reused_three_phase_sample
2025-07-09T00:00:00+00:00,73757886,20,all_days,reused_three_phase_sample
2025-07-09T00:00:00+00:00,73762874,20,all_days,reused_three_phase_sample
2025-07-09T00:00:00+00:00,73764478,20,all_days,reused_three_phase_sample
2025-07-09T00:00:00+00:00,73767779,20,all_days,reused_three_phase_sample
2025-07-09T00:00:00+00:00,73770797,20,all_days,reused_three_phase_sample
2025-07-09T00:00:00+00:00,73772247,20,all_days,reused_three_phase_sample
2025-07-09T00:00:00+00:00,73772511,20,all_days,reused_three_phase_sample
2025-07-09T00:00:00+00:00,73774753,20,all_days,reused_three_phase_sample
2025-07-09T00:00:00+00:00,73778824,20,all_days,reused_three_phase_sample
2025-07-09T00:00:00+00:00,73779175,20,all_days,reused_three_phase_sample
2025-07-09T00:00:00+00:00,73781218,20,all_days,reused_three_phase_sample
2025-07-09T00:00:00+00:00,73785343,20,all_days,reused_three_phase_sample
2025-07-09T00:00:00+00:00,73785598,20,all_days,reused_three_phase_sample
2025-07-10T00:00:00+00:00,73790997,20,all_days,reused_three_phase_sample
2025-07-10T00:00:00+00:00,73793489,20,all_days,reused_three_phase_sample
2025-07-10T00:00:00+00:00,73793535,20,all_days,reused_three_phase_sample
2025-07-10T00:00:00+00:00,73797099,20,all_days,reused_three_phase_sample
2025-07-10T00:00:00+00:00,73799490,20,all_days,reused_three_phase_sample
2025-07-10T00:00:00+00:00,73800667,20,all_days,reused_three_phase_sample
2025-07-10T00:00:00+00:00,73802272,20,all_days,reused_three_phase_sample
2025-07-10T00:00:00+00:00,73803468,20,all_days,reused_three_phase_sample
2025-07-10T00:00:00+00:00,73805960,20,all_days,reused_three_phase_sample
2025-07-10T00:00:00+00:00,73806353,20,all_days,reused_three_phase_sample
2025-07-10T00:00:00+00:00,73807595,20,all_days,reused_three_phase_sample
2025-07-10T00:00:00+00:00,73808350,20,all_days,reused_three_phase_sample
2025-07-10T00:00:00+00:00,73811205,20,all_days,reused_three_phase_sample
2025-07-10T00:00:00+00:00,73811620,20,all_days,reused_three_phase_sample
2025-07-10T00:00:00+00:00,73812315,20,all_days,reused_three_phase_sample
2025-07-10T00:00:00+00:00,73812459,20,all_days,reused_three_phase_sample
2025-07-10T00:00:00+00:00,73813056,20,all_days,reused_three_phase_sample
2025-07-10T00:00:00+00:00,73817568,20,all_days,reused_three_phase_sample
2025-07-10T00:00:00+00:00,73818408,20,all_days,reused_three_phase_sample
2025-07-10T00:00:00+00:00,73819630,20,all_days,reused_three_phase_sample
2025-07-11T00:00:00+00:00,73827258,20,all_days,reused_three_phase_sample
2025-07-11T00:00:00+00:00,73827372,20,all_days,reused_three_phase_sample
2025-07-11T00:00:00+00:00,73828888,20,all_days,reused_three_phase_sample
2025-07-11T00:00:00+00:00,73829047,20,all_days,reused_three_phase_sample
2025-07-11T00:00:00+00:00,73830829,20,all_days,reused_three_phase_sample
2025-07-11T00:00:00+00:00,73831005,20,all_days,reused_three_phase_sample
2025-07-11T00:00:00+00:00,73831142,20,all_days,reused_three_phase_sample
2025-07-11T00:00:00+00:00,73834525,20,all_days,reused_three_phase_sample
2025-07-11T00:00:00+00:00,73834729,20,all_days,reused_three_phase_sample
2025-07-11T00:00:00+00:00,73834937,20,all_days,reused_three_phase_sample
2025-07-11T00:00:00+00:00,73835537,20,all_days,reused_three_phase_sample
2025-07-11T00:00:00+00:00,73836851,20,all_days,reused_three_phase_sample
2025-07-11T00:00:00+00:00,73837837,20,all_days,reused_three_phase_sample
2025-07-11T00:00:00+00:00,73840402,20,all_days,reused_three_phase_sample
2025-07-11T00:00:00+00:00,73843105,20,all_days,reused_three_phase_sample
2025-07-11T00:00:00+00:00,73845979,20,all_days,reused_three_phase_sample
2025-07-11T00:00:00+00:00,73849451,20,all_days,reused_three_phase_sample
2025-07-11T00:00:00+00:00,73854309,20,all_days,reused_three_phase_sample
2025-07-11T00:00:00+00:00,73854325,20,all_days,reused_three_phase_sample
2025-07-11T00:00:00+00:00,73854853,20,all_days,reused_three_phase_sample
2025-07-12T00:00:00+00:00,73854915,20,all_days,reused_three_phase_sample
2025-07-12T00:00:00+00:00,73856093,20,all_days,reused_three_phase_sample
2025-07-12T00:00:00+00:00,73858062,20,all_days,reused_three_phase_sample
2025-07-12T00:00:00+00:00,73860224,20,all_days,reused_three_phase_sample
2025-07-12T00:00:00+00:00,73861897,20,all_days,reused_three_phase_sample
2025-07-12T00:00:00+00:00,73863645,20,all_days,reused_three_phase_sample
2025-07-12T00:00:00+00:00,73864861,20,all_days,reused_three_phase_sample
2025-07-12T00:00:00+00:00,73867307,20,all_days,reused_three_phase_sample
2025-07-12T00:00:00+00:00,73867626,20,all_days,reused_three_phase_sample
2025-07-12T00:00:00+00:00,73869331,20,all_days,reused_three_phase_sample
2025-07-12T00:00:00+00:00,73870457,20,all_days,reused_three_phase_sample
2025-07-12T00:00:00+00:00,73871936,20,all_days,reused_three_phase_sample
2025-07-12T00:00:00+00:00,73873858,20,all_days,reused_three_phase_sample
2025-07-12T00:00:00+00:00,73882158,20,all_days,reused_three_phase_sample
2025-07-12T00:00:00+00:00,73883490,20,all_days,reused_three_phase_sample
2025-07-12T00:00:00+00:00,73885024,20,all_days,reused_three_phase_sample
2025-07-12T00:00:00+00:00,73888039,20,all_days,reused_three_phase_sample
2025-07-12T00:00:00+00:00,73888100,20,all_days,reused_three_phase_sample
2025-07-12T00:00:00+00:00,73888242,20,all_days,reused_three_phase_sample
2025-07-12T00:00:00+00:00,73891997,20,all_days,reused_three_phase_sample
2025-07-13T00:00:00+00:00,73897291,20,all_days,reused_three_phase_sample
2025-07-13T00:00:00+00:00,73897342,20,all_days,reused_three_phase_sample
2025-07-13T00:00:00+00:00,73897898,20,all_days,reused_three_phase_sample
2025-07-13T00:00:00+00:00,73899030,20,all_days,reused_three_phase_sample
2025-07-13T00:00:00+00:00,73899379,20,all_days,reused_three_phase_sample
2025-07-13T00:00:00+00:00,73900005,20,all_days,reused_three_phase_sample
2025-07-13T00:00:00+00:00,73900013,20,all_days,reused_three_phase_sample
2025-07-13T00:00:00+00:00,73906997,20,all_days,reused_three_phase_sample
2025-07-13T00:00:00+00:00,73916239,20,all_days,reused_three_phase_sample
2025-07-13T00:00:00+00:00,73918215,20,all_days,reused_three_phase_sample
2025-07-13T00:00:00+00:00,73918807,20,all_days,reused_three_phase_sample
2025-07-13T00:00:00+00:00,73921473,20,all_days,reused_three_phase_sample
2025-07-13T00:00:00+00:00,73921672,20,all_days,reused_three_phase_sample
2025-07-13T00:00:00+00:00,73922390,20,all_days,reused_three_phase_sample
2025-07-13T00:00:00+00:00,73923607,20,all_days,reused_three_phase_sample
2025-07-13T00:00:00+00:00,73928406,20,all_days,reused_three_phase_sample
2025-07-13T00:00:00+00:00,73928881,20,all_days,reused_three_phase_sample
2025-07-13T00:00:00+00:00,73928890,20,all_days,reused_three_phase_sample
2025-07-13T00:00:00+00:00,73929118,20,all_days,reused_three_phase_sample
2025-07-13T00:00:00+00:00,73929499,20,all_days,reused_three_phase_sample
2025-07-14T00:00:00+00:00,73930628,20,all_days,reused_three_phase_sample
2025-07-14T00:00:00+00:00,73931850,20,all_days,reused_three_phase_sample
2025-07-14T00:00:00+00:00,73938244,20,all_days,reused_three_phase_sample
2025-07-14T00:00:00+00:00,73938911,20,all_days,reused_three_phase_sample
2025-07-14T00:00:00+00:00,73946741,20,all_days,reused_three_phase_sample
2025-07-14T00:00:00+00:00,73947011,20,all_days,reused_three_phase_sample
2025-07-14T00:00:00+00:00,73949532,20,all_days,reused_three_phase_sample
2025-07-14T00:00:00+00:00,73950415,20,all_days,reused_three_phase_sample
2025-07-14T00:00:00+00:00,73954171,20,all_days,reused_three_phase_sample
2025-07-14T00:00:00+00:00,73957345,20,all_days,reused_three_phase_sample
2025-07-14T00:00:00+00:00,73957709,20,all_days,reused_three_phase_sample
2025-07-14T00:00:00+00:00,73959774,20,all_days,reused_three_phase_sample
2025-07-14T00:00:00+00:00,73961698,20,all_days,reused_three_phase_sample
2025-07-14T00:00:00+00:00,73962176,20,all_days,reused_three_phase_sample
2025-07-14T00:00:00+00:00,73963665,20,all_days,reused_three_phase_sample
2025-07-14T00:00:00+00:00,73964024,20,all_days,reused_three_phase_sample
2025-07-14T00:00:00+00:00,73964122,20,all_days,reused_three_phase_sample
2025-07-14T00:00:00+00:00,73965742,20,all_days,reused_three_phase_sample
2025-07-14T00:00:00+00:00,73966703,20,all_days,reused_three_phase_sample
2025-07-14T00:00:00+00:00,73967295,20,all_days,reused_three_phase_sample
2025-07-15T00:00:00+00:00,73969344,20,all_days,reused_three_phase_sample
2025-07-15T00:00:00+00:00,73972155,20,all_days,reused_three_phase_sample
2025-07-15T00:00:00+00:00,73972279,20,all_days,reused_three_phase_sample
2025-07-15T00:00:00+00:00,73974278,20,all_days,reused_three_phase_sample
2025-07-15T00:00:00+00:00,73979579,20,all_days,reused_three_phase_sample
2025-07-15T00:00:00+00:00,73981711,20,all_days,reused_three_phase_sample
2025-07-15T00:00:00+00:00,73981859,20,all_days,reused_three_phase_sample
2025-07-15T00:00:00+00:00,73983608,20,all_days,reused_three_phase_sample
2025-07-15T00:00:00+00:00,73984078,20,all_days,reused_three_phase_sample
2025-07-15T00:00:00+00:00,73984732,20,all_days,reused_three_phase_sample
2025-07-15T00:00:00+00:00,73986140,20,all_days,reused_three_phase_sample
2025-07-15T00:00:00+00:00,73988755,20,all_days,reused_three_phase_sample
2025-07-15T00:00:00+00:00,73989431,20,all_days,reused_three_phase_sample
2025-07-15T00:00:00+00:00,73992846,20,all_days,reused_three_phase_sample
2025-07-15T00:00:00+00:00,73993162,20,all_days,reused_three_phase_sample
2025-07-15T00:00:00+00:00,73993620,20,all_days,reused_three_phase_sample
2025-07-15T00:00:00+00:00,74002151,20,all_days,reused_three_phase_sample
2025-07-15T00:00:00+00:00,74003108,20,all_days,reused_three_phase_sample
2025-07-15T00:00:00+00:00,74004454,20,all_days,reused_three_phase_sample
2025-07-15T00:00:00+00:00,74006457,20,all_days,reused_three_phase_sample
2025-07-16T00:00:00+00:00,74008221,20,all_days,reused_three_phase_sample
2025-07-16T00:00:00+00:00,74011185,20,all_days,reused_three_phase_sample
2025-07-16T00:00:00+00:00,74011828,20,all_days,reused_three_phase_sample
2025-07-16T00:00:00+00:00,74012419,20,all_days,reused_three_phase_sample
2025-07-16T00:00:00+00:00,74024237,20,all_days,reused_three_phase_sample
2025-07-16T00:00:00+00:00,74025276,20,all_days,reused_three_phase_sample
2025-07-16T00:00:00+00:00,74025931,20,all_days,reused_three_phase_sample
2025-07-16T00:00:00+00:00,74027833,20,all_days,reused_three_phase_sample
2025-07-16T00:00:00+00:00,74029086,20,all_days,reused_three_phase_sample
2025-07-16T00:00:00+00:00,74030536,20,all_days,reused_three_phase_sample
2025-07-16T00:00:00+00:00,74031864,20,all_days,reused_three_phase_sample
2025-07-16T00:00:00+00:00,74032559,20,all_days,reused_three_phase_sample
2025-07-16T00:00:00+00:00,74034344,20,all_days,reused_three_phase_sample
2025-07-16T00:00:00+00:00,74038289,20,all_days,reused_three_phase_sample
2025-07-16T00:00:00+00:00,74038601,20,all_days,reused_three_phase_sample
2025-07-16T00:00:00+00:00,74041525,20,all_days,reused_three_phase_sample
2025-07-16T00:00:00+00:00,74042080,20,all_days,reused_three_phase_sample
2025-07-16T00:00:00+00:00,74042441,20,all_days,reused_three_phase_sample
2025-07-16T00:00:00+00:00,74046123,20,all_days,reused_three_phase_sample
2025-07-16T00:00:00+00:00,74046948,20,all_days,reused_three_phase_sample
2025-07-17T00:00:00+00:00,74048290,20,all_days,reused_three_phase_sample
2025-07-17T00:00:00+00:00,74050226,20,all_days,reused_three_phase_sample
2025-07-17T00:00:00+00:00,74050952,20,all_days,reused_three_phase_sample
2025-07-17T00:00:00+00:00,74053458,20,all_days,reused_three_phase_sample
2025-07-17T00:00:00+00:00,74054934,20,all_days,reused_three_phase_sample
2025-07-17T00:00:00+00:00,74055241,20,all_days,reused_three_phase_sample
2025-07-17T00:00:00+00:00,74057799,20,all_days,reused_three_phase_sample
2025-07-17T00:00:00+00:00,74060320,20,all_days,reused_three_phase_sample
2025-07-17T00:00:00+00:00,74065584,20,all_days,reused_three_phase_sample
2025-07-17T00:00:00+00:00,74067277,20,all_days,reused_three_phase_sample
2025-07-17T00:00:00+00:00,74067758,20,all_days,reused_three_phase_sample
2025-07-17T00:00:00+00:00,74070819,20,all_days,reused_three_phase_sample
2025-07-17T00:00:00+00:00,74070921,20,all_days,reused_three_phase_sample
2025-07-17T00:00:00+00:00,74073223,20,all_days,reused_three_phase_sample
2025-07-17T00:00:00+00:00,74074019,20,all_days,reused_three_phase_sample
2025-07-17T00:00:00+00:00,74077827,20,all_days,reused_three_phase_sample
2025-07-17T00:00:00+00:00,74079353,20,all_days,reused_three_phase_sample
2025-07-17T00:00:00+00:00,74080533,20,all_days,reused_three_phase_sample
2025-07-17T00:00:00+00:00,74081817,20,all_days,reused_three_phase_sample
2025-07-17T00:00:00+00:00,74083670,20,all_days,reused_three_phase_sample
2025-07-18T00:00:00+00:00,74093105,20,all_days,reused_three_phase_sample
2025-07-18T00:00:00+00:00,74098276,20,all_days,reused_three_phase_sample
2025-07-18T00:00:00+00:00,74098866,20,all_days,reused_three_phase_sample
2025-07-18T00:00:00+00:00,74100546,20,all_days,reused_three_phase_sample
2025-07-18T00:00:00+00:00,74102101,20,all_days,reused_three_phase_sample
2025-07-18T00:00:00+00:00,74102219,20,all_days,reused_three_phase_sample
2025-07-18T00:00:00+00:00,74103956,20,all_days,reused_three_phase_sample
2025-07-18T00:00:00+00:00,74105461,20,all_days,reused_three_phase_sample
2025-07-18T00:00:00+00:00,74105826,20,all_days,reused_three_phase_sample
2025-07-18T00:00:00+00:00,74106668,20,all_days,reused_three_phase_sample
2025-07-18T00:00:00+00:00,74110688,20,all_days,reused_three_phase_sample
2025-07-18T00:00:00+00:00,74113514,20,all_days,reused_three_phase_sample
2025-07-18T00:00:00+00:00,74113770,20,all_days,reused_three_phase_sample
2025-07-18T00:00:00+00:00,74114389,20,all_days,reused_three_phase_sample
2025-07-18T00:00:00+00:00,74118963,20,all_days,reused_three_phase_sample
2025-07-18T00:00:00+00:00,74120422,20,all_days,reused_three_phase_sample
2025-07-18T00:00:00+00:00,74120782,20,all_days,reused_three_phase_sample
2025-07-18T00:00:00+00:00,74122204,20,all_days,reused_three_phase_sample
2025-07-18T00:00:00+00:00,74125623,20,all_days,reused_three_phase_sample
2025-07-18T00:00:00+00:00,74126269,20,all_days,reused_three_phase_sample
2025-07-19T00:00:00+00:00,74130144,20,all_days,reused_three_phase_sample
2025-07-19T00:00:00+00:00,74133144,20,all_days,reused_three_phase_sample
2025-07-19T00:00:00+00:00,74133746,20,all_days,reused_three_phase_sample
2025-07-19T00:00:00+00:00,74135310,20,all_days,reused_three_phase_sample
2025-07-19T00:00:00+00:00,74135995,20,all_days,reused_three_phase_sample
2025-07-19T00:00:00+00:00,74142137,20,all_days,reused_three_phase_sample
2025-07-19T00:00:00+00:00,74144358,20,all_days,reused_three_phase_sample
2025-07-19T00:00:00+00:00,74144748,20,all_days,reused_three_phase_sample
2025-07-19T00:00:00+00:00,74146311,20,all_days,reused_three_phase_sample
2025-07-19T00:00:00+00:00,74149612,20,all_days,reused_three_phase_sample
2025-07-19T00:00:00+00:00,74150708,20,all_days,reused_three_phase_sample
2025-07-19T00:00:00+00:00,74151352,20,all_days,reused_three_phase_sample
2025-07-19T00:00:00+00:00,74153375,20,all_days,reused_three_phase_sample
2025-07-19T00:00:00+00:00,74155376,20,all_days,reused_three_phase_sample
2025-07-19T00:00:00+00:00,74157951,20,all_days,reused_three_phase_sample
2025-07-19T00:00:00+00:00,74158897,20,all_days,reused_three_phase_sample
2025-07-19T00:00:00+00:00,74165580,20,all_days,reused_three_phase_sample
2025-07-19T00:00:00+00:00,74165977,20,all_days,reused_three_phase_sample
2025-07-19T00:00:00+00:00,74166665,20,all_days,reused_three_phase_sample
2025-07-19T00:00:00+00:00,74166778,20,all_days,reused_three_phase_sample
2025-07-20T00:00:00+00:00,74170197,20,all_days,reused_three_phase_sample
2025-07-20T00:00:00+00:00,74171651,20,all_days,reused_three_phase_sample
2025-07-20T00:00:00+00:00,74173045,20,all_days,reused_three_phase_sample
2025-07-20T00:00:00+00:00,74173100,20,all_days,reused_three_phase_sample
2025-07-20T00:00:00+00:00,74174463,20,all_days,reused_three_phase_sample
2025-07-20T00:00:00+00:00,74176112,20,all_days,reused_three_phase_sample
2025-07-20T00:00:00+00:00,74178463,20,all_days,reused_three_phase_sample
2025-07-20T00:00:00+00:00,74186217,20,all_days,reused_three_phase_sample
2025-07-20T00:00:00+00:00,74188316,20,all_days,reused_three_phase_sample
2025-07-20T00:00:00+00:00,74189467,20,all_days,reused_three_phase_sample
2025-07-20T00:00:00+00:00,74193815,20,all_days,reused_three_phase_sample
2025-07-20T00:00:00+00:00,74193970,20,all_days,reused_three_phase_sample
2025-07-20T00:00:00+00:00,74195431,20,all_days,reused_three_phase_sample
2025-07-20T00:00:00+00:00,74196330,20,all_days,reused_three_phase_sample
2025-07-20T00:00:00+00:00,74200692,20,all_days,reused_three_phase_sample
2025-07-20T00:00:00+00:00,74202999,20,all_days,reused_three_phase_sample
2025-07-20T00:00:00+00:00,74204122,20,all_days,reused_three_phase_sample
2025-07-20T00:00:00+00:00,74204334,20,all_days,reused_three_phase_sample
2025-07-20T00:00:00+00:00,74205370,20,all_days,reused_three_phase_sample
2025-07-20T00:00:00+00:00,74208674,20,all_days,reused_three_phase_sample
2025-07-21T00:00:00+00:00,74210110,20,all_days,reused_three_phase_sample
2025-07-21T00:00:00+00:00,74212587,20,all_days,reused_three_phase_sample
2025-07-21T00:00:00+00:00,74213769,20,all_days,reused_three_phase_sample
2025-07-21T00:00:00+00:00,74214843,20,all_days,reused_three_phase_sample
2025-07-21T00:00:00+00:00,74215435,20,all_days,reused_three_phase_sample
2025-07-21T00:00:00+00:00,74215842,20,all_days,reused_three_phase_sample
2025-07-21T00:00:00+00:00,74217384,20,all_days,reused_three_phase_sample
2025-07-21T00:00:00+00:00,74224084,20,all_days,reused_three_phase_sample
2025-07-21T00:00:00+00:00,74227850,20,all_days,reused_three_phase_sample
2025-07-21T00:00:00+00:00,74227898,20,all_days,reused_three_phase_sample
2025-07-21T00:00:00+00:00,74231854,20,all_days,reused_three_phase_sample
2025-07-21T00:00:00+00:00,74231948,20,all_days,reused_three_phase_sample
2025-07-21T00:00:00+00:00,74234880,20,all_days,reused_three_phase_sample
2025-07-21T00:00:00+00:00,74234949,20,all_days,reused_three_phase_sample
2025-07-21T00:00:00+00:00,74236694,20,all_days,reused_three_phase_sample
2025-07-21T00:00:00+00:00,74237856,20,all_days,reused_three_phase_sample
2025-07-21T00:00:00+00:00,74240174,20,all_days,reused_three_phase_sample
2025-07-21T00:00:00+00:00,74242257,20,all_days,reused_three_phase_sample
2025-07-21T00:00:00+00:00,74243869,20,all_days,reused_three_phase_sample
2025-07-21T00:00:00+00:00,74244441,20,all_days,reused_three_phase_sample
2025-07-22T00:00:00+00:00,74250297,20,all_days,reused_three_phase_sample
2025-07-22T00:00:00+00:00,74250670,20,all_days,reused_three_phase_sample
2025-07-22T00:00:00+00:00,74252044,20,all_days,reused_three_phase_sample
2025-07-22T00:00:00+00:00,74255260,20,all_days,reused_three_phase_sample
2025-07-22T00:00:00+00:00,74259656,20,all_days,reused_three_phase_sample
2025-07-22T00:00:00+00:00,74260052,20,all_days,reused_three_phase_sample
2025-07-22T00:00:00+00:00,74261887,20,all_days,reused_three_phase_sample
2025-07-22T00:00:00+00:00,74262012,20,all_days,reused_three_phase_sample
2025-07-22T00:00:00+00:00,74262496,20,all_days,reused_three_phase_sample
2025-07-22T00:00:00+00:00,74263392,20,all_days,reused_three_phase_sample
2025-07-22T00:00:00+00:00,74264626,20,all_days,reused_three_phase_sample
2025-07-22T00:00:00+00:00,74268236,20,all_days,reused_three_phase_sample
2025-07-22T00:00:00+00:00,74269230,20,all_days,reused_three_phase_sample
2025-07-22T00:00:00+00:00,74269300,20,all_days,reused_three_phase_sample
2025-07-22T00:00:00+00:00,74269978,20,all_days,reused_three_phase_sample
2025-07-22T00:00:00+00:00,74271837,20,all_days,reused_three_phase_sample
2025-07-22T00:00:00+00:00,74274105,20,all_days,reused_three_phase_sample
2025-07-22T00:00:00+00:00,74280995,20,all_days,reused_three_phase_sample
2025-07-22T00:00:00+00:00,74281384,20,all_days,reused_three_phase_sample
2025-07-22T00:00:00+00:00,74288684,20,all_days,reused_three_phase_sample
2025-07-23T00:00:00+00:00,74291405,20,all_days,reused_three_phase_sample
2025-07-23T00:00:00+00:00,74294040,20,all_days,reused_three_phase_sample
2025-07-23T00:00:00+00:00,74296429,20,all_days,reused_three_phase_sample
2025-07-23T00:00:00+00:00,74297680,20,all_days,reused_three_phase_sample
2025-07-23T00:00:00+00:00,74298625,20,all_days,reused_three_phase_sample
2025-07-23T00:00:00+00:00,74299443,20,all_days,reused_three_phase_sample
2025-07-23T00:00:00+00:00,74299683,20,all_days,reused_three_phase_sample
2025-07-23T00:00:00+00:00,74303891,20,all_days,reused_three_phase_sample
2025-07-23T00:00:00+00:00,74309748,20,all_days,reused_three_phase_sample
2025-07-23T00:00:00+00:00,74313383,20,all_days,reused_three_phase_sample
2025-07-23T00:00:00+00:00,74315414,20,all_days,reused_three_phase_sample
2025-07-23T00:00:00+00:00,74322711,20,all_days,reused_three_phase_sample
2025-07-23T00:00:00+00:00,74323779,20,all_days,reused_three_phase_sample
2025-07-23T00:00:00+00:00,74323794,20,all_days,reused_three_phase_sample
2025-07-23T00:00:00+00:00,74324018,20,all_days,reused_three_phase_sample
2025-07-23T00:00:00+00:00,74324332,20,all_days,reused_three_phase_sample
2025-07-23T00:00:00+00:00,74324895,20,all_days,reused_three_phase_sample
2025-07-23T00:00:00+00:00,74327153,20,all_days,reused_three_phase_sample
2025-07-23T00:00:00+00:00,74327566,20,all_days,reused_three_phase_sample
2025-07-23T00:00:00+00:00,74329112,20,all_days,reused_three_phase_sample
2025-07-24T00:00:00+00:00,74333986,20,all_days,reused_three_phase_sample
2025-07-24T00:00:00+00:00,74334636,20,all_days,reused_three_phase_sample
2025-07-24T00:00:00+00:00,74334930,20,all_days,reused_three_phase_sample
2025-07-24T00:00:00+00:00,74335770,20,all_days,reused_three_phase_sample
2025-07-24T00:00:00+00:00,74339124,20,all_days,reused_three_phase_sample
2025-07-24T00:00:00+00:00,74342737,20,all_days,reused_three_phase_sample
2025-07-24T00:00:00+00:00,74344301,20,all_days,reused_three_phase_sample
2025-07-24T00:00:00+00:00,74344683,20,all_days,reused_three_phase_sample
2025-07-24T00:00:00+00:00,74347561,20,all_days,reused_three_phase_sample
2025-07-24T00:00:00+00:00,74347720,20,all_days,reused_three_phase_sample
2025-07-24T00:00:00+00:00,74348962,20,all_days,reused_three_phase_sample
2025-07-24T00:00:00+00:00,74349402,20,all_days,reused_three_phase_sample
2025-07-24T00:00:00+00:00,74353225,20,all_days,reused_three_phase_sample
2025-07-24T00:00:00+00:00,74355242,20,all_days,reused_three_phase_sample
2025-07-24T00:00:00+00:00,74360945,20,all_days,reused_three_phase_sample
2025-07-24T00:00:00+00:00,74363593,20,all_days,reused_three_phase_sample
2025-07-24T00:00:00+00:00,74364774,20,all_days,reused_three_phase_sample
2025-07-24T00:00:00+00:00,74368936,20,all_days,reused_three_phase_sample
2025-07-24T00:00:00+00:00,74369380,20,all_days,reused_three_phase_sample
2025-07-24T00:00:00+00:00,74370251,20,all_days,reused_three_phase_sample
2025-07-25T00:00:00+00:00,74372643,20,all_days,reused_three_phase_sample
2025-07-25T00:00:00+00:00,74375485,20,all_days,reused_three_phase_sample
2025-07-25T00:00:00+00:00,74375928,20,all_days,reused_three_phase_sample
2025-07-25T00:00:00+00:00,74376324,20,all_days,reused_three_phase_sample
2025-07-25T00:00:00+00:00,74379262,20,all_days,reused_three_phase_sample
2025-07-25T00:00:00+00:00,74379432,20,all_days,reused_three_phase_sample
2025-07-25T00:00:00+00:00,74379919,20,all_days,reused_three_phase_sample
2025-07-25T00:00:00+00:00,74388338,20,all_days,reused_three_phase_sample
2025-07-25T00:00:00+00:00,74390858,20,all_days,reused_three_phase_sample
2025-07-25T00:00:00+00:00,74391400,20,all_days,reused_three_phase_sample
2025-07-25T00:00:00+00:00,74391489,20,all_days,reused_three_phase_sample
2025-07-25T00:00:00+00:00,74394249,20,all_days,reused_three_phase_sample
2025-07-25T00:00:00+00:00,74398921,20,all_days,reused_three_phase_sample
2025-07-25T00:00:00+00:00,74398999,20,all_days,reused_three_phase_sample
2025-07-25T00:00:00+00:00,74403819,20,all_days,reused_three_phase_sample
2025-07-25T00:00:00+00:00,74404564,20,all_days,reused_three_phase_sample
2025-07-25T00:00:00+00:00,74404682,20,all_days,reused_three_phase_sample
2025-07-25T00:00:00+00:00,74406465,20,all_days,reused_three_phase_sample
2025-07-25T00:00:00+00:00,74409911,20,all_days,reused_three_phase_sample
2025-07-25T00:00:00+00:00,74410259,20,all_days,reused_three_phase_sample
2025-07-26T00:00:00+00:00,74411526,20,all_days,reused_three_phase_sample
2025-07-26T00:00:00+00:00,74411894,20,all_days,reused_three_phase_sample
2025-07-26T00:00:00+00:00,74412293,20,all_days,reused_three_phase_sample
2025-07-26T00:00:00+00:00,74416975,20,all_days,reused_three_phase_sample
2025-07-26T00:00:00+00:00,74417516,20,all_days,reused_three_phase_sample
2025-07-26T00:00:00+00:00,74417596,20,all_days,reused_three_phase_sample
2025-07-26T00:00:00+00:00,74418848,20,all_days,reused_three_phase_sample
2025-07-26T00:00:00+00:00,74421755,20,all_days,reused_three_phase_sample
2025-07-26T00:00:00+00:00,74424113,20,all_days,reused_three_phase_sample
2025-07-26T00:00:00+00:00,74425450,20,all_days,reused_three_phase_sample
2025-07-26T00:00:00+00:00,74427196,20,all_days,reused_three_phase_sample
2025-07-26T00:00:00+00:00,74429186,20,all_days,reused_three_phase_sample
2025-07-26T00:00:00+00:00,74432208,20,all_days,reused_three_phase_sample
2025-07-26T00:00:00+00:00,74434948,20,all_days,reused_three_phase_sample
2025-07-26T00:00:00+00:00,74435756,20,all_days,reused_three_phase_sample
2025-07-26T00:00:00+00:00,74444196,20,all_days,reused_three_phase_sample
2025-07-26T00:00:00+00:00,74445095,20,all_days,reused_three_phase_sample
2025-07-26T00:00:00+00:00,74446871,20,all_days,reused_three_phase_sample
2025-07-26T00:00:00+00:00,74448649,20,all_days,reused_three_phase_sample
2025-07-26T00:00:00+00:00,74448948,20,all_days,reused_three_phase_sample
2025-07-27T00:00:00+00:00,74454980,20,all_days,reused_three_phase_sample
2025-07-27T00:00:00+00:00,74457388,20,all_days,reused_three_phase_sample
2025-07-27T00:00:00+00:00,74457424,20,all_days,reused_three_phase_sample
2025-07-27T00:00:00+00:00,74460810,20,all_days,reused_three_phase_sample
2025-07-27T00:00:00+00:00,74460811,20,all_days,reused_three_phase_sample
2025-07-27T00:00:00+00:00,74463443,20,all_days,reused_three_phase_sample
2025-07-27T00:00:00+00:00,74467535,20,all_days,reused_three_phase_sample
2025-07-27T00:00:00+00:00,74471634,20,all_days,reused_three_phase_sample
2025-07-27T00:00:00+00:00,74475700,20,all_days,reused_three_phase_sample
2025-07-27T00:00:00+00:00,74475977,20,all_days,reused_three_phase_sample
2025-07-27T00:00:00+00:00,74476533,20,all_days,reused_three_phase_sample
2025-07-27T00:00:00+00:00,74477490,20,all_days,reused_three_phase_sample
2025-07-27T00:00:00+00:00,74477578,20,all_days,reused_three_phase_sample
2025-07-27T00:00:00+00:00,74477606,20,all_days,reused_three_phase_sample
2025-07-27T00:00:00+00:00,74478160,20,all_days,reused_three_phase_sample
2025-07-27T00:00:00+00:00,74482808,20,all_days,reused_three_phase_sample
2025-07-27T00:00:00+00:00,74485663,20,all_days,reused_three_phase_sample
2025-07-27T00:00:00+00:00,74486450,20,all_days,reused_three_phase_sample
2025-07-27T00:00:00+00:00,74489868,20,all_days,reused_three_phase_sample
2025-07-27T00:00:00+00:00,74490074,20,all_days,reused_three_phase_sample
2025-07-28T00:00:00+00:00,74494789,20,all_days,reused_three_phase_sample
2025-07-28T00:00:00+00:00,74495836,20,all_days,reused_three_phase_sample
2025-07-28T00:00:00+00:00,74497012,20,all_days,reused_three_phase_sample
2025-07-28T00:00:00+00:00,74499790,20,all_days,reused_three_phase_sample
2025-07-28T00:00:00+00:00,74504150,20,all_days,reused_three_phase_sample
2025-07-28T00:00:00+00:00,74506236,20,all_days,reused_three_phase_sample
2025-07-28T00:00:00+00:00,74507333,20,all_days,reused_three_phase_sample
2025-07-28T00:00:00+00:00,74507507,20,all_days,reused_three_phase_sample
2025-07-28T00:00:00+00:00,74510463,20,all_days,reused_three_phase_sample
2025-07-28T00:00:00+00:00,74511102,20,all_days,reused_three_phase_sample
2025-07-28T00:00:00+00:00,74514941,20,all_days,reused_three_phase_sample
2025-07-28T00:00:00+00:00,74515246,20,all_days,reused_three_phase_sample
2025-07-28T00:00:00+00:00,74515806,20,all_days,reused_three_phase_sample
2025-07-28T00:00:00+00:00,74516792,20,all_days,reused_three_phase_sample
2025-07-28T00:00:00+00:00,74517319,20,all_days,reused_three_phase_sample
2025-07-28T00:00:00+00:00,74518651,20,all_days,reused_three_phase_sample
2025-07-28T00:00:00+00:00,74519860,20,all_days,reused_three_phase_sample
2025-07-28T00:00:00+00:00,74520887,20,all_days,reused_three_phase_sample
2025-07-28T00:00:00+00:00,74525794,20,all_days,reused_three_phase_sample
2025-07-28T00:00:00+00:00,74527015,20,all_days,reused_three_phase_sample
2025-07-29T00:00:00+00:00,74535258,20,all_days,reused_three_phase_sample
2025-07-29T00:00:00+00:00,74536545,20,all_days,reused_three_phase_sample
2025-07-29T00:00:00+00:00,74537804,20,all_days,reused_three_phase_sample
2025-07-29T00:00:00+00:00,74538408,20,all_days,reused_three_phase_sample
2025-07-29T00:00:00+00:00,74543242,20,all_days,reused_three_phase_sample
2025-07-29T00:00:00+00:00,74543887,20,all_days,reused_three_phase_sample
2025-07-29T00:00:00+00:00,74551360,20,all_days,reused_three_phase_sample
2025-07-29T00:00:00+00:00,74552673,20,all_days,reused_three_phase_sample
2025-07-29T00:00:00+00:00,74556130,20,all_days,reused_three_phase_sample
2025-07-29T00:00:00+00:00,74556850,20,all_days,reused_three_phase_sample
2025-07-29T00:00:00+00:00,74557184,20,all_days,reused_three_phase_sample
2025-07-29T00:00:00+00:00,74558456,20,all_days,reused_three_phase_sample
2025-07-29T00:00:00+00:00,74558566,20,all_days,reused_three_phase_sample
2025-07-29T00:00:00+00:00,74559442,20,all_days,reused_three_phase_sample
2025-07-29T00:00:00+00:00,74559955,20,all_days,reused_three_phase_sample
2025-07-29T00:00:00+00:00,74562079,20,all_days,reused_three_phase_sample
2025-07-29T00:00:00+00:00,74564379,20,all_days,reused_three_phase_sample
2025-07-29T00:00:00+00:00,74565055,20,all_days,reused_three_phase_sample
2025-07-29T00:00:00+00:00,74570371,20,all_days,reused_three_phase_sample
2025-07-29T00:00:00+00:00,74573453,20,all_days,reused_three_phase_sample
2025-07-30T00:00:00+00:00,74574814,20,all_days,reused_three_phase_sample
2025-07-30T00:00:00+00:00,74583297,20,all_days,reused_three_phase_sample
2025-07-30T00:00:00+00:00,74583910,20,all_days,reused_three_phase_sample
2025-07-30T00:00:00+00:00,74584416,20,all_days,reused_three_phase_sample
2025-07-30T00:00:00+00:00,74586780,20,all_days,reused_three_phase_sample
2025-07-30T00:00:00+00:00,74588046,20,all_days,reused_three_phase_sample
2025-07-30T00:00:00+00:00,74588305,20,all_days,reused_three_phase_sample
2025-07-30T00:00:00+00:00,74589336,20,all_days,reused_three_phase_sample
2025-07-30T00:00:00+00:00,74590767,20,all_days,reused_three_phase_sample
2025-07-30T00:00:00+00:00,74590960,20,all_days,reused_three_phase_sample
2025-07-30T00:00:00+00:00,74591084,20,all_days,reused_three_phase_sample
2025-07-30T00:00:00+00:00,74592415,20,all_days,reused_three_phase_sample
2025-07-30T00:00:00+00:00,74596038,20,all_days,reused_three_phase_sample
2025-07-30T00:00:00+00:00,74597404,20,all_days,reused_three_phase_sample
2025-07-30T00:00:00+00:00,74599241,20,all_days,reused_three_phase_sample
2025-07-30T00:00:00+00:00,74599338,20,all_days,reused_three_phase_sample
2025-07-30T00:00:00+00:00,74600550,20,all_days,reused_three_phase_sample
2025-07-30T00:00:00+00:00,74604506,20,all_days,reused_three_phase_sample
2025-07-30T00:00:00+00:00,74608135,20,all_days,reused_three_phase_sample
2025-07-30T00:00:00+00:00,74608309,20,all_days,reused_three_phase_sample
2025-07-31T00:00:00+00:00,74610243,20,all_days,reused_three_phase_sample
2025-07-31T00:00:00+00:00,74610725,20,all_days,reused_three_phase_sample
2025-07-31T00:00:00+00:00,74617248,20,all_days,reused_three_phase_sample
2025-07-31T00:00:00+00:00,74619865,20,all_days,reused_three_phase_sample
2025-07-31T00:00:00+00:00,74620878,20,all_days,reused_three_phase_sample
2025-07-31T00:00:00+00:00,74621123,20,all_days,reused_three_phase_sample
2025-07-31T00:00:00+00:00,74623039,20,all_days,reused_three_phase_sample
2025-07-31T00:00:00+00:00,74625378,20,all_days,reused_three_phase_sample
2025-07-31T00:00:00+00:00,74625845,20,all_days,reused_three_phase_sample
2025-07-31T00:00:00+00:00,74630360,20,all_days,reused_three_phase_sample
2025-07-31T00:00:00+00:00,74631395,20,all_days,reused_three_phase_sample
2025-07-31T00:00:00+00:00,74631937,20,all_days,reused_three_phase_sample
2025-07-31T00:00:00+00:00,74632782,20,all_days,reused_three_phase_sample
2025-07-31T00:00:00+00:00,74633821,20,all_days,reused_three_phase_sample
2025-07-31T00:00:00+00:00,74635061,20,all_days,reused_three_phase_sample
2025-07-31T00:00:00+00:00,74639211,20,all_days,reused_three_phase_sample
2025-07-31T00:00:00+00:00,74639236,20,all_days,reused_three_phase_sample
2025-07-31T00:00:00+00:00,74639845,20,all_days,reused_three_phase_sample
2025-07-31T00:00:00+00:00,74642921,20,all_days,reused_three_phase_sample
2025-07-31T00:00:00+00:00,74646240,20,all_days,reused_three_phase_sample
2025-08-01T00:00:00+00:00,74647971,20,all_days,reused_three_phase_sample
2025-08-01T00:00:00+00:00,74651651,20,all_days,reused_three_phase_sample
2025-08-01T00:00:00+00:00,74654038,20,all_days,reused_three_phase_sample
2025-08-01T00:00:00+00:00,74655617,20,all_days,reused_three_phase_sample
2025-08-01T00:00:00+00:00,74656037,20,all_days,reused_three_phase_sample
2025-08-01T00:00:00+00:00,74658104,20,all_days,reused_three_phase_sample
2025-08-01T00:00:00+00:00,74658483,20,all_days,reused_three_phase_sample
2025-08-01T00:00:00+00:00,74668695,20,all_days,reused_three_phase_sample
2025-08-01T00:00:00+00:00,74669294,20,all_days,reused_three_phase_sample
2025-08-01T00:00:00+00:00,74671543,20,all_days,reused_three_phase_sample
2025-08-01T00:00:00+00:00,74671738,20,all_days,reused_three_phase_sample
2025-08-01T00:00:00+00:00,74673795,20,all_days,reused_three_phase_sample
2025-08-01T00:00:00+00:00,74674746,20,all_days,reused_three_phase_sample
2025-08-01T00:00:00+00:00,74675534,20,all_days,reused_three_phase_sample
2025-08-01T00:00:00+00:00,74676200,20,all_days,reused_three_phase_sample
2025-08-01T00:00:00+00:00,74681938,20,all_days,reused_three_phase_sample
2025-08-01T00:00:00+00:00,74683688,20,all_days,reused_three_phase_sample
2025-08-01T00:00:00+00:00,74683913,20,all_days,reused_three_phase_sample
2025-08-01T00:00:00+00:00,74684127,20,all_days,reused_three_phase_sample
2025-08-01T00:00:00+00:00,74686262,20,all_days,reused_three_phase_sample
2025-08-02T00:00:00+00:00,74687342,20,all_days,reused_three_phase_sample
2025-08-02T00:00:00+00:00,74692184,20,all_days,reused_three_phase_sample
2025-08-02T00:00:00+00:00,74692897,20,all_days,reused_three_phase_sample
2025-08-02T00:00:00+00:00,74693150,20,all_days,reused_three_phase_sample
2025-08-02T00:00:00+00:00,74697668,20,all_days,reused_three_phase_sample
2025-08-02T00:00:00+00:00,74698807,20,all_days,reused_three_phase_sample
2025-08-02T00:00:00+00:00,74699852,20,all_days,reused_three_phase_sample
2025-08-02T00:00:00+00:00,74703258,20,all_days,reused_three_phase_sample
2025-08-02T00:00:00+00:00,74703524,20,all_days,reused_three_phase_sample
2025-08-02T00:00:00+00:00,74704416,20,all_days,reused_three_phase_sample
2025-08-02T00:00:00+00:00,74709215,20,all_days,reused_three_phase_sample
2025-08-02T00:00:00+00:00,74710676,20,all_days,reused_three_phase_sample
2025-08-02T00:00:00+00:00,74711115,20,all_days,reused_three_phase_sample
2025-08-02T00:00:00+00:00,74714195,20,all_days,reused_three_phase_sample
2025-08-02T00:00:00+00:00,74714246,20,all_days,reused_three_phase_sample
2025-08-02T00:00:00+00:00,74714305,20,all_days,reused_three_phase_sample
2025-08-02T00:00:00+00:00,74714392,20,all_days,reused_three_phase_sample
2025-08-02T00:00:00+00:00,74717316,20,all_days,reused_three_phase_sample
2025-08-02T00:00:00+00:00,74718240,20,all_days,reused_three_phase_sample
2025-08-02T00:00:00+00:00,74721156,20,all_days,reused_three_phase_sample
2025-08-03T00:00:00+00:00,74728318,20,all_days,reused_three_phase_sample
2025-08-03T00:00:00+00:00,74730684,20,all_days,reused_three_phase_sample
2025-08-03T00:00:00+00:00,74732569,20,all_days,reused_three_phase_sample
2025-08-03T00:00:00+00:00,74733307,20,all_days,reused_three_phase_sample
2025-08-03T00:00:00+00:00,74733840,20,all_days,reused_three_phase_sample
2025-08-03T00:00:00+00:00,74734814,20,all_days,reused_three_phase_sample
2025-08-03T00:00:00+00:00,74737791,20,all_days,reused_three_phase_sample
2025-08-03T00:00:00+00:00,74740150,20,all_days,reused_three_phase_sample
2025-08-03T00:00:00+00:00,74742508,20,all_days,reused_three_phase_sample
2025-08-03T00:00:00+00:00,74743073,20,all_days,reused_three_phase_sample
2025-08-03T00:00:00+00:00,74744950,20,all_days,reused_three_phase_sample
2025-08-03T00:00:00+00:00,74746699,20,all_days,reused_three_phase_sample
2025-08-03T00:00:00+00:00,74748412,20,all_days,reused_three_phase_sample
2025-08-03T00:00:00+00:00,74749350,20,all_days,reused_three_phase_sample
2025-08-03T00:00:00+00:00,74752072,20,all_days,reused_three_phase_sample
2025-08-03T00:00:00+00:00,74754452,20,all_days,reused_three_phase_sample
2025-08-03T00:00:00+00:00,74754532,20,all_days,reused_three_phase_sample
2025-08-03T00:00:00+00:00,74755300,20,all_days,reused_three_phase_sample
2025-08-03T00:00:00+00:00,74759718,20,all_days,reused_three_phase_sample
2025-08-03T00:00:00+00:00,74764891,20,all_days,reused_three_phase_sample
2025-08-04T00:00:00+00:00,74770230,20,all_days,reused_three_phase_sample
2025-08-04T00:00:00+00:00,74772824,20,all_days,reused_three_phase_sample
2025-08-04T00:00:00+00:00,74775275,20,all_days,reused_three_phase_sample
2025-08-04T00:00:00+00:00,74781790,20,all_days,reused_three_phase_sample
2025-08-04T00:00:00+00:00,74783165,20,all_days,reused_three_phase_sample
2025-08-04T00:00:00+00:00,74783167,20,all_days,reused_three_phase_sample
2025-08-04T00:00:00+00:00,74784709,20,all_days,reused_three_phase_sample
2025-08-04T00:00:00+00:00,74785257,20,all_days,reused_three_phase_sample
2025-08-04T00:00:00+00:00,74785342,20,all_days,reused_three_phase_sample
2025-08-04T00:00:00+00:00,74785889,20,all_days,reused_three_phase_sample
2025-08-04T00:00:00+00:00,74787467,20,all_days,reused_three_phase_sample
2025-08-04T00:00:00+00:00,74787731,20,all_days,reused_three_phase_sample
2025-08-04T00:00:00+00:00,74790006,20,all_days,reused_three_phase_sample
2025-08-04T00:00:00+00:00,74793502,20,all_days,reused_three_phase_sample
2025-08-04T00:00:00+00:00,74796451,20,all_days,reused_three_phase_sample
2025-08-04T00:00:00+00:00,74799188,20,all_days,reused_three_phase_sample
2025-08-04T00:00:00+00:00,74800289,20,all_days,reused_three_phase_sample
2025-08-04T00:00:00+00:00,74801182,20,all_days,reused_three_phase_sample
2025-08-04T00:00:00+00:00,74801460,20,all_days,reused_three_phase_sample
2025-08-04T00:00:00+00:00,74803338,20,all_days,reused_three_phase_sample
2025-08-05T00:00:00+00:00,74812741,20,all_days,reused_three_phase_sample
2025-08-05T00:00:00+00:00,74813103,20,all_days,reused_three_phase_sample
2025-08-05T00:00:00+00:00,74815514,20,all_days,reused_three_phase_sample
2025-08-05T00:00:00+00:00,74819296,20,all_days,reused_three_phase_sample
2025-08-05T00:00:00+00:00,74819455,20,all_days,reused_three_phase_sample
2025-08-05T00:00:00+00:00,74822577,20,all_days,reused_three_phase_sample
2025-08-05T00:00:00+00:00,74827153,20,all_days,reused_three_phase_sample
2025-08-05T00:00:00+00:00,74832745,20,all_days,reused_three_phase_sample
2025-08-05T00:00:00+00:00,74833610,20,all_days,reused_three_phase_sample
2025-08-05T00:00:00+00:00,74834817,20,all_days,reused_three_phase_sample
2025-08-05T00:00:00+00:00,74834895,20,all_days,reused_three_phase_sample
2025-08-05T00:00:00+00:00,74835565,20,all_days,reused_three_phase_sample
2025-08-05T00:00:00+00:00,74839186,20,all_days,reused_three_phase_sample
2025-08-05T00:00:00+00:00,74840929,20,all_days,reused_three_phase_sample
2025-08-05T00:00:00+00:00,74843349,20,all_days,reused_three_phase_sample
2025-08-05T00:00:00+00:00,74843816,20,all_days,reused_three_phase_sample
2025-08-05T00:00:00+00:00,74845880,20,all_days,reused_three_phase_sample
2025-08-05T00:00:00+00:00,74846663,20,all_days,reused_three_phase_sample
2025-08-05T00:00:00+00:00,74847362,20,all_days,reused_three_phase_sample
2025-08-05T00:00:00+00:00,74847404,20,all_days,reused_three_phase_sample
2025-08-06T00:00:00+00:00,74850213,20,all_days,reused_three_phase_sample
2025-08-06T00:00:00+00:00,74851610,20,all_days,reused_three_phase_sample
2025-08-06T00:00:00+00:00,74854510,20,all_days,reused_three_phase_sample
2025-08-06T00:00:00+00:00,74859126,20,all_days,reused_three_phase_sample
2025-08-06T00:00:00+00:00,74861850,20,all_days,reused_three_phase_sample
2025-08-06T00:00:00+00:00,74862998,20,all_days,reused_three_phase_sample
2025-08-06T00:00:00+00:00,74863185,20,all_days,reused_three_phase_sample
2025-08-06T00:00:00+00:00,74863349,20,all_days,reused_three_phase_sample
2025-08-06T00:00:00+00:00,74864967,20,all_days,reused_three_phase_sample
2025-08-06T00:00:00+00:00,74865160,20,all_days,reused_three_phase_sample
2025-08-06T00:00:00+00:00,74870267,20,all_days,reused_three_phase_sample
2025-08-06T00:00:00+00:00,74871086,20,all_days,reused_three_phase_sample
2025-08-06T00:00:00+00:00,74873829,20,all_days,reused_three_phase_sample
2025-08-06T00:00:00+00:00,74877308,20,all_days,reused_three_phase_sample
2025-08-06T00:00:00+00:00,74877484,20,all_days,reused_three_phase_sample
2025-08-06T00:00:00+00:00,74879317,20,all_days,reused_three_phase_sample
2025-08-06T00:00:00+00:00,74881470,20,all_days,reused_three_phase_sample
2025-08-06T00:00:00+00:00,74882849,20,all_days,reused_three_phase_sample
2025-08-06T00:00:00+00:00,74884543,20,all_days,reused_three_phase_sample
2025-08-06T00:00:00+00:00,74884992,20,all_days,reused_three_phase_sample
2025-08-07T00:00:00+00:00,74889479,20,all_days,reused_three_phase_sample
2025-08-07T00:00:00+00:00,74895252,20,all_days,reused_three_phase_sample
2025-08-07T00:00:00+00:00,74900451,20,all_days,reused_three_phase_sample
2025-08-07T00:00:00+00:00,74903069,20,all_days,reused_three_phase_sample
2025-08-07T00:00:00+00:00,74909615,20,all_days,reused_three_phase_sample
2025-08-07T00:00:00+00:00,74910084,20,all_days,reused_three_phase_sample
2025-08-07T00:00:00+00:00,74910196,20,all_days,reused_three_phase_sample
2025-08-07T00:00:00+00:00,74910447,20,all_days,reused_three_phase_sample
2025-08-07T00:00:00+00:00,74910748,20,all_days,reused_three_phase_sample
2025-08-07T00:00:00+00:00,74914264,20,all_days,reused_three_phase_sample
2025-08-07T00:00:00+00:00,74914395,20,all_days,reused_three_phase_sample
2025-08-07T00:00:00+00:00,74915380,20,all_days,reused_three_phase_sample
2025-08-07T00:00:00+00:00,74916818,20,all_days,reused_three_phase_sample
2025-08-07T00:00:00+00:00,74917645,20,all_days,reused_three_phase_sample
2025-08-07T00:00:00+00:00,74919875,20,all_days,reused_three_phase_sample
2025-08-07T00:00:00+00:00,74921204,20,all_days,reused_three_phase_sample
2025-08-07T00:00:00+00:00,74927137,20,all_days,reused_three_phase_sample
2025-08-07T00:00:00+00:00,74927558,20,all_days,reused_three_phase_sample
2025-08-07T00:00:00+00:00,74927897,20,all_days,reused_three_phase_sample
2025-08-07T00:00:00+00:00,74929336,20,all_days,reused_three_phase_sample
2025-08-08T00:00:00+00:00,74931506,20,all_days,reused_three_phase_sample
2025-08-08T00:00:00+00:00,74932413,20,all_days,reused_three_phase_sample
2025-08-08T00:00:00+00:00,74939197,20,all_days,reused_three_phase_sample
2025-08-08T00:00:00+00:00,74939364,20,all_days,reused_three_phase_sample
2025-08-08T00:00:00+00:00,74940402,20,all_days,reused_three_phase_sample
2025-08-08T00:00:00+00:00,74946814,20,all_days,reused_three_phase_sample
2025-08-08T00:00:00+00:00,74948765,20,all_days,reused_three_phase_sample
2025-08-08T00:00:00+00:00,74950242,20,all_days,reused_three_phase_sample
2025-08-08T00:00:00+00:00,74953004,20,all_days,reused_three_phase_sample
2025-08-08T00:00:00+00:00,74954215,20,all_days,reused_three_phase_sample
2025-08-08T00:00:00+00:00,74954523,20,all_days,reused_three_phase_sample
2025-08-08T00:00:00+00:00,74957944,20,all_days,reused_three_phase_sample
2025-08-08T00:00:00+00:00,74959782,20,all_days,reused_three_phase_sample
2025-08-08T00:00:00+00:00,74960707,20,all_days,reused_three_phase_sample
2025-08-08T00:00:00+00:00,74962482,20,all_days,reused_three_phase_sample
2025-08-08T00:00:00+00:00,74962784,20,all_days,reused_three_phase_sample
2025-08-08T00:00:00+00:00,74963375,20,all_days,reused_three_phase_sample
2025-08-08T00:00:00+00:00,74964149,20,all_days,reused_three_phase_sample
2025-08-08T00:00:00+00:00,74964893,20,all_days,reused_three_phase_sample
2025-08-08T00:00:00+00:00,74967386,20,all_days,reused_three_phase_sample
2025-08-09T00:00:00+00:00,74971646,20,all_days,reused_three_phase_sample
2025-08-09T00:00:00+00:00,74974567,20,all_days,reused_three_phase_sample
2025-08-09T00:00:00+00:00,74976798,20,all_days,reused_three_phase_sample
2025-08-09T00:00:00+00:00,74977445,20,all_days,reused_three_phase_sample
2025-08-09T00:00:00+00:00,74977856,20,all_days,reused_three_phase_sample
2025-08-09T00:00:00+00:00,74979573,20,all_days,reused_three_phase_sample
2025-08-09T00:00:00+00:00,74985735,20,all_days,reused_three_phase_sample
2025-08-09T00:00:00+00:00,74988438,20,all_days,reused_three_phase_sample
2025-08-09T00:00:00+00:00,74988740,20,all_days,reused_three_phase_sample
2025-08-09T00:00:00+00:00,74990300,20,all_days,reused_three_phase_sample
2025-08-09T00:00:00+00:00,74991134,20,all_days,reused_three_phase_sample
2025-08-09T00:00:00+00:00,74991576,20,all_days,reused_three_phase_sample
2025-08-09T00:00:00+00:00,74994323,20,all_days,reused_three_phase_sample
2025-08-09T00:00:00+00:00,74997649,20,all_days,reused_three_phase_sample
2025-08-09T00:00:00+00:00,75002745,20,all_days,reused_three_phase_sample
2025-08-09T00:00:00+00:00,75003902,20,all_days,reused_three_phase_sample
2025-08-09T00:00:00+00:00,75005040,20,all_days,reused_three_phase_sample
2025-08-09T00:00:00+00:00,75007508,20,all_days,reused_three_phase_sample
2025-08-09T00:00:00+00:00,75008132,20,all_days,reused_three_phase_sample
2025-08-09T00:00:00+00:00,75009856,20,all_days,reused_three_phase_sample
2025-08-10T00:00:00+00:00,75011990,20,all_days,reused_three_phase_sample
2025-08-10T00:00:00+00:00,75012881,20,all_days,reused_three_phase_sample
2025-08-10T00:00:00+00:00,75013218,20,all_days,reused_three_phase_sample
2025-08-10T00:00:00+00:00,75013601,20,all_days,reused_three_phase_sample
2025-08-10T00:00:00+00:00,75016734,20,all_days,reused_three_phase_sample
2025-08-10T00:00:00+00:00,75016870,20,all_days,reused_three_phase_sample
2025-08-10T00:00:00+00:00,75017016,20,all_days,reused_three_phase_sample
2025-08-10T00:00:00+00:00,75020139,20,all_days,reused_three_phase_sample
2025-08-10T00:00:00+00:00,75020439,20,all_days,reused_three_phase_sample
2025-08-10T00:00:00+00:00,75026481,20,all_days,reused_three_phase_sample
2025-08-10T00:00:00+00:00,75029133,20,all_days,reused_three_phase_sample
2025-08-10T00:00:00+00:00,75031949,20,all_days,reused_three_phase_sample
2025-08-10T00:00:00+00:00,75032590,20,all_days,reused_three_phase_sample
2025-08-10T00:00:00+00:00,75035130,20,all_days,reused_three_phase_sample
2025-08-10T00:00:00+00:00,75036291,20,all_days,reused_three_phase_sample
2025-08-10T00:00:00+00:00,75037002,20,all_days,reused_three_phase_sample
2025-08-10T00:00:00+00:00,75037934,20,all_days,reused_three_phase_sample
2025-08-10T00:00:00+00:00,75046555,20,all_days,reused_three_phase_sample
2025-08-10T00:00:00+00:00,75047608,20,all_days,reused_three_phase_sample
2025-08-10T00:00:00+00:00,75048812,20,all_days,reused_three_phase_sample
2025-08-11T00:00:00+00:00,75052079,20,all_days,reused_three_phase_sample
2025-08-11T00:00:00+00:00,75056773,20,all_days,reused_three_phase_sample
2025-08-11T00:00:00+00:00,75060890,20,all_days,reused_three_phase_sample
2025-08-11T00:00:00+00:00,75065845,20,all_days,reused_three_phase_sample
2025-08-11T00:00:00+00:00,75066978,20,all_days,reused_three_phase_sample
2025-08-11T00:00:00+00:00,75068445,20,all_days,reused_three_phase_sample
2025-08-11T00:00:00+00:00,75071882,20,all_days,reused_three_phase_sample
2025-08-11T00:00:00+00:00,75073385,20,all_days,reused_three_phase_sample
2025-08-11T00:00:00+00:00,75073668,20,all_days,reused_three_phase_sample
2025-08-11T00:00:00+00:00,75074556,20,all_days,reused_three_phase_sample
2025-08-11T00:00:00+00:00,75074576,20,all_days,reused_three_phase_sample
2025-08-11T00:00:00+00:00,75077440,20,all_days,reused_three_phase_sample
2025-08-11T00:00:00+00:00,75079100,20,all_days,reused_three_phase_sample
2025-08-11T00:00:00+00:00,75080134,20,all_days,reused_three_phase_sample
2025-08-11T00:00:00+00:00,75081499,20,all_days,reused_three_phase_sample
2025-08-11T00:00:00+00:00,75086379,20,all_days,reused_three_phase_sample
2025-08-11T00:00:00+00:00,75086547,20,all_days,reused_three_phase_sample
2025-08-11T00:00:00+00:00,75087017,20,all_days,reused_three_phase_sample
2025-08-11T00:00:00+00:00,75088360,20,all_days,reused_three_phase_sample
2025-08-11T00:00:00+00:00,75089943,20,all_days,reused_three_phase_sample
2025-08-12T00:00:00+00:00,75095552,20,all_days,reused_three_phase_sample
2025-08-12T00:00:00+00:00,75096134,20,all_days,reused_three_phase_sample
2025-08-12T00:00:00+00:00,75100651,20,all_days,reused_three_phase_sample
2025-08-12T00:00:00+00:00,75101200,20,all_days,reused_three_phase_sample
2025-08-12T00:00:00+00:00,75103201,20,all_days,reused_three_phase_sample
2025-08-12T00:00:00+00:00,75103898,20,all_days,reused_three_phase_sample
2025-08-12T00:00:00+00:00,75104216,20,all_days,reused_three_phase_sample
2025-08-12T00:00:00+00:00,75106705,20,all_days,reused_three_phase_sample
2025-08-12T00:00:00+00:00,75109037,20,all_days,reused_three_phase_sample
2025-08-12T00:00:00+00:00,75112288,20,all_days,reused_three_phase_sample
2025-08-12T00:00:00+00:00,75112701,20,all_days,reused_three_phase_sample
2025-08-12T00:00:00+00:00,75114528,20,all_days,reused_three_phase_sample
2025-08-12T00:00:00+00:00,75115212,20,all_days,reused_three_phase_sample
2025-08-12T00:00:00+00:00,75116738,20,all_days,reused_three_phase_sample
2025-08-12T00:00:00+00:00,75117767,20,all_days,reused_three_phase_sample
2025-08-12T00:00:00+00:00,75121057,20,all_days,reused_three_phase_sample
2025-08-12T00:00:00+00:00,75121158,20,all_days,reused_three_phase_sample
2025-08-12T00:00:00+00:00,75127527,20,all_days,reused_three_phase_sample
2025-08-12T00:00:00+00:00,75129836,20,all_days,reused_three_phase_sample
2025-08-12T00:00:00+00:00,75130259,20,all_days,reused_three_phase_sample
2025-08-13T00:00:00+00:00,75136349,20,all_days,reused_three_phase_sample
2025-08-13T00:00:00+00:00,75137103,20,all_days,reused_three_phase_sample
2025-08-13T00:00:00+00:00,75138335,20,all_days,reused_three_phase_sample
2025-08-13T00:00:00+00:00,75138721,20,all_days,reused_three_phase_sample
2025-08-13T00:00:00+00:00,75141219,20,all_days,reused_three_phase_sample
2025-08-13T00:00:00+00:00,75141323,20,all_days,reused_three_phase_sample
2025-08-13T00:00:00+00:00,75141784,20,all_days,reused_three_phase_sample
2025-08-13T00:00:00+00:00,75146295,20,all_days,reused_three_phase_sample
2025-08-13T00:00:00+00:00,75146316,20,all_days,reused_three_phase_sample
2025-08-13T00:00:00+00:00,75147483,20,all_days,reused_three_phase_sample
2025-08-13T00:00:00+00:00,75150295,20,all_days,reused_three_phase_sample
2025-08-13T00:00:00+00:00,75160313,20,all_days,reused_three_phase_sample
2025-08-13T00:00:00+00:00,75163725,20,all_days,reused_three_phase_sample
2025-08-13T00:00:00+00:00,75165245,20,all_days,reused_three_phase_sample
2025-08-13T00:00:00+00:00,75166173,20,all_days,reused_three_phase_sample
2025-08-13T00:00:00+00:00,75167749,20,all_days,reused_three_phase_sample
2025-08-13T00:00:00+00:00,75168360,20,all_days,reused_three_phase_sample
2025-08-13T00:00:00+00:00,75170941,20,all_days,reused_three_phase_sample
2025-08-13T00:00:00+00:00,75170995,20,all_days,reused_three_phase_sample
2025-08-13T00:00:00+00:00,75172946,20,all_days,reused_three_phase_sample
2025-08-14T00:00:00+00:00,75175697,20,all_days,reused_three_phase_sample
2025-08-14T00:00:00+00:00,75177543,20,all_days,reused_three_phase_sample
2025-08-14T00:00:00+00:00,75180968,20,all_days,reused_three_phase_sample
2025-08-14T00:00:00+00:00,75182862,20,all_days,reused_three_phase_sample
2025-08-14T00:00:00+00:00,75183934,20,all_days,reused_three_phase_sample
2025-08-14T00:00:00+00:00,75184161,20,all_days,reused_three_phase_sample
2025-08-14T00:00:00+00:00,75184293,20,all_days,reused_three_phase_sample
2025-08-14T00:00:00+00:00,75185193,20,all_days,reused_three_phase_sample
2025-08-14T00:00:00+00:00,75187043,20,all_days,reused_three_phase_sample
2025-08-14T00:00:00+00:00,75189742,20,all_days,reused_three_phase_sample
2025-08-14T00:00:00+00:00,75191378,20,all_days,reused_three_phase_sample
2025-08-14T00:00:00+00:00,75197525,20,all_days,reused_three_phase_sample
2025-08-14T00:00:00+00:00,75200941,20,all_days,reused_three_phase_sample
2025-08-14T00:00:00+00:00,75203478,20,all_days,reused_three_phase_sample
2025-08-14T00:00:00+00:00,75203633,20,all_days,reused_three_phase_sample
2025-08-14T00:00:00+00:00,75204481,20,all_days,reused_three_phase_sample
2025-08-14T00:00:00+00:00,75207586,20,all_days,reused_three_phase_sample
2025-08-14T00:00:00+00:00,75208258,20,all_days,reused_three_phase_sample
2025-08-14T00:00:00+00:00,75209562,20,all_days,reused_three_phase_sample
2025-08-14T00:00:00+00:00,75212626,20,all_days,reused_three_phase_sample
2025-08-15T00:00:00+00:00,75214926,20,all_days,reused_three_phase_sample
2025-08-15T00:00:00+00:00,75215623,20,all_days,reused_three_phase_sample
2025-08-15T00:00:00+00:00,75218218,20,all_days,reused_three_phase_sample
2025-08-15T00:00:00+00:00,75218792,20,all_days,reused_three_phase_sample
2025-08-15T00:00:00+00:00,75220555,20,all_days,reused_three_phase_sample
2025-08-15T00:00:00+00:00,75221145,20,all_days,reused_three_phase_sample
2025-08-15T00:00:00+00:00,75222021,20,all_days,reused_three_phase_sample
2025-08-15T00:00:00+00:00,75222575,20,all_days,reused_three_phase_sample
2025-08-15T00:00:00+00:00,75223665,20,all_days,reused_three_phase_sample
2025-08-15T00:00:00+00:00,75224203,20,all_days,reused_three_phase_sample
2025-08-15T00:00:00+00:00,75235215,20,all_days,reused_three_phase_sample
2025-08-15T00:00:00+00:00,75235768,20,all_days,reused_three_phase_sample
2025-08-15T00:00:00+00:00,75235887,20,all_days,reused_three_phase_sample
2025-08-15T00:00:00+00:00,75237113,20,all_days,reused_three_phase_sample
2025-08-15T00:00:00+00:00,75238421,20,all_days,reused_three_phase_sample
2025-08-15T00:00:00+00:00,75244654,20,all_days,reused_three_phase_sample
2025-08-15T00:00:00+00:00,75245460,20,all_days,reused_three_phase_sample
2025-08-15T00:00:00+00:00,75249101,20,all_days,reused_three_phase_sample
2025-08-15T00:00:00+00:00,75249236,20,all_days,reused_three_phase_sample
2025-08-15T00:00:00+00:00,75250647,20,all_days,reused_three_phase_sample
2025-08-16T00:00:00+00:00,75256966,20,all_days,reused_three_phase_sample
2025-08-16T00:00:00+00:00,75258449,20,all_days,reused_three_phase_sample
2025-08-16T00:00:00+00:00,75260210,20,all_days,reused_three_phase_sample
2025-08-16T00:00:00+00:00,75260649,20,all_days,reused_three_phase_sample
2025-08-16T00:00:00+00:00,75261207,20,all_days,reused_three_phase_sample
2025-08-16T00:00:00+00:00,75266987,20,all_days,reused_three_phase_sample
2025-08-16T00:00:00+00:00,75267825,20,all_days,reused_three_phase_sample
2025-08-16T00:00:00+00:00,75269153,20,all_days,reused_three_phase_sample
2025-08-16T00:00:00+00:00,75271777,20,all_days,reused_three_phase_sample
2025-08-16T00:00:00+00:00,75274229,20,all_days,reused_three_phase_sample
2025-08-16T00:00:00+00:00,75276625,20,all_days,reused_three_phase_sample
2025-08-16T00:00:00+00:00,75277044,20,all_days,reused_three_phase_sample
2025-08-16T00:00:00+00:00,75278576,20,all_days,reused_three_phase_sample
2025-08-16T00:00:00+00:00,75281762,20,all_days,reused_three_phase_sample
2025-08-16T00:00:00+00:00,75282591,20,all_days,reused_three_phase_sample
2025-08-16T00:00:00+00:00,75283823,20,all_days,reused_three_phase_sample
2025-08-16T00:00:00+00:00,75289120,20,all_days,reused_three_phase_sample
2025-08-16T00:00:00+00:00,75292423,20,all_days,reused_three_phase_sample
2025-08-16T00:00:00+00:00,75292590,20,all_days,reused_three_phase_sample
2025-08-16T00:00:00+00:00,75292717,20,all_days,reused_three_phase_sample
2025-08-17T00:00:00+00:00,75300659,20,all_days,reused_three_phase_sample
2025-08-17T00:00:00+00:00,75301769,20,all_days,reused_three_phase_sample
2025-08-17T00:00:00+00:00,75301783,20,all_days,reused_three_phase_sample
2025-08-17T00:00:00+00:00,75302760,20,all_days,reused_three_phase_sample
2025-08-17T00:00:00+00:00,75306798,20,all_days,reused_three_phase_sample
2025-08-17T00:00:00+00:00,75309177,20,all_days,reused_three_phase_sample
2025-08-17T00:00:00+00:00,75311618,20,all_days,reused_three_phase_sample
2025-08-17T00:00:00+00:00,75311719,20,all_days,reused_three_phase_sample
2025-08-17T00:00:00+00:00,75315873,20,all_days,reused_three_phase_sample
2025-08-17T00:00:00+00:00,75317291,20,all_days,reused_three_phase_sample
2025-08-17T00:00:00+00:00,75321052,20,all_days,reused_three_phase_sample
2025-08-17T00:00:00+00:00,75323353,20,all_days,reused_three_phase_sample
2025-08-17T00:00:00+00:00,75325241,20,all_days,reused_three_phase_sample
2025-08-17T00:00:00+00:00,75327332,20,all_days,reused_three_phase_sample
2025-08-17T00:00:00+00:00,75327406,20,all_days,reused_three_phase_sample
2025-08-17T00:00:00+00:00,75327708,20,all_days,reused_three_phase_sample
2025-08-17T00:00:00+00:00,75328713,20,all_days,reused_three_phase_sample
2025-08-17T00:00:00+00:00,75330522,20,all_days,reused_three_phase_sample
2025-08-17T00:00:00+00:00,75334730,20,all_days,reused_three_phase_sample
2025-08-17T00:00:00+00:00,75335764,20,all_days,reused_three_phase_sample
2025-08-18T00:00:00+00:00,75338809,20,all_days,reused_three_phase_sample
2025-08-18T00:00:00+00:00,75339484,20,all_days,reused_three_phase_sample
2025-08-18T00:00:00+00:00,75343387,20,all_days,reused_three_phase_sample
2025-08-18T00:00:00+00:00,75344296,20,all_days,reused_three_phase_sample
2025-08-18T00:00:00+00:00,75347789,20,all_days,reused_three_phase_sample
2025-08-18T00:00:00+00:00,75348095,20,all_days,reused_three_phase_sample
2025-08-18T00:00:00+00:00,75349335,20,all_days,reused_three_phase_sample
2025-08-18T00:00:00+00:00,75353180,20,all_days,reused_three_phase_sample
2025-08-18T00:00:00+00:00,75353211,20,all_days,reused_three_phase_sample
2025-08-18T00:00:00+00:00,75353452,20,all_days,reused_three_phase_sample
2025-08-18T00:00:00+00:00,75353839,20,all_days,reused_three_phase_sample
2025-08-18T00:00:00+00:00,75355701,20,all_days,reused_three_phase_sample
2025-08-18T00:00:00+00:00,75355787,20,all_days,reused_three_phase_sample
2025-08-18T00:00:00+00:00,75356063,20,all_days,reused_three_phase_sample
2025-08-18T00:00:00+00:00,75356616,20,all_days,reused_three_phase_sample
2025-08-18T00:00:00+00:00,75362905,20,all_days,reused_three_phase_sample
2025-08-18T00:00:00+00:00,75370192,20,all_days,reused_three_phase_sample
2025-08-18T00:00:00+00:00,75371577,20,all_days,reused_three_phase_sample
2025-08-18T00:00:00+00:00,75373056,20,all_days,reused_three_phase_sample
2025-08-18T00:00:00+00:00,75373123,20,all_days,reused_three_phase_sample
2025-08-19T00:00:00+00:00,75378195,20,all_days,reused_three_phase_sample
2025-08-19T00:00:00+00:00,75378915,20,all_days,reused_three_phase_sample
2025-08-19T00:00:00+00:00,75380524,20,all_days,reused_three_phase_sample
2025-08-19T00:00:00+00:00,75381685,20,all_days,reused_three_phase_sample
2025-08-19T00:00:00+00:00,75382024,20,all_days,reused_three_phase_sample
2025-08-19T00:00:00+00:00,75383845,20,all_days,reused_three_phase_sample
2025-08-19T00:00:00+00:00,75387146,20,all_days,reused_three_phase_sample
2025-08-19T00:00:00+00:00,75388523,20,all_days,reused_three_phase_sample
2025-08-19T00:00:00+00:00,75390355,20,all_days,reused_three_phase_sample
2025-08-19T00:00:00+00:00,75394062,20,all_days,reused_three_phase_sample
2025-08-19T00:00:00+00:00,75396194,20,all_days,reused_three_phase_sample
2025-08-19T00:00:00+00:00,75398273,20,all_days,reused_three_phase_sample
2025-08-19T00:00:00+00:00,75398290,20,all_days,reused_three_phase_sample
2025-08-19T00:00:00+00:00,75399706,20,all_days,reused_three_phase_sample
2025-08-19T00:00:00+00:00,75400524,20,all_days,reused_three_phase_sample
2025-08-19T00:00:00+00:00,75403404,20,all_days,reused_three_phase_sample
2025-08-19T00:00:00+00:00,75406777,20,all_days,reused_three_phase_sample
2025-08-19T00:00:00+00:00,75408324,20,all_days,reused_three_phase_sample
2025-08-19T00:00:00+00:00,75413279,20,all_days,reused_three_phase_sample
2025-08-19T00:00:00+00:00,75416319,20,all_days,reused_three_phase_sample
2025-08-20T00:00:00+00:00,75421865,20,all_days,reused_three_phase_sample
2025-08-20T00:00:00+00:00,75424829,20,all_days,reused_three_phase_sample
2025-08-20T00:00:00+00:00,75430302,20,all_days,reused_three_phase_sample
2025-08-20T00:00:00+00:00,75431834,20,all_days,reused_three_phase_sample
2025-08-20T00:00:00+00:00,75432925,20,all_days,reused_three_phase_sample
2025-08-20T00:00:00+00:00,75436529,20,all_days,reused_three_phase_sample
2025-08-20T00:00:00+00:00,75436635,20,all_days,reused_three_phase_sample
2025-08-20T00:00:00+00:00,75441039,20,all_days,reused_three_phase_sample
2025-08-20T00:00:00+00:00,75447379,20,all_days,reused_three_phase_sample
2025-08-20T00:00:00+00:00,75447579,20,all_days,reused_three_phase_sample
2025-08-20T00:00:00+00:00,75449215,20,all_days,reused_three_phase_sample
2025-08-20T00:00:00+00:00,75449540,20,all_days,reused_three_phase_sample
2025-08-20T00:00:00+00:00,75449594,20,all_days,reused_three_phase_sample
2025-08-20T00:00:00+00:00,75450263,20,all_days,reused_three_phase_sample
2025-08-20T00:00:00+00:00,75450303,20,all_days,reused_three_phase_sample
2025-08-20T00:00:00+00:00,75452096,20,all_days,reused_three_phase_sample
2025-08-20T00:00:00+00:00,75454265,20,all_days,reused_three_phase_sample
2025-08-20T00:00:00+00:00,75454655,20,all_days,reused_three_phase_sample
2025-08-20T00:00:00+00:00,75454840,20,all_days,reused_three_phase_sample
2025-08-20T00:00:00+00:00,75456784,20,all_days,reused_three_phase_sample
2025-08-21T00:00:00+00:00,75459703,20,all_days,reused_three_phase_sample
2025-08-21T00:00:00+00:00,75459979,20,all_days,reused_three_phase_sample
2025-08-21T00:00:00+00:00,75463010,20,all_days,reused_three_phase_sample
2025-08-21T00:00:00+00:00,75463626,20,all_days,reused_three_phase_sample
2025-08-21T00:00:00+00:00,75464245,20,all_days,reused_three_phase_sample
2025-08-21T00:00:00+00:00,75466000,20,all_days,reused_three_phase_sample
2025-08-21T00:00:00+00:00,75468636,20,all_days,reused_three_phase_sample
2025-08-21T00:00:00+00:00,75471069,20,all_days,reused_three_phase_sample
2025-08-21T00:00:00+00:00,75475357,20,all_days,reused_three_phase_sample
2025-08-21T00:00:00+00:00,75477808,20,all_days,reused_three_phase_sample
2025-08-21T00:00:00+00:00,75478040,20,all_days,reused_three_phase_sample
2025-08-21T00:00:00+00:00,75481843,20,all_days,reused_three_phase_sample
2025-08-21T00:00:00+00:00,75484904,20,all_days,reused_three_phase_sample
2025-08-21T00:00:00+00:00,75486101,20,all_days,reused_three_phase_sample
2025-08-21T00:00:00+00:00,75487127,20,all_days,reused_three_phase_sample
2025-08-21T00:00:00+00:00,75490032,20,all_days,reused_three_phase_sample
2025-08-21T00:00:00+00:00,75494398,20,all_days,reused_three_phase_sample
2025-08-21T00:00:00+00:00,75495971,20,all_days,reused_three_phase_sample
2025-08-21T00:00:00+00:00,75496151,20,all_days,reused_three_phase_sample
2025-08-21T00:00:00+00:00,75497397,20,all_days,reused_three_phase_sample
2025-08-22T00:00:00+00:00,75498312,20,all_days,reused_three_phase_sample
2025-08-22T00:00:00+00:00,75499891,20,all_days,reused_three_phase_sample
2025-08-22T00:00:00+00:00,75500356,20,all_days,reused_three_phase_sample
2025-08-22T00:00:00+00:00,75502116,20,all_days,reused_three_phase_sample
2025-08-22T00:00:00+00:00,75502305,20,all_days,reused_three_phase_sample
2025-08-22T00:00:00+00:00,75502896,20,all_days,reused_three_phase_sample
2025-08-22T00:00:00+00:00,75505254,20,all_days,reused_three_phase_sample
2025-08-22T00:00:00+00:00,75510288,20,all_days,reused_three_phase_sample
2025-08-22T00:00:00+00:00,75511014,20,all_days,reused_three_phase_sample
2025-08-22T00:00:00+00:00,75516857,20,all_days,reused_three_phase_sample
2025-08-22T00:00:00+00:00,75517431,20,all_days,reused_three_phase_sample
2025-08-22T00:00:00+00:00,75519556,20,all_days,reused_three_phase_sample
2025-08-22T00:00:00+00:00,75521499,20,all_days,reused_three_phase_sample
2025-08-22T00:00:00+00:00,75527616,20,all_days,reused_three_phase_sample
2025-08-22T00:00:00+00:00,75528695,20,all_days,reused_three_phase_sample
2025-08-22T00:00:00+00:00,75531595,20,all_days,reused_three_phase_sample
2025-08-22T00:00:00+00:00,75531861,20,all_days,reused_three_phase_sample
2025-08-22T00:00:00+00:00,75534940,20,all_days,reused_three_phase_sample
2025-08-22T00:00:00+00:00,75536505,20,all_days,reused_three_phase_sample
2025-08-22T00:00:00+00:00,75537137,20,all_days,reused_three_phase_sample
2025-08-23T00:00:00+00:00,75538238,20,all_days,reused_three_phase_sample
2025-08-23T00:00:00+00:00,75539047,20,all_days,reused_three_phase_sample
2025-08-23T00:00:00+00:00,75540451,20,all_days,reused_three_phase_sample
2025-08-23T00:00:00+00:00,75540694,20,all_days,reused_three_phase_sample
2025-08-23T00:00:00+00:00,75541240,20,all_days,reused_three_phase_sample
2025-08-23T00:00:00+00:00,75541280,20,all_days,reused_three_phase_sample
2025-08-23T00:00:00+00:00,75548449,20,all_days,reused_three_phase_sample
2025-08-23T00:00:00+00:00,75553232,20,all_days,reused_three_phase_sample
2025-08-23T00:00:00+00:00,75556003,20,all_days,reused_three_phase_sample
2025-08-23T00:00:00+00:00,75558999,20,all_days,reused_three_phase_sample
2025-08-23T00:00:00+00:00,75560944,20,all_days,reused_three_phase_sample
2025-08-23T00:00:00+00:00,75561684,20,all_days,reused_three_phase_sample
2025-08-23T00:00:00+00:00,75562315,20,all_days,reused_three_phase_sample
2025-08-23T00:00:00+00:00,75562728,20,all_days,reused_three_phase_sample
2025-08-23T00:00:00+00:00,75564987,20,all_days,reused_three_phase_sample
2025-08-23T00:00:00+00:00,75565081,20,all_days,reused_three_phase_sample
2025-08-23T00:00:00+00:00,75567549,20,all_days,reused_three_phase_sample
2025-08-23T00:00:00+00:00,75568552,20,all_days,reused_three_phase_sample
2025-08-23T00:00:00+00:00,75570326,20,all_days,reused_three_phase_sample
2025-08-23T00:00:00+00:00,75573357,20,all_days,reused_three_phase_sample
2025-08-24T00:00:00+00:00,75578445,20,all_days,reused_three_phase_sample
2025-08-24T00:00:00+00:00,75580758,20,all_days,reused_three_phase_sample
2025-08-24T00:00:00+00:00,75580911,20,all_days,reused_three_phase_sample
2025-08-24T00:00:00+00:00,75581401,20,all_days,reused_three_phase_sample
2025-08-24T00:00:00+00:00,75585073,20,all_days,reused_three_phase_sample
2025-08-24T00:00:00+00:00,75594401,20,all_days,reused_three_phase_sample
2025-08-24T00:00:00+00:00,75597740,20,all_days,reused_three_phase_sample
2025-08-24T00:00:00+00:00,75598344,20,all_days,reused_three_phase_sample
2025-08-24T00:00:00+00:00,75601842,20,all_days,reused_three_phase_sample
2025-08-24T00:00:00+00:00,75602496,20,all_days,reused_three_phase_sample
2025-08-24T00:00:00+00:00,75604485,20,all_days,reused_three_phase_sample
2025-08-24T00:00:00+00:00,75605460,20,all_days,reused_three_phase_sample
2025-08-24T00:00:00+00:00,75609174,20,all_days,reused_three_phase_sample
2025-08-24T00:00:00+00:00,75609193,20,all_days,reused_three_phase_sample
2025-08-24T00:00:00+00:00,75609728,20,all_days,reused_three_phase_sample
2025-08-24T00:00:00+00:00,75609980,20,all_days,reused_three_phase_sample
2025-08-24T00:00:00+00:00,75613135,20,all_days,reused_three_phase_sample
2025-08-24T00:00:00+00:00,75613809,20,all_days,reused_three_phase_sample
2025-08-24T00:00:00+00:00,75614830,20,all_days,reused_three_phase_sample
2025-08-24T00:00:00+00:00,75616452,20,all_days,reused_three_phase_sample
2025-08-25T00:00:00+00:00,75617616,20,all_days,reused_three_phase_sample
2025-08-25T00:00:00+00:00,75622609,20,all_days,reused_three_phase_sample
2025-08-25T00:00:00+00:00,75624634,20,all_days,reused_three_phase_sample
2025-08-25T00:00:00+00:00,75626868,20,all_days,reused_three_phase_sample
2025-08-25T00:00:00+00:00,75627226,20,all_days,reused_three_phase_sample
2025-08-25T00:00:00+00:00,75630498,20,all_days,reused_three_phase_sample
2025-08-25T00:00:00+00:00,75632870,20,all_days,reused_three_phase_sample
2025-08-25T00:00:00+00:00,75633859,20,all_days,reused_three_phase_sample
2025-08-25T00:00:00+00:00,75634341,20,all_days,reused_three_phase_sample
2025-08-25T00:00:00+00:00,75635889,20,all_days,reused_three_phase_sample
2025-08-25T00:00:00+00:00,75636271,20,all_days,reused_three_phase_sample
2025-08-25T00:00:00+00:00,75641074,20,all_days,reused_three_phase_sample
2025-08-25T00:00:00+00:00,75641193,20,all_days,reused_three_phase_sample
2025-08-25T00:00:00+00:00,75641780,20,all_days,reused_three_phase_sample
2025-08-25T00:00:00+00:00,75643854,20,all_days,reused_three_phase_sample
2025-08-25T00:00:00+00:00,75648088,20,all_days,reused_three_phase_sample
2025-08-25T00:00:00+00:00,75649457,20,all_days,reused_three_phase_sample
2025-08-25T00:00:00+00:00,75652270,20,all_days,reused_three_phase_sample
2025-08-25T00:00:00+00:00,75654566,20,all_days,reused_three_phase_sample
2025-08-25T00:00:00+00:00,75655149,20,all_days,reused_three_phase_sample
2025-08-26T00:00:00+00:00,75659509,20,all_days,reused_three_phase_sample
2025-08-26T00:00:00+00:00,75659660,20,all_days,reused_three_phase_sample
2025-08-26T00:00:00+00:00,75661074,20,all_days,reused_three_phase_sample
2025-08-26T00:00:00+00:00,75662654,20,all_days,reused_three_phase_sample
2025-08-26T00:00:00+00:00,75666851,20,all_days,reused_three_phase_sample
2025-08-26T00:00:00+00:00,75667884,20,all_days,reused_three_phase_sample
2025-08-26T00:00:00+00:00,75667893,20,all_days,reused_three_phase_sample
2025-08-26T00:00:00+00:00,75671608,20,all_days,reused_three_phase_sample
2025-08-26T00:00:00+00:00,75676725,20,all_days,reused_three_phase_sample
2025-08-26T00:00:00+00:00,75677750,20,all_days,reused_three_phase_sample
2025-08-26T00:00:00+00:00,75679438,20,all_days,reused_three_phase_sample
2025-08-26T00:00:00+00:00,75680891,20,all_days,reused_three_phase_sample
2025-08-26T00:00:00+00:00,75683793,20,all_days,reused_three_phase_sample
2025-08-26T00:00:00+00:00,75683886,20,all_days,reused_three_phase_sample
2025-08-26T00:00:00+00:00,75684041,20,all_days,reused_three_phase_sample
2025-08-26T00:00:00+00:00,75687964,20,all_days,reused_three_phase_sample
2025-08-26T00:00:00+00:00,75689758,20,all_days,reused_three_phase_sample
2025-08-26T00:00:00+00:00,75691273,20,all_days,reused_three_phase_sample
2025-08-26T00:00:00+00:00,75693768,20,all_days,reused_three_phase_sample
2025-08-26T00:00:00+00:00,75694725,20,all_days,reused_three_phase_sample
2025-08-27T00:00:00+00:00,75704767,20,all_days,reused_three_phase_sample
2025-08-27T00:00:00+00:00,75707971,20,all_days,reused_three_phase_sample
2025-08-27T00:00:00+00:00,75710016,20,all_days,reused_three_phase_sample
2025-08-27T00:00:00+00:00,75711580,20,all_days,reused_three_phase_sample
2025-08-27T00:00:00+00:00,75713128,20,all_days,reused_three_phase_sample
2025-08-27T00:00:00+00:00,75713403,20,all_days,reused_three_phase_sample
2025-08-27T00:00:00+00:00,75713453,20,all_days,reused_three_phase_sample
2025-08-27T00:00:00+00:00,75716066,20,all_days,reused_three_phase_sample
2025-08-27T00:00:00+00:00,75716434,20,all_days,reused_three_phase_sample
2025-08-27T00:00:00+00:00,75717567,20,all_days,reused_three_phase_sample
2025-08-27T00:00:00+00:00,75723018,20,all_days,reused_three_phase_sample
2025-08-27T00:00:00+00:00,75723934,20,all_days,reused_three_phase_sample
2025-08-27T00:00:00+00:00,75725550,20,all_days,reused_three_phase_sample
2025-08-27T00:00:00+00:00,75725699,20,all_days,reused_three_phase_sample
2025-08-27T00:00:00+00:00,75726716,20,all_days,reused_three_phase_sample
2025-08-27T00:00:00+00:00,75726873,20,all_days,reused_three_phase_sample
2025-08-27T00:00:00+00:00,75730456,20,all_days,reused_three_phase_sample
2025-08-27T00:00:00+00:00,75733478,20,all_days,reused_three_phase_sample
2025-08-27T00:00:00+00:00,75736021,20,all_days,reused_three_phase_sample
2025-08-27T00:00:00+00:00,75737043,20,all_days,reused_three_phase_sample
2025-08-28T00:00:00+00:00,75739739,20,all_days,reused_three_phase_sample
2025-08-28T00:00:00+00:00,75740124,20,all_days,reused_three_phase_sample
2025-08-28T00:00:00+00:00,75740468,20,all_days,reused_three_phase_sample
2025-08-28T00:00:00+00:00,75740578,20,all_days,reused_three_phase_sample
2025-08-28T00:00:00+00:00,75740698,20,all_days,reused_three_phase_sample
2025-08-28T00:00:00+00:00,75741332,20,all_days,reused_three_phase_sample
2025-08-28T00:00:00+00:00,75741666,20,all_days,reused_three_phase_sample
2025-08-28T00:00:00+00:00,75745205,20,all_days,reused_three_phase_sample
2025-08-28T00:00:00+00:00,75746467,20,all_days,reused_three_phase_sample
2025-08-28T00:00:00+00:00,75746845,20,all_days,reused_three_phase_sample
2025-08-28T00:00:00+00:00,75749630,20,all_days,reused_three_phase_sample
2025-08-28T00:00:00+00:00,75750163,20,all_days,reused_three_phase_sample
2025-08-28T00:00:00+00:00,75750524,20,all_days,reused_three_phase_sample
2025-08-28T00:00:00+00:00,75753125,20,all_days,reused_three_phase_sample
2025-08-28T00:00:00+00:00,75757349,20,all_days,reused_three_phase_sample
2025-08-28T00:00:00+00:00,75767575,20,all_days,reused_three_phase_sample
2025-08-28T00:00:00+00:00,75767656,20,all_days,reused_three_phase_sample
2025-08-28T00:00:00+00:00,75772947,20,all_days,reused_three_phase_sample
2025-08-28T00:00:00+00:00,75775383,20,all_days,reused_three_phase_sample
2025-08-28T00:00:00+00:00,75776208,20,all_days,reused_three_phase_sample
2025-08-29T00:00:00+00:00,75778679,20,all_days,reused_three_phase_sample
2025-08-29T00:00:00+00:00,75778810,20,all_days,reused_three_phase_sample
2025-08-29T00:00:00+00:00,75780616,20,all_days,reused_three_phase_sample
2025-08-29T00:00:00+00:00,75781607,20,all_days,reused_three_phase_sample
2025-08-29T00:00:00+00:00,75781688,20,all_days,reused_three_phase_sample
2025-08-29T00:00:00+00:00,75788050,20,all_days,reused_three_phase_sample
2025-08-29T00:00:00+00:00,75789059,20,all_days,reused_three_phase_sample
2025-08-29T00:00:00+00:00,75789816,20,all_days,reused_three_phase_sample
2025-08-29T00:00:00+00:00,75789910,20,all_days,reused_three_phase_sample
2025-08-29T00:00:00+00:00,75793880,20,all_days,reused_three_phase_sample
2025-08-29T00:00:00+00:00,75794141,20,all_days,reused_three_phase_sample
2025-08-29T00:00:00+00:00,75799700,20,all_days,reused_three_phase_sample
2025-08-29T00:00:00+00:00,75799950,20,all_days,reused_three_phase_sample
2025-08-29T00:00:00+00:00,75801318,20,all_days,reused_three_phase_sample
2025-08-29T00:00:00+00:00,75802327,20,all_days,reused_three_phase_sample
2025-08-29T00:00:00+00:00,75804122,20,all_days,reused_three_phase_sample
2025-08-29T00:00:00+00:00,75808894,20,all_days,reused_three_phase_sample
2025-08-29T00:00:00+00:00,75811910,20,all_days,reused_three_phase_sample
2025-08-29T00:00:00+00:00,75812314,20,all_days,reused_three_phase_sample
2025-08-29T00:00:00+00:00,75817632,20,all_days,reused_three_phase_sample
2025-08-30T00:00:00+00:00,75822153,20,all_days,reused_three_phase_sample
2025-08-30T00:00:00+00:00,75824236,20,all_days,reused_three_phase_sample
2025-08-30T00:00:00+00:00,75824667,20,all_days,reused_three_phase_sample
2025-08-30T00:00:00+00:00,75825924,20,all_days,reused_three_phase_sample
2025-08-30T00:00:00+00:00,75826027,20,all_days,reused_three_phase_sample
2025-08-30T00:00:00+00:00,75826489,20,all_days,reused_three_phase_sample
2025-08-30T00:00:00+00:00,75828765,20,all_days,reused_three_phase_sample
2025-08-30T00:00:00+00:00,75828810,20,all_days,reused_three_phase_sample
2025-08-30T00:00:00+00:00,75829327,20,all_days,reused_three_phase_sample
2025-08-30T00:00:00+00:00,75830101,20,all_days,reused_three_phase_sample
2025-08-30T00:00:00+00:00,75830188,20,all_days,reused_three_phase_sample
2025-08-30T00:00:00+00:00,75833335,20,all_days,reused_three_phase_sample
2025-08-30T00:00:00+00:00,75837411,20,all_days,reused_three_phase_sample
2025-08-30T00:00:00+00:00,75839589,20,all_days,reused_three_phase_sample
2025-08-30T00:00:00+00:00,75844201,20,all_days,reused_three_phase_sample
2025-08-30T00:00:00+00:00,75848913,20,all_days,reused_three_phase_sample
2025-08-30T00:00:00+00:00,75852532,20,all_days,reused_three_phase_sample
2025-08-30T00:00:00+00:00,75854511,20,all_days,reused_three_phase_sample
2025-08-30T00:00:00+00:00,75856602,20,all_days,reused_three_phase_sample
2025-08-30T00:00:00+00:00,75856638,20,all_days,reused_three_phase_sample
2025-08-31T00:00:00+00:00,75863193,20,all_days,reused_three_phase_sample
2025-08-31T00:00:00+00:00,75867356,20,all_days,reused_three_phase_sample
2025-08-31T00:00:00+00:00,75874518,20,all_days,reused_three_phase_sample
2025-08-31T00:00:00+00:00,75874868,20,all_days,reused_three_phase_sample
2025-08-31T00:00:00+00:00,75875150,20,all_days,reused_three_phase_sample
2025-08-31T00:00:00+00:00,75875766,20,all_days,reused_three_phase_sample
2025-08-31T00:00:00+00:00,75875961,20,all_days,reused_three_phase_sample
2025-08-31T00:00:00+00:00,75877406,20,all_days,reused_three_phase_sample
2025-08-31T00:00:00+00:00,75878007,20,all_days,reused_three_phase_sample
2025-08-31T00:00:00+00:00,75883234,20,all_days,reused_three_phase_sample
2025-08-31T00:00:00+00:00,75884810,20,all_days,reused_three_phase_sample
2025-08-31T00:00:00+00:00,75886519,20,all_days,reused_three_phase_sample
2025-08-31T00:00:00+00:00,75889342,20,all_days,reused_three_phase_sample
2025-08-31T00:00:00+00:00,75889748,20,all_days,reused_three_phase_sample
2025-08-31T00:00:00+00:00,75891892,20,all_days,reused_three_phase_sample
2025-08-31T00:00:00+00:00,75892419,20,all_days,reused_three_phase_sample
2025-08-31T00:00:00+00:00,75892698,20,all_days,reused_three_phase_sample
2025-08-31T00:00:00+00:00,75893209,20,all_days,reused_three_phase_sample
2025-08-31T00:00:00+00:00,75897200,20,all_days,reused_three_phase_sample
2025-08-31T00:00:00+00:00,75898475,20,all_days,reused_three_phase_sample
2025-09-01T00:00:00+00:00,75903922,20,all_days,reused_three_phase_sample
2025-09-01T00:00:00+00:00,75904084,20,all_days,reused_three_phase_sample
2025-09-01T00:00:00+00:00,75904364,20,all_days,reused_three_phase_sample
2025-09-01T00:00:00+00:00,75904375,20,all_days,reused_three_phase_sample
2025-09-01T00:00:00+00:00,75907700,20,all_days,reused_three_phase_sample
2025-09-01T00:00:00+00:00,75910556,20,all_days,reused_three_phase_sample
2025-09-01T00:00:00+00:00,75913809,20,all_days,reused_three_phase_sample
2025-09-01T00:00:00+00:00,75914233,20,all_days,reused_three_phase_sample
2025-09-01T00:00:00+00:00,75917173,20,all_days,reused_three_phase_sample
2025-09-01T00:00:00+00:00,75917387,20,all_days,reused_three_phase_sample
2025-09-01T00:00:00+00:00,75922495,20,all_days,reused_three_phase_sample
2025-09-01T00:00:00+00:00,75925238,20,all_days,reused_three_phase_sample
2025-09-01T00:00:00+00:00,75928389,20,all_days,reused_three_phase_sample
2025-09-01T00:00:00+00:00,75928680,20,all_days,reused_three_phase_sample
2025-09-01T00:00:00+00:00,75928958,20,all_days,reused_three_phase_sample
2025-09-01T00:00:00+00:00,75929991,20,all_days,reused_three_phase_sample
2025-09-01T00:00:00+00:00,75932776,20,all_days,reused_three_phase_sample
2025-09-01T00:00:00+00:00,75935242,20,all_days,reused_three_phase_sample
2025-09-01T00:00:00+00:00,75938756,20,all_days,reused_three_phase_sample
2025-09-01T00:00:00+00:00,75939204,20,all_days,reused_three_phase_sample
2025-09-02T00:00:00+00:00,75940707,20,all_days,reused_three_phase_sample
2025-09-02T00:00:00+00:00,75942761,20,all_days,reused_three_phase_sample
2025-09-02T00:00:00+00:00,75944422,20,all_days,reused_three_phase_sample
2025-09-02T00:00:00+00:00,75946704,20,all_days,reused_three_phase_sample
2025-09-02T00:00:00+00:00,75948329,20,all_days,reused_three_phase_sample
2025-09-02T00:00:00+00:00,75949621,20,all_days,reused_three_phase_sample
2025-09-02T00:00:00+00:00,75949755,20,all_days,reused_three_phase_sample
2025-09-02T00:00:00+00:00,75950205,20,all_days,reused_three_phase_sample
2025-09-02T00:00:00+00:00,75953348,20,all_days,reused_three_phase_sample
2025-09-02T00:00:00+00:00,75954492,20,all_days,reused_three_phase_sample
2025-09-02T00:00:00+00:00,75957512,20,all_days,reused_three_phase_sample
2025-09-02T00:00:00+00:00,75960862,20,all_days,reused_three_phase_sample
2025-09-02T00:00:00+00:00,75966759,20,all_days,reused_three_phase_sample
2025-09-02T00:00:00+00:00,75968099,20,all_days,reused_three_phase_sample
2025-09-02T00:00:00+00:00,75969583,20,all_days,reused_three_phase_sample
2025-09-02T00:00:00+00:00,75970138,20,all_days,reused_three_phase_sample
2025-09-02T00:00:00+00:00,75970262,20,all_days,reused_three_phase_sample
2025-09-02T00:00:00+00:00,75974282,20,all_days,reused_three_phase_sample
2025-09-02T00:00:00+00:00,75976972,20,all_days,reused_three_phase_sample
2025-09-02T00:00:00+00:00,75978131,20,all_days,reused_three_phase_sample
2025-09-03T00:00:00+00:00,75982741,20,all_days,reused_three_phase_sample
2025-09-03T00:00:00+00:00,75985128,20,all_days,reused_three_phase_sample
2025-09-03T00:00:00+00:00,75986268,20,all_days,reused_three_phase_sample
2025-09-03T00:00:00+00:00,75986425,20,all_days,reused_three_phase_sample
2025-09-03T00:00:00+00:00,75986866,20,all_days,reused_three_phase_sample
2025-09-03T00:00:00+00:00,75988042,20,all_days,reused_three_phase_sample
2025-09-03T00:00:00+00:00,75989965,20,all_days,reused_three_phase_sample
2025-09-03T00:00:00+00:00,75990288,20,all_days,reused_three_phase_sample
2025-09-03T00:00:00+00:00,75991422,20,all_days,reused_three_phase_sample
2025-09-03T00:00:00+00:00,76000570,20,all_days,reused_three_phase_sample
2025-09-03T00:00:00+00:00,76001455,20,all_days,reused_three_phase_sample
2025-09-03T00:00:00+00:00,76004774,20,all_days,reused_three_phase_sample
2025-09-03T00:00:00+00:00,76005274,20,all_days,reused_three_phase_sample
2025-09-03T00:00:00+00:00,76006250,20,all_days,reused_three_phase_sample
2025-09-03T00:00:00+00:00,76008321,20,all_days,reused_three_phase_sample
2025-09-03T00:00:00+00:00,76012711,20,all_days,reused_three_phase_sample
2025-09-03T00:00:00+00:00,76016972,20,all_days,reused_three_phase_sample
2025-09-03T00:00:00+00:00,76018007,20,all_days,reused_three_phase_sample
2025-09-03T00:00:00+00:00,76018863,20,all_days,reused_three_phase_sample
2025-09-03T00:00:00+00:00,76021000,20,all_days,reused_three_phase_sample
2025-09-04T00:00:00+00:00,76022833,20,all_days,reused_three_phase_sample
2025-09-04T00:00:00+00:00,76025220,20,all_days,reused_three_phase_sample
2025-09-04T00:00:00+00:00,76028203,20,all_days,reused_three_phase_sample
2025-09-04T00:00:00+00:00,76028838,20,all_days,reused_three_phase_sample
2025-09-04T00:00:00+00:00,76029062,20,all_days,reused_three_phase_sample
2025-09-04T00:00:00+00:00,76030472,20,all_days,reused_three_phase_sample
2025-09-04T00:00:00+00:00,76030568,20,all_days,reused_three_phase_sample
2025-09-04T00:00:00+00:00,76032546,20,all_days,reused_three_phase_sample
2025-09-04T00:00:00+00:00,76037475,20,all_days,reused_three_phase_sample
2025-09-04T00:00:00+00:00,76038363,20,all_days,reused_three_phase_sample
2025-09-04T00:00:00+00:00,76039569,20,all_days,reused_three_phase_sample
2025-09-04T00:00:00+00:00,76039782,20,all_days,reused_three_phase_sample
2025-09-04T00:00:00+00:00,76045613,20,all_days,reused_three_phase_sample
2025-09-04T00:00:00+00:00,76046631,20,all_days,reused_three_phase_sample
2025-09-04T00:00:00+00:00,76051373,20,all_days,reused_three_phase_sample
2025-09-04T00:00:00+00:00,76051681,20,all_days,reused_three_phase_sample
2025-09-04T00:00:00+00:00,76053465,20,all_days,reused_three_phase_sample
2025-09-04T00:00:00+00:00,76054561,20,all_days,reused_three_phase_sample
2025-09-04T00:00:00+00:00,76057511,20,all_days,reused_three_phase_sample
2025-09-04T00:00:00+00:00,76060111,20,all_days,reused_three_phase_sample
2025-09-05T00:00:00+00:00,76062744,20,all_days,reused_three_phase_sample
2025-09-05T00:00:00+00:00,76069654,20,all_days,reused_three_phase_sample
2025-09-05T00:00:00+00:00,76070434,20,all_days,reused_three_phase_sample
2025-09-05T00:00:00+00:00,76071624,20,all_days,reused_three_phase_sample
2025-09-05T00:00:00+00:00,76072267,20,all_days,reused_three_phase_sample
2025-09-05T00:00:00+00:00,76074257,20,all_days,reused_three_phase_sample
2025-09-05T00:00:00+00:00,76078690,20,all_days,reused_three_phase_sample
2025-09-05T00:00:00+00:00,76084518,20,all_days,reused_three_phase_sample
2025-09-05T00:00:00+00:00,76089354,20,all_days,reused_three_phase_sample
2025-09-05T00:00:00+00:00,76089442,20,all_days,reused_three_phase_sample
2025-09-05T00:00:00+00:00,76089509,20,all_days,reused_three_phase_sample
2025-09-05T00:00:00+00:00,76090148,20,all_days,reused_three_phase_sample
2025-09-05T00:00:00+00:00,76091165,20,all_days,reused_three_phase_sample
2025-09-05T00:00:00+00:00,76093385,20,all_days,reused_three_phase_sample
2025-09-05T00:00:00+00:00,76093675,20,all_days,reused_three_phase_sample
2025-09-05T00:00:00+00:00,76095084,20,all_days,reused_three_phase_sample
2025-09-05T00:00:00+00:00,76095784,20,all_days,reused_three_phase_sample
2025-09-05T00:00:00+00:00,76097869,20,all_days,reused_three_phase_sample
2025-09-05T00:00:00+00:00,76099553,20,all_days,reused_three_phase_sample
2025-09-05T00:00:00+00:00,76102814,20,all_days,reused_three_phase_sample
2025-09-06T00:00:00+00:00,76108136,20,all_days,reused_three_phase_sample
2025-09-06T00:00:00+00:00,76108954,20,all_days,reused_three_phase_sample
2025-09-06T00:00:00+00:00,76111841,20,all_days,reused_three_phase_sample
2025-09-06T00:00:00+00:00,76112379,20,all_days,reused_three_phase_sample
2025-09-06T00:00:00+00:00,76114941,20,all_days,reused_three_phase_sample
2025-09-06T00:00:00+00:00,76115022,20,all_days,reused_three_phase_sample
2025-09-06T00:00:00+00:00,76115943,20,all_days,reused_three_phase_sample
2025-09-06T00:00:00+00:00,76117304,20,all_days,reused_three_phase_sample
2025-09-06T00:00:00+00:00,76122703,20,all_days,reused_three_phase_sample
2025-09-06T00:00:00+00:00,76122741,20,all_days,reused_three_phase_sample
2025-09-06T00:00:00+00:00,76123117,20,all_days,reused_three_phase_sample
2025-09-06T00:00:00+00:00,76123567,20,all_days,reused_three_phase_sample
2025-09-06T00:00:00+00:00,76126305,20,all_days,reused_three_phase_sample
2025-09-06T00:00:00+00:00,76126853,20,all_days,reused_three_phase_sample
2025-09-06T00:00:00+00:00,76132331,20,all_days,reused_three_phase_sample
2025-09-06T00:00:00+00:00,76134533,20,all_days,reused_three_phase_sample
2025-09-06T00:00:00+00:00,76138111,20,all_days,reused_three_phase_sample
2025-09-06T00:00:00+00:00,76139583,20,all_days,reused_three_phase_sample
2025-09-06T00:00:00+00:00,76141895,20,all_days,reused_three_phase_sample
2025-09-06T00:00:00+00:00,76142573,20,all_days,reused_three_phase_sample
2025-09-07T00:00:00+00:00,76143769,20,all_days,reused_three_phase_sample
2025-09-07T00:00:00+00:00,76147153,20,all_days,reused_three_phase_sample
2025-09-07T00:00:00+00:00,76148109,20,all_days,reused_three_phase_sample
2025-09-07T00:00:00+00:00,76149163,20,all_days,reused_three_phase_sample
2025-09-07T00:00:00+00:00,76155567,20,all_days,reused_three_phase_sample
2025-09-07T00:00:00+00:00,76157392,20,all_days,reused_three_phase_sample
2025-09-07T00:00:00+00:00,76159217,20,all_days,reused_three_phase_sample
2025-09-07T00:00:00+00:00,76161159,20,all_days,reused_three_phase_sample
2025-09-07T00:00:00+00:00,76161988,20,all_days,reused_three_phase_sample
2025-09-07T00:00:00+00:00,76167146,20,all_days,reused_three_phase_sample
2025-09-07T00:00:00+00:00,76169852,20,all_days,reused_three_phase_sample
2025-09-07T00:00:00+00:00,76171408,20,all_days,reused_three_phase_sample
2025-09-07T00:00:00+00:00,76171939,20,all_days,reused_three_phase_sample
2025-09-07T00:00:00+00:00,76172689,20,all_days,reused_three_phase_sample
2025-09-07T00:00:00+00:00,76174868,20,all_days,reused_three_phase_sample
2025-09-07T00:00:00+00:00,76176032,20,all_days,reused_three_phase_sample
2025-09-07T00:00:00+00:00,76177458,20,all_days,reused_three_phase_sample
2025-09-07T00:00:00+00:00,76177563,20,all_days,reused_three_phase_sample
2025-09-07T00:00:00+00:00,76177858,20,all_days,reused_three_phase_sample
2025-09-07T00:00:00+00:00,76181997,20,all_days,reused_three_phase_sample
2025-09-08T00:00:00+00:00,76185828,20,all_days,reused_three_phase_sample
2025-09-08T00:00:00+00:00,76187610,20,all_days,reused_three_phase_sample
2025-09-08T00:00:00+00:00,76188019,20,all_days,reused_three_phase_sample
2025-09-08T00:00:00+00:00,76194901,20,all_days,reused_three_phase_sample
2025-09-08T00:00:00+00:00,76195041,20,all_days,reused_three_phase_sample
2025-09-08T00:00:00+00:00,76195677,20,all_days,reused_three_phase_sample
2025-09-08T00:00:00+00:00,76197164,20,all_days,reused_three_phase_sample
2025-09-08T00:00:00+00:00,76197709,20,all_days,reused_three_phase_sample
2025-09-08T00:00:00+00:00,76198291,20,all_days,reused_three_phase_sample
2025-09-08T00:00:00+00:00,76198986,20,all_days,reused_three_phase_sample
2025-09-08T00:00:00+00:00,76201615,20,all_days,reused_three_phase_sample
2025-09-08T00:00:00+00:00,76210274,20,all_days,reused_three_phase_sample
2025-09-08T00:00:00+00:00,76210775,20,all_days,reused_three_phase_sample
2025-09-08T00:00:00+00:00,76211801,20,all_days,reused_three_phase_sample
2025-09-08T00:00:00+00:00,76212032,20,all_days,reused_three_phase_sample
2025-09-08T00:00:00+00:00,76213022,20,all_days,reused_three_phase_sample
2025-09-08T00:00:00+00:00,76215896,20,all_days,reused_three_phase_sample
2025-09-08T00:00:00+00:00,76220725,20,all_days,reused_three_phase_sample
2025-09-08T00:00:00+00:00,76223386,20,all_days,reused_three_phase_sample
2025-09-08T00:00:00+00:00,76223472,20,all_days,reused_three_phase_sample
2025-09-09T00:00:00+00:00,76227738,20,all_days,reused_three_phase_sample
2025-09-09T00:00:00+00:00,76228344,20,all_days,reused_three_phase_sample
2025-09-09T00:00:00+00:00,76231042,20,all_days,reused_three_phase_sample
2025-09-09T00:00:00+00:00,76232379,20,all_days,reused_three_phase_sample
2025-09-09T00:00:00+00:00,76234820,20,all_days,reused_three_phase_sample
2025-09-09T00:00:00+00:00,76239478,20,all_days,reused_three_phase_sample
2025-09-09T00:00:00+00:00,76239987,20,all_days,reused_three_phase_sample
2025-09-09T00:00:00+00:00,76240305,20,all_days,reused_three_phase_sample
2025-09-09T00:00:00+00:00,76241693,20,all_days,reused_three_phase_sample
2025-09-09T00:00:00+00:00,76244128,20,all_days,reused_three_phase_sample
2025-09-09T00:00:00+00:00,76245295,20,all_days,reused_three_phase_sample
2025-09-09T00:00:00+00:00,76248837,20,all_days,reused_three_phase_sample
2025-09-09T00:00:00+00:00,76249860,20,all_days,reused_three_phase_sample
2025-09-09T00:00:00+00:00,76252207,20,all_days,reused_three_phase_sample
2025-09-09T00:00:00+00:00,76253175,20,all_days,reused_three_phase_sample
2025-09-09T00:00:00+00:00,76254530,20,all_days,reused_three_phase_sample
2025-09-09T00:00:00+00:00,76254951,20,all_days,reused_three_phase_sample
2025-09-09T00:00:00+00:00,76261582,20,all_days,reused_three_phase_sample
2025-09-09T00:00:00+00:00,76261710,20,all_days,reused_three_phase_sample
2025-09-09T00:00:00+00:00,76264168,20,all_days,reused_three_phase_sample
2025-09-10T00:00:00+00:00,76266987,20,all_days,reused_three_phase_sample
2025-09-10T00:00:00+00:00,76267130,20,all_days,reused_three_phase_sample
2025-09-10T00:00:00+00:00,76268221,20,all_days,reused_three_phase_sample
2025-09-10T00:00:00+00:00,76268514,20,all_days,reused_three_phase_sample
2025-09-10T00:00:00+00:00,76269740,20,all_days,reused_three_phase_sample
2025-09-10T00:00:00+00:00,76270071,20,all_days,reused_three_phase_sample
2025-09-10T00:00:00+00:00,76270270,20,all_days,reused_three_phase_sample
2025-09-10T00:00:00+00:00,76271059,20,all_days,reused_three_phase_sample
2025-09-10T00:00:00+00:00,76275382,20,all_days,reused_three_phase_sample
2025-09-10T00:00:00+00:00,76277391,20,all_days,reused_three_phase_sample
2025-09-10T00:00:00+00:00,76283720,20,all_days,reused_three_phase_sample
2025-09-10T00:00:00+00:00,76287253,20,all_days,reused_three_phase_sample
2025-09-10T00:00:00+00:00,76290055,20,all_days,reused_three_phase_sample
2025-09-10T00:00:00+00:00,76290170,20,all_days,reused_three_phase_sample
2025-09-10T00:00:00+00:00,76290336,20,all_days,reused_three_phase_sample
2025-09-10T00:00:00+00:00,76291451,20,all_days,reused_three_phase_sample
2025-09-10T00:00:00+00:00,76296880,20,all_days,reused_three_phase_sample
2025-09-10T00:00:00+00:00,76297856,20,all_days,reused_three_phase_sample
2025-09-10T00:00:00+00:00,76298342,20,all_days,reused_three_phase_sample
2025-09-10T00:00:00+00:00,76299410,20,all_days,reused_three_phase_sample
2025-09-11T00:00:00+00:00,76301504,20,all_days,reused_three_phase_sample
2025-09-11T00:00:00+00:00,76307677,20,all_days,reused_three_phase_sample
2025-09-11T00:00:00+00:00,76308448,20,all_days,reused_three_phase_sample
2025-09-11T00:00:00+00:00,76309782,20,all_days,reused_three_phase_sample
2025-09-11T00:00:00+00:00,76310097,20,all_days,reused_three_phase_sample
2025-09-11T00:00:00+00:00,76313185,20,all_days,reused_three_phase_sample
2025-09-11T00:00:00+00:00,76317091,20,all_days,reused_three_phase_sample
2025-09-11T00:00:00+00:00,76318279,20,all_days,reused_three_phase_sample
2025-09-11T00:00:00+00:00,76318460,20,all_days,reused_three_phase_sample
2025-09-11T00:00:00+00:00,76320033,20,all_days,reused_three_phase_sample
2025-09-11T00:00:00+00:00,76320098,20,all_days,reused_three_phase_sample
2025-09-11T00:00:00+00:00,76322562,20,all_days,reused_three_phase_sample
2025-09-11T00:00:00+00:00,76323780,20,all_days,reused_three_phase_sample
2025-09-11T00:00:00+00:00,76324030,20,all_days,reused_three_phase_sample
2025-09-11T00:00:00+00:00,76324428,20,all_days,reused_three_phase_sample
2025-09-11T00:00:00+00:00,76326777,20,all_days,reused_three_phase_sample
2025-09-11T00:00:00+00:00,76330639,20,all_days,reused_three_phase_sample
2025-09-11T00:00:00+00:00,76335039,20,all_days,reused_three_phase_sample
2025-09-11T00:00:00+00:00,76336624,20,all_days,reused_three_phase_sample
2025-09-11T00:00:00+00:00,76337861,20,all_days,reused_three_phase_sample
2025-09-12T00:00:00+00:00,76339579,20,all_days,reused_three_phase_sample
2025-09-12T00:00:00+00:00,76341416,20,all_days,reused_three_phase_sample
2025-09-12T00:00:00+00:00,76345743,20,all_days,reused_three_phase_sample
2025-09-12T00:00:00+00:00,76346122,20,all_days,reused_three_phase_sample
2025-09-12T00:00:00+00:00,76349863,20,all_days,reused_three_phase_sample
2025-09-12T00:00:00+00:00,76350831,20,all_days,reused_three_phase_sample
2025-09-12T00:00:00+00:00,76353914,20,all_days,reused_three_phase_sample
2025-09-12T00:00:00+00:00,76354030,20,all_days,reused_three_phase_sample
2025-09-12T00:00:00+00:00,76355199,20,all_days,reused_three_phase_sample
2025-09-12T00:00:00+00:00,76357111,20,all_days,reused_three_phase_sample
2025-09-12T00:00:00+00:00,76358227,20,all_days,reused_three_phase_sample
2025-09-12T00:00:00+00:00,76358477,20,all_days,reused_three_phase_sample
2025-09-12T00:00:00+00:00,76358808,20,all_days,reused_three_phase_sample
2025-09-12T00:00:00+00:00,76359971,20,all_days,reused_three_phase_sample
2025-09-12T00:00:00+00:00,76360601,20,all_days,reused_three_phase_sample
2025-09-12T00:00:00+00:00,76365517,20,all_days,reused_three_phase_sample
2025-09-12T00:00:00+00:00,76365961,20,all_days,reused_three_phase_sample
2025-09-12T00:00:00+00:00,76372881,20,all_days,reused_three_phase_sample
2025-09-12T00:00:00+00:00,76373589,20,all_days,reused_three_phase_sample
2025-09-12T00:00:00+00:00,76377594,20,all_days,reused_three_phase_sample
2025-09-13T00:00:00+00:00,76378306,20,all_days,reused_three_phase_sample
2025-09-13T00:00:00+00:00,76380093,20,all_days,reused_three_phase_sample
2025-09-13T00:00:00+00:00,76381751,20,all_days,reused_three_phase_sample
2025-09-13T00:00:00+00:00,76382841,20,all_days,reused_three_phase_sample
2025-09-13T00:00:00+00:00,76384665,20,all_days,reused_three_phase_sample
2025-09-13T00:00:00+00:00,76386054,20,all_days,reused_three_phase_sample
2025-09-13T00:00:00+00:00,76388482,20,all_days,reused_three_phase_sample
2025-09-13T00:00:00+00:00,76391144,20,all_days,reused_three_phase_sample
2025-09-13T00:00:00+00:00,76391998,20,all_days,reused_three_phase_sample
2025-09-13T00:00:00+00:00,76396294,20,all_days,reused_three_phase_sample
2025-09-13T00:00:00+00:00,76397704,20,all_days,reused_three_phase_sample
2025-09-13T00:00:00+00:00,76399747,20,all_days,reused_three_phase_sample
2025-09-13T00:00:00+00:00,76401536,20,all_days,reused_three_phase_sample
2025-09-13T00:00:00+00:00,76405752,20,all_days,reused_three_phase_sample
2025-09-13T00:00:00+00:00,76408661,20,all_days,reused_three_phase_sample
2025-09-13T00:00:00+00:00,76409365,20,all_days,reused_three_phase_sample
2025-09-13T00:00:00+00:00,76412756,20,all_days,reused_three_phase_sample
2025-09-13T00:00:00+00:00,76412924,20,all_days,reused_three_phase_sample
2025-09-13T00:00:00+00:00,76416441,20,all_days,reused_three_phase_sample
2025-09-13T00:00:00+00:00,76417018,20,all_days,reused_three_phase_sample
2025-09-14T00:00:00+00:00,76419982,20,all_days,reused_three_phase_sample
2025-09-14T00:00:00+00:00,76420710,20,all_days,reused_three_phase_sample
2025-09-14T00:00:00+00:00,76425420,20,all_days,reused_three_phase_sample
2025-09-14T00:00:00+00:00,76427487,20,all_days,reused_three_phase_sample
2025-09-14T00:00:00+00:00,76432412,20,all_days,reused_three_phase_sample
2025-09-14T00:00:00+00:00,76435446,20,all_days,reused_three_phase_sample
2025-09-14T00:00:00+00:00,76437552,20,all_days,reused_three_phase_sample
2025-09-14T00:00:00+00:00,76443727,20,all_days,reused_three_phase_sample
2025-09-14T00:00:00+00:00,76443756,20,all_days,reused_three_phase_sample
2025-09-14T00:00:00+00:00,76444176,20,all_days,reused_three_phase_sample
2025-09-14T00:00:00+00:00,76444562,20,all_days,reused_three_phase_sample
2025-09-14T00:00:00+00:00,76445094,20,all_days,reused_three_phase_sample
2025-09-14T00:00:00+00:00,76445356,20,all_days,reused_three_phase_sample
2025-09-14T00:00:00+00:00,76445380,20,all_days,reused_three_phase_sample
2025-09-14T00:00:00+00:00,76446123,20,all_days,reused_three_phase_sample
2025-09-14T00:00:00+00:00,76448666,20,all_days,reused_three_phase_sample
2025-09-14T00:00:00+00:00,76448903,20,all_days,reused_three_phase_sample
2025-09-14T00:00:00+00:00,76450429,20,all_days,reused_three_phase_sample
2025-09-14T00:00:00+00:00,76455478,20,all_days,reused_three_phase_sample
2025-09-14T00:00:00+00:00,76456412,20,all_days,reused_three_phase_sample
2025-09-15T00:00:00+00:00,76460359,20,all_days,reused_three_phase_sample
2025-09-15T00:00:00+00:00,76461702,20,all_days,reused_three_phase_sample
2025-09-15T00:00:00+00:00,76463509,20,all_days,reused_three_phase_sample
2025-09-15T00:00:00+00:00,76464674,20,all_days,reused_three_phase_sample
2025-09-15T00:00:00+00:00,76466483,20,all_days,reused_three_phase_sample
2025-09-15T00:00:00+00:00,76467151,20,all_days,reused_three_phase_sample
2025-09-15T00:00:00+00:00,76469605,20,all_days,reused_three_phase_sample
2025-09-15T00:00:00+00:00,76471791,20,all_days,reused_three_phase_sample
2025-09-15T00:00:00+00:00,76477904,20,all_days,reused_three_phase_sample
2025-09-15T00:00:00+00:00,76482260,20,all_days,reused_three_phase_sample
2025-09-15T00:00:00+00:00,76483958,20,all_days,reused_three_phase_sample
2025-09-15T00:00:00+00:00,76486988,20,all_days,reused_three_phase_sample
2025-09-15T00:00:00+00:00,76489819,20,all_days,reused_three_phase_sample
2025-09-15T00:00:00+00:00,76489833,20,all_days,reused_three_phase_sample
2025-09-15T00:00:00+00:00,76490076,20,all_days,reused_three_phase_sample
2025-09-15T00:00:00+00:00,76491646,20,all_days,reused_three_phase_sample
2025-09-15T00:00:00+00:00,76493110,20,all_days,reused_three_phase_sample
2025-09-15T00:00:00+00:00,76495772,20,all_days,reused_three_phase_sample
2025-09-15T00:00:00+00:00,76495782,20,all_days,reused_three_phase_sample
2025-09-15T00:00:00+00:00,76496266,20,all_days,reused_three_phase_sample
2025-09-16T00:00:00+00:00,76499155,20,all_days,reused_three_phase_sample
2025-09-16T00:00:00+00:00,76500194,20,all_days,reused_three_phase_sample
2025-09-16T00:00:00+00:00,76502216,20,all_days,reused_three_phase_sample
2025-09-16T00:00:00+00:00,76502549,20,all_days,reused_three_phase_sample
2025-09-16T00:00:00+00:00,76504916,20,all_days,reused_three_phase_sample
2025-09-16T00:00:00+00:00,76505382,20,all_days,reused_three_phase_sample
2025-09-16T00:00:00+00:00,76510133,20,all_days,reused_three_phase_sample
2025-09-16T00:00:00+00:00,76511386,20,all_days,reused_three_phase_sample
2025-09-16T00:00:00+00:00,76514418,20,all_days,reused_three_phase_sample
2025-09-16T00:00:00+00:00,76516032,20,all_days,reused_three_phase_sample
2025-09-16T00:00:00+00:00,76517111,20,all_days,reused_three_phase_sample
2025-09-16T00:00:00+00:00,76517117,20,all_days,reused_three_phase_sample
2025-09-16T00:00:00+00:00,76517543,20,all_days,reused_three_phase_sample
2025-09-16T00:00:00+00:00,76524717,20,all_days,reused_three_phase_sample
2025-09-16T00:00:00+00:00,76525415,20,all_days,reused_three_phase_sample
2025-09-16T00:00:00+00:00,76525844,20,all_days,reused_three_phase_sample
2025-09-16T00:00:00+00:00,76529884,20,all_days,reused_three_phase_sample
2025-09-16T00:00:00+00:00,76536565,20,all_days,reused_three_phase_sample
2025-09-16T00:00:00+00:00,76537317,20,all_days,reused_three_phase_sample
2025-09-16T00:00:00+00:00,76538270,20,all_days,reused_three_phase_sample
2025-09-17T00:00:00+00:00,76541975,20,all_days,reused_three_phase_sample
2025-09-17T00:00:00+00:00,76544266,20,all_days,reused_three_phase_sample
2025-09-17T00:00:00+00:00,76546098,20,all_days,reused_three_phase_sample
2025-09-17T00:00:00+00:00,76550718,20,all_days,reused_three_phase_sample
2025-09-17T00:00:00+00:00,76551388,20,all_days,reused_three_phase_sample
2025-09-17T00:00:00+00:00,76552018,20,all_days,reused_three_phase_sample
2025-09-17T00:00:00+00:00,76553276,20,all_days,reused_three_phase_sample
2025-09-17T00:00:00+00:00,76554740,20,all_days,reused_three_phase_sample
2025-09-17T00:00:00+00:00,76558519,20,all_days,reused_three_phase_sample
2025-09-17T00:00:00+00:00,76559740,20,all_days,reused_three_phase_sample
2025-09-17T00:00:00+00:00,76560276,20,all_days,reused_three_phase_sample
2025-09-17T00:00:00+00:00,76560700,20,all_days,reused_three_phase_sample
2025-09-17T00:00:00+00:00,76560733,20,all_days,reused_three_phase_sample
2025-09-17T00:00:00+00:00,76562358,20,all_days,reused_three_phase_sample
2025-09-17T00:00:00+00:00,76566762,20,all_days,reused_three_phase_sample
2025-09-17T00:00:00+00:00,76569611,20,all_days,reused_three_phase_sample
2025-09-17T00:00:00+00:00,76570050,20,all_days,reused_three_phase_sample
2025-09-17T00:00:00+00:00,76572012,20,all_days,reused_three_phase_sample
2025-09-17T00:00:00+00:00,76573638,20,all_days,reused_three_phase_sample
2025-09-17T00:00:00+00:00,76577524,20,all_days,reused_three_phase_sample
2025-09-18T00:00:00+00:00,76580391,20,all_days,reused_three_phase_sample
2025-09-18T00:00:00+00:00,76583077,20,all_days,reused_three_phase_sample
2025-09-18T00:00:00+00:00,76585568,20,all_days,reused_three_phase_sample
2025-09-18T00:00:00+00:00,76586623,20,all_days,reused_three_phase_sample
2025-09-18T00:00:00+00:00,76588038,20,all_days,reused_three_phase_sample
2025-09-18T00:00:00+00:00,76589395,20,all_days,reused_three_phase_sample
2025-09-18T00:00:00+00:00,76593493,20,all_days,reused_three_phase_sample
2025-09-18T00:00:00+00:00,76595814,20,all_days,reused_three_phase_sample
2025-09-18T00:00:00+00:00,76597192,20,all_days,reused_three_phase_sample
2025-09-18T00:00:00+00:00,76599908,20,all_days,reused_three_phase_sample
2025-09-18T00:00:00+00:00,76601580,20,all_days,reused_three_phase_sample
2025-09-18T00:00:00+00:00,76603959,20,all_days,reused_three_phase_sample
2025-09-18T00:00:00+00:00,76604539,20,all_days,reused_three_phase_sample
2025-09-18T00:00:00+00:00,76605486,20,all_days,reused_three_phase_sample
2025-09-18T00:00:00+00:00,76606672,20,all_days,reused_three_phase_sample
2025-09-18T00:00:00+00:00,76610815,20,all_days,reused_three_phase_sample
2025-09-18T00:00:00+00:00,76611332,20,all_days,reused_three_phase_sample
2025-09-18T00:00:00+00:00,76613153,20,all_days,reused_three_phase_sample
2025-09-18T00:00:00+00:00,76615828,20,all_days,reused_three_phase_sample
2025-09-18T00:00:00+00:00,76617474,20,all_days,reused_three_phase_sample
2025-09-19T00:00:00+00:00,76620048,20,all_days,reused_three_phase_sample
2025-09-19T00:00:00+00:00,76624135,20,all_days,reused_three_phase_sample
2025-09-19T00:00:00+00:00,76624460,20,all_days,reused_three_phase_sample
2025-09-19T00:00:00+00:00,76626112,20,all_days,reused_three_phase_sample
2025-09-19T00:00:00+00:00,76630929,20,all_days,reused_three_phase_sample
2025-09-19T00:00:00+00:00,76631548,20,all_days,reused_three_phase_sample
2025-09-19T00:00:00+00:00,76632660,20,all_days,reused_three_phase_sample
2025-09-19T00:00:00+00:00,76632829,20,all_days,reused_three_phase_sample
2025-09-19T00:00:00+00:00,76643573,20,all_days,reused_three_phase_sample
2025-09-19T00:00:00+00:00,76643691,20,all_days,reused_three_phase_sample
2025-09-19T00:00:00+00:00,76644223,20,all_days,reused_three_phase_sample
2025-09-19T00:00:00+00:00,76644408,20,all_days,reused_three_phase_sample
2025-09-19T00:00:00+00:00,76645570,20,all_days,reused_three_phase_sample
2025-09-19T00:00:00+00:00,76645952,20,all_days,reused_three_phase_sample
2025-09-19T00:00:00+00:00,76648073,20,all_days,reused_three_phase_sample
2025-09-19T00:00:00+00:00,76650111,20,all_days,reused_three_phase_sample
2025-09-19T00:00:00+00:00,76654246,20,all_days,reused_three_phase_sample
2025-09-19T00:00:00+00:00,76658357,20,all_days,reused_three_phase_sample
2025-09-19T00:00:00+00:00,76659114,20,all_days,reused_three_phase_sample
2025-09-19T00:00:00+00:00,76659831,20,all_days,reused_three_phase_sample
2025-09-20T00:00:00+00:00,76660405,20,all_days,reused_three_phase_sample
2025-09-20T00:00:00+00:00,76664536,20,all_days,reused_three_phase_sample
2025-09-20T00:00:00+00:00,76664968,20,all_days,reused_three_phase_sample
2025-09-20T00:00:00+00:00,76665585,20,all_days,reused_three_phase_sample
2025-09-20T00:00:00+00:00,76668810,20,all_days,reused_three_phase_sample
2025-09-20T00:00:00+00:00,76668924,20,all_days,reused_three_phase_sample
2025-09-20T00:00:00+00:00,76669729,20,all_days,reused_three_phase_sample
2025-09-20T00:00:00+00:00,76671283,20,all_days,reused_three_phase_sample
2025-09-20T00:00:00+00:00,76673566,20,all_days,reused_three_phase_sample
2025-09-20T00:00:00+00:00,76674851,20,all_days,reused_three_phase_sample
2025-09-20T00:00:00+00:00,76676901,20,all_days,reused_three_phase_sample
2025-09-20T00:00:00+00:00,76677756,20,all_days,reused_three_phase_sample
2025-09-20T00:00:00+00:00,76683762,20,all_days,reused_three_phase_sample
2025-09-20T00:00:00+00:00,76684424,20,all_days,reused_three_phase_sample
2025-09-20T00:00:00+00:00,76685071,20,all_days,reused_three_phase_sample
2025-09-20T00:00:00+00:00,76687938,20,all_days,reused_three_phase_sample
2025-09-20T00:00:00+00:00,76692612,20,all_days,reused_three_phase_sample
2025-09-20T00:00:00+00:00,76693816,20,all_days,reused_three_phase_sample
2025-09-20T00:00:00+00:00,76698374,20,all_days,reused_three_phase_sample
2025-09-20T00:00:00+00:00,76699062,20,all_days,reused_three_phase_sample
2025-09-21T00:00:00+00:00,76704478,20,all_days,reused_three_phase_sample
2025-09-21T00:00:00+00:00,76706858,20,all_days,reused_three_phase_sample
2025-09-21T00:00:00+00:00,76707768,20,all_days,reused_three_phase_sample
2025-09-21T00:00:00+00:00,76712991,20,all_days,reused_three_phase_sample
2025-09-21T00:00:00+00:00,76713702,20,all_days,reused_three_phase_sample
2025-09-21T00:00:00+00:00,76714233,20,all_days,reused_three_phase_sample
2025-09-21T00:00:00+00:00,76719582,20,all_days,reused_three_phase_sample
2025-09-21T00:00:00+00:00,76719832,20,all_days,reused_three_phase_sample
2025-09-21T00:00:00+00:00,76722276,20,all_days,reused_three_phase_sample
2025-09-21T00:00:00+00:00,76722726,20,all_days,reused_three_phase_sample
2025-09-21T00:00:00+00:00,76723899,20,all_days,reused_three_phase_sample
2025-09-21T00:00:00+00:00,76724221,20,all_days,reused_three_phase_sample
2025-09-21T00:00:00+00:00,76726270,20,all_days,reused_three_phase_sample
2025-09-21T00:00:00+00:00,76726837,20,all_days,reused_three_phase_sample
2025-09-21T00:00:00+00:00,76727200,20,all_days,reused_three_phase_sample
2025-09-21T00:00:00+00:00,76729723,20,all_days,reused_three_phase_sample
2025-09-21T00:00:00+00:00,76732215,20,all_days,reused_three_phase_sample
2025-09-21T00:00:00+00:00,76734434,20,all_days,reused_three_phase_sample
2025-09-21T00:00:00+00:00,76734591,20,all_days,reused_three_phase_sample
2025-09-21T00:00:00+00:00,76735386,20,all_days,reused_three_phase_sample
2025-09-22T00:00:00+00:00,76741777,20,all_days,reused_three_phase_sample
2025-09-22T00:00:00+00:00,76744204,20,all_days,reused_three_phase_sample
2025-09-22T00:00:00+00:00,76744967,20,all_days,reused_three_phase_sample
2025-09-22T00:00:00+00:00,76745676,20,all_days,reused_three_phase_sample
2025-09-22T00:00:00+00:00,76747164,20,all_days,reused_three_phase_sample
2025-09-22T00:00:00+00:00,76753818,20,all_days,reused_three_phase_sample
2025-09-22T00:00:00+00:00,76753969,20,all_days,reused_three_phase_sample
2025-09-22T00:00:00+00:00,76758289,20,all_days,reused_three_phase_sample
2025-09-22T00:00:00+00:00,76761905,20,all_days,reused_three_phase_sample
2025-09-22T00:00:00+00:00,76762468,20,all_days,reused_three_phase_sample
2025-09-22T00:00:00+00:00,76762902,20,all_days,reused_three_phase_sample
2025-09-22T00:00:00+00:00,76763745,20,all_days,reused_three_phase_sample
2025-09-22T00:00:00+00:00,76767682,20,all_days,reused_three_phase_sample
2025-09-22T00:00:00+00:00,76769397,20,all_days,reused_three_phase_sample
2025-09-22T00:00:00+00:00,76772715,20,all_days,reused_three_phase_sample
2025-09-22T00:00:00+00:00,76774324,20,all_days,reused_three_phase_sample
2025-09-22T00:00:00+00:00,76778767,20,all_days,reused_three_phase_sample
2025-09-22T00:00:00+00:00,76779116,20,all_days,reused_three_phase_sample
2025-09-22T00:00:00+00:00,76780636,20,all_days,reused_three_phase_sample
2025-09-22T00:00:00+00:00,76780826,20,all_days,reused_three_phase_sample
2025-09-23T00:00:00+00:00,76782021,20,all_days,reused_three_phase_sample
2025-09-23T00:00:00+00:00,76784397,20,all_days,reused_three_phase_sample
2025-09-23T00:00:00+00:00,76787208,20,all_days,reused_three_phase_sample
2025-09-23T00:00:00+00:00,76788383,20,all_days,reused_three_phase_sample
2025-09-23T00:00:00+00:00,76789859,20,all_days,reused_three_phase_sample
2025-09-23T00:00:00+00:00,76792591,20,all_days,reused_three_phase_sample
2025-09-23T00:00:00+00:00,76793485,20,all_days,reused_three_phase_sample
2025-09-23T00:00:00+00:00,76794268,20,all_days,reused_three_phase_sample
2025-09-23T00:00:00+00:00,76796417,20,all_days,reused_three_phase_sample
2025-09-23T00:00:00+00:00,76798324,20,all_days,reused_three_phase_sample
2025-09-23T00:00:00+00:00,76800619,20,all_days,reused_three_phase_sample
2025-09-23T00:00:00+00:00,76800865,20,all_days,reused_three_phase_sample
2025-09-23T00:00:00+00:00,76802870,20,all_days,reused_three_phase_sample
2025-09-23T00:00:00+00:00,76804319,20,all_days,reused_three_phase_sample
2025-09-23T00:00:00+00:00,76807350,20,all_days,reused_three_phase_sample
2025-09-23T00:00:00+00:00,76812199,20,all_days,reused_three_phase_sample
2025-09-23T00:00:00+00:00,76814470,20,all_days,reused_three_phase_sample
2025-09-23T00:00:00+00:00,76818127,20,all_days,reused_three_phase_sample
2025-09-23T00:00:00+00:00,76819044,20,all_days,reused_three_phase_sample
2025-09-23T00:00:00+00:00,76819910,20,all_days,reused_three_phase_sample
2025-09-24T00:00:00+00:00,76824892,20,all_days,reused_three_phase_sample
2025-09-24T00:00:00+00:00,76827853,20,all_days,reused_three_phase_sample
2025-09-24T00:00:00+00:00,76829267,20,all_days,reused_three_phase_sample
2025-09-24T00:00:00+00:00,76830809,20,all_days,reused_three_phase_sample
2025-09-24T00:00:00+00:00,76831098,20,all_days,reused_three_phase_sample
2025-09-24T00:00:00+00:00,76832397,20,all_days,reused_three_phase_sample
2025-09-24T00:00:00+00:00,76833272,20,all_days,reused_three_phase_sample
2025-09-24T00:00:00+00:00,76833648,20,all_days,reused_three_phase_sample
2025-09-24T00:00:00+00:00,76841530,20,all_days,reused_three_phase_sample
2025-09-24T00:00:00+00:00,76842928,20,all_days,reused_three_phase_sample
2025-09-24T00:00:00+00:00,76844250,20,all_days,reused_three_phase_sample
2025-09-24T00:00:00+00:00,76844684,20,all_days,reused_three_phase_sample
2025-09-24T00:00:00+00:00,76845742,20,all_days,reused_three_phase_sample
2025-09-24T00:00:00+00:00,76846343,20,all_days,reused_three_phase_sample
2025-09-24T00:00:00+00:00,76849994,20,all_days,reused_three_phase_sample
2025-09-24T00:00:00+00:00,76851141,20,all_days,reused_three_phase_sample
2025-09-24T00:00:00+00:00,76857697,20,all_days,reused_three_phase_sample
2025-09-24T00:00:00+00:00,76860165,20,all_days,reused_three_phase_sample
2025-09-24T00:00:00+00:00,76860494,20,all_days,reused_three_phase_sample
2025-09-24T00:00:00+00:00,76860692,20,all_days,reused_three_phase_sample
2025-09-25T00:00:00+00:00,76864139,20,all_days,reused_three_phase_sample
2025-09-25T00:00:00+00:00,76864289,20,all_days,reused_three_phase_sample
2025-09-25T00:00:00+00:00,76865739,20,all_days,reused_three_phase_sample
2025-09-25T00:00:00+00:00,76868465,20,all_days,reused_three_phase_sample
2025-09-25T00:00:00+00:00,76869038,20,all_days,reused_three_phase_sample
2025-09-25T00:00:00+00:00,76871113,20,all_days,reused_three_phase_sample
2025-09-25T00:00:00+00:00,76873358,20,all_days,reused_three_phase_sample
2025-09-25T00:00:00+00:00,76874307,20,all_days,reused_three_phase_sample
2025-09-25T00:00:00+00:00,76874325,20,all_days,reused_three_phase_sample
2025-09-25T00:00:00+00:00,76881237,20,all_days,reused_three_phase_sample
2025-09-25T00:00:00+00:00,76883439,20,all_days,reused_three_phase_sample
2025-09-25T00:00:00+00:00,76884844,20,all_days,reused_three_phase_sample
2025-09-25T00:00:00+00:00,76886436,20,all_days,reused_three_phase_sample
2025-09-25T00:00:00+00:00,76890019,20,all_days,reused_three_phase_sample
2025-09-25T00:00:00+00:00,76890067,20,all_days,reused_three_phase_sample
2025-09-25T00:00:00+00:00,76891014,20,all_days,reused_three_phase_sample
2025-09-25T00:00:00+00:00,76896845,20,all_days,reused_three_phase_sample
2025-09-25T00:00:00+00:00,76897726,20,all_days,reused_three_phase_sample
2025-09-25T00:00:00+00:00,76902357,20,all_days,reused_three_phase_sample
2025-09-25T00:00:00+00:00,76902599,20,all_days,reused_three_phase_sample
2025-09-26T00:00:00+00:00,76903779,20,all_days,reused_three_phase_sample
2025-09-26T00:00:00+00:00,76905815,20,all_days,reused_three_phase_sample
2025-09-26T00:00:00+00:00,76907328,20,all_days,reused_three_phase_sample
2025-09-26T00:00:00+00:00,76907870,20,all_days,reused_three_phase_sample
2025-09-26T00:00:00+00:00,76910460,20,all_days,reused_three_phase_sample
2025-09-26T00:00:00+00:00,76910611,20,all_days,reused_three_phase_sample
2025-09-26T00:00:00+00:00,76922237,20,all_days,reused_three_phase_sample
2025-09-26T00:00:00+00:00,76922344,20,all_days,reused_three_phase_sample
2025-09-26T00:00:00+00:00,76923216,20,all_days,reused_three_phase_sample
2025-09-26T00:00:00+00:00,76924772,20,all_days,reused_three_phase_sample
2025-09-26T00:00:00+00:00,76929699,20,all_days,reused_three_phase_sample
2025-09-26T00:00:00+00:00,76930169,20,all_days,reused_three_phase_sample
2025-09-26T00:00:00+00:00,76930597,20,all_days,reused_three_phase_sample
2025-09-26T00:00:00+00:00,76931863,20,all_days,reused_three_phase_sample
2025-09-26T00:00:00+00:00,76932987,20,all_days,reused_three_phase_sample
2025-09-26T00:00:00+00:00,76933055,20,all_days,reused_three_phase_sample
2025-09-26T00:00:00+00:00,76937125,20,all_days,reused_three_phase_sample
2025-09-26T00:00:00+00:00,76937736,20,all_days,reused_three_phase_sample
2025-09-26T00:00:00+00:00,76941057,20,all_days,reused_three_phase_sample
2025-09-26T00:00:00+00:00,76942854,20,all_days,reused_three_phase_sample
2025-09-27T00:00:00+00:00,76945554,20,all_days,reused_three_phase_sample
2025-09-27T00:00:00+00:00,76948779,20,all_days,reused_three_phase_sample
2025-09-27T00:00:00+00:00,76950057,20,all_days,reused_three_phase_sample
2025-09-27T00:00:00+00:00,76951121,20,all_days,reused_three_phase_sample
2025-09-27T00:00:00+00:00,76953548,20,all_days,reused_three_phase_sample
2025-09-27T00:00:00+00:00,76953801,20,all_days,reused_three_phase_sample
2025-09-27T00:00:00+00:00,76954558,20,all_days,reused_three_phase_sample
2025-09-27T00:00:00+00:00,76956332,20,all_days,reused_three_phase_sample
2025-09-27T00:00:00+00:00,76959850,20,all_days,reused_three_phase_sample
2025-09-27T00:00:00+00:00,76964156,20,all_days,reused_three_phase_sample
2025-09-27T00:00:00+00:00,76966993,20,all_days,reused_three_phase_sample
2025-09-27T00:00:00+00:00,76967066,20,all_days,reused_three_phase_sample
2025-09-27T00:00:00+00:00,76973170,20,all_days,reused_three_phase_sample
2025-09-27T00:00:00+00:00,76973742,20,all_days,reused_three_phase_sample
2025-09-27T00:00:00+00:00,76977900,20,all_days,reused_three_phase_sample
2025-09-27T00:00:00+00:00,76978560,20,all_days,reused_three_phase_sample
2025-09-27T00:00:00+00:00,76979867,20,all_days,reused_three_phase_sample
2025-09-27T00:00:00+00:00,76980872,20,all_days,reused_three_phase_sample
2025-09-27T00:00:00+00:00,76981305,20,all_days,reused_three_phase_sample
2025-09-27T00:00:00+00:00,76981703,20,all_days,reused_three_phase_sample
2025-09-28T00:00:00+00:00,76984589,20,all_days,reused_three_phase_sample
2025-09-28T00:00:00+00:00,76986227,20,all_days,reused_three_phase_sample
2025-09-28T00:00:00+00:00,76989728,20,all_days,reused_three_phase_sample
2025-09-28T00:00:00+00:00,76990706,20,all_days,reused_three_phase_sample
2025-09-28T00:00:00+00:00,76992298,20,all_days,reused_three_phase_sample
2025-09-28T00:00:00+00:00,76992628,20,all_days,reused_three_phase_sample
2025-09-28T00:00:00+00:00,76992973,20,all_days,reused_three_phase_sample
2025-09-28T00:00:00+00:00,76996590,20,all_days,reused_three_phase_sample
2025-09-28T00:00:00+00:00,76997655,20,all_days,reused_three_phase_sample
2025-09-28T00:00:00+00:00,76998256,20,all_days,reused_three_phase_sample
2025-09-28T00:00:00+00:00,77002851,20,all_days,reused_three_phase_sample
2025-09-28T00:00:00+00:00,77004588,20,all_days,reused_three_phase_sample
2025-09-28T00:00:00+00:00,77004655,20,all_days,reused_three_phase_sample
2025-09-28T00:00:00+00:00,77009938,20,all_days,reused_three_phase_sample
2025-09-28T00:00:00+00:00,77014751,20,all_days,reused_three_phase_sample
2025-09-28T00:00:00+00:00,77015952,20,all_days,reused_three_phase_sample
2025-09-28T00:00:00+00:00,77018196,20,all_days,reused_three_phase_sample
2025-09-28T00:00:00+00:00,77020427,20,all_days,reused_three_phase_sample
2025-09-28T00:00:00+00:00,77021646,20,all_days,reused_three_phase_sample
2025-09-28T00:00:00+00:00,77024961,20,all_days,reused_three_phase_sample
2025-09-29T00:00:00+00:00,77026825,20,all_days,reused_three_phase_sample
2025-09-29T00:00:00+00:00,77027797,20,all_days,reused_three_phase_sample
2025-09-29T00:00:00+00:00,77030014,20,all_days,reused_three_phase_sample
2025-09-29T00:00:00+00:00,77030934,20,all_days,reused_three_phase_sample
2025-09-29T00:00:00+00:00,77037221,20,all_days,reused_three_phase_sample
2025-09-29T00:00:00+00:00,77038418,20,all_days,reused_three_phase_sample
2025-09-29T00:00:00+00:00,77040099,20,all_days,reused_three_phase_sample
2025-09-29T00:00:00+00:00,77045281,20,all_days,reused_three_phase_sample
2025-09-29T00:00:00+00:00,77045589,20,all_days,reused_three_phase_sample
2025-09-29T00:00:00+00:00,77045611,20,all_days,reused_three_phase_sample
2025-09-29T00:00:00+00:00,77048083,20,all_days,reused_three_phase_sample
2025-09-29T00:00:00+00:00,77048469,20,all_days,reused_three_phase_sample
2025-09-29T00:00:00+00:00,77053316,20,all_days,reused_three_phase_sample
2025-09-29T00:00:00+00:00,77057997,20,all_days,reused_three_phase_sample
2025-09-29T00:00:00+00:00,77058462,20,all_days,reused_three_phase_sample
2025-09-29T00:00:00+00:00,77059483,20,all_days,reused_three_phase_sample
2025-09-29T00:00:00+00:00,77060183,20,all_days,reused_three_phase_sample
2025-09-29T00:00:00+00:00,77061819,20,all_days,reused_three_phase_sample
2025-09-29T00:00:00+00:00,77062317,20,all_days,reused_three_phase_sample
2025-09-29T00:00:00+00:00,77064190,20,all_days,reused_three_phase_sample
2025-09-30T00:00:00+00:00,77066478,20,all_days,reused_three_phase_sample
2025-09-30T00:00:00+00:00,77068913,20,all_days,reused_three_phase_sample
2025-09-30T00:00:00+00:00,77070221,20,all_days,reused_three_phase_sample
2025-09-30T00:00:00+00:00,77072589,20,all_days,reused_three_phase_sample
2025-09-30T00:00:00+00:00,77073817,20,all_days,reused_three_phase_sample
2025-09-30T00:00:00+00:00,77075534,20,all_days,reused_three_phase_sample
2025-09-30T00:00:00+00:00,77078690,20,all_days,reused_three_phase_sample
2025-09-30T00:00:00+00:00,77081375,20,all_days,reused_three_phase_sample
2025-09-30T00:00:00+00:00,77082541,20,all_days,reused_three_phase_sample
2025-09-30T00:00:00+00:00,77084608,20,all_days,reused_three_phase_sample
2025-09-30T00:00:00+00:00,77089343,20,all_days,reused_three_phase_sample
2025-09-30T00:00:00+00:00,77093616,20,all_days,reused_three_phase_sample
2025-09-30T00:00:00+00:00,77095997,20,all_days,reused_three_phase_sample
2025-09-30T00:00:00+00:00,77097528,20,all_days,reused_three_phase_sample
2025-09-30T00:00:00+00:00,77099241,20,all_days,reused_three_phase_sample
2025-09-30T00:00:00+00:00,77102066,20,all_days,reused_three_phase_sample
2025-09-30T00:00:00+00:00,77102949,20,all_days,reused_three_phase_sample
2025-09-30T00:00:00+00:00,77102973,20,all_days,reused_three_phase_sample
2025-09-30T00:00:00+00:00,77103201,20,all_days,reused_three_phase_sample
2025-09-30T00:00:00+00:00,77105588,20,all_days,reused_three_phase_sample
2025-10-01T00:00:00+00:00,77106717,20,all_days,reused_three_phase_sample
2025-10-01T00:00:00+00:00,77108014,20,all_days,reused_three_phase_sample
2025-10-01T00:00:00+00:00,77108162,20,all_days,reused_three_phase_sample
2025-10-01T00:00:00+00:00,77109732,20,all_days,reused_three_phase_sample
2025-10-01T00:00:00+00:00,77110663,20,all_days,reused_three_phase_sample
2025-10-01T00:00:00+00:00,77111104,20,all_days,reused_three_phase_sample
2025-10-01T00:00:00+00:00,77111130,20,all_days,reused_three_phase_sample
2025-10-01T00:00:00+00:00,77111901,20,all_days,reused_three_phase_sample
2025-10-01T00:00:00+00:00,77113613,20,all_days,reused_three_phase_sample
2025-10-01T00:00:00+00:00,77117408,20,all_days,reused_three_phase_sample
2025-10-01T00:00:00+00:00,77118089,20,all_days,reused_three_phase_sample
2025-10-01T00:00:00+00:00,77119502,20,all_days,reused_three_phase_sample
2025-10-01T00:00:00+00:00,77120880,20,all_days,reused_three_phase_sample
2025-10-01T00:00:00+00:00,77123426,20,all_days,reused_three_phase_sample
2025-10-01T00:00:00+00:00,77127244,20,all_days,reused_three_phase_sample
2025-10-01T00:00:00+00:00,77129074,20,all_days,reused_three_phase_sample
2025-10-01T00:00:00+00:00,77130144,20,all_days,reused_three_phase_sample
2025-10-01T00:00:00+00:00,77132373,20,all_days,reused_three_phase_sample
2025-10-01T00:00:00+00:00,77145408,20,all_days,reused_three_phase_sample
2025-10-01T00:00:00+00:00,77146451,20,all_days,reused_three_phase_sample
2025-10-02T00:00:00+00:00,77147981,20,all_days,reused_three_phase_sample
2025-10-02T00:00:00+00:00,77150772,20,all_days,reused_three_phase_sample
2025-10-02T00:00:00+00:00,77157171,20,all_days,reused_three_phase_sample
2025-10-02T00:00:00+00:00,77157928,20,all_days,reused_three_phase_sample
2025-10-02T00:00:00+00:00,77158714,20,all_days,reused_three_phase_sample
2025-10-02T00:00:00+00:00,77158994,20,all_days,reused_three_phase_sample
2025-10-02T00:00:00+00:00,77162702,20,all_days,reused_three_phase_sample
2025-10-02T00:00:00+00:00,77162958,20,all_days,reused_three_phase_sample
2025-10-02T00:00:00+00:00,77163304,20,all_days,reused_three_phase_sample
2025-10-02T00:00:00+00:00,77163568,20,all_days,reused_three_phase_sample
2025-10-02T00:00:00+00:00,77163625,20,all_days,reused_three_phase_sample
2025-10-02T00:00:00+00:00,77168982,20,all_days,reused_three_phase_sample
2025-10-02T00:00:00+00:00,77171797,20,all_days,reused_three_phase_sample
2025-10-02T00:00:00+00:00,77173248,20,all_days,reused_three_phase_sample
2025-10-02T00:00:00+00:00,77174333,20,all_days,reused_three_phase_sample
2025-10-02T00:00:00+00:00,77177032,20,all_days,reused_three_phase_sample
2025-10-02T00:00:00+00:00,77178644,20,all_days,reused_three_phase_sample
2025-10-02T00:00:00+00:00,77183591,20,all_days,reused_three_phase_sample
2025-10-02T00:00:00+00:00,77183628,20,all_days,reused_three_phase_sample
2025-10-02T00:00:00+00:00,77187001,20,all_days,reused_three_phase_sample
2025-10-03T00:00:00+00:00,77189464,20,all_days,reused_three_phase_sample
2025-10-03T00:00:00+00:00,77190160,20,all_days,reused_three_phase_sample
2025-10-03T00:00:00+00:00,77195874,20,all_days,reused_three_phase_sample
2025-10-03T00:00:00+00:00,77197236,20,all_days,reused_three_phase_sample
2025-10-03T00:00:00+00:00,77200099,20,all_days,reused_three_phase_sample
2025-10-03T00:00:00+00:00,77200563,20,all_days,reused_three_phase_sample
2025-10-03T00:00:00+00:00,77205778,20,all_days,reused_three_phase_sample
2025-10-03T00:00:00+00:00,77206645,20,all_days,reused_three_phase_sample
2025-10-03T00:00:00+00:00,77207856,20,all_days,reused_three_phase_sample
2025-10-03T00:00:00+00:00,77215451,20,all_days,reused_three_phase_sample
2025-10-03T00:00:00+00:00,77215869,20,all_days,reused_three_phase_sample
2025-10-03T00:00:00+00:00,77216069,20,all_days,reused_three_phase_sample
2025-10-03T00:00:00+00:00,77217021,20,all_days,reused_three_phase_sample
2025-10-03T00:00:00+00:00,77220422,20,all_days,reused_three_phase_sample
2025-10-03T00:00:00+00:00,77220830,20,all_days,reused_three_phase_sample
2025-10-03T00:00:00+00:00,77221468,20,all_days,reused_three_phase_sample
2025-10-03T00:00:00+00:00,77222959,20,all_days,reused_three_phase_sample
2025-10-03T00:00:00+00:00,77223535,20,all_days,reused_three_phase_sample
2025-10-03T00:00:00+00:00,77226761,20,all_days,reused_three_phase_sample
2025-10-03T00:00:00+00:00,77227856,20,all_days,reused_three_phase_sample
2025-10-04T00:00:00+00:00,77229525,20,all_days,reused_three_phase_sample
2025-10-04T00:00:00+00:00,77229932,20,all_days,reused_three_phase_sample
2025-10-04T00:00:00+00:00,77230893,20,all_days,reused_three_phase_sample
2025-10-04T00:00:00+00:00,77232041,20,all_days,reused_three_phase_sample
2025-10-04T00:00:00+00:00,77235167,20,all_days,reused_three_phase_sample
2025-10-04T00:00:00+00:00,77237804,20,all_days,reused_three_phase_sample
2025-10-04T00:00:00+00:00,77239093,20,all_days,reused_three_phase_sample
2025-10-04T00:00:00+00:00,77243814,20,all_days,reused_three_phase_sample
2025-10-04T00:00:00+00:00,77245046,20,all_days,reused_three_phase_sample
2025-10-04T00:00:00+00:00,77246530,20,all_days,reused_three_phase_sample
2025-10-04T00:00:00+00:00,77247197,20,all_days,reused_three_phase_sample
2025-10-04T00:00:00+00:00,77248148,20,all_days,reused_three_phase_sample
2025-10-04T00:00:00+00:00,77249567,20,all_days,reused_three_phase_sample
2025-10-04T00:00:00+00:00,77250200,20,all_days,reused_three_phase_sample
2025-10-04T00:00:00+00:00,77250346,20,all_days,reused_three_phase_sample
2025-10-04T00:00:00+00:00,77250359,20,all_days,reused_three_phase_sample
2025-10-04T00:00:00+00:00,77256084,20,all_days,reused_three_phase_sample
2025-10-04T00:00:00+00:00,77258395,20,all_days,reused_three_phase_sample
2025-10-04T00:00:00+00:00,77258693,20,all_days,reused_three_phase_sample
2025-10-04T00:00:00+00:00,77267629,20,all_days,reused_three_phase_sample
2025-10-05T00:00:00+00:00,77269122,20,all_days,reused_three_phase_sample
2025-10-05T00:00:00+00:00,77269899,20,all_days,reused_three_phase_sample
2025-10-05T00:00:00+00:00,77278175,20,all_days,reused_three_phase_sample
2025-10-05T00:00:00+00:00,77279158,20,all_days,reused_three_phase_sample
2025-10-05T00:00:00+00:00,77280272,20,all_days,reused_three_phase_sample
2025-10-05T00:00:00+00:00,77281672,20,all_days,reused_three_phase_sample
2025-10-05T00:00:00+00:00,77285343,20,all_days,reused_three_phase_sample
2025-10-05T00:00:00+00:00,77287318,20,all_days,reused_three_phase_sample
2025-10-05T00:00:00+00:00,77289201,20,all_days,reused_three_phase_sample
2025-10-05T00:00:00+00:00,77290968,20,all_days,reused_three_phase_sample
2025-10-05T00:00:00+00:00,77292609,20,all_days,reused_three_phase_sample
2025-10-05T00:00:00+00:00,77294119,20,all_days,reused_three_phase_sample
2025-10-05T00:00:00+00:00,77294251,20,all_days,reused_three_phase_sample
2025-10-05T00:00:00+00:00,77295268,20,all_days,reused_three_phase_sample
2025-10-05T00:00:00+00:00,77297166,20,all_days,reused_three_phase_sample
2025-10-05T00:00:00+00:00,77298683,20,all_days,reused_three_phase_sample
2025-10-05T00:00:00+00:00,77299220,20,all_days,reused_three_phase_sample
2025-10-05T00:00:00+00:00,77301792,20,all_days,reused_three_phase_sample
2025-10-05T00:00:00+00:00,77304512,20,all_days,reused_three_phase_sample
2025-10-05T00:00:00+00:00,77305427,20,all_days,reused_three_phase_sample
2025-10-06T00:00:00+00:00,77310535,20,all_days,reused_three_phase_sample
2025-10-06T00:00:00+00:00,77311109,20,all_days,reused_three_phase_sample
2025-10-06T00:00:00+00:00,77315491,20,all_days,reused_three_phase_sample
2025-10-06T00:00:00+00:00,77316386,20,all_days,reused_three_phase_sample
2025-10-06T00:00:00+00:00,77318110,20,all_days,reused_three_phase_sample
2025-10-06T00:00:00+00:00,77318975,20,all_days,reused_three_phase_sample
2025-10-06T00:00:00+00:00,77321311,20,all_days,reused_three_phase_sample
2025-10-06T00:00:00+00:00,77323238,20,all_days,reused_three_phase_sample
2025-10-06T00:00:00+00:00,77326042,20,all_days,reused_three_phase_sample
2025-10-06T00:00:00+00:00,77326483,20,all_days,reused_three_phase_sample
2025-10-06T00:00:00+00:00,77327703,20,all_days,reused_three_phase_sample
2025-10-06T00:00:00+00:00,77327936,20,all_days,reused_three_phase_sample
2025-10-06T00:00:00+00:00,77328295,20,all_days,reused_three_phase_sample
2025-10-06T00:00:00+00:00,77329788,20,all_days,reused_three_phase_sample
2025-10-06T00:00:00+00:00,77329796,20,all_days,reused_three_phase_sample
2025-10-06T00:00:00+00:00,77338972,20,all_days,reused_three_phase_sample
2025-10-06T00:00:00+00:00,77340167,20,all_days,reused_three_phase_sample
2025-10-06T00:00:00+00:00,77340544,20,all_days,reused_three_phase_sample
2025-10-06T00:00:00+00:00,77342776,20,all_days,reused_three_phase_sample
2025-10-06T00:00:00+00:00,77343574,20,all_days,reused_three_phase_sample
2025-10-07T00:00:00+00:00,77351023,20,all_days,reused_three_phase_sample
2025-10-07T00:00:00+00:00,77351797,20,all_days,reused_three_phase_sample
2025-10-07T00:00:00+00:00,77351842,20,all_days,reused_three_phase_sample
2025-10-07T00:00:00+00:00,77355375,20,all_days,reused_three_phase_sample
2025-10-07T00:00:00+00:00,77358566,20,all_days,reused_three_phase_sample
2025-10-07T00:00:00+00:00,77358869,20,all_days,reused_three_phase_sample
2025-10-07T00:00:00+00:00,77359080,20,all_days,reused_three_phase_sample
2025-10-07T00:00:00+00:00,77359121,20,all_days,reused_three_phase_sample
2025-10-07T00:00:00+00:00,77360832,20,all_days,reused_three_phase_sample
2025-10-07T00:00:00+00:00,77361061,20,all_days,reused_three_phase_sample
2025-10-07T00:00:00+00:00,77361971,20,all_days,reused_three_phase_sample
2025-10-07T00:00:00+00:00,77364879,20,all_days,reused_three_phase_sample
2025-10-07T00:00:00+00:00,77374259,20,all_days,reused_three_phase_sample
2025-10-07T00:00:00+00:00,77375017,20,all_days,reused_three_phase_sample
2025-10-07T00:00:00+00:00,77376861,20,all_days,reused_three_phase_sample
2025-10-07T00:00:00+00:00,77377635,20,all_days,reused_three_phase_sample
2025-10-07T00:00:00+00:00,77378566,20,all_days,reused_three_phase_sample
2025-10-07T00:00:00+00:00,77381648,20,all_days,reused_three_phase_sample
2025-10-07T00:00:00+00:00,77383375,20,all_days,reused_three_phase_sample
2025-10-07T00:00:00+00:00,77384293,20,all_days,reused_three_phase_sample
2025-10-08T00:00:00+00:00,77390970,20,all_days,reused_three_phase_sample
2025-10-08T00:00:00+00:00,77393096,20,all_days,reused_three_phase_sample
2025-10-08T00:00:00+00:00,77395268,20,all_days,reused_three_phase_sample
2025-10-08T00:00:00+00:00,77395397,20,all_days,reused_three_phase_sample
2025-10-08T00:00:00+00:00,77397653,20,all_days,reused_three_phase_sample
2025-10-08T00:00:00+00:00,77399065,20,all_days,reused_three_phase_sample
2025-10-08T00:00:00+00:00,77399905,20,all_days,reused_three_phase_sample
2025-10-08T00:00:00+00:00,77402070,20,all_days,reused_three_phase_sample
2025-10-08T00:00:00+00:00,77402917,20,all_days,reused_three_phase_sample
2025-10-08T00:00:00+00:00,77406722,20,all_days,reused_three_phase_sample
2025-10-08T00:00:00+00:00,77411055,20,all_days,reused_three_phase_sample
2025-10-08T00:00:00+00:00,77415106,20,all_days,reused_three_phase_sample
2025-10-08T00:00:00+00:00,77416015,20,all_days,reused_three_phase_sample
2025-10-08T00:00:00+00:00,77416886,20,all_days,reused_three_phase_sample
2025-10-08T00:00:00+00:00,77418559,20,all_days,reused_three_phase_sample
2025-10-08T00:00:00+00:00,77420981,20,all_days,reused_three_phase_sample
2025-10-08T00:00:00+00:00,77423763,20,all_days,reused_three_phase_sample
2025-10-08T00:00:00+00:00,77425497,20,all_days,reused_three_phase_sample
2025-10-08T00:00:00+00:00,77426262,20,all_days,reused_three_phase_sample
2025-10-08T00:00:00+00:00,77431481,20,all_days,reused_three_phase_sample
2025-10-09T00:00:00+00:00,77432020,20,all_days,reused_three_phase_sample
2025-10-09T00:00:00+00:00,77432379,20,all_days,reused_three_phase_sample
2025-10-09T00:00:00+00:00,77432715,20,all_days,reused_three_phase_sample
2025-10-09T00:00:00+00:00,77433901,20,all_days,reused_three_phase_sample
2025-10-09T00:00:00+00:00,77439638,20,all_days,reused_three_phase_sample
2025-10-09T00:00:00+00:00,77440475,20,all_days,reused_three_phase_sample
2025-10-09T00:00:00+00:00,77444247,20,all_days,reused_three_phase_sample
2025-10-09T00:00:00+00:00,77449145,20,all_days,reused_three_phase_sample
2025-10-09T00:00:00+00:00,77449902,20,all_days,reused_three_phase_sample
2025-10-09T00:00:00+00:00,77450568,20,all_days,reused_three_phase_sample
2025-10-09T00:00:00+00:00,77450837,20,all_days,reused_three_phase_sample
2025-10-09T00:00:00+00:00,77452859,20,all_days,reused_three_phase_sample
2025-10-09T00:00:00+00:00,77459535,20,all_days,reused_three_phase_sample
2025-10-09T00:00:00+00:00,77459903,20,all_days,reused_three_phase_sample
2025-10-09T00:00:00+00:00,77462043,20,all_days,reused_three_phase_sample
2025-10-09T00:00:00+00:00,77465773,20,all_days,reused_three_phase_sample
2025-10-09T00:00:00+00:00,77466455,20,all_days,reused_three_phase_sample
2025-10-09T00:00:00+00:00,77467410,20,all_days,reused_three_phase_sample
2025-10-09T00:00:00+00:00,77467540,20,all_days,reused_three_phase_sample
2025-10-09T00:00:00+00:00,77468881,20,all_days,reused_three_phase_sample
2025-10-10T00:00:00+00:00,77477017,20,all_days,reused_three_phase_sample
2025-10-10T00:00:00+00:00,77482543,20,all_days,reused_three_phase_sample
2025-10-10T00:00:00+00:00,77482868,20,all_days,reused_three_phase_sample
2025-10-10T00:00:00+00:00,77484203,20,all_days,reused_three_phase_sample
2025-10-10T00:00:00+00:00,77485336,20,all_days,reused_three_phase_sample
2025-10-10T00:00:00+00:00,77486061,20,all_days,reused_three_phase_sample
2025-10-10T00:00:00+00:00,77494557,20,all_days,reused_three_phase_sample
2025-10-10T00:00:00+00:00,77494575,20,all_days,reused_three_phase_sample
2025-10-10T00:00:00+00:00,77495591,20,all_days,reused_three_phase_sample
2025-10-10T00:00:00+00:00,77497183,20,all_days,reused_three_phase_sample
2025-10-10T00:00:00+00:00,77499850,20,all_days,reused_three_phase_sample
2025-10-10T00:00:00+00:00,77500774,20,all_days,reused_three_phase_sample
2025-10-10T00:00:00+00:00,77501368,20,all_days,reused_three_phase_sample
2025-10-10T00:00:00+00:00,77504447,20,all_days,reused_three_phase_sample
2025-10-10T00:00:00+00:00,77504599,20,all_days,reused_three_phase_sample
2025-10-10T00:00:00+00:00,77511820,20,all_days,reused_three_phase_sample
2025-10-10T00:00:00+00:00,77512565,20,all_days,reused_three_phase_sample
2025-10-10T00:00:00+00:00,77513390,20,all_days,reused_three_phase_sample
2025-10-10T00:00:00+00:00,77515501,20,all_days,reused_three_phase_sample
2025-10-10T00:00:00+00:00,77516872,20,all_days,reused_three_phase_sample
2025-10-11T00:00:00+00:00,77522395,20,all_days,reused_three_phase_sample
2025-10-11T00:00:00+00:00,77524082,20,all_days,reused_three_phase_sample
2025-10-11T00:00:00+00:00,77527793,20,all_days,reused_three_phase_sample
2025-10-11T00:00:00+00:00,77528379,20,all_days,reused_three_phase_sample
2025-10-11T00:00:00+00:00,77529023,20,all_days,reused_three_phase_sample
2025-10-11T00:00:00+00:00,77529877,20,all_days,reused_three_phase_sample
2025-10-11T00:00:00+00:00,77531386,20,all_days,reused_three_phase_sample
2025-10-11T00:00:00+00:00,77536223,20,all_days,reused_three_phase_sample
2025-10-11T00:00:00+00:00,77538563,20,all_days,reused_three_phase_sample
2025-10-11T00:00:00+00:00,77542236,20,all_days,reused_three_phase_sample
2025-10-11T00:00:00+00:00,77544405,20,all_days,reused_three_phase_sample
2025-10-11T00:00:00+00:00,77544771,20,all_days,reused_three_phase_sample
2025-10-11T00:00:00+00:00,77545337,20,all_days,reused_three_phase_sample
2025-10-11T00:00:00+00:00,77546443,20,all_days,reused_three_phase_sample
2025-10-11T00:00:00+00:00,77551026,20,all_days,reused_three_phase_sample
2025-10-11T00:00:00+00:00,77551474,20,all_days,reused_three_phase_sample
2025-10-11T00:00:00+00:00,77553058,20,all_days,reused_three_phase_sample
2025-10-11T00:00:00+00:00,77555625,20,all_days,reused_three_phase_sample
2025-10-11T00:00:00+00:00,77558653,20,all_days,reused_three_phase_sample
2025-10-11T00:00:00+00:00,77559208,20,all_days,reused_three_phase_sample
2025-10-12T00:00:00+00:00,77562313,20,all_days,completion_random_sample
2025-10-12T00:00:00+00:00,77562676,20,all_days,completion_random_sample
2025-10-12T00:00:00+00:00,77566234,20,all_days,completion_random_sample
2025-10-12T00:00:00+00:00,77571858,20,all_days,completion_random_sample
2025-10-12T00:00:00+00:00,77572848,20,all_days,completion_random_sample
2025-10-12T00:00:00+00:00,77581533,20,all_days,completion_random_sample
2025-10-12T00:00:00+00:00,77582867,20,all_days,completion_random_sample
2025-10-12T00:00:00+00:00,77583641,20,all_days,completion_random_sample
2025-10-12T00:00:00+00:00,77583689,20,all_days,completion_random_sample
2025-10-12T00:00:00+00:00,77585382,20,all_days,completion_random_sample
2025-10-12T00:00:00+00:00,77587055,20,all_days,completion_random_sample
2025-10-12T00:00:00+00:00,77587805,20,all_days,completion_random_sample
2025-10-12T00:00:00+00:00,77588047,20,all_days,completion_random_sample
2025-10-12T00:00:00+00:00,77591195,20,all_days,completion_random_sample
2025-10-12T00:00:00+00:00,77591541,20,all_days,completion_random_sample
2025-10-12T00:00:00+00:00,77591725,20,all_days,completion_random_sample
2025-10-12T00:00:00+00:00,77594326,20,all_days,completion_random_sample
2025-10-12T00:00:00+00:00,77594736,20,all_days,completion_random_sample
2025-10-12T00:00:00+00:00,77596625,20,all_days,completion_random_sample
2025-10-12T00:00:00+00:00,77602481,20,all_days,completion_random_sample
2025-10-13T00:00:00+00:00,77605796,20,all_days,completion_random_sample
2025-10-13T00:00:00+00:00,77606862,20,all_days,completion_random_sample
2025-10-13T00:00:00+00:00,77609588,20,all_days,completion_random_sample
2025-10-13T00:00:00+00:00,77610038,20,all_days,completion_random_sample
2025-10-13T00:00:00+00:00,77610770,20,all_days,completion_random_sample
2025-10-13T00:00:00+00:00,77613473,20,all_days,completion_random_sample
2025-10-13T00:00:00+00:00,77615699,20,all_days,completion_random_sample
2025-10-13T00:00:00+00:00,77620704,20,all_days,completion_random_sample
2025-10-13T00:00:00+00:00,77622731,20,all_days,completion_random_sample
2025-10-13T00:00:00+00:00,77625675,20,all_days,completion_random_sample
2025-10-13T00:00:00+00:00,77625685,20,all_days,completion_random_sample
2025-10-13T00:00:00+00:00,77626012,20,all_days,completion_random_sample
2025-10-13T00:00:00+00:00,77630439,20,all_days,completion_random_sample
2025-10-13T00:00:00+00:00,77630793,20,all_days,completion_random_sample
2025-10-13T00:00:00+00:00,77632759,20,all_days,completion_random_sample
2025-10-13T00:00:00+00:00,77633110,20,all_days,completion_random_sample
2025-10-13T00:00:00+00:00,77636118,20,all_days,completion_random_sample
2025-10-13T00:00:00+00:00,77640628,20,all_days,completion_random_sample
2025-10-13T00:00:00+00:00,77644184,20,all_days,completion_random_sample
2025-10-13T00:00:00+00:00,77645060,20,all_days,completion_random_sample
2025-10-14T00:00:00+00:00,77649463,20,all_days,completion_random_sample
2025-10-14T00:00:00+00:00,77651765,20,all_days,completion_random_sample
2025-10-14T00:00:00+00:00,77652554,20,all_days,completion_random_sample
2025-10-14T00:00:00+00:00,77655102,20,all_days,completion_random_sample
2025-10-14T00:00:00+00:00,77656014,20,all_days,completion_random_sample
2025-10-14T00:00:00+00:00,77656072,20,all_days,completion_random_sample
2025-10-14T00:00:00+00:00,77658332,20,all_days,completion_random_sample
2025-10-14T00:00:00+00:00,77658910,20,all_days,completion_random_sample
2025-10-14T00:00:00+00:00,77667449,20,all_days,completion_random_sample
2025-10-14T00:00:00+00:00,77671328,20,all_days,completion_random_sample
2025-10-14T00:00:00+00:00,77673121,20,all_days,completion_random_sample
2025-10-14T00:00:00+00:00,77676036,20,all_days,completion_random_sample
2025-10-14T00:00:00+00:00,77678510,20,all_days,completion_random_sample
2025-10-14T00:00:00+00:00,77680044,20,all_days,completion_random_sample
2025-10-14T00:00:00+00:00,77682695,20,all_days,completion_random_sample
2025-10-14T00:00:00+00:00,77682839,20,all_days,completion_random_sample
2025-10-14T00:00:00+00:00,77684030,20,all_days,completion_random_sample
2025-10-14T00:00:00+00:00,77684454,20,all_days,completion_random_sample
2025-10-14T00:00:00+00:00,77687257,20,all_days,completion_random_sample
2025-10-14T00:00:00+00:00,77687749,20,all_days,completion_random_sample
2025-10-15T00:00:00+00:00,77692678,20,all_days,completion_random_sample
2025-10-15T00:00:00+00:00,77692741,20,all_days,completion_random_sample
2025-10-15T00:00:00+00:00,77693494,20,all_days,completion_random_sample
2025-10-15T00:00:00+00:00,77698923,20,all_days,completion_random_sample
2025-10-15T00:00:00+00:00,77699163,20,all_days,completion_random_sample
2025-10-15T00:00:00+00:00,77701076,20,all_days,completion_random_sample
2025-10-15T00:00:00+00:00,77703622,20,all_days,completion_random_sample
2025-10-15T00:00:00+00:00,77704076,20,all_days,completion_random_sample
2025-10-15T00:00:00+00:00,77706378,20,all_days,completion_random_sample
2025-10-15T00:00:00+00:00,77707398,20,all_days,completion_random_sample
2025-10-15T00:00:00+00:00,77711138,20,all_days,completion_random_sample
2025-10-15T00:00:00+00:00,77721173,20,all_days,completion_random_sample
2025-10-15T00:00:00+00:00,77721637,20,all_days,completion_random_sample
2025-10-15T00:00:00+00:00,77721979,20,all_days,completion_random_sample
2025-10-15T00:00:00+00:00,77722128,20,all_days,completion_random_sample
2025-10-15T00:00:00+00:00,77724139,20,all_days,completion_random_sample
2025-10-15T00:00:00+00:00,77725486,20,all_days,completion_random_sample
2025-10-15T00:00:00+00:00,77726005,20,all_days,completion_random_sample
2025-10-15T00:00:00+00:00,77728195,20,all_days,completion_random_sample
2025-10-15T00:00:00+00:00,77731289,20,all_days,completion_random_sample
2025-10-16T00:00:00+00:00,77734611,20,all_days,completion_random_sample
2025-10-16T00:00:00+00:00,77734763,20,all_days,completion_random_sample
2025-10-16T00:00:00+00:00,77734948,20,all_days,completion_random_sample
2025-10-16T00:00:00+00:00,77735946,20,all_days,completion_random_sample
2025-10-16T00:00:00+00:00,77736017,20,all_days,completion_random_sample
2025-10-16T00:00:00+00:00,77736715,20,all_days,completion_random_sample
2025-10-16T00:00:00+00:00,77739236,20,all_days,completion_random_sample
2025-10-16T00:00:00+00:00,77751222,20,all_days,completion_random_sample
2025-10-16T00:00:00+00:00,77753048,20,all_days,completion_random_sample
2025-10-16T00:00:00+00:00,77753657,20,all_days,completion_random_sample
2025-10-16T00:00:00+00:00,77756406,20,all_days,completion_random_sample
2025-10-16T00:00:00+00:00,77761210,20,all_days,completion_random_sample
2025-10-16T00:00:00+00:00,77761484,20,all_days,completion_random_sample
2025-10-16T00:00:00+00:00,77763326,20,all_days,completion_random_sample
2025-10-16T00:00:00+00:00,77767236,20,all_days,completion_random_sample
2025-10-16T00:00:00+00:00,77770516,20,all_days,completion_random_sample
2025-10-16T00:00:00+00:00,77771659,20,all_days,completion_random_sample
2025-10-16T00:00:00+00:00,77771932,20,all_days,completion_random_sample
2025-10-16T00:00:00+00:00,77774995,20,all_days,completion_random_sample
2025-10-16T00:00:00+00:00,77775346,20,all_days,completion_random_sample
2025-10-17T00:00:00+00:00,77778312,20,all_days,completion_random_sample
2025-10-17T00:00:00+00:00,77781484,20,all_days,completion_random_sample
2025-10-17T00:00:00+00:00,77783402,20,all_days,completion_random_sample
2025-10-17T00:00:00+00:00,77789004,20,all_days,completion_random_sample
2025-10-17T00:00:00+00:00,77793376,20,all_days,completion_random_sample
2025-10-17T00:00:00+00:00,77794364,20,all_days,completion_random_sample
2025-10-17T00:00:00+00:00,77795369,20,all_days,completion_random_sample
2025-10-17T00:00:00+00:00,77795663,20,all_days,completion_random_sample
2025-10-17T00:00:00+00:00,77799620,20,all_days,completion_random_sample
2025-10-17T00:00:00+00:00,77801767,20,all_days,completion_random_sample
2025-10-17T00:00:00+00:00,77802783,20,all_days,completion_random_sample
2025-10-17T00:00:00+00:00,77803520,20,all_days,completion_random_sample
2025-10-17T00:00:00+00:00,77809805,20,all_days,completion_random_sample
2025-10-17T00:00:00+00:00,77809868,20,all_days,completion_random_sample
2025-10-17T00:00:00+00:00,77811072,20,all_days,completion_random_sample
2025-10-17T00:00:00+00:00,77811743,20,all_days,completion_random_sample
2025-10-17T00:00:00+00:00,77816168,20,all_days,completion_random_sample
2025-10-17T00:00:00+00:00,77816967,20,all_days,completion_random_sample
2025-10-17T00:00:00+00:00,77818065,20,all_days,completion_random_sample
2025-10-17T00:00:00+00:00,77819008,20,all_days,completion_random_sample
2025-10-18T00:00:00+00:00,77825761,20,all_days,completion_random_sample
2025-10-18T00:00:00+00:00,77826671,20,all_days,completion_random_sample
2025-10-18T00:00:00+00:00,77828255,20,all_days,completion_random_sample
2025-10-18T00:00:00+00:00,77828692,20,all_days,completion_random_sample
2025-10-18T00:00:00+00:00,77829986,20,all_days,completion_random_sample
2025-10-18T00:00:00+00:00,77832799,20,all_days,completion_random_sample
2025-10-18T00:00:00+00:00,77833492,20,all_days,completion_random_sample
2025-10-18T00:00:00+00:00,77835234,20,all_days,completion_random_sample
2025-10-18T00:00:00+00:00,77838532,20,all_days,completion_random_sample
2025-10-18T00:00:00+00:00,77843585,20,all_days,completion_random_sample
2025-10-18T00:00:00+00:00,77850282,20,all_days,completion_random_sample
2025-10-18T00:00:00+00:00,77850804,20,all_days,completion_random_sample
2025-10-18T00:00:00+00:00,77850920,20,all_days,completion_random_sample
2025-10-18T00:00:00+00:00,77851158,20,all_days,completion_random_sample
2025-10-18T00:00:00+00:00,77851293,20,all_days,completion_random_sample
2025-10-18T00:00:00+00:00,77853065,20,all_days,completion_random_sample
2025-10-18T00:00:00+00:00,77856105,20,all_days,completion_random_sample
2025-10-18T00:00:00+00:00,77858216,20,all_days,completion_random_sample
2025-10-18T00:00:00+00:00,77858389,20,all_days,completion_random_sample
2025-10-18T00:00:00+00:00,77859938,20,all_days,completion_random_sample
2025-10-19T00:00:00+00:00,77866542,20,all_days,completion_random_sample
2025-10-19T00:00:00+00:00,77868479,20,all_days,completion_random_sample
2025-10-19T00:00:00+00:00,77870299,20,all_days,completion_random_sample
2025-10-19T00:00:00+00:00,77870578,20,all_days,completion_random_sample
2025-10-19T00:00:00+00:00,77873084,20,all_days,completion_random_sample
2025-10-19T00:00:00+00:00,77873097,20,all_days,completion_random_sample
2025-10-19T00:00:00+00:00,77877185,20,all_days,completion_random_sample
2025-10-19T00:00:00+00:00,77881720,20,all_days,completion_random_sample
2025-10-19T00:00:00+00:00,77882214,20,all_days,completion_random_sample
2025-10-19T00:00:00+00:00,77882263,20,all_days,completion_random_sample
2025-10-19T00:00:00+00:00,77883655,20,all_days,completion_random_sample
2025-10-19T00:00:00+00:00,77884838,20,all_days,completion_random_sample
2025-10-19T00:00:00+00:00,77889015,20,all_days,completion_random_sample
2025-10-19T00:00:00+00:00,77889531,20,all_days,completion_random_sample
2025-10-19T00:00:00+00:00,77890693,20,all_days,completion_random_sample
2025-10-19T00:00:00+00:00,77893465,20,all_days,completion_random_sample
2025-10-19T00:00:00+00:00,77894221,20,all_days,completion_random_sample
2025-10-19T00:00:00+00:00,77895746,20,all_days,completion_random_sample
2025-10-19T00:00:00+00:00,77905058,20,all_days,completion_random_sample
2025-10-19T00:00:00+00:00,77905143,20,all_days,completion_random_sample
2025-10-20T00:00:00+00:00,77908729,20,all_days,completion_random_sample
2025-10-20T00:00:00+00:00,77909792,20,all_days,completion_random_sample
2025-10-20T00:00:00+00:00,77913093,20,all_days,completion_random_sample
2025-10-20T00:00:00+00:00,77919904,20,all_days,completion_random_sample
2025-10-20T00:00:00+00:00,77920339,20,all_days,completion_random_sample
2025-10-20T00:00:00+00:00,77922042,20,all_days,completion_random_sample
2025-10-20T00:00:00+00:00,77922287,20,all_days,completion_random_sample
2025-10-20T00:00:00+00:00,77924150,20,all_days,completion_random_sample
2025-10-20T00:00:00+00:00,77924721,20,all_days,completion_random_sample
2025-10-20T00:00:00+00:00,77925932,20,all_days,completion_random_sample
2025-10-20T00:00:00+00:00,77926213,20,all_days,completion_random_sample
2025-10-20T00:00:00+00:00,77926835,20,all_days,completion_random_sample
2025-10-20T00:00:00+00:00,77927290,20,all_days,completion_random_sample
2025-10-20T00:00:00+00:00,77927552,20,all_days,completion_random_sample
2025-10-20T00:00:00+00:00,77930042,20,all_days,completion_random_sample
2025-10-20T00:00:00+00:00,77931707,20,all_days,completion_random_sample
2025-10-20T00:00:00+00:00,77932168,20,all_days,completion_random_sample
2025-10-20T00:00:00+00:00,77932635,20,all_days,completion_random_sample
2025-10-20T00:00:00+00:00,77932812,20,all_days,completion_random_sample
2025-10-20T00:00:00+00:00,77933954,20,all_days,completion_random_sample
2025-10-21T00:00:00+00:00,77953913,20,all_days,completion_random_sample
2025-10-21T00:00:00+00:00,77954960,20,all_days,completion_random_sample
2025-10-21T00:00:00+00:00,77955923,20,all_days,completion_random_sample
2025-10-21T00:00:00+00:00,77962053,20,all_days,completion_random_sample
2025-10-21T00:00:00+00:00,77964684,20,all_days,completion_random_sample
2025-10-21T00:00:00+00:00,77967491,20,all_days,completion_random_sample
2025-10-21T00:00:00+00:00,77969284,20,all_days,completion_random_sample
2025-10-21T00:00:00+00:00,77969604,20,all_days,completion_random_sample
2025-10-21T00:00:00+00:00,77972386,20,all_days,completion_random_sample
2025-10-21T00:00:00+00:00,77972578,20,all_days,completion_random_sample
2025-10-21T00:00:00+00:00,77974063,20,all_days,completion_random_sample
2025-10-21T00:00:00+00:00,77977636,20,all_days,completion_random_sample
2025-10-21T00:00:00+00:00,77980426,20,all_days,completion_random_sample
2025-10-21T00:00:00+00:00,77980965,20,all_days,completion_random_sample
2025-10-21T00:00:00+00:00,77982693,20,all_days,completion_random_sample
2025-10-21T00:00:00+00:00,77984166,20,all_days,completion_random_sample
2025-10-21T00:00:00+00:00,77984304,20,all_days,completion_random_sample
2025-10-21T00:00:00+00:00,77984926,20,all_days,completion_random_sample
2025-10-21T00:00:00+00:00,77985773,20,all_days,completion_random_sample
2025-10-21T00:00:00+00:00,77991521,20,all_days,completion_random_sample
2025-10-22T00:00:00+00:00,77995041,20,all_days,completion_random_sample
2025-10-22T00:00:00+00:00,77999466,20,all_days,completion_random_sample
2025-10-22T00:00:00+00:00,77999658,20,all_days,completion_random_sample
2025-10-22T00:00:00+00:00,78002116,20,all_days,completion_random_sample
2025-10-22T00:00:00+00:00,78002493,20,all_days,completion_random_sample
2025-10-22T00:00:00+00:00,78006730,20,all_days,completion_random_sample
2025-10-22T00:00:00+00:00,78008549,20,all_days,completion_random_sample
2025-10-22T00:00:00+00:00,78009634,20,all_days,completion_random_sample
2025-10-22T00:00:00+00:00,78010386,20,all_days,completion_random_sample
2025-10-22T00:00:00+00:00,78013323,20,all_days,completion_random_sample
2025-10-22T00:00:00+00:00,78016120,20,all_days,completion_random_sample
2025-10-22T00:00:00+00:00,78017589,20,all_days,completion_random_sample
2025-10-22T00:00:00+00:00,78018009,20,all_days,completion_random_sample
2025-10-22T00:00:00+00:00,78018204,20,all_days,completion_random_sample
2025-10-22T00:00:00+00:00,78024862,20,all_days,completion_random_sample
2025-10-22T00:00:00+00:00,78027435,20,all_days,completion_random_sample
2025-10-22T00:00:00+00:00,78034880,20,all_days,completion_random_sample
2025-10-22T00:00:00+00:00,78034947,20,all_days,completion_random_sample
2025-10-22T00:00:00+00:00,78035478,20,all_days,completion_random_sample
2025-10-22T00:00:00+00:00,78036061,20,all_days,completion_random_sample
2025-10-23T00:00:00+00:00,78043361,20,all_days,completion_random_sample
2025-10-23T00:00:00+00:00,78047374,20,all_days,completion_random_sample
2025-10-23T00:00:00+00:00,78050408,20,all_days,completion_random_sample
2025-10-23T00:00:00+00:00,78051132,20,all_days,completion_random_sample
2025-10-23T00:00:00+00:00,78052118,20,all_days,completion_random_sample
2025-10-23T00:00:00+00:00,78054070,20,all_days,completion_random_sample
2025-10-23T00:00:00+00:00,78055505,20,all_days,completion_random_sample
2025-10-23T00:00:00+00:00,78056579,20,all_days,completion_random_sample
2025-10-23T00:00:00+00:00,78058586,20,all_days,completion_random_sample
2025-10-23T00:00:00+00:00,78061685,20,all_days,completion_random_sample
2025-10-23T00:00:00+00:00,78063240,20,all_days,completion_random_sample
2025-10-23T00:00:00+00:00,78064454,20,all_days,completion_random_sample
2025-10-23T00:00:00+00:00,78066104,20,all_days,completion_random_sample
2025-10-23T00:00:00+00:00,78068011,20,all_days,completion_random_sample
2025-10-23T00:00:00+00:00,78068428,20,all_days,completion_random_sample
2025-10-23T00:00:00+00:00,78073245,20,all_days,completion_random_sample
2025-10-23T00:00:00+00:00,78074177,20,all_days,completion_random_sample
2025-10-23T00:00:00+00:00,78076042,20,all_days,completion_random_sample
2025-10-23T00:00:00+00:00,78077922,20,all_days,completion_random_sample
2025-10-23T00:00:00+00:00,78078414,20,all_days,completion_random_sample
2025-10-24T00:00:00+00:00,78087280,20,all_days,completion_random_sample
2025-10-24T00:00:00+00:00,78087970,20,all_days,completion_random_sample
2025-10-24T00:00:00+00:00,78089215,20,all_days,completion_random_sample
2025-10-24T00:00:00+00:00,78090103,20,all_days,completion_random_sample
2025-10-24T00:00:00+00:00,78091352,20,all_days,completion_random_sample
2025-10-24T00:00:00+00:00,78093752,20,all_days,completion_random_sample
2025-10-24T00:00:00+00:00,78098661,20,all_days,completion_random_sample
2025-10-24T00:00:00+00:00,78099916,20,all_days,completion_random_sample
2025-10-24T00:00:00+00:00,78101452,20,all_days,completion_random_sample
2025-10-24T00:00:00+00:00,78103045,20,all_days,completion_random_sample
2025-10-24T00:00:00+00:00,78103630,20,all_days,completion_random_sample
2025-10-24T00:00:00+00:00,78103653,20,all_days,completion_random_sample
2025-10-24T00:00:00+00:00,78107852,20,all_days,completion_random_sample
2025-10-24T00:00:00+00:00,78109579,20,all_days,completion_random_sample
2025-10-24T00:00:00+00:00,78111355,20,all_days,completion_random_sample
2025-10-24T00:00:00+00:00,78113422,20,all_days,completion_random_sample
2025-10-24T00:00:00+00:00,78114372,20,all_days,completion_random_sample
2025-10-24T00:00:00+00:00,78116310,20,all_days,completion_random_sample
2025-10-24T00:00:00+00:00,78119439,20,all_days,completion_random_sample
2025-10-24T00:00:00+00:00,78120330,20,all_days,completion_random_sample
2025-10-25T00:00:00+00:00,78126345,20,all_days,completion_random_sample
2025-10-25T00:00:00+00:00,78129470,20,all_days,completion_random_sample
2025-10-25T00:00:00+00:00,78129864,20,all_days,completion_random_sample
2025-10-25T00:00:00+00:00,78129950,20,all_days,completion_random_sample
2025-10-25T00:00:00+00:00,78131518,20,all_days,completion_random_sample
2025-10-25T00:00:00+00:00,78131640,20,all_days,completion_random_sample
2025-10-25T00:00:00+00:00,78133127,20,all_days,completion_random_sample
2025-10-25T00:00:00+00:00,78135147,20,all_days,completion_random_sample
2025-10-25T00:00:00+00:00,78138326,20,all_days,completion_random_sample
2025-10-25T00:00:00+00:00,78140314,20,all_days,completion_random_sample
2025-10-25T00:00:00+00:00,78147607,20,all_days,completion_random_sample
2025-10-25T00:00:00+00:00,78148917,20,all_days,completion_random_sample
2025-10-25T00:00:00+00:00,78151158,20,all_days,completion_random_sample
2025-10-25T00:00:00+00:00,78156248,20,all_days,completion_random_sample
2025-10-25T00:00:00+00:00,78156565,20,all_days,completion_random_sample
2025-10-25T00:00:00+00:00,78157510,20,all_days,completion_random_sample
2025-10-25T00:00:00+00:00,78158616,20,all_days,completion_random_sample
2025-10-25T00:00:00+00:00,78159891,20,all_days,completion_random_sample
2025-10-25T00:00:00+00:00,78164226,20,all_days,completion_random_sample
2025-10-25T00:00:00+00:00,78165902,20,all_days,completion_random_sample
2025-10-26T00:00:00+00:00,78168722,20,all_days,completion_random_sample
2025-10-26T00:00:00+00:00,78169774,20,all_days,completion_random_sample
2025-10-26T00:00:00+00:00,78173024,20,all_days,completion_random_sample
2025-10-26T00:00:00+00:00,78177916,20,all_days,completion_random_sample
2025-10-26T00:00:00+00:00,78177964,20,all_days,completion_random_sample
2025-10-26T00:00:00+00:00,78180593,20,all_days,completion_random_sample
2025-10-26T00:00:00+00:00,78181023,20,all_days,completion_random_sample
2025-10-26T00:00:00+00:00,78181780,20,all_days,completion_random_sample
2025-10-26T00:00:00+00:00,78193043,20,all_days,completion_random_sample
2025-10-26T00:00:00+00:00,78196873,20,all_days,completion_random_sample
2025-10-26T00:00:00+00:00,78197503,20,all_days,completion_random_sample
2025-10-26T00:00:00+00:00,78197660,20,all_days,completion_random_sample
2025-10-26T00:00:00+00:00,78198267,20,all_days,completion_random_sample
2025-10-26T00:00:00+00:00,78199803,20,all_days,completion_random_sample
2025-10-26T00:00:00+00:00,78201285,20,all_days,completion_random_sample
2025-10-26T00:00:00+00:00,78206179,20,all_days,completion_random_sample
2025-10-26T00:00:00+00:00,78207710,20,all_days,completion_random_sample
2025-10-26T00:00:00+00:00,78208479,20,all_days,completion_random_sample
2025-10-26T00:00:00+00:00,78208736,20,all_days,completion_random_sample
2025-10-26T00:00:00+00:00,78209142,20,all_days,completion_random_sample
2025-10-27T00:00:00+00:00,78212312,20,all_days,reused_three_phase_sample
2025-10-27T00:00:00+00:00,78213755,20,all_days,reused_three_phase_sample
2025-10-27T00:00:00+00:00,78215046,20,all_days,reused_three_phase_sample
2025-10-27T00:00:00+00:00,78218571,20,all_days,reused_three_phase_sample
2025-10-27T00:00:00+00:00,78219119,20,all_days,reused_three_phase_sample
2025-10-27T00:00:00+00:00,78224185,20,all_days,reused_three_phase_sample
2025-10-27T00:00:00+00:00,78224774,20,all_days,reused_three_phase_sample
2025-10-27T00:00:00+00:00,78225065,20,all_days,reused_three_phase_sample
2025-10-27T00:00:00+00:00,78227182,20,all_days,reused_three_phase_sample
2025-10-27T00:00:00+00:00,78229527,20,all_days,reused_three_phase_sample
2025-10-27T00:00:00+00:00,78233397,20,all_days,reused_three_phase_sample
2025-10-27T00:00:00+00:00,78234198,20,all_days,reused_three_phase_sample
2025-10-27T00:00:00+00:00,78235712,20,all_days,reused_three_phase_sample
2025-10-27T00:00:00+00:00,78235833,20,all_days,reused_three_phase_sample
2025-10-27T00:00:00+00:00,78236149,20,all_days,reused_three_phase_sample
2025-10-27T00:00:00+00:00,78239746,20,all_days,reused_three_phase_sample
2025-10-27T00:00:00+00:00,78241636,20,all_days,reused_three_phase_sample
2025-10-27T00:00:00+00:00,78242518,20,all_days,reused_three_phase_sample
2025-10-27T00:00:00+00:00,78246071,20,all_days,reused_three_phase_sample
2025-10-27T00:00:00+00:00,78248973,20,all_days,reused_three_phase_sample
2025-10-28T00:00:00+00:00,78253508,20,all_days,reused_three_phase_sample
2025-10-28T00:00:00+00:00,78254043,20,all_days,reused_three_phase_sample
2025-10-28T00:00:00+00:00,78255618,20,all_days,reused_three_phase_sample
2025-10-28T00:00:00+00:00,78255739,20,all_days,reused_three_phase_sample
2025-10-28T00:00:00+00:00,78257885,20,all_days,reused_three_phase_sample
2025-10-28T00:00:00+00:00,78258555,20,all_days,reused_three_phase_sample
2025-10-28T00:00:00+00:00,78261344,20,all_days,reused_three_phase_sample
2025-10-28T00:00:00+00:00,78261699,20,all_days,reused_three_phase_sample
2025-10-28T00:00:00+00:00,78262519,20,all_days,reused_three_phase_sample
2025-10-28T00:00:00+00:00,78266280,20,all_days,reused_three_phase_sample
2025-10-28T00:00:00+00:00,78267715,20,all_days,reused_three_phase_sample
2025-10-28T00:00:00+00:00,78273364,20,all_days,reused_three_phase_sample
2025-10-28T00:00:00+00:00,78273651,20,all_days,reused_three_phase_sample
2025-10-28T00:00:00+00:00,78277555,20,all_days,reused_three_phase_sample
2025-10-28T00:00:00+00:00,78278478,20,all_days,reused_three_phase_sample
2025-10-28T00:00:00+00:00,78281107,20,all_days,reused_three_phase_sample
2025-10-28T00:00:00+00:00,78284605,20,all_days,reused_three_phase_sample
2025-10-28T00:00:00+00:00,78285230,20,all_days,reused_three_phase_sample
2025-10-28T00:00:00+00:00,78289382,20,all_days,reused_three_phase_sample
2025-10-28T00:00:00+00:00,78292698,20,all_days,reused_three_phase_sample
2025-10-29T00:00:00+00:00,78297577,20,all_days,reused_three_phase_sample
2025-10-29T00:00:00+00:00,78298480,20,all_days,reused_three_phase_sample
2025-10-29T00:00:00+00:00,78299421,20,all_days,reused_three_phase_sample
2025-10-29T00:00:00+00:00,78300092,20,all_days,reused_three_phase_sample
2025-10-29T00:00:00+00:00,78300995,20,all_days,reused_three_phase_sample
2025-10-29T00:00:00+00:00,78303470,20,all_days,reused_three_phase_sample
2025-10-29T00:00:00+00:00,78307544,20,all_days,reused_three_phase_sample
2025-10-29T00:00:00+00:00,78307959,20,all_days,reused_three_phase_sample
2025-10-29T00:00:00+00:00,78309665,20,all_days,reused_three_phase_sample
2025-10-29T00:00:00+00:00,78311615,20,all_days,reused_three_phase_sample
2025-10-29T00:00:00+00:00,78311916,20,all_days,reused_three_phase_sample
2025-10-29T00:00:00+00:00,78312889,20,all_days,reused_three_phase_sample
2025-10-29T00:00:00+00:00,78316872,20,all_days,reused_three_phase_sample
2025-10-29T00:00:00+00:00,78319451,20,all_days,reused_three_phase_sample
2025-10-29T00:00:00+00:00,78322589,20,all_days,reused_three_phase_sample
2025-10-29T00:00:00+00:00,78328666,20,all_days,reused_three_phase_sample
2025-10-29T00:00:00+00:00,78329610,20,all_days,reused_three_phase_sample
2025-10-29T00:00:00+00:00,78334057,20,all_days,reused_three_phase_sample
2025-10-29T00:00:00+00:00,78335799,20,all_days,reused_three_phase_sample
2025-10-29T00:00:00+00:00,78336829,20,all_days,reused_three_phase_sample
2025-10-30T00:00:00+00:00,78345003,20,all_days,reused_three_phase_sample
2025-10-30T00:00:00+00:00,78345609,20,all_days,reused_three_phase_sample
2025-10-30T00:00:00+00:00,78346147,20,all_days,reused_three_phase_sample
2025-10-30T00:00:00+00:00,78346974,20,all_days,reused_three_phase_sample
2025-10-30T00:00:00+00:00,78347333,20,all_days,reused_three_phase_sample
2025-10-30T00:00:00+00:00,78348604,20,all_days,reused_three_phase_sample
2025-10-30T00:00:00+00:00,78349573,20,all_days,reused_three_phase_sample
2025-10-30T00:00:00+00:00,78349619,20,all_days,reused_three_phase_sample
2025-10-30T00:00:00+00:00,78355820,20,all_days,reused_three_phase_sample
2025-10-30T00:00:00+00:00,78356113,20,all_days,reused_three_phase_sample
2025-10-30T00:00:00+00:00,78357315,20,all_days,reused_three_phase_sample
2025-10-30T00:00:00+00:00,78358186,20,all_days,reused_three_phase_sample
2025-10-30T00:00:00+00:00,78362329,20,all_days,reused_three_phase_sample
2025-10-30T00:00:00+00:00,78365807,20,all_days,reused_three_phase_sample
2025-10-30T00:00:00+00:00,78371072,20,all_days,reused_three_phase_sample
2025-10-30T00:00:00+00:00,78372413,20,all_days,reused_three_phase_sample
2025-10-30T00:00:00+00:00,78373194,20,all_days,reused_three_phase_sample
2025-10-30T00:00:00+00:00,78377077,20,all_days,reused_three_phase_sample
2025-10-30T00:00:00+00:00,78379023,20,all_days,reused_three_phase_sample
2025-10-30T00:00:00+00:00,78379789,20,all_days,reused_three_phase_sample
2025-10-31T00:00:00+00:00,78385651,20,all_days,reused_three_phase_sample
2025-10-31T00:00:00+00:00,78387397,20,all_days,reused_three_phase_sample
2025-10-31T00:00:00+00:00,78387761,20,all_days,reused_three_phase_sample
2025-10-31T00:00:00+00:00,78387982,20,all_days,reused_three_phase_sample
2025-10-31T00:00:00+00:00,78392249,20,all_days,reused_three_phase_sample
2025-10-31T00:00:00+00:00,78395590,20,all_days,reused_three_phase_sample
2025-10-31T00:00:00+00:00,78396754,20,all_days,reused_three_phase_sample
2025-10-31T00:00:00+00:00,78397123,20,all_days,reused_three_phase_sample
2025-10-31T00:00:00+00:00,78397174,20,all_days,reused_three_phase_sample
2025-10-31T00:00:00+00:00,78397908,20,all_days,reused_three_phase_sample
2025-10-31T00:00:00+00:00,78398872,20,all_days,reused_three_phase_sample
2025-10-31T00:00:00+00:00,78399481,20,all_days,reused_three_phase_sample
2025-10-31T00:00:00+00:00,78399823,20,all_days,reused_three_phase_sample
2025-10-31T00:00:00+00:00,78402371,20,all_days,reused_three_phase_sample
2025-10-31T00:00:00+00:00,78412254,20,all_days,reused_three_phase_sample
2025-10-31T00:00:00+00:00,78419479,20,all_days,reused_three_phase_sample
2025-10-31T00:00:00+00:00,78420820,20,all_days,reused_three_phase_sample
2025-10-31T00:00:00+00:00,78421313,20,all_days,reused_three_phase_sample
2025-10-31T00:00:00+00:00,78422104,20,all_days,reused_three_phase_sample
2025-10-31T00:00:00+00:00,78423380,20,all_days,reused_three_phase_sample
2025-11-01T00:00:00+00:00,78427595,20,all_days,reused_three_phase_sample
2025-11-01T00:00:00+00:00,78428623,20,all_days,reused_three_phase_sample
2025-11-01T00:00:00+00:00,78428979,20,all_days,reused_three_phase_sample
2025-11-01T00:00:00+00:00,78431250,20,all_days,reused_three_phase_sample
2025-11-01T00:00:00+00:00,78436181,20,all_days,reused_three_phase_sample
2025-11-01T00:00:00+00:00,78436305,20,all_days,reused_three_phase_sample
2025-11-01T00:00:00+00:00,78439111,20,all_days,reused_three_phase_sample
2025-11-01T00:00:00+00:00,78442697,20,all_days,reused_three_phase_sample
2025-11-01T00:00:00+00:00,78443446,20,all_days,reused_three_phase_sample
2025-11-01T00:00:00+00:00,78443847,20,all_days,reused_three_phase_sample
2025-11-01T00:00:00+00:00,78445957,20,all_days,reused_three_phase_sample
2025-11-01T00:00:00+00:00,78446958,20,all_days,reused_three_phase_sample
2025-11-01T00:00:00+00:00,78450083,20,all_days,reused_three_phase_sample
2025-11-01T00:00:00+00:00,78452173,20,all_days,reused_three_phase_sample
2025-11-01T00:00:00+00:00,78453020,20,all_days,reused_three_phase_sample
2025-11-01T00:00:00+00:00,78455536,20,all_days,reused_three_phase_sample
2025-11-01T00:00:00+00:00,78456938,20,all_days,reused_three_phase_sample
2025-11-01T00:00:00+00:00,78460340,20,all_days,reused_three_phase_sample
2025-11-01T00:00:00+00:00,78463471,20,all_days,reused_three_phase_sample
2025-11-01T00:00:00+00:00,78466573,20,all_days,reused_three_phase_sample
2025-11-02T00:00:00+00:00,78468850,20,all_days,reused_three_phase_sample
2025-11-02T00:00:00+00:00,78469128,20,all_days,reused_three_phase_sample
2025-11-02T00:00:00+00:00,78470217,20,all_days,reused_three_phase_sample
2025-11-02T00:00:00+00:00,78472346,20,all_days,reused_three_phase_sample
2025-11-02T00:00:00+00:00,78476161,20,all_days,reused_three_phase_sample
2025-11-02T00:00:00+00:00,78480089,20,all_days,reused_three_phase_sample
2025-11-02T00:00:00+00:00,78481782,20,all_days,reused_three_phase_sample
2025-11-02T00:00:00+00:00,78482685,20,all_days,reused_three_phase_sample
2025-11-02T00:00:00+00:00,78486729,20,all_days,reused_three_phase_sample
2025-11-02T00:00:00+00:00,78489105,20,all_days,reused_three_phase_sample
2025-11-02T00:00:00+00:00,78490171,20,all_days,reused_three_phase_sample
2025-11-02T00:00:00+00:00,78495756,20,all_days,reused_three_phase_sample
2025-11-02T00:00:00+00:00,78499424,20,all_days,reused_three_phase_sample
2025-11-02T00:00:00+00:00,78501100,20,all_days,reused_three_phase_sample
2025-11-02T00:00:00+00:00,78507823,20,all_days,reused_three_phase_sample
2025-11-02T00:00:00+00:00,78508404,20,all_days,reused_three_phase_sample
2025-11-02T00:00:00+00:00,78508790,20,all_days,reused_three_phase_sample
2025-11-02T00:00:00+00:00,78508921,20,all_days,reused_three_phase_sample
2025-11-02T00:00:00+00:00,78509062,20,all_days,reused_three_phase_sample
2025-11-02T00:00:00+00:00,78509195,20,all_days,reused_three_phase_sample
2025-11-03T00:00:00+00:00,78512948,20,all_days,completion_random_sample
2025-11-03T00:00:00+00:00,78516712,20,all_days,completion_random_sample
2025-11-03T00:00:00+00:00,78518024,20,all_days,completion_random_sample
2025-11-03T00:00:00+00:00,78521133,20,all_days,completion_random_sample
2025-11-03T00:00:00+00:00,78522519,20,all_days,completion_random_sample
2025-11-03T00:00:00+00:00,78522795,20,all_days,completion_random_sample
2025-11-03T00:00:00+00:00,78522844,20,all_days,completion_random_sample
2025-11-03T00:00:00+00:00,78524597,20,all_days,completion_random_sample
2025-11-03T00:00:00+00:00,78525870,20,all_days,completion_random_sample
2025-11-03T00:00:00+00:00,78526948,20,all_days,completion_random_sample
2025-11-03T00:00:00+00:00,78528410,20,all_days,completion_random_sample
2025-11-03T00:00:00+00:00,78531747,20,all_days,completion_random_sample
2025-11-03T00:00:00+00:00,78538155,20,all_days,completion_random_sample
2025-11-03T00:00:00+00:00,78538832,20,all_days,completion_random_sample
2025-11-03T00:00:00+00:00,78539787,20,all_days,completion_random_sample
2025-11-03T00:00:00+00:00,78541763,20,all_days,completion_random_sample
2025-11-03T00:00:00+00:00,78544215,20,all_days,completion_random_sample
2025-11-03T00:00:00+00:00,78544415,20,all_days,completion_random_sample
2025-11-03T00:00:00+00:00,78549261,20,all_days,completion_random_sample
2025-11-03T00:00:00+00:00,78550200,20,all_days,completion_random_sample
2025-11-04T00:00:00+00:00,78556139,20,all_days,reused_three_phase_sample
2025-11-04T00:00:00+00:00,78556742,20,all_days,reused_three_phase_sample
2025-11-04T00:00:00+00:00,78557958,20,all_days,reused_three_phase_sample
2025-11-04T00:00:00+00:00,78559055,20,all_days,reused_three_phase_sample
2025-11-04T00:00:00+00:00,78563215,20,all_days,reused_three_phase_sample
2025-11-04T00:00:00+00:00,78570822,20,all_days,reused_three_phase_sample
2025-11-04T00:00:00+00:00,78571503,20,all_days,reused_three_phase_sample
2025-11-04T00:00:00+00:00,78572705,20,all_days,reused_three_phase_sample
2025-11-04T00:00:00+00:00,78573072,20,all_days,reused_three_phase_sample
2025-11-04T00:00:00+00:00,78574729,20,all_days,reused_three_phase_sample
2025-11-04T00:00:00+00:00,78580021,20,all_days,reused_three_phase_sample
2025-11-04T00:00:00+00:00,78580023,20,all_days,reused_three_phase_sample
2025-11-04T00:00:00+00:00,78583082,20,all_days,reused_three_phase_sample
2025-11-04T00:00:00+00:00,78584179,20,all_days,reused_three_phase_sample
2025-11-04T00:00:00+00:00,78585255,20,all_days,reused_three_phase_sample
2025-11-04T00:00:00+00:00,78587319,20,all_days,reused_three_phase_sample
2025-11-04T00:00:00+00:00,78589067,20,all_days,reused_three_phase_sample
2025-11-04T00:00:00+00:00,78589663,20,all_days,reused_three_phase_sample
2025-11-04T00:00:00+00:00,78593903,20,all_days,reused_three_phase_sample
2025-11-04T00:00:00+00:00,78594288,20,all_days,reused_three_phase_sample
2025-11-05T00:00:00+00:00,78602585,20,all_days,reused_three_phase_sample
2025-11-05T00:00:00+00:00,78604043,20,all_days,reused_three_phase_sample
2025-11-05T00:00:00+00:00,78609501,20,all_days,reused_three_phase_sample
2025-11-05T00:00:00+00:00,78610682,20,all_days,reused_three_phase_sample
2025-11-05T00:00:00+00:00,78610820,20,all_days,reused_three_phase_sample
2025-11-05T00:00:00+00:00,78611863,20,all_days,reused_three_phase_sample
2025-11-05T00:00:00+00:00,78612114,20,all_days,reused_three_phase_sample
2025-11-05T00:00:00+00:00,78614777,20,all_days,reused_three_phase_sample
2025-11-05T00:00:00+00:00,78616682,20,all_days,reused_three_phase_sample
2025-11-05T00:00:00+00:00,78617179,20,all_days,reused_three_phase_sample
2025-11-05T00:00:00+00:00,78617250,20,all_days,reused_three_phase_sample
2025-11-05T00:00:00+00:00,78618884,20,all_days,reused_three_phase_sample
2025-11-05T00:00:00+00:00,78619185,20,all_days,reused_three_phase_sample
2025-11-05T00:00:00+00:00,78619757,20,all_days,reused_three_phase_sample
2025-11-05T00:00:00+00:00,78622584,20,all_days,reused_three_phase_sample
2025-11-05T00:00:00+00:00,78622873,20,all_days,reused_three_phase_sample
2025-11-05T00:00:00+00:00,78624167,20,all_days,reused_three_phase_sample
2025-11-05T00:00:00+00:00,78629488,20,all_days,reused_three_phase_sample
2025-11-05T00:00:00+00:00,78630285,20,all_days,reused_three_phase_sample
2025-11-05T00:00:00+00:00,78632432,20,all_days,reused_three_phase_sample
2025-11-06T00:00:00+00:00,78641743,20,all_days,completion_random_sample
2025-11-06T00:00:00+00:00,78644834,20,all_days,completion_random_sample
2025-11-06T00:00:00+00:00,78653838,20,all_days,completion_random_sample
2025-11-06T00:00:00+00:00,78654881,20,all_days,completion_random_sample
2025-11-06T00:00:00+00:00,78657128,20,all_days,completion_random_sample
2025-11-06T00:00:00+00:00,78660509,20,all_days,completion_random_sample
2025-11-06T00:00:00+00:00,78660548,20,all_days,completion_random_sample
2025-11-06T00:00:00+00:00,78665821,20,all_days,completion_random_sample
2025-11-06T00:00:00+00:00,78667783,20,all_days,completion_random_sample
2025-11-06T00:00:00+00:00,78668458,20,all_days,completion_random_sample
2025-11-06T00:00:00+00:00,78669105,20,all_days,completion_random_sample
2025-11-06T00:00:00+00:00,78669478,20,all_days,completion_random_sample
2025-11-06T00:00:00+00:00,78673159,20,all_days,completion_random_sample
2025-11-06T00:00:00+00:00,78673823,20,all_days,completion_random_sample
2025-11-06T00:00:00+00:00,78674900,20,all_days,completion_random_sample
2025-11-06T00:00:00+00:00,78676271,20,all_days,completion_random_sample
2025-11-06T00:00:00+00:00,78676653,20,all_days,completion_random_sample
2025-11-06T00:00:00+00:00,78677816,20,all_days,completion_random_sample
2025-11-06T00:00:00+00:00,78681512,20,all_days,completion_random_sample
2025-11-06T00:00:00+00:00,78682929,20,all_days,completion_random_sample
2025-11-07T00:00:00+00:00,78686059,20,all_days,reused_three_phase_sample
2025-11-07T00:00:00+00:00,78687666,20,all_days,reused_three_phase_sample
2025-11-07T00:00:00+00:00,78688425,20,all_days,reused_three_phase_sample
2025-11-07T00:00:00+00:00,78693452,20,all_days,reused_three_phase_sample
2025-11-07T00:00:00+00:00,78694399,20,all_days,reused_three_phase_sample
2025-11-07T00:00:00+00:00,78695350,20,all_days,reused_three_phase_sample
2025-11-07T00:00:00+00:00,78695396,20,all_days,reused_three_phase_sample
2025-11-07T00:00:00+00:00,78696242,20,all_days,reused_three_phase_sample
2025-11-07T00:00:00+00:00,78697564,20,all_days,reused_three_phase_sample
2025-11-07T00:00:00+00:00,78699430,20,all_days,reused_three_phase_sample
2025-11-07T00:00:00+00:00,78701743,20,all_days,reused_three_phase_sample
2025-11-07T00:00:00+00:00,78707882,20,all_days,reused_three_phase_sample
2025-11-07T00:00:00+00:00,78708601,20,all_days,reused_three_phase_sample
2025-11-07T00:00:00+00:00,78709171,20,all_days,reused_three_phase_sample
2025-11-07T00:00:00+00:00,78709454,20,all_days,reused_three_phase_sample
2025-11-07T00:00:00+00:00,78712663,20,all_days,reused_three_phase_sample
2025-11-07T00:00:00+00:00,78713735,20,all_days,reused_three_phase_sample
2025-11-07T00:00:00+00:00,78714225,20,all_days,reused_three_phase_sample
2025-11-07T00:00:00+00:00,78715026,20,all_days,reused_three_phase_sample
2025-11-07T00:00:00+00:00,78717613,20,all_days,reused_three_phase_sample
2025-11-08T00:00:00+00:00,78728279,20,all_days,reused_three_phase_sample
2025-11-08T00:00:00+00:00,78728897,20,all_days,reused_three_phase_sample
2025-11-08T00:00:00+00:00,78729261,20,all_days,reused_three_phase_sample
2025-11-08T00:00:00+00:00,78731645,20,all_days,reused_three_phase_sample
2025-11-08T00:00:00+00:00,78735071,20,all_days,reused_three_phase_sample
2025-11-08T00:00:00+00:00,78736512,20,all_days,reused_three_phase_sample
2025-11-08T00:00:00+00:00,78737029,20,all_days,reused_three_phase_sample
2025-11-08T00:00:00+00:00,78740183,20,all_days,reused_three_phase_sample
2025-11-08T00:00:00+00:00,78741957,20,all_days,reused_three_phase_sample
2025-11-08T00:00:00+00:00,78742303,20,all_days,reused_three_phase_sample
2025-11-08T00:00:00+00:00,78747711,20,all_days,reused_three_phase_sample
2025-11-08T00:00:00+00:00,78749227,20,all_days,reused_three_phase_sample
2025-11-08T00:00:00+00:00,78760683,20,all_days,reused_three_phase_sample
2025-11-08T00:00:00+00:00,78761324,20,all_days,reused_three_phase_sample
2025-11-08T00:00:00+00:00,78762098,20,all_days,reused_three_phase_sample
2025-11-08T00:00:00+00:00,78763260,20,all_days,reused_three_phase_sample
2025-11-08T00:00:00+00:00,78765737,20,all_days,reused_three_phase_sample
2025-11-08T00:00:00+00:00,78765926,20,all_days,reused_three_phase_sample
2025-11-08T00:00:00+00:00,78768186,20,all_days,reused_three_phase_sample
2025-11-08T00:00:00+00:00,78769258,20,all_days,reused_three_phase_sample
2025-11-09T00:00:00+00:00,78773187,20,all_days,completion_random_sample
2025-11-09T00:00:00+00:00,78776289,20,all_days,completion_random_sample
2025-11-09T00:00:00+00:00,78776684,20,all_days,completion_random_sample
2025-11-09T00:00:00+00:00,78778289,20,all_days,completion_random_sample
2025-11-09T00:00:00+00:00,78782454,20,all_days,completion_random_sample
2025-11-09T00:00:00+00:00,78789459,20,all_days,completion_random_sample
2025-11-09T00:00:00+00:00,78791966,20,all_days,completion_random_sample
2025-11-09T00:00:00+00:00,78793825,20,all_days,completion_random_sample
2025-11-09T00:00:00+00:00,78794488,20,all_days,completion_random_sample
2025-11-09T00:00:00+00:00,78797324,20,all_days,completion_random_sample
2025-11-09T00:00:00+00:00,78797807,20,all_days,completion_random_sample
2025-11-09T00:00:00+00:00,78798063,20,all_days,completion_random_sample
2025-11-09T00:00:00+00:00,78800287,20,all_days,completion_random_sample
2025-11-09T00:00:00+00:00,78806037,20,all_days,completion_random_sample
2025-11-09T00:00:00+00:00,78806188,20,all_days,completion_random_sample
2025-11-09T00:00:00+00:00,78807807,20,all_days,completion_random_sample
2025-11-09T00:00:00+00:00,78808461,20,all_days,completion_random_sample
2025-11-09T00:00:00+00:00,78809681,20,all_days,completion_random_sample
2025-11-09T00:00:00+00:00,78813231,20,all_days,completion_random_sample
2025-11-09T00:00:00+00:00,78813670,20,all_days,completion_random_sample
2025-11-10T00:00:00+00:00,78815855,20,all_days,completion_random_sample
2025-11-10T00:00:00+00:00,78817764,20,all_days,completion_random_sample
2025-11-10T00:00:00+00:00,78817800,20,all_days,completion_random_sample
2025-11-10T00:00:00+00:00,78820905,20,all_days,completion_random_sample
2025-11-10T00:00:00+00:00,78821327,20,all_days,completion_random_sample
2025-11-10T00:00:00+00:00,78827828,20,all_days,completion_random_sample
2025-11-10T00:00:00+00:00,78830336,20,all_days,completion_random_sample
2025-11-10T00:00:00+00:00,78830427,20,all_days,completion_random_sample
2025-11-10T00:00:00+00:00,78832292,20,all_days,completion_random_sample
2025-11-10T00:00:00+00:00,78835930,20,all_days,completion_random_sample
2025-11-10T00:00:00+00:00,78836018,20,all_days,completion_random_sample
2025-11-10T00:00:00+00:00,78839909,20,all_days,completion_random_sample
2025-11-10T00:00:00+00:00,78840520,20,all_days,completion_random_sample
2025-11-10T00:00:00+00:00,78852218,20,all_days,completion_random_sample
2025-11-10T00:00:00+00:00,78852842,20,all_days,completion_random_sample
2025-11-10T00:00:00+00:00,78853290,20,all_days,completion_random_sample
2025-11-10T00:00:00+00:00,78853430,20,all_days,completion_random_sample
2025-11-10T00:00:00+00:00,78853956,20,all_days,completion_random_sample
2025-11-10T00:00:00+00:00,78854400,20,all_days,completion_random_sample
2025-11-10T00:00:00+00:00,78857095,20,all_days,completion_random_sample
2025-11-11T00:00:00+00:00,78857638,20,all_days,completion_random_sample
2025-11-11T00:00:00+00:00,78861694,20,all_days,completion_random_sample
2025-11-11T00:00:00+00:00,78862334,20,all_days,completion_random_sample
2025-11-11T00:00:00+00:00,78866206,20,all_days,completion_random_sample
2025-11-11T00:00:00+00:00,78867514,20,all_days,completion_random_sample
2025-11-11T00:00:00+00:00,78867784,20,all_days,completion_random_sample
2025-11-11T00:00:00+00:00,78869210,20,all_days,completion_random_sample
2025-11-11T00:00:00+00:00,78874738,20,all_days,completion_random_sample
2025-11-11T00:00:00+00:00,78875251,20,all_days,completion_random_sample
2025-11-11T00:00:00+00:00,78875586,20,all_days,completion_random_sample
2025-11-11T00:00:00+00:00,78876122,20,all_days,completion_random_sample
2025-11-11T00:00:00+00:00,78885597,20,all_days,completion_random_sample
2025-11-11T00:00:00+00:00,78887014,20,all_days,completion_random_sample
2025-11-11T00:00:00+00:00,78891061,20,all_days,completion_random_sample
2025-11-11T00:00:00+00:00,78891626,20,all_days,completion_random_sample
2025-11-11T00:00:00+00:00,78892741,20,all_days,completion_random_sample
2025-11-11T00:00:00+00:00,78895593,20,all_days,completion_random_sample
2025-11-11T00:00:00+00:00,78897630,20,all_days,completion_random_sample
2025-11-11T00:00:00+00:00,78898415,20,all_days,completion_random_sample
2025-11-11T00:00:00+00:00,78899903,20,all_days,completion_random_sample
2025-11-12T00:00:00+00:00,78903089,20,all_days,completion_random_sample
2025-11-12T00:00:00+00:00,78906983,20,all_days,completion_random_sample
2025-11-12T00:00:00+00:00,78912345,20,all_days,completion_random_sample
2025-11-12T00:00:00+00:00,78916183,20,all_days,completion_random_sample
2025-11-12T00:00:00+00:00,78916334,20,all_days,completion_random_sample
2025-11-12T00:00:00+00:00,78916525,20,all_days,completion_random_sample
2025-11-12T00:00:00+00:00,78920406,20,all_days,completion_random_sample
2025-11-12T00:00:00+00:00,78922588,20,all_days,completion_random_sample
2025-11-12T00:00:00+00:00,78927602,20,all_days,completion_random_sample
2025-11-12T00:00:00+00:00,78927809,20,all_days,completion_random_sample
2025-11-12T00:00:00+00:00,78928184,20,all_days,completion_random_sample
2025-11-12T00:00:00+00:00,78930885,20,all_days,completion_random_sample
2025-11-12T00:00:00+00:00,78931507,20,all_days,completion_random_sample
2025-11-12T00:00:00+00:00,78932159,20,all_days,completion_random_sample
2025-11-12T00:00:00+00:00,78933425,20,all_days,completion_random_sample
2025-11-12T00:00:00+00:00,78933831,20,all_days,completion_random_sample
2025-11-12T00:00:00+00:00,78936305,20,all_days,completion_random_sample
2025-11-12T00:00:00+00:00,78939971,20,all_days,completion_random_sample
2025-11-12T00:00:00+00:00,78941744,20,all_days,completion_random_sample
2025-11-12T00:00:00+00:00,78943278,20,all_days,completion_random_sample
2025-11-13T00:00:00+00:00,78949553,20,all_days,reused_three_phase_sample
2025-11-13T00:00:00+00:00,78950241,20,all_days,reused_three_phase_sample
2025-11-13T00:00:00+00:00,78951359,20,all_days,reused_three_phase_sample
2025-11-13T00:00:00+00:00,78951556,20,all_days,reused_three_phase_sample
2025-11-13T00:00:00+00:00,78953364,20,all_days,reused_three_phase_sample
2025-11-13T00:00:00+00:00,78954047,20,all_days,reused_three_phase_sample
2025-11-13T00:00:00+00:00,78955745,20,all_days,reused_three_phase_sample
2025-11-13T00:00:00+00:00,78956195,20,all_days,reused_three_phase_sample
2025-11-13T00:00:00+00:00,78958339,20,all_days,reused_three_phase_sample
2025-11-13T00:00:00+00:00,78959813,20,all_days,reused_three_phase_sample
2025-11-13T00:00:00+00:00,78960414,20,all_days,reused_three_phase_sample
2025-11-13T00:00:00+00:00,78966465,20,all_days,reused_three_phase_sample
2025-11-13T00:00:00+00:00,78969613,20,all_days,reused_three_phase_sample
2025-11-13T00:00:00+00:00,78969618,20,all_days,reused_three_phase_sample
2025-11-13T00:00:00+00:00,78977133,20,all_days,reused_three_phase_sample
2025-11-13T00:00:00+00:00,78978667,20,all_days,reused_three_phase_sample
2025-11-13T00:00:00+00:00,78980085,20,all_days,reused_three_phase_sample
2025-11-13T00:00:00+00:00,78980334,20,all_days,reused_three_phase_sample
2025-11-13T00:00:00+00:00,78981171,20,all_days,reused_three_phase_sample
2025-11-13T00:00:00+00:00,78984568,20,all_days,reused_three_phase_sample
2025-11-14T00:00:00+00:00,78987721,20,all_days,completion_random_sample
2025-11-14T00:00:00+00:00,78996310,20,all_days,completion_random_sample
2025-11-14T00:00:00+00:00,78997600,20,all_days,completion_random_sample
2025-11-14T00:00:00+00:00,79002137,20,all_days,completion_random_sample
2025-11-14T00:00:00+00:00,79005146,20,all_days,completion_random_sample
2025-11-14T00:00:00+00:00,79006872,20,all_days,completion_random_sample
2025-11-14T00:00:00+00:00,79010190,20,all_days,completion_random_sample
2025-11-14T00:00:00+00:00,79011303,20,all_days,completion_random_sample
2025-11-14T00:00:00+00:00,79011795,20,all_days,completion_random_sample
2025-11-14T00:00:00+00:00,79012420,20,all_days,completion_random_sample
2025-11-14T00:00:00+00:00,79012890,20,all_days,completion_random_sample
2025-11-14T00:00:00+00:00,79013303,20,all_days,completion_random_sample
2025-11-14T00:00:00+00:00,79013562,20,all_days,completion_random_sample
2025-11-14T00:00:00+00:00,79014893,20,all_days,completion_random_sample
2025-11-14T00:00:00+00:00,79016686,20,all_days,completion_random_sample
2025-11-14T00:00:00+00:00,79019793,20,all_days,completion_random_sample
2025-11-14T00:00:00+00:00,79024650,20,all_days,completion_random_sample
2025-11-14T00:00:00+00:00,79025472,20,all_days,completion_random_sample
2025-11-14T00:00:00+00:00,79025475,20,all_days,completion_random_sample
2025-11-14T00:00:00+00:00,79028470,20,all_days,completion_random_sample
2025-11-15T00:00:00+00:00,79031538,20,all_days,completion_random_sample
2025-11-15T00:00:00+00:00,79034763,20,all_days,completion_random_sample
2025-11-15T00:00:00+00:00,79036370,20,all_days,completion_random_sample
2025-11-15T00:00:00+00:00,79037523,20,all_days,completion_random_sample
2025-11-15T00:00:00+00:00,79040539,20,all_days,completion_random_sample
2025-11-15T00:00:00+00:00,79040703,20,all_days,completion_random_sample
2025-11-15T00:00:00+00:00,79041811,20,all_days,completion_random_sample
2025-11-15T00:00:00+00:00,79046159,20,all_days,completion_random_sample
2025-11-15T00:00:00+00:00,79050177,20,all_days,completion_random_sample
2025-11-15T00:00:00+00:00,79050396,20,all_days,completion_random_sample
2025-11-15T00:00:00+00:00,79052272,20,all_days,completion_random_sample
2025-11-15T00:00:00+00:00,79055826,20,all_days,completion_random_sample
2025-11-15T00:00:00+00:00,79058130,20,all_days,completion_random_sample
2025-11-15T00:00:00+00:00,79060144,20,all_days,completion_random_sample
2025-11-15T00:00:00+00:00,79063895,20,all_days,completion_random_sample
2025-11-15T00:00:00+00:00,79064729,20,all_days,completion_random_sample
2025-11-15T00:00:00+00:00,79067309,20,all_days,completion_random_sample
2025-11-15T00:00:00+00:00,79068699,20,all_days,completion_random_sample
2025-11-15T00:00:00+00:00,79069962,20,all_days,completion_random_sample
2025-11-15T00:00:00+00:00,79072043,20,all_days,completion_random_sample
2025-11-16T00:00:00+00:00,79075285,20,all_days,completion_random_sample
2025-11-16T00:00:00+00:00,79075720,20,all_days,completion_random_sample
2025-11-16T00:00:00+00:00,79075735,20,all_days,completion_random_sample
2025-11-16T00:00:00+00:00,79076416,20,all_days,completion_random_sample
2025-11-16T00:00:00+00:00,79077431,20,all_days,completion_random_sample
2025-11-16T00:00:00+00:00,79081236,20,all_days,completion_random_sample
2025-11-16T00:00:00+00:00,79088505,20,all_days,completion_random_sample
2025-11-16T00:00:00+00:00,79091788,20,all_days,completion_random_sample
2025-11-16T00:00:00+00:00,79092451,20,all_days,completion_random_sample
2025-11-16T00:00:00+00:00,79095767,20,all_days,completion_random_sample
2025-11-16T00:00:00+00:00,79097511,20,all_days,completion_random_sample
2025-11-16T00:00:00+00:00,79097806,20,all_days,completion_random_sample
2025-11-16T00:00:00+00:00,79098329,20,all_days,completion_random_sample
2025-11-16T00:00:00+00:00,79098582,20,all_days,completion_random_sample
2025-11-16T00:00:00+00:00,79099707,20,all_days,completion_random_sample
2025-11-16T00:00:00+00:00,79102815,20,all_days,completion_random_sample
2025-11-16T00:00:00+00:00,79104214,20,all_days,completion_random_sample
2025-11-16T00:00:00+00:00,79108104,20,all_days,completion_random_sample
2025-11-16T00:00:00+00:00,79110796,20,all_days,completion_random_sample
2025-11-16T00:00:00+00:00,79114055,20,all_days,completion_random_sample
2025-11-17T00:00:00+00:00,79117128,20,all_days,completion_random_sample
2025-11-17T00:00:00+00:00,79118760,20,all_days,completion_random_sample
2025-11-17T00:00:00+00:00,79122173,20,all_days,completion_random_sample
2025-11-17T00:00:00+00:00,79123539,20,all_days,completion_random_sample
2025-11-17T00:00:00+00:00,79124790,20,all_days,completion_random_sample
2025-11-17T00:00:00+00:00,79124813,20,all_days,completion_random_sample
2025-11-17T00:00:00+00:00,79126593,20,all_days,completion_random_sample
2025-11-17T00:00:00+00:00,79128114,20,all_days,completion_random_sample
2025-11-17T00:00:00+00:00,79128617,20,all_days,completion_random_sample
2025-11-17T00:00:00+00:00,79139100,20,all_days,completion_random_sample
2025-11-17T00:00:00+00:00,79140609,20,all_days,completion_random_sample
2025-11-17T00:00:00+00:00,79144223,20,all_days,completion_random_sample
2025-11-17T00:00:00+00:00,79145032,20,all_days,completion_random_sample
2025-11-17T00:00:00+00:00,79145247,20,all_days,completion_random_sample
2025-11-17T00:00:00+00:00,79147929,20,all_days,completion_random_sample
2025-11-17T00:00:00+00:00,79148341,20,all_days,completion_random_sample
2025-11-17T00:00:00+00:00,79151572,20,all_days,completion_random_sample
2025-11-17T00:00:00+00:00,79153743,20,all_days,completion_random_sample
2025-11-17T00:00:00+00:00,79154029,20,all_days,completion_random_sample
2025-11-17T00:00:00+00:00,79156053,20,all_days,completion_random_sample
2025-11-18T00:00:00+00:00,79160000,20,all_days,completion_random_sample
2025-11-18T00:00:00+00:00,79160403,20,all_days,completion_random_sample
2025-11-18T00:00:00+00:00,79163083,20,all_days,completion_random_sample
2025-11-18T00:00:00+00:00,79163843,20,all_days,completion_random_sample
2025-11-18T00:00:00+00:00,79164327,20,all_days,completion_random_sample
2025-11-18T00:00:00+00:00,79167290,20,all_days,completion_random_sample
2025-11-18T00:00:00+00:00,79167950,20,all_days,completion_random_sample
2025-11-18T00:00:00+00:00,79167999,20,all_days,completion_random_sample
2025-11-18T00:00:00+00:00,79174102,20,all_days,completion_random_sample
2025-11-18T00:00:00+00:00,79179052,20,all_days,completion_random_sample
2025-11-18T00:00:00+00:00,79180946,20,all_days,completion_random_sample
2025-11-18T00:00:00+00:00,79182114,20,all_days,completion_random_sample
2025-11-18T00:00:00+00:00,79182735,20,all_days,completion_random_sample
2025-11-18T00:00:00+00:00,79195007,20,all_days,completion_random_sample
2025-11-18T00:00:00+00:00,79195756,20,all_days,completion_random_sample
2025-11-18T00:00:00+00:00,79196954,20,all_days,completion_random_sample
2025-11-18T00:00:00+00:00,79197158,20,all_days,completion_random_sample
2025-11-18T00:00:00+00:00,79199724,20,all_days,completion_random_sample
2025-11-18T00:00:00+00:00,79199728,20,all_days,completion_random_sample
2025-11-18T00:00:00+00:00,79200516,20,all_days,completion_random_sample
2025-11-19T00:00:00+00:00,79202922,20,all_days,completion_random_sample
2025-11-19T00:00:00+00:00,79207505,20,all_days,completion_random_sample
2025-11-19T00:00:00+00:00,79207660,20,all_days,completion_random_sample
2025-11-19T00:00:00+00:00,79208005,20,all_days,completion_random_sample
2025-11-19T00:00:00+00:00,79208078,20,all_days,completion_random_sample
2025-11-19T00:00:00+00:00,79212664,20,all_days,completion_random_sample
2025-11-19T00:00:00+00:00,79220930,20,all_days,completion_random_sample
2025-11-19T00:00:00+00:00,79222348,20,all_days,completion_random_sample
2025-11-19T00:00:00+00:00,79223494,20,all_days,completion_random_sample
2025-11-19T00:00:00+00:00,79225415,20,all_days,completion_random_sample
2025-11-19T00:00:00+00:00,79226195,20,all_days,completion_random_sample
2025-11-19T00:00:00+00:00,79226823,20,all_days,completion_random_sample
2025-11-19T00:00:00+00:00,79229229,20,all_days,completion_random_sample
2025-11-19T00:00:00+00:00,79229669,20,all_days,completion_random_sample
2025-11-19T00:00:00+00:00,79229798,20,all_days,completion_random_sample
2025-11-19T00:00:00+00:00,79233954,20,all_days,completion_random_sample
2025-11-19T00:00:00+00:00,79234400,20,all_days,completion_random_sample
2025-11-19T00:00:00+00:00,79234517,20,all_days,completion_random_sample
2025-11-19T00:00:00+00:00,79236739,20,all_days,completion_random_sample
2025-11-19T00:00:00+00:00,79239445,20,all_days,completion_random_sample
2025-11-20T00:00:00+00:00,79250282,20,all_days,completion_random_sample
2025-11-20T00:00:00+00:00,79250592,20,all_days,completion_random_sample
2025-11-20T00:00:00+00:00,79254124,20,all_days,completion_random_sample
2025-11-20T00:00:00+00:00,79256103,20,all_days,completion_random_sample
2025-11-20T00:00:00+00:00,79257389,20,all_days,completion_random_sample
2025-11-20T00:00:00+00:00,79259939,20,all_days,completion_random_sample
2025-11-20T00:00:00+00:00,79260340,20,all_days,completion_random_sample
2025-11-20T00:00:00+00:00,79263735,20,all_days,completion_random_sample
2025-11-20T00:00:00+00:00,79266429,20,all_days,completion_random_sample
2025-11-20T00:00:00+00:00,79269604,20,all_days,completion_random_sample
2025-11-20T00:00:00+00:00,79270767,20,all_days,completion_random_sample
2025-11-20T00:00:00+00:00,79272295,20,all_days,completion_random_sample
2025-11-20T00:00:00+00:00,79272358,20,all_days,completion_random_sample
2025-11-20T00:00:00+00:00,79278001,20,all_days,completion_random_sample
2025-11-20T00:00:00+00:00,79280148,20,all_days,completion_random_sample
2025-11-20T00:00:00+00:00,79282162,20,all_days,completion_random_sample
2025-11-20T00:00:00+00:00,79283949,20,all_days,completion_random_sample
2025-11-20T00:00:00+00:00,79284794,20,all_days,completion_random_sample
2025-11-20T00:00:00+00:00,79286468,20,all_days,completion_random_sample
2025-11-20T00:00:00+00:00,79287377,20,all_days,completion_random_sample
2025-11-21T00:00:00+00:00,79293240,20,all_days,reused_three_phase_sample
2025-11-21T00:00:00+00:00,79293424,20,all_days,reused_three_phase_sample
2025-11-21T00:00:00+00:00,79294513,20,all_days,reused_three_phase_sample
2025-11-21T00:00:00+00:00,79295598,20,all_days,reused_three_phase_sample
2025-11-21T00:00:00+00:00,79296789,20,all_days,reused_three_phase_sample
2025-11-21T00:00:00+00:00,79298582,20,all_days,reused_three_phase_sample
2025-11-21T00:00:00+00:00,79299045,20,all_days,reused_three_phase_sample
2025-11-21T00:00:00+00:00,79300549,20,all_days,reused_three_phase_sample
2025-11-21T00:00:00+00:00,79303176,20,all_days,reused_three_phase_sample
2025-11-21T00:00:00+00:00,79304303,20,all_days,reused_three_phase_sample
2025-11-21T00:00:00+00:00,79305156,20,all_days,reused_three_phase_sample
2025-11-21T00:00:00+00:00,79309817,20,all_days,reused_three_phase_sample
2025-11-21T00:00:00+00:00,79310160,20,all_days,reused_three_phase_sample
2025-11-21T00:00:00+00:00,79313380,20,all_days,reused_three_phase_sample
2025-11-21T00:00:00+00:00,79315460,20,all_days,reused_three_phase_sample
2025-11-21T00:00:00+00:00,79317184,20,all_days,reused_three_phase_sample
2025-11-21T00:00:00+00:00,79317273,20,all_days,reused_three_phase_sample
2025-11-21T00:00:00+00:00,79318470,20,all_days,reused_three_phase_sample
2025-11-21T00:00:00+00:00,79319304,20,all_days,reused_three_phase_sample
2025-11-21T00:00:00+00:00,79329135,20,all_days,reused_three_phase_sample
2025-11-22T00:00:00+00:00,79335364,20,all_days,completion_random_sample
2025-11-22T00:00:00+00:00,79337683,20,all_days,completion_random_sample
2025-11-22T00:00:00+00:00,79337948,20,all_days,completion_random_sample
2025-11-22T00:00:00+00:00,79339039,20,all_days,completion_random_sample
2025-11-22T00:00:00+00:00,79343669,20,all_days,completion_random_sample
2025-11-22T00:00:00+00:00,79343927,20,all_days,completion_random_sample
2025-11-22T00:00:00+00:00,79347587,20,all_days,completion_random_sample
2025-11-22T00:00:00+00:00,79350187,20,all_days,completion_random_sample
2025-11-22T00:00:00+00:00,79353327,20,all_days,completion_random_sample
2025-11-22T00:00:00+00:00,79353883,20,all_days,completion_random_sample
2025-11-22T00:00:00+00:00,79354531,20,all_days,completion_random_sample
2025-11-22T00:00:00+00:00,79356016,20,all_days,completion_random_sample
2025-11-22T00:00:00+00:00,79357145,20,all_days,completion_random_sample
2025-11-22T00:00:00+00:00,79357959,20,all_days,completion_random_sample
2025-11-22T00:00:00+00:00,79365197,20,all_days,completion_random_sample
2025-11-22T00:00:00+00:00,79365462,20,all_days,completion_random_sample
2025-11-22T00:00:00+00:00,79366782,20,all_days,completion_random_sample
2025-11-22T00:00:00+00:00,79367155,20,all_days,completion_random_sample
2025-11-22T00:00:00+00:00,79369932,20,all_days,completion_random_sample
2025-11-22T00:00:00+00:00,79375018,20,all_days,completion_random_sample
2025-11-23T00:00:00+00:00,79376569,20,all_days,completion_random_sample
2025-11-23T00:00:00+00:00,79377451,20,all_days,completion_random_sample
2025-11-23T00:00:00+00:00,79381684,20,all_days,completion_random_sample
2025-11-23T00:00:00+00:00,79384106,20,all_days,completion_random_sample
2025-11-23T00:00:00+00:00,79385059,20,all_days,completion_random_sample
2025-11-23T00:00:00+00:00,79389187,20,all_days,completion_random_sample
2025-11-23T00:00:00+00:00,79390163,20,all_days,completion_random_sample
2025-11-23T00:00:00+00:00,79391561,20,all_days,completion_random_sample
2025-11-23T00:00:00+00:00,79392827,20,all_days,completion_random_sample
2025-11-23T00:00:00+00:00,79392907,20,all_days,completion_random_sample
2025-11-23T00:00:00+00:00,79393139,20,all_days,completion_random_sample
2025-11-23T00:00:00+00:00,79393955,20,all_days,completion_random_sample
2025-11-23T00:00:00+00:00,79394012,20,all_days,completion_random_sample
2025-11-23T00:00:00+00:00,79398219,20,all_days,completion_random_sample
2025-11-23T00:00:00+00:00,79400736,20,all_days,completion_random_sample
2025-11-23T00:00:00+00:00,79403821,20,all_days,completion_random_sample
2025-11-23T00:00:00+00:00,79404712,20,all_days,completion_random_sample
2025-11-23T00:00:00+00:00,79406414,20,all_days,completion_random_sample
2025-11-23T00:00:00+00:00,79408642,20,all_days,completion_random_sample
2025-11-23T00:00:00+00:00,79410981,20,all_days,completion_random_sample
2025-11-24T00:00:00+00:00,79421381,20,all_days,completion_random_sample
2025-11-24T00:00:00+00:00,79423146,20,all_days,completion_random_sample
2025-11-24T00:00:00+00:00,79424482,20,all_days,completion_random_sample
2025-11-24T00:00:00+00:00,79424900,20,all_days,completion_random_sample
2025-11-24T00:00:00+00:00,79424979,20,all_days,completion_random_sample
2025-11-24T00:00:00+00:00,79425230,20,all_days,completion_random_sample
2025-11-24T00:00:00+00:00,79426575,20,all_days,completion_random_sample
2025-11-24T00:00:00+00:00,79428367,20,all_days,completion_random_sample
2025-11-24T00:00:00+00:00,79429521,20,all_days,completion_random_sample
2025-11-24T00:00:00+00:00,79435431,20,all_days,completion_random_sample
2025-11-24T00:00:00+00:00,79444114,20,all_days,completion_random_sample
2025-11-24T00:00:00+00:00,79444903,20,all_days,completion_random_sample
2025-11-24T00:00:00+00:00,79445576,20,all_days,completion_random_sample
2025-11-24T00:00:00+00:00,79445626,20,all_days,completion_random_sample
2025-11-24T00:00:00+00:00,79450165,20,all_days,completion_random_sample
2025-11-24T00:00:00+00:00,79452613,20,all_days,completion_random_sample
2025-11-24T00:00:00+00:00,79453988,20,all_days,completion_random_sample
2025-11-24T00:00:00+00:00,79454412,20,all_days,completion_random_sample
2025-11-24T00:00:00+00:00,79456048,20,all_days,completion_random_sample
2025-11-24T00:00:00+00:00,79458115,20,all_days,completion_random_sample
2025-11-25T00:00:00+00:00,79462220,20,all_days,reused_three_phase_sample
2025-11-25T00:00:00+00:00,79464270,20,all_days,reused_three_phase_sample
2025-11-25T00:00:00+00:00,79467515,20,all_days,reused_three_phase_sample
2025-11-25T00:00:00+00:00,79468606,20,all_days,reused_three_phase_sample
2025-11-25T00:00:00+00:00,79471172,20,all_days,reused_three_phase_sample
2025-11-25T00:00:00+00:00,79472658,20,all_days,reused_three_phase_sample
2025-11-25T00:00:00+00:00,79481795,20,all_days,reused_three_phase_sample
2025-11-25T00:00:00+00:00,79482163,20,all_days,reused_three_phase_sample
2025-11-25T00:00:00+00:00,79482486,20,all_days,reused_three_phase_sample
2025-11-25T00:00:00+00:00,79482816,20,all_days,reused_three_phase_sample
2025-11-25T00:00:00+00:00,79484078,20,all_days,reused_three_phase_sample
2025-11-25T00:00:00+00:00,79484972,20,all_days,reused_three_phase_sample
2025-11-25T00:00:00+00:00,79486133,20,all_days,reused_three_phase_sample
2025-11-25T00:00:00+00:00,79486871,20,all_days,reused_three_phase_sample
2025-11-25T00:00:00+00:00,79489868,20,all_days,reused_three_phase_sample
2025-11-25T00:00:00+00:00,79492781,20,all_days,reused_three_phase_sample
2025-11-25T00:00:00+00:00,79493780,20,all_days,reused_three_phase_sample
2025-11-25T00:00:00+00:00,79497167,20,all_days,reused_three_phase_sample
2025-11-25T00:00:00+00:00,79498144,20,all_days,reused_three_phase_sample
2025-11-25T00:00:00+00:00,79503972,20,all_days,reused_three_phase_sample
2025-11-26T00:00:00+00:00,79506067,20,all_days,completion_random_sample
2025-11-26T00:00:00+00:00,79507262,20,all_days,completion_random_sample
2025-11-26T00:00:00+00:00,79507301,20,all_days,completion_random_sample
2025-11-26T00:00:00+00:00,79508117,20,all_days,completion_random_sample
2025-11-26T00:00:00+00:00,79509179,20,all_days,completion_random_sample
2025-11-26T00:00:00+00:00,79510125,20,all_days,completion_random_sample
2025-11-26T00:00:00+00:00,79515158,20,all_days,completion_random_sample
2025-11-26T00:00:00+00:00,79516138,20,all_days,completion_random_sample
2025-11-26T00:00:00+00:00,79516689,20,all_days,completion_random_sample
2025-11-26T00:00:00+00:00,79521399,20,all_days,completion_random_sample
2025-11-26T00:00:00+00:00,79521925,20,all_days,completion_random_sample
2025-11-26T00:00:00+00:00,79523280,20,all_days,completion_random_sample
2025-11-26T00:00:00+00:00,79526192,20,all_days,completion_random_sample
2025-11-26T00:00:00+00:00,79531289,20,all_days,completion_random_sample
2025-11-26T00:00:00+00:00,79535549,20,all_days,completion_random_sample
2025-11-26T00:00:00+00:00,79541683,20,all_days,completion_random_sample
2025-11-26T00:00:00+00:00,79543986,20,all_days,completion_random_sample
2025-11-26T00:00:00+00:00,79544100,20,all_days,completion_random_sample
2025-11-26T00:00:00+00:00,79545828,20,all_days,completion_random_sample
2025-11-26T00:00:00+00:00,79546655,20,all_days,completion_random_sample
2025-11-27T00:00:00+00:00,79549832,20,all_days,completion_random_sample
2025-11-27T00:00:00+00:00,79551581,20,all_days,completion_random_sample
2025-11-27T00:00:00+00:00,79552708,20,all_days,completion_random_sample
2025-11-27T00:00:00+00:00,79553288,20,all_days,completion_random_sample
2025-11-27T00:00:00+00:00,79553378,20,all_days,completion_random_sample
2025-11-27T00:00:00+00:00,79554801,20,all_days,completion_random_sample
2025-11-27T00:00:00+00:00,79560476,20,all_days,completion_random_sample
2025-11-27T00:00:00+00:00,79563114,20,all_days,completion_random_sample
2025-11-27T00:00:00+00:00,79563815,20,all_days,completion_random_sample
2025-11-27T00:00:00+00:00,79566644,20,all_days,completion_random_sample
2025-11-27T00:00:00+00:00,79566878,20,all_days,completion_random_sample
2025-11-27T00:00:00+00:00,79566982,20,all_days,completion_random_sample
2025-11-27T00:00:00+00:00,79573662,20,all_days,completion_random_sample
2025-11-27T00:00:00+00:00,79579421,20,all_days,completion_random_sample
2025-11-27T00:00:00+00:00,79581235,20,all_days,completion_random_sample
2025-11-27T00:00:00+00:00,79586867,20,all_days,completion_random_sample
2025-11-27T00:00:00+00:00,79587421,20,all_days,completion_random_sample
2025-11-27T00:00:00+00:00,79588340,20,all_days,completion_random_sample
2025-11-27T00:00:00+00:00,79588924,20,all_days,completion_random_sample
2025-11-27T00:00:00+00:00,79590861,20,all_days,completion_random_sample
2025-11-28T00:00:00+00:00,79592209,20,all_days,completion_random_sample
2025-11-28T00:00:00+00:00,79594367,20,all_days,completion_random_sample
2025-11-28T00:00:00+00:00,79595074,20,all_days,completion_random_sample
2025-11-28T00:00:00+00:00,79595735,20,all_days,completion_random_sample
2025-11-28T00:00:00+00:00,79600238,20,all_days,completion_random_sample
2025-11-28T00:00:00+00:00,79602938,20,all_days,completion_random_sample
2025-11-28T00:00:00+00:00,79605034,20,all_days,completion_random_sample
2025-11-28T00:00:00+00:00,79606478,20,all_days,completion_random_sample
2025-11-28T00:00:00+00:00,79607204,20,all_days,completion_random_sample
2025-11-28T00:00:00+00:00,79610802,20,all_days,completion_random_sample
2025-11-28T00:00:00+00:00,79611665,20,all_days,completion_random_sample
2025-11-28T00:00:00+00:00,79615130,20,all_days,completion_random_sample
2025-11-28T00:00:00+00:00,79620469,20,all_days,completion_random_sample
2025-11-28T00:00:00+00:00,79620612,20,all_days,completion_random_sample
2025-11-28T00:00:00+00:00,79626075,20,all_days,completion_random_sample
2025-11-28T00:00:00+00:00,79627561,20,all_days,completion_random_sample
2025-11-28T00:00:00+00:00,79627988,20,all_days,completion_random_sample
2025-11-28T00:00:00+00:00,79629915,20,all_days,completion_random_sample
2025-11-28T00:00:00+00:00,79633004,20,all_days,completion_random_sample
2025-11-28T00:00:00+00:00,79633703,20,all_days,completion_random_sample
2025-11-29T00:00:00+00:00,79639872,20,all_days,completion_random_sample
2025-11-29T00:00:00+00:00,79645169,20,all_days,completion_random_sample
2025-11-29T00:00:00+00:00,79650663,20,all_days,completion_random_sample
2025-11-29T00:00:00+00:00,79650782,20,all_days,completion_random_sample
2025-11-29T00:00:00+00:00,79652761,20,all_days,completion_random_sample
2025-11-29T00:00:00+00:00,79657474,20,all_days,completion_random_sample
2025-11-29T00:00:00+00:00,79658108,20,all_days,completion_random_sample
2025-11-29T00:00:00+00:00,79660995,20,all_days,completion_random_sample
2025-11-29T00:00:00+00:00,79661841,20,all_days,completion_random_sample
2025-11-29T00:00:00+00:00,79663022,20,all_days,completion_random_sample
2025-11-29T00:00:00+00:00,79664491,20,all_days,completion_random_sample
2025-11-29T00:00:00+00:00,79666104,20,all_days,completion_random_sample
2025-11-29T00:00:00+00:00,79667015,20,all_days,completion_random_sample
2025-11-29T00:00:00+00:00,79668395,20,all_days,completion_random_sample
2025-11-29T00:00:00+00:00,79670422,20,all_days,completion_random_sample
2025-11-29T00:00:00+00:00,79673764,20,all_days,completion_random_sample
2025-11-29T00:00:00+00:00,79674679,20,all_days,completion_random_sample
2025-11-29T00:00:00+00:00,79674729,20,all_days,completion_random_sample
2025-11-29T00:00:00+00:00,79675507,20,all_days,completion_random_sample
2025-11-29T00:00:00+00:00,79675586,20,all_days,completion_random_sample
2025-11-30T00:00:00+00:00,79678788,20,all_days,completion_random_sample
2025-11-30T00:00:00+00:00,79679797,20,all_days,completion_random_sample
2025-11-30T00:00:00+00:00,79682422,20,all_days,completion_random_sample
2025-11-30T00:00:00+00:00,79683526,20,all_days,completion_random_sample
2025-11-30T00:00:00+00:00,79684889,20,all_days,completion_random_sample
2025-11-30T00:00:00+00:00,79692882,20,all_days,completion_random_sample
2025-11-30T00:00:00+00:00,79695223,20,all_days,completion_random_sample
2025-11-30T00:00:00+00:00,79696677,20,all_days,completion_random_sample
2025-11-30T00:00:00+00:00,79697074,20,all_days,completion_random_sample
2025-11-30T00:00:00+00:00,79701121,20,all_days,completion_random_sample
2025-11-30T00:00:00+00:00,79702479,20,all_days,completion_random_sample
2025-11-30T00:00:00+00:00,79705331,20,all_days,completion_random_sample
2025-11-30T00:00:00+00:00,79705734,20,all_days,completion_random_sample
2025-11-30T00:00:00+00:00,79706444,20,all_days,completion_random_sample
2025-11-30T00:00:00+00:00,79709176,20,all_days,completion_random_sample
2025-11-30T00:00:00+00:00,79709252,20,all_days,completion_random_sample
2025-11-30T00:00:00+00:00,79711629,20,all_days,completion_random_sample
2025-11-30T00:00:00+00:00,79715209,20,all_days,completion_random_sample
2025-11-30T00:00:00+00:00,79716741,20,all_days,completion_random_sample
2025-11-30T00:00:00+00:00,79720247,20,all_days,completion_random_sample
2025-12-01T00:00:00+00:00,79721306,20,all_days,completion_random_sample
2025-12-01T00:00:00+00:00,79722531,20,all_days,completion_random_sample
2025-12-01T00:00:00+00:00,79723504,20,all_days,completion_random_sample
2025-12-01T00:00:00+00:00,79725686,20,all_days,completion_random_sample
2025-12-01T00:00:00+00:00,79726592,20,all_days,completion_random_sample
2025-12-01T00:00:00+00:00,79726602,20,all_days,completion_random_sample
2025-12-01T00:00:00+00:00,79727857,20,all_days,completion_random_sample
2025-12-01T00:00:00+00:00,79728997,20,all_days,completion_random_sample
2025-12-01T00:00:00+00:00,79732893,20,all_days,completion_random_sample
2025-12-01T00:00:00+00:00,79733606,20,all_days,completion_random_sample
2025-12-01T00:00:00+00:00,79737488,20,all_days,completion_random_sample
2025-12-01T00:00:00+00:00,79743514,20,all_days,completion_random_sample
2025-12-01T00:00:00+00:00,79744183,20,all_days,completion_random_sample
2025-12-01T00:00:00+00:00,79744193,20,all_days,completion_random_sample
2025-12-01T00:00:00+00:00,79745842,20,all_days,completion_random_sample
2025-12-01T00:00:00+00:00,79754314,20,all_days,completion_random_sample
2025-12-01T00:00:00+00:00,79758992,20,all_days,completion_random_sample
2025-12-01T00:00:00+00:00,79760911,20,all_days,completion_random_sample
2025-12-01T00:00:00+00:00,79761328,20,all_days,completion_random_sample
2025-12-01T00:00:00+00:00,79764159,20,all_days,completion_random_sample
2025-12-02T00:00:00+00:00,79764719,20,all_days,completion_random_sample
2025-12-02T00:00:00+00:00,79766707,20,all_days,completion_random_sample
2025-12-02T00:00:00+00:00,79767776,20,all_days,completion_random_sample
2025-12-02T00:00:00+00:00,79773630,20,all_days,completion_random_sample
2025-12-02T00:00:00+00:00,79777853,20,all_days,completion_random_sample
2025-12-02T00:00:00+00:00,79778810,20,all_days,completion_random_sample
2025-12-02T00:00:00+00:00,79780948,20,all_days,completion_random_sample
2025-12-02T00:00:00+00:00,79790111,20,all_days,completion_random_sample
2025-12-02T00:00:00+00:00,79790749,20,all_days,completion_random_sample
2025-12-02T00:00:00+00:00,79795704,20,all_days,completion_random_sample
2025-12-02T00:00:00+00:00,79795766,20,all_days,completion_random_sample
2025-12-02T00:00:00+00:00,79797076,20,all_days,completion_random_sample
2025-12-02T00:00:00+00:00,79798724,20,all_days,completion_random_sample
2025-12-02T00:00:00+00:00,79798725,20,all_days,completion_random_sample
2025-12-02T00:00:00+00:00,79801063,20,all_days,completion_random_sample
2025-12-02T00:00:00+00:00,79801393,20,all_days,completion_random_sample
2025-12-02T00:00:00+00:00,79801953,20,all_days,completion_random_sample
2025-12-02T00:00:00+00:00,79802554,20,all_days,completion_random_sample
2025-12-02T00:00:00+00:00,79806142,20,all_days,completion_random_sample
2025-12-02T00:00:00+00:00,79806798,20,all_days,completion_random_sample
2025-12-03T00:00:00+00:00,79811675,20,all_days,completion_random_sample
2025-12-03T00:00:00+00:00,79812000,20,all_days,completion_random_sample
2025-12-03T00:00:00+00:00,79815247,20,all_days,completion_random_sample
2025-12-03T00:00:00+00:00,79817311,20,all_days,completion_random_sample
2025-12-03T00:00:00+00:00,79817739,20,all_days,completion_random_sample
2025-12-03T00:00:00+00:00,79819407,20,all_days,completion_random_sample
2025-12-03T00:00:00+00:00,79822208,20,all_days,completion_random_sample
2025-12-03T00:00:00+00:00,79828137,20,all_days,completion_random_sample
2025-12-03T00:00:00+00:00,79828232,20,all_days,completion_random_sample
2025-12-03T00:00:00+00:00,79829745,20,all_days,completion_random_sample
2025-12-03T00:00:00+00:00,79832438,20,all_days,completion_random_sample
2025-12-03T00:00:00+00:00,79834249,20,all_days,completion_random_sample
2025-12-03T00:00:00+00:00,79835603,20,all_days,completion_random_sample
2025-12-03T00:00:00+00:00,79839210,20,all_days,completion_random_sample
2025-12-03T00:00:00+00:00,79842004,20,all_days,completion_random_sample
2025-12-03T00:00:00+00:00,79844925,20,all_days,completion_random_sample
2025-12-03T00:00:00+00:00,79845285,20,all_days,completion_random_sample
2025-12-03T00:00:00+00:00,79849127,20,all_days,completion_random_sample
2025-12-03T00:00:00+00:00,79849272,20,all_days,completion_random_sample
2025-12-03T00:00:00+00:00,79849443,20,all_days,completion_random_sample
2025-12-04T00:00:00+00:00,79854921,20,all_days,completion_random_sample
2025-12-04T00:00:00+00:00,79857749,20,all_days,completion_random_sample
2025-12-04T00:00:00+00:00,79861892,20,all_days,completion_random_sample
2025-12-04T00:00:00+00:00,79865120,20,all_days,completion_random_sample
2025-12-04T00:00:00+00:00,79865615,20,all_days,completion_random_sample
2025-12-04T00:00:00+00:00,79867164,20,all_days,completion_random_sample
2025-12-04T00:00:00+00:00,79870545,20,all_days,completion_random_sample
2025-12-04T00:00:00+00:00,79871272,20,all_days,completion_random_sample
2025-12-04T00:00:00+00:00,79871684,20,all_days,completion_random_sample
2025-12-04T00:00:00+00:00,79874441,20,all_days,completion_random_sample
2025-12-04T00:00:00+00:00,79876073,20,all_days,completion_random_sample
2025-12-04T00:00:00+00:00,79878055,20,all_days,completion_random_sample
2025-12-04T00:00:00+00:00,79881626,20,all_days,completion_random_sample
2025-12-04T00:00:00+00:00,79881887,20,all_days,completion_random_sample
2025-12-04T00:00:00+00:00,79882331,20,all_days,completion_random_sample
2025-12-04T00:00:00+00:00,79883067,20,all_days,completion_random_sample
2025-12-04T00:00:00+00:00,79884572,20,all_days,completion_random_sample
2025-12-04T00:00:00+00:00,79885895,20,all_days,completion_random_sample
2025-12-04T00:00:00+00:00,79892725,20,all_days,completion_random_sample
2025-12-04T00:00:00+00:00,79893282,20,all_days,completion_random_sample
2025-12-05T00:00:00+00:00,79895796,20,all_days,completion_random_sample
2025-12-05T00:00:00+00:00,79896471,20,all_days,completion_random_sample
2025-12-05T00:00:00+00:00,79901908,20,all_days,completion_random_sample
2025-12-05T00:00:00+00:00,79903196,20,all_days,completion_random_sample
2025-12-05T00:00:00+00:00,79906078,20,all_days,completion_random_sample
2025-12-05T00:00:00+00:00,79909052,20,all_days,completion_random_sample
2025-12-05T00:00:00+00:00,79916180,20,all_days,completion_random_sample
2025-12-05T00:00:00+00:00,79917774,20,all_days,completion_random_sample
2025-12-05T00:00:00+00:00,79918609,20,all_days,completion_random_sample
2025-12-05T00:00:00+00:00,79921492,20,all_days,completion_random_sample
2025-12-05T00:00:00+00:00,79924468,20,all_days,completion_random_sample
2025-12-05T00:00:00+00:00,79925205,20,all_days,completion_random_sample
2025-12-05T00:00:00+00:00,79927671,20,all_days,completion_random_sample
2025-12-05T00:00:00+00:00,79928106,20,all_days,completion_random_sample
2025-12-05T00:00:00+00:00,79928570,20,all_days,completion_random_sample
2025-12-05T00:00:00+00:00,79930475,20,all_days,completion_random_sample
2025-12-05T00:00:00+00:00,79931491,20,all_days,completion_random_sample
2025-12-05T00:00:00+00:00,79934016,20,all_days,completion_random_sample
2025-12-05T00:00:00+00:00,79935349,20,all_days,completion_random_sample
2025-12-05T00:00:00+00:00,79936551,20,all_days,completion_random_sample
2025-12-06T00:00:00+00:00,79937934,20,all_days,completion_random_sample
2025-12-06T00:00:00+00:00,79938277,20,all_days,completion_random_sample
2025-12-06T00:00:00+00:00,79942892,20,all_days,completion_random_sample
2025-12-06T00:00:00+00:00,79943103,20,all_days,completion_random_sample
2025-12-06T00:00:00+00:00,79944778,20,all_days,completion_random_sample
2025-12-06T00:00:00+00:00,79949774,20,all_days,completion_random_sample
2025-12-06T00:00:00+00:00,79953383,20,all_days,completion_random_sample
2025-12-06T00:00:00+00:00,79953625,20,all_days,completion_random_sample
2025-12-06T00:00:00+00:00,79954712,20,all_days,completion_random_sample
2025-12-06T00:00:00+00:00,79956385,20,all_days,completion_random_sample
2025-12-06T00:00:00+00:00,79959464,20,all_days,completion_random_sample
2025-12-06T00:00:00+00:00,79962095,20,all_days,completion_random_sample
2025-12-06T00:00:00+00:00,79963133,20,all_days,completion_random_sample
2025-12-06T00:00:00+00:00,79965133,20,all_days,completion_random_sample
2025-12-06T00:00:00+00:00,79966733,20,all_days,completion_random_sample
2025-12-06T00:00:00+00:00,79966812,20,all_days,completion_random_sample
2025-12-06T00:00:00+00:00,79970647,20,all_days,completion_random_sample
2025-12-06T00:00:00+00:00,79978443,20,all_days,completion_random_sample
2025-12-06T00:00:00+00:00,79979073,20,all_days,completion_random_sample
2025-12-06T00:00:00+00:00,79979501,20,all_days,completion_random_sample
2025-12-07T00:00:00+00:00,79984394,20,all_days,completion_random_sample
2025-12-07T00:00:00+00:00,79984791,20,all_days,completion_random_sample
2025-12-07T00:00:00+00:00,79988166,20,all_days,completion_random_sample
2025-12-07T00:00:00+00:00,79990690,20,all_days,completion_random_sample
2025-12-07T00:00:00+00:00,79991145,20,all_days,completion_random_sample
2025-12-07T00:00:00+00:00,79994914,20,all_days,completion_random_sample
2025-12-07T00:00:00+00:00,79995203,20,all_days,completion_random_sample
2025-12-07T00:00:00+00:00,79995597,20,all_days,completion_random_sample
2025-12-07T00:00:00+00:00,79997832,20,all_days,completion_random_sample
2025-12-07T00:00:00+00:00,79998537,20,all_days,completion_random_sample
2025-12-07T00:00:00+00:00,80001456,20,all_days,completion_random_sample
2025-12-07T00:00:00+00:00,80002300,20,all_days,completion_random_sample
2025-12-07T00:00:00+00:00,80005385,20,all_days,completion_random_sample
2025-12-07T00:00:00+00:00,80008395,20,all_days,completion_random_sample
2025-12-07T00:00:00+00:00,80008571,20,all_days,completion_random_sample
2025-12-07T00:00:00+00:00,80010417,20,all_days,completion_random_sample
2025-12-07T00:00:00+00:00,80015306,20,all_days,completion_random_sample
2025-12-07T00:00:00+00:00,80022476,20,all_days,completion_random_sample
2025-12-07T00:00:00+00:00,80023155,20,all_days,completion_random_sample
2025-12-07T00:00:00+00:00,80023260,20,all_days,completion_random_sample
2025-12-08T00:00:00+00:00,80026495,20,all_days,completion_random_sample
2025-12-08T00:00:00+00:00,80030050,20,all_days,completion_random_sample
2025-12-08T00:00:00+00:00,80030131,20,all_days,completion_random_sample
2025-12-08T00:00:00+00:00,80030335,20,all_days,completion_random_sample
2025-12-08T00:00:00+00:00,80030444,20,all_days,completion_random_sample
2025-12-08T00:00:00+00:00,80030526,20,all_days,completion_random_sample
2025-12-08T00:00:00+00:00,80036582,20,all_days,completion_random_sample
2025-12-08T00:00:00+00:00,80039583,20,all_days,completion_random_sample
2025-12-08T00:00:00+00:00,80041069,20,all_days,completion_random_sample
2025-12-08T00:00:00+00:00,80043826,20,all_days,completion_random_sample
2025-12-08T00:00:00+00:00,80045409,20,all_days,completion_random_sample
2025-12-08T00:00:00+00:00,80048695,20,all_days,completion_random_sample
2025-12-08T00:00:00+00:00,80049114,20,all_days,completion_random_sample
2025-12-08T00:00:00+00:00,80049498,20,all_days,completion_random_sample
2025-12-08T00:00:00+00:00,80049619,20,all_days,completion_random_sample
2025-12-08T00:00:00+00:00,80056067,20,all_days,completion_random_sample
2025-12-08T00:00:00+00:00,80058187,20,all_days,completion_random_sample
2025-12-08T00:00:00+00:00,80059428,20,all_days,completion_random_sample
2025-12-08T00:00:00+00:00,80059803,20,all_days,completion_random_sample
2025-12-08T00:00:00+00:00,80063763,20,all_days,completion_random_sample
2025-12-09T00:00:00+00:00,80067791,20,all_days,completion_random_sample
2025-12-09T00:00:00+00:00,80071366,20,all_days,completion_random_sample
2025-12-09T00:00:00+00:00,80072352,20,all_days,completion_random_sample
2025-12-09T00:00:00+00:00,80082387,20,all_days,completion_random_sample
2025-12-09T00:00:00+00:00,80083760,20,all_days,completion_random_sample
2025-12-09T00:00:00+00:00,80084060,20,all_days,completion_random_sample
2025-12-09T00:00:00+00:00,80084452,20,all_days,completion_random_sample
2025-12-09T00:00:00+00:00,80087901,20,all_days,completion_random_sample
2025-12-09T00:00:00+00:00,80090117,20,all_days,completion_random_sample
2025-12-09T00:00:00+00:00,80090175,20,all_days,completion_random_sample
2025-12-09T00:00:00+00:00,80094329,20,all_days,completion_random_sample
2025-12-09T00:00:00+00:00,80096860,20,all_days,completion_random_sample
2025-12-09T00:00:00+00:00,80100231,20,all_days,completion_random_sample
2025-12-09T00:00:00+00:00,80100414,20,all_days,completion_random_sample
2025-12-09T00:00:00+00:00,80101008,20,all_days,completion_random_sample
2025-12-09T00:00:00+00:00,80104612,20,all_days,completion_random_sample
2025-12-09T00:00:00+00:00,80105152,20,all_days,completion_random_sample
2025-12-09T00:00:00+00:00,80106371,20,all_days,completion_random_sample
2025-12-09T00:00:00+00:00,80106643,20,all_days,completion_random_sample
2025-12-09T00:00:00+00:00,80108446,20,all_days,completion_random_sample
2025-12-10T00:00:00+00:00,80110485,20,all_days,completion_random_sample
2025-12-10T00:00:00+00:00,80115532,20,all_days,completion_random_sample
2025-12-10T00:00:00+00:00,80116226,20,all_days,completion_random_sample
2025-12-10T00:00:00+00:00,80119996,20,all_days,completion_random_sample
2025-12-10T00:00:00+00:00,80121224,20,all_days,completion_random_sample
2025-12-10T00:00:00+00:00,80122789,20,all_days,completion_random_sample
2025-12-10T00:00:00+00:00,80125866,20,all_days,completion_random_sample
2025-12-10T00:00:00+00:00,80125881,20,all_days,completion_random_sample
2025-12-10T00:00:00+00:00,80126163,20,all_days,completion_random_sample
2025-12-10T00:00:00+00:00,80129108,20,all_days,completion_random_sample
2025-12-10T00:00:00+00:00,80129646,20,all_days,completion_random_sample
2025-12-10T00:00:00+00:00,80131127,20,all_days,completion_random_sample
2025-12-10T00:00:00+00:00,80131547,20,all_days,completion_random_sample
2025-12-10T00:00:00+00:00,80135285,20,all_days,completion_random_sample
2025-12-10T00:00:00+00:00,80143357,20,all_days,completion_random_sample
2025-12-10T00:00:00+00:00,80144791,20,all_days,completion_random_sample
2025-12-10T00:00:00+00:00,80149343,20,all_days,completion_random_sample
2025-12-10T00:00:00+00:00,80149648,20,all_days,completion_random_sample
2025-12-10T00:00:00+00:00,80151624,20,all_days,completion_random_sample
2025-12-10T00:00:00+00:00,80152945,20,all_days,completion_random_sample
2025-12-11T00:00:00+00:00,80156144,20,all_days,completion_random_sample
2025-12-11T00:00:00+00:00,80156168,20,all_days,completion_random_sample
2025-12-11T00:00:00+00:00,80161794,20,all_days,completion_random_sample
2025-12-11T00:00:00+00:00,80163634,20,all_days,completion_random_sample
2025-12-11T00:00:00+00:00,80164864,20,all_days,completion_random_sample
2025-12-11T00:00:00+00:00,80169786,20,all_days,completion_random_sample
2025-12-11T00:00:00+00:00,80170706,20,all_days,completion_random_sample
2025-12-11T00:00:00+00:00,80171460,20,all_days,completion_random_sample
2025-12-11T00:00:00+00:00,80173265,20,all_days,completion_random_sample
2025-12-11T00:00:00+00:00,80173677,20,all_days,completion_random_sample
2025-12-11T00:00:00+00:00,80179545,20,all_days,completion_random_sample
2025-12-11T00:00:00+00:00,80180343,20,all_days,completion_random_sample
2025-12-11T00:00:00+00:00,80180714,20,all_days,completion_random_sample
2025-12-11T00:00:00+00:00,80181832,20,all_days,completion_random_sample
2025-12-11T00:00:00+00:00,80184560,20,all_days,completion_random_sample
2025-12-11T00:00:00+00:00,80185077,20,all_days,completion_random_sample
2025-12-11T00:00:00+00:00,80189304,20,all_days,completion_random_sample
2025-12-11T00:00:00+00:00,80190680,20,all_days,completion_random_sample
2025-12-11T00:00:00+00:00,80190954,20,all_days,completion_random_sample
2025-12-11T00:00:00+00:00,80192828,20,all_days,completion_random_sample
2025-12-12T00:00:00+00:00,80201220,20,all_days,completion_random_sample
2025-12-12T00:00:00+00:00,80204352,20,all_days,completion_random_sample
2025-12-12T00:00:00+00:00,80204367,20,all_days,completion_random_sample
2025-12-12T00:00:00+00:00,80204793,20,all_days,completion_random_sample
2025-12-12T00:00:00+00:00,80205527,20,all_days,completion_random_sample
2025-12-12T00:00:00+00:00,80206320,20,all_days,completion_random_sample
2025-12-12T00:00:00+00:00,80206848,20,all_days,completion_random_sample
2025-12-12T00:00:00+00:00,80206869,20,all_days,completion_random_sample
2025-12-12T00:00:00+00:00,80214179,20,all_days,completion_random_sample
2025-12-12T00:00:00+00:00,80214564,20,all_days,completion_random_sample
2025-12-12T00:00:00+00:00,80219089,20,all_days,completion_random_sample
2025-12-12T00:00:00+00:00,80221608,20,all_days,completion_random_sample
2025-12-12T00:00:00+00:00,80221760,20,all_days,completion_random_sample
2025-12-12T00:00:00+00:00,80223167,20,all_days,completion_random_sample
2025-12-12T00:00:00+00:00,80223613,20,all_days,completion_random_sample
2025-12-12T00:00:00+00:00,80226834,20,all_days,completion_random_sample
2025-12-12T00:00:00+00:00,80227591,20,all_days,completion_random_sample
2025-12-12T00:00:00+00:00,80228796,20,all_days,completion_random_sample
2025-12-12T00:00:00+00:00,80229668,20,all_days,completion_random_sample
2025-12-12T00:00:00+00:00,80235886,20,all_days,completion_random_sample
2025-12-13T00:00:00+00:00,80249117,20,all_days,completion_random_sample
2025-12-13T00:00:00+00:00,80250812,20,all_days,completion_random_sample
2025-12-13T00:00:00+00:00,80252211,20,all_days,completion_random_sample
2025-12-13T00:00:00+00:00,80252607,20,all_days,completion_random_sample
2025-12-13T00:00:00+00:00,80253318,20,all_days,completion_random_sample
2025-12-13T00:00:00+00:00,80253516,20,all_days,completion_random_sample
2025-12-13T00:00:00+00:00,80256738,20,all_days,completion_random_sample
2025-12-13T00:00:00+00:00,80256999,20,all_days,completion_random_sample
2025-12-13T00:00:00+00:00,80257373,20,all_days,completion_random_sample
2025-12-13T00:00:00+00:00,80258214,20,all_days,completion_random_sample
2025-12-13T00:00:00+00:00,80259181,20,all_days,completion_random_sample
2025-12-13T00:00:00+00:00,80259736,20,all_days,completion_random_sample
2025-12-13T00:00:00+00:00,80259763,20,all_days,completion_random_sample
2025-12-13T00:00:00+00:00,80259871,20,all_days,completion_random_sample
2025-12-13T00:00:00+00:00,80262440,20,all_days,completion_random_sample
2025-12-13T00:00:00+00:00,80271337,20,all_days,completion_random_sample
2025-12-13T00:00:00+00:00,80273276,20,all_days,completion_random_sample
2025-12-13T00:00:00+00:00,80276031,20,all_days,completion_random_sample
2025-12-13T00:00:00+00:00,80278884,20,all_days,completion_random_sample
2025-12-13T00:00:00+00:00,80279750,20,all_days,completion_random_sample
2025-12-14T00:00:00+00:00,80283631,20,all_days,completion_random_sample
2025-12-14T00:00:00+00:00,80287412,20,all_days,completion_random_sample
2025-12-14T00:00:00+00:00,80288981,20,all_days,completion_random_sample
2025-12-14T00:00:00+00:00,80289038,20,all_days,completion_random_sample
2025-12-14T00:00:00+00:00,80289817,20,all_days,completion_random_sample
2025-12-14T00:00:00+00:00,80290486,20,all_days,completion_random_sample
2025-12-14T00:00:00+00:00,80290618,20,all_days,completion_random_sample
2025-12-14T00:00:00+00:00,80292641,20,all_days,completion_random_sample
2025-12-14T00:00:00+00:00,80295423,20,all_days,completion_random_sample
2025-12-14T00:00:00+00:00,80298342,20,all_days,completion_random_sample
2025-12-14T00:00:00+00:00,80298548,20,all_days,completion_random_sample
2025-12-14T00:00:00+00:00,80300248,20,all_days,completion_random_sample
2025-12-14T00:00:00+00:00,80302075,20,all_days,completion_random_sample
2025-12-14T00:00:00+00:00,80303814,20,all_days,completion_random_sample
2025-12-14T00:00:00+00:00,80306358,20,all_days,completion_random_sample
2025-12-14T00:00:00+00:00,80311347,20,all_days,completion_random_sample
2025-12-14T00:00:00+00:00,80311850,20,all_days,completion_random_sample
2025-12-14T00:00:00+00:00,80313517,20,all_days,completion_random_sample
2025-12-14T00:00:00+00:00,80318588,20,all_days,completion_random_sample
2025-12-14T00:00:00+00:00,80322897,20,all_days,completion_random_sample
2025-12-15T00:00:00+00:00,80327009,20,all_days,completion_random_sample
2025-12-15T00:00:00+00:00,80328216,20,all_days,completion_random_sample
2025-12-15T00:00:00+00:00,80328420,20,all_days,completion_random_sample
2025-12-15T00:00:00+00:00,80328588,20,all_days,completion_random_sample
2025-12-15T00:00:00+00:00,80328613,20,all_days,completion_random_sample
2025-12-15T00:00:00+00:00,80336132,20,all_days,completion_random_sample
2025-12-15T00:00:00+00:00,80338953,20,all_days,completion_random_sample
2025-12-15T00:00:00+00:00,80340887,20,all_days,completion_random_sample
2025-12-15T00:00:00+00:00,80342251,20,all_days,completion_random_sample
2025-12-15T00:00:00+00:00,80346906,20,all_days,completion_random_sample
2025-12-15T00:00:00+00:00,80349583,20,all_days,completion_random_sample
2025-12-15T00:00:00+00:00,80350652,20,all_days,completion_random_sample
2025-12-15T00:00:00+00:00,80351391,20,all_days,completion_random_sample
2025-12-15T00:00:00+00:00,80351990,20,all_days,completion_random_sample
2025-12-15T00:00:00+00:00,80355234,20,all_days,completion_random_sample
2025-12-15T00:00:00+00:00,80361933,20,all_days,completion_random_sample
2025-12-15T00:00:00+00:00,80362566,20,all_days,completion_random_sample
2025-12-15T00:00:00+00:00,80363260,20,all_days,completion_random_sample
2025-12-15T00:00:00+00:00,80364176,20,all_days,completion_random_sample
2025-12-15T00:00:00+00:00,80366862,20,all_days,completion_random_sample
2025-12-16T00:00:00+00:00,80371472,20,all_days,completion_random_sample
2025-12-16T00:00:00+00:00,80372285,20,all_days,completion_random_sample
2025-12-16T00:00:00+00:00,80374313,20,all_days,completion_random_sample
2025-12-16T00:00:00+00:00,80377102,20,all_days,completion_random_sample
2025-12-16T00:00:00+00:00,80377369,20,all_days,completion_random_sample
2025-12-16T00:00:00+00:00,80379539,20,all_days,completion_random_sample
2025-12-16T00:00:00+00:00,80382801,20,all_days,completion_random_sample
2025-12-16T00:00:00+00:00,80385129,20,all_days,completion_random_sample
2025-12-16T00:00:00+00:00,80385478,20,all_days,completion_random_sample
2025-12-16T00:00:00+00:00,80385560,20,all_days,completion_random_sample
2025-12-16T00:00:00+00:00,80386366,20,all_days,completion_random_sample
2025-12-16T00:00:00+00:00,80392166,20,all_days,completion_random_sample
2025-12-16T00:00:00+00:00,80392571,20,all_days,completion_random_sample
2025-12-16T00:00:00+00:00,80395256,20,all_days,completion_random_sample
2025-12-16T00:00:00+00:00,80395986,20,all_days,completion_random_sample
2025-12-16T00:00:00+00:00,80396182,20,all_days,completion_random_sample
2025-12-16T00:00:00+00:00,80397123,20,all_days,completion_random_sample
2025-12-16T00:00:00+00:00,80398242,20,all_days,completion_random_sample
2025-12-16T00:00:00+00:00,80403679,20,all_days,completion_random_sample
2025-12-16T00:00:00+00:00,80405014,20,all_days,completion_random_sample
2025-12-17T00:00:00+00:00,80411642,20,all_days,completion_random_sample
2025-12-17T00:00:00+00:00,80413880,20,all_days,completion_random_sample
2025-12-17T00:00:00+00:00,80421134,20,all_days,completion_random_sample
2025-12-17T00:00:00+00:00,80421517,20,all_days,completion_random_sample
2025-12-17T00:00:00+00:00,80426396,20,all_days,completion_random_sample
2025-12-17T00:00:00+00:00,80427780,20,all_days,completion_random_sample
2025-12-17T00:00:00+00:00,80434712,20,all_days,completion_random_sample
2025-12-17T00:00:00+00:00,80435105,20,all_days,completion_random_sample
2025-12-17T00:00:00+00:00,80436006,20,all_days,completion_random_sample
2025-12-17T00:00:00+00:00,80436738,20,all_days,completion_random_sample
2025-12-17T00:00:00+00:00,80438182,20,all_days,completion_random_sample
2025-12-17T00:00:00+00:00,80439745,20,all_days,completion_random_sample
2025-12-17T00:00:00+00:00,80440940,20,all_days,completion_random_sample
2025-12-17T00:00:00+00:00,80443580,20,all_days,completion_random_sample
2025-12-17T00:00:00+00:00,80444865,20,all_days,completion_random_sample
2025-12-17T00:00:00+00:00,80445146,20,all_days,completion_random_sample
2025-12-17T00:00:00+00:00,80447338,20,all_days,completion_random_sample
2025-12-17T00:00:00+00:00,80447424,20,all_days,completion_random_sample
2025-12-17T00:00:00+00:00,80447475,20,all_days,completion_random_sample
2025-12-17T00:00:00+00:00,80447730,20,all_days,completion_random_sample
2025-12-18T00:00:00+00:00,80450706,20,all_days,completion_random_sample
2025-12-18T00:00:00+00:00,80452318,20,all_days,completion_random_sample
2025-12-18T00:00:00+00:00,80452758,20,all_days,completion_random_sample
2025-12-18T00:00:00+00:00,80455554,20,all_days,completion_random_sample
2025-12-18T00:00:00+00:00,80455690,20,all_days,completion_random_sample
2025-12-18T00:00:00+00:00,80458636,20,all_days,completion_random_sample
2025-12-18T00:00:00+00:00,80460693,20,all_days,completion_random_sample
2025-12-18T00:00:00+00:00,80461764,20,all_days,completion_random_sample
2025-12-18T00:00:00+00:00,80462014,20,all_days,completion_random_sample
2025-12-18T00:00:00+00:00,80462370,20,all_days,completion_random_sample
2025-12-18T00:00:00+00:00,80466142,20,all_days,completion_random_sample
2025-12-18T00:00:00+00:00,80476156,20,all_days,completion_random_sample
2025-12-18T00:00:00+00:00,80477336,20,all_days,completion_random_sample
2025-12-18T00:00:00+00:00,80480014,20,all_days,completion_random_sample
2025-12-18T00:00:00+00:00,80482918,20,all_days,completion_random_sample
2025-12-18T00:00:00+00:00,80483969,20,all_days,completion_random_sample
2025-12-18T00:00:00+00:00,80484761,20,all_days,completion_random_sample
2025-12-18T00:00:00+00:00,80486079,20,all_days,completion_random_sample
2025-12-18T00:00:00+00:00,80489437,20,all_days,completion_random_sample
2025-12-18T00:00:00+00:00,80491536,20,all_days,completion_random_sample
2025-12-19T00:00:00+00:00,80493087,20,all_days,completion_random_sample
2025-12-19T00:00:00+00:00,80493705,20,all_days,completion_random_sample
2025-12-19T00:00:00+00:00,80495032,20,all_days,completion_random_sample
2025-12-19T00:00:00+00:00,80495506,20,all_days,completion_random_sample
2025-12-19T00:00:00+00:00,80497900,20,all_days,completion_random_sample
2025-12-19T00:00:00+00:00,80506713,20,all_days,completion_random_sample
2025-12-19T00:00:00+00:00,80508488,20,all_days,completion_random_sample
2025-12-19T00:00:00+00:00,80509538,20,all_days,completion_random_sample
2025-12-19T00:00:00+00:00,80509551,20,all_days,completion_random_sample
2025-12-19T00:00:00+00:00,80509982,20,all_days,completion_random_sample
2025-12-19T00:00:00+00:00,80510117,20,all_days,completion_random_sample
2025-12-19T00:00:00+00:00,80511855,20,all_days,completion_random_sample
2025-12-19T00:00:00+00:00,80514871,20,all_days,completion_random_sample
2025-12-19T00:00:00+00:00,80518194,20,all_days,completion_random_sample
2025-12-19T00:00:00+00:00,80520528,20,all_days,completion_random_sample
2025-12-19T00:00:00+00:00,80524497,20,all_days,completion_random_sample
2025-12-19T00:00:00+00:00,80529361,20,all_days,completion_random_sample
2025-12-19T00:00:00+00:00,80530842,20,all_days,completion_random_sample
2025-12-19T00:00:00+00:00,80533524,20,all_days,completion_random_sample
2025-12-19T00:00:00+00:00,80533650,20,all_days,completion_random_sample
2025-12-20T00:00:00+00:00,80536559,20,all_days,completion_random_sample
2025-12-20T00:00:00+00:00,80536885,20,all_days,completion_random_sample
2025-12-20T00:00:00+00:00,80538466,20,all_days,completion_random_sample
2025-12-20T00:00:00+00:00,80545697,20,all_days,completion_random_sample
2025-12-20T00:00:00+00:00,80550893,20,all_days,completion_random_sample
2025-12-20T00:00:00+00:00,80551198,20,all_days,completion_random_sample
2025-12-20T00:00:00+00:00,80552098,20,all_days,completion_random_sample
2025-12-20T00:00:00+00:00,80552330,20,all_days,completion_random_sample
2025-12-20T00:00:00+00:00,80553376,20,all_days,completion_random_sample
2025-12-20T00:00:00+00:00,80557232,20,all_days,completion_random_sample
2025-12-20T00:00:00+00:00,80557331,20,all_days,completion_random_sample
2025-12-20T00:00:00+00:00,80557878,20,all_days,completion_random_sample
2025-12-20T00:00:00+00:00,80558855,20,all_days,completion_random_sample
2025-12-20T00:00:00+00:00,80559659,20,all_days,completion_random_sample
2025-12-20T00:00:00+00:00,80560978,20,all_days,completion_random_sample
2025-12-20T00:00:00+00:00,80562019,20,all_days,completion_random_sample
2025-12-20T00:00:00+00:00,80563394,20,all_days,completion_random_sample
2025-12-20T00:00:00+00:00,80567724,20,all_days,completion_random_sample
2025-12-20T00:00:00+00:00,80571545,20,all_days,completion_random_sample
2025-12-20T00:00:00+00:00,80573818,20,all_days,completion_random_sample
2025-12-21T00:00:00+00:00,80578067,20,all_days,completion_random_sample
2025-12-21T00:00:00+00:00,80579371,20,all_days,completion_random_sample
2025-12-21T00:00:00+00:00,80582381,20,all_days,completion_random_sample
2025-12-21T00:00:00+00:00,80586999,20,all_days,completion_random_sample
2025-12-21T00:00:00+00:00,80588557,20,all_days,completion_random_sample
2025-12-21T00:00:00+00:00,80589333,20,all_days,completion_random_sample
2025-12-21T00:00:00+00:00,80589710,20,all_days,completion_random_sample
2025-12-21T00:00:00+00:00,80590112,20,all_days,completion_random_sample
2025-12-21T00:00:00+00:00,80590783,20,all_days,completion_random_sample
2025-12-21T00:00:00+00:00,80593292,20,all_days,completion_random_sample
2025-12-21T00:00:00+00:00,80595676,20,all_days,completion_random_sample
2025-12-21T00:00:00+00:00,80597865,20,all_days,completion_random_sample
2025-12-21T00:00:00+00:00,80603292,20,all_days,completion_random_sample
2025-12-21T00:00:00+00:00,80603640,20,all_days,completion_random_sample
2025-12-21T00:00:00+00:00,80604529,20,all_days,completion_random_sample
2025-12-21T00:00:00+00:00,80609963,20,all_days,completion_random_sample
2025-12-21T00:00:00+00:00,80615265,20,all_days,completion_random_sample
2025-12-21T00:00:00+00:00,80615758,20,all_days,completion_random_sample
2025-12-21T00:00:00+00:00,80619479,20,all_days,completion_random_sample
2025-12-21T00:00:00+00:00,80621131,20,all_days,completion_random_sample
2025-12-22T00:00:00+00:00,80623650,20,all_days,completion_random_sample
2025-12-22T00:00:00+00:00,80625509,20,all_days,completion_random_sample
2025-12-22T00:00:00+00:00,80626241,20,all_days,completion_random_sample
2025-12-22T00:00:00+00:00,80626527,20,all_days,completion_random_sample
2025-12-22T00:00:00+00:00,80626860,20,all_days,completion_random_sample
2025-12-22T00:00:00+00:00,80629749,20,all_days,completion_random_sample
2025-12-22T00:00:00+00:00,80630546,20,all_days,completion_random_sample
2025-12-22T00:00:00+00:00,80632020,20,all_days,completion_random_sample
2025-12-22T00:00:00+00:00,80635884,20,all_days,completion_random_sample
2025-12-22T00:00:00+00:00,80635951,20,all_days,completion_random_sample
2025-12-22T00:00:00+00:00,80641312,20,all_days,completion_random_sample
2025-12-22T00:00:00+00:00,80645490,20,all_days,completion_random_sample
2025-12-22T00:00:00+00:00,80646918,20,all_days,completion_random_sample
2025-12-22T00:00:00+00:00,80651425,20,all_days,completion_random_sample
2025-12-22T00:00:00+00:00,80653587,20,all_days,completion_random_sample
2025-12-22T00:00:00+00:00,80654370,20,all_days,completion_random_sample
2025-12-22T00:00:00+00:00,80655791,20,all_days,completion_random_sample
2025-12-22T00:00:00+00:00,80658308,20,all_days,completion_random_sample
2025-12-22T00:00:00+00:00,80658863,20,all_days,completion_random_sample
2025-12-22T00:00:00+00:00,80661000,20,all_days,completion_random_sample
2025-12-23T00:00:00+00:00,80665603,20,all_days,reused_three_phase_sample
2025-12-23T00:00:00+00:00,80667107,20,all_days,reused_three_phase_sample
2025-12-23T00:00:00+00:00,80669191,20,all_days,reused_three_phase_sample
2025-12-23T00:00:00+00:00,80671108,20,all_days,reused_three_phase_sample
2025-12-23T00:00:00+00:00,80679183,20,all_days,reused_three_phase_sample
2025-12-23T00:00:00+00:00,80682034,20,all_days,reused_three_phase_sample
2025-12-23T00:00:00+00:00,80682550,20,all_days,reused_three_phase_sample
2025-12-23T00:00:00+00:00,80682928,20,all_days,reused_three_phase_sample
2025-12-23T00:00:00+00:00,80687281,20,all_days,reused_three_phase_sample
2025-12-23T00:00:00+00:00,80692918,20,all_days,reused_three_phase_sample
2025-12-23T00:00:00+00:00,80694845,20,all_days,reused_three_phase_sample
2025-12-23T00:00:00+00:00,80695145,20,all_days,reused_three_phase_sample
2025-12-23T00:00:00+00:00,80697032,20,all_days,reused_three_phase_sample
2025-12-23T00:00:00+00:00,80699665,20,all_days,reused_three_phase_sample
2025-12-23T00:00:00+00:00,80702680,20,all_days,reused_three_phase_sample
2025-12-23T00:00:00+00:00,80702952,20,all_days,reused_three_phase_sample
2025-12-23T00:00:00+00:00,80704380,20,all_days,reused_three_phase_sample
2025-12-23T00:00:00+00:00,80705718,20,all_days,reused_three_phase_sample
2025-12-23T00:00:00+00:00,80707229,20,all_days,reused_three_phase_sample
2025-12-23T00:00:00+00:00,80707377,20,all_days,reused_three_phase_sample
2025-12-24T00:00:00+00:00,80709140,20,all_days,completion_random_sample
2025-12-24T00:00:00+00:00,80711765,20,all_days,completion_random_sample
2025-12-24T00:00:00+00:00,80713415,20,all_days,completion_random_sample
2025-12-24T00:00:00+00:00,80717006,20,all_days,completion_random_sample
2025-12-24T00:00:00+00:00,80719133,20,all_days,completion_random_sample
2025-12-24T00:00:00+00:00,80719451,20,all_days,completion_random_sample
2025-12-24T00:00:00+00:00,80721769,20,all_days,completion_random_sample
2025-12-24T00:00:00+00:00,80722119,20,all_days,completion_random_sample
2025-12-24T00:00:00+00:00,80724411,20,all_days,completion_random_sample
2025-12-24T00:00:00+00:00,80725191,20,all_days,completion_random_sample
2025-12-24T00:00:00+00:00,80734278,20,all_days,completion_random_sample
2025-12-24T00:00:00+00:00,80737474,20,all_days,completion_random_sample
2025-12-24T00:00:00+00:00,80738535,20,all_days,completion_random_sample
2025-12-24T00:00:00+00:00,80739768,20,all_days,completion_random_sample
2025-12-24T00:00:00+00:00,80740931,20,all_days,completion_random_sample
2025-12-24T00:00:00+00:00,80741613,20,all_days,completion_random_sample
2025-12-24T00:00:00+00:00,80742444,20,all_days,completion_random_sample
2025-12-24T00:00:00+00:00,80746162,20,all_days,completion_random_sample
2025-12-24T00:00:00+00:00,80748088,20,all_days,completion_random_sample
2025-12-24T00:00:00+00:00,80750075,20,all_days,completion_random_sample
2025-12-25T00:00:00+00:00,80756585,20,all_days,completion_random_sample
2025-12-25T00:00:00+00:00,80758083,20,all_days,completion_random_sample
2025-12-25T00:00:00+00:00,80758934,20,all_days,completion_random_sample
2025-12-25T00:00:00+00:00,80763173,20,all_days,completion_random_sample
2025-12-25T00:00:00+00:00,80763623,20,all_days,completion_random_sample
2025-12-25T00:00:00+00:00,80764113,20,all_days,completion_random_sample
2025-12-25T00:00:00+00:00,80764441,20,all_days,completion_random_sample
2025-12-25T00:00:00+00:00,80765554,20,all_days,completion_random_sample
2025-12-25T00:00:00+00:00,80765561,20,all_days,completion_random_sample
2025-12-25T00:00:00+00:00,80765828,20,all_days,completion_random_sample
2025-12-25T00:00:00+00:00,80767995,20,all_days,completion_random_sample
2025-12-25T00:00:00+00:00,80774665,20,all_days,completion_random_sample
2025-12-25T00:00:00+00:00,80780071,20,all_days,completion_random_sample
2025-12-25T00:00:00+00:00,80783056,20,all_days,completion_random_sample
2025-12-25T00:00:00+00:00,80784417,20,all_days,completion_random_sample
2025-12-25T00:00:00+00:00,80786083,20,all_days,completion_random_sample
2025-12-25T00:00:00+00:00,80786751,20,all_days,completion_random_sample
2025-12-25T00:00:00+00:00,80790203,20,all_days,completion_random_sample
2025-12-25T00:00:00+00:00,80791914,20,all_days,completion_random_sample
2025-12-25T00:00:00+00:00,80793098,20,all_days,completion_random_sample
2025-12-26T00:00:00+00:00,80794579,20,all_days,reused_three_phase_sample
2025-12-26T00:00:00+00:00,80795303,20,all_days,reused_three_phase_sample
2025-12-26T00:00:00+00:00,80795517,20,all_days,reused_three_phase_sample
2025-12-26T00:00:00+00:00,80796679,20,all_days,reused_three_phase_sample
2025-12-26T00:00:00+00:00,80797376,20,all_days,reused_three_phase_sample
2025-12-26T00:00:00+00:00,80800735,20,all_days,reused_three_phase_sample
2025-12-26T00:00:00+00:00,80803113,20,all_days,reused_three_phase_sample
2025-12-26T00:00:00+00:00,80808728,20,all_days,reused_three_phase_sample
2025-12-26T00:00:00+00:00,80813674,20,all_days,reused_three_phase_sample
2025-12-26T00:00:00+00:00,80817905,20,all_days,reused_three_phase_sample
2025-12-26T00:00:00+00:00,80818062,20,all_days,reused_three_phase_sample
2025-12-26T00:00:00+00:00,80818489,20,all_days,reused_three_phase_sample
2025-12-26T00:00:00+00:00,80824167,20,all_days,reused_three_phase_sample
2025-12-26T00:00:00+00:00,80825699,20,all_days,reused_three_phase_sample
2025-12-26T00:00:00+00:00,80826715,20,all_days,reused_three_phase_sample
2025-12-26T00:00:00+00:00,80828318,20,all_days,reused_three_phase_sample
2025-12-26T00:00:00+00:00,80832204,20,all_days,reused_three_phase_sample
2025-12-26T00:00:00+00:00,80832884,20,all_days,reused_three_phase_sample
2025-12-26T00:00:00+00:00,80833247,20,all_days,reused_three_phase_sample
2025-12-26T00:00:00+00:00,80835336,20,all_days,reused_three_phase_sample
2025-12-27T00:00:00+00:00,80837701,20,all_days,completion_random_sample
2025-12-27T00:00:00+00:00,80842194,20,all_days,completion_random_sample
2025-12-27T00:00:00+00:00,80845914,20,all_days,completion_random_sample
2025-12-27T00:00:00+00:00,80847879,20,all_days,completion_random_sample
2025-12-27T00:00:00+00:00,80851137,20,all_days,completion_random_sample
2025-12-27T00:00:00+00:00,80852864,20,all_days,completion_random_sample
2025-12-27T00:00:00+00:00,80854186,20,all_days,completion_random_sample
2025-12-27T00:00:00+00:00,80859817,20,all_days,completion_random_sample
2025-12-27T00:00:00+00:00,80861400,20,all_days,completion_random_sample
2025-12-27T00:00:00+00:00,80870040,20,all_days,completion_random_sample
2025-12-27T00:00:00+00:00,80870168,20,all_days,completion_random_sample
2025-12-27T00:00:00+00:00,80873311,20,all_days,completion_random_sample
2025-12-27T00:00:00+00:00,80873948,20,all_days,completion_random_sample
2025-12-27T00:00:00+00:00,80874982,20,all_days,completion_random_sample
2025-12-27T00:00:00+00:00,80875599,20,all_days,completion_random_sample
2025-12-27T00:00:00+00:00,80875724,20,all_days,completion_random_sample
2025-12-27T00:00:00+00:00,80875741,20,all_days,completion_random_sample
2025-12-27T00:00:00+00:00,80875823,20,all_days,completion_random_sample
2025-12-27T00:00:00+00:00,80875905,20,all_days,completion_random_sample
2025-12-27T00:00:00+00:00,80877428,20,all_days,completion_random_sample
2025-12-28T00:00:00+00:00,80883620,20,all_days,completion_random_sample
2025-12-28T00:00:00+00:00,80885066,20,all_days,completion_random_sample
2025-12-28T00:00:00+00:00,80887573,20,all_days,completion_random_sample
2025-12-28T00:00:00+00:00,80889234,20,all_days,completion_random_sample
2025-12-28T00:00:00+00:00,80892128,20,all_days,completion_random_sample
2025-12-28T00:00:00+00:00,80894448,20,all_days,completion_random_sample
2025-12-28T00:00:00+00:00,80894556,20,all_days,completion_random_sample
2025-12-28T00:00:00+00:00,80894615,20,all_days,completion_random_sample
2025-12-28T00:00:00+00:00,80900266,20,all_days,completion_random_sample
2025-12-28T00:00:00+00:00,80901447,20,all_days,completion_random_sample
2025-12-28T00:00:00+00:00,80906408,20,all_days,completion_random_sample
2025-12-28T00:00:00+00:00,80908809,20,all_days,completion_random_sample
2025-12-28T00:00:00+00:00,80908947,20,all_days,completion_random_sample
2025-12-28T00:00:00+00:00,80909896,20,all_days,completion_random_sample
2025-12-28T00:00:00+00:00,80910203,20,all_days,completion_random_sample
2025-12-28T00:00:00+00:00,80911123,20,all_days,completion_random_sample
2025-12-28T00:00:00+00:00,80916177,20,all_days,completion_random_sample
2025-12-28T00:00:00+00:00,80919321,20,all_days,completion_random_sample
2025-12-28T00:00:00+00:00,80920331,20,all_days,completion_random_sample
2025-12-28T00:00:00+00:00,80922164,20,all_days,completion_random_sample
2025-12-29T00:00:00+00:00,80924066,20,all_days,reused_three_phase_sample
2025-12-29T00:00:00+00:00,80927704,20,all_days,reused_three_phase_sample
2025-12-29T00:00:00+00:00,80934224,20,all_days,reused_three_phase_sample
2025-12-29T00:00:00+00:00,80935147,20,all_days,reused_three_phase_sample
2025-12-29T00:00:00+00:00,80937239,20,all_days,reused_three_phase_sample
2025-12-29T00:00:00+00:00,80943074,20,all_days,reused_three_phase_sample
2025-12-29T00:00:00+00:00,80943636,20,all_days,reused_three_phase_sample
2025-12-29T00:00:00+00:00,80943798,20,all_days,reused_three_phase_sample
2025-12-29T00:00:00+00:00,80943835,20,all_days,reused_three_phase_sample
2025-12-29T00:00:00+00:00,80946819,20,all_days,reused_three_phase_sample
2025-12-29T00:00:00+00:00,80947179,20,all_days,reused_three_phase_sample
2025-12-29T00:00:00+00:00,80950556,20,all_days,reused_three_phase_sample
2025-12-29T00:00:00+00:00,80951902,20,all_days,reused_three_phase_sample
2025-12-29T00:00:00+00:00,80952079,20,all_days,reused_three_phase_sample
2025-12-29T00:00:00+00:00,80958128,20,all_days,reused_three_phase_sample
2025-12-29T00:00:00+00:00,80959346,20,all_days,reused_three_phase_sample
2025-12-29T00:00:00+00:00,80961518,20,all_days,reused_three_phase_sample
2025-12-29T00:00:00+00:00,80962489,20,all_days,reused_three_phase_sample
2025-12-29T00:00:00+00:00,80962773,20,all_days,reused_three_phase_sample
2025-12-29T00:00:00+00:00,80963892,20,all_days,reused_three_phase_sample
2025-12-30T00:00:00+00:00,80967116,20,all_days,reused_three_phase_sample
2025-12-30T00:00:00+00:00,80967979,20,all_days,reused_three_phase_sample
2025-12-30T00:00:00+00:00,80970094,20,all_days,reused_three_phase_sample
2025-12-30T00:00:00+00:00,80970530,20,all_days,reused_three_phase_sample
2025-12-30T00:00:00+00:00,80973055,20,all_days,reused_three_phase_sample
2025-12-30T00:00:00+00:00,80973435,20,all_days,reused_three_phase_sample
2025-12-30T00:00:00+00:00,80977804,20,all_days,reused_three_phase_sample
2025-12-30T00:00:00+00:00,80979187,20,all_days,reused_three_phase_sample
2025-12-30T00:00:00+00:00,80979785,20,all_days,reused_three_phase_sample
2025-12-30T00:00:00+00:00,80982876,20,all_days,reused_three_phase_sample
2025-12-30T00:00:00+00:00,80985589,20,all_days,reused_three_phase_sample
2025-12-30T00:00:00+00:00,80985655,20,all_days,reused_three_phase_sample
2025-12-30T00:00:00+00:00,80996356,20,all_days,reused_three_phase_sample
2025-12-30T00:00:00+00:00,80996895,20,all_days,reused_three_phase_sample
2025-12-30T00:00:00+00:00,80999072,20,all_days,reused_three_phase_sample
2025-12-30T00:00:00+00:00,81000728,20,all_days,reused_three_phase_sample
2025-12-30T00:00:00+00:00,81007959,20,all_days,reused_three_phase_sample
2025-12-30T00:00:00+00:00,81008748,20,all_days,reused_three_phase_sample
2025-12-30T00:00:00+00:00,81009525,20,all_days,reused_three_phase_sample
2025-12-30T00:00:00+00:00,81009714,20,all_days,reused_three_phase_sample
2025-12-31T00:00:00+00:00,81012219,20,all_days,reused_three_phase_sample
2025-12-31T00:00:00+00:00,81026256,20,all_days,reused_three_phase_sample
2025-12-31T00:00:00+00:00,81027845,20,all_days,reused_three_phase_sample
2025-12-31T00:00:00+00:00,81029125,20,all_days,reused_three_phase_sample
2025-12-31T00:00:00+00:00,81029942,20,all_days,reused_three_phase_sample
2025-12-31T00:00:00+00:00,81033999,20,all_days,reused_three_phase_sample
2025-12-31T00:00:00+00:00,81034250,20,all_days,reused_three_phase_sample
2025-12-31T00:00:00+00:00,81034850,20,all_days,reused_three_phase_sample
2025-12-31T00:00:00+00:00,81035458,20,all_days,reused_three_phase_sample
2025-12-31T00:00:00+00:00,81037745,20,all_days,reused_three_phase_sample
2025-12-31T00:00:00+00:00,81040427,20,all_days,reused_three_phase_sample
2025-12-31T00:00:00+00:00,81040629,20,all_days,reused_three_phase_sample
2025-12-31T00:00:00+00:00,81043656,20,all_days,reused_three_phase_sample
2025-12-31T00:00:00+00:00,81043689,20,all_days,reused_three_phase_sample
2025-12-31T00:00:00+00:00,81045393,20,all_days,reused_three_phase_sample
2025-12-31T00:00:00+00:00,81046292,20,all_days,reused_three_phase_sample
2025-12-31T00:00:00+00:00,81046682,20,all_days,reused_three_phase_sample
2025-12-31T00:00:00+00:00,81050536,20,all_days,reused_three_phase_sample
2025-12-31T00:00:00+00:00,81050884,20,all_days,reused_three_phase_sample
2025-12-31T00:00:00+00:00,81051814,20,all_days,reused_three_phase_sample
2026-01-01T00:00:00+00:00,81054339,20,all_days,completion_random_sample
2026-01-01T00:00:00+00:00,81057394,20,all_days,completion_random_sample
2026-01-01T00:00:00+00:00,81057612,20,all_days,completion_random_sample
2026-01-01T00:00:00+00:00,81058320,20,all_days,completion_random_sample
2026-01-01T00:00:00+00:00,81060875,20,all_days,completion_random_sample
2026-01-01T00:00:00+00:00,81061002,20,all_days,completion_random_sample
2026-01-01T00:00:00+00:00,81063298,20,all_days,completion_random_sample
2026-01-01T00:00:00+00:00,81064902,20,all_days,completion_random_sample
2026-01-01T00:00:00+00:00,81065258,20,all_days,completion_random_sample
2026-01-01T00:00:00+00:00,81068523,20,all_days,completion_random_sample
2026-01-01T00:00:00+00:00,81072926,20,all_days,completion_random_sample
2026-01-01T00:00:00+00:00,81073547,20,all_days,completion_random_sample
2026-01-01T00:00:00+00:00,81079363,20,all_days,completion_random_sample
2026-01-01T00:00:00+00:00,81080231,20,all_days,completion_random_sample
2026-01-01T00:00:00+00:00,81081450,20,all_days,completion_random_sample
2026-01-01T00:00:00+00:00,81085308,20,all_days,completion_random_sample
2026-01-01T00:00:00+00:00,81088946,20,all_days,completion_random_sample
2026-01-01T00:00:00+00:00,81090800,20,all_days,completion_random_sample
2026-01-01T00:00:00+00:00,81092760,20,all_days,completion_random_sample
2026-01-01T00:00:00+00:00,81095327,20,all_days,completion_random_sample
2026-01-02T00:00:00+00:00,81099417,20,all_days,reused_three_phase_sample
2026-01-02T00:00:00+00:00,81100198,20,all_days,reused_three_phase_sample
2026-01-02T00:00:00+00:00,81101688,20,all_days,reused_three_phase_sample
2026-01-02T00:00:00+00:00,81102870,20,all_days,reused_three_phase_sample
2026-01-02T00:00:00+00:00,81113746,20,all_days,reused_three_phase_sample
2026-01-02T00:00:00+00:00,81114786,20,all_days,reused_three_phase_sample
2026-01-02T00:00:00+00:00,81116392,20,all_days,reused_three_phase_sample
2026-01-02T00:00:00+00:00,81116619,20,all_days,reused_three_phase_sample
2026-01-02T00:00:00+00:00,81117918,20,all_days,reused_three_phase_sample
2026-01-02T00:00:00+00:00,81118671,20,all_days,reused_three_phase_sample
2026-01-02T00:00:00+00:00,81120235,20,all_days,reused_three_phase_sample
2026-01-02T00:00:00+00:00,81121098,20,all_days,reused_three_phase_sample
2026-01-02T00:00:00+00:00,81122360,20,all_days,reused_three_phase_sample
2026-01-02T00:00:00+00:00,81123452,20,all_days,reused_three_phase_sample
2026-01-02T00:00:00+00:00,81130581,20,all_days,reused_three_phase_sample
2026-01-02T00:00:00+00:00,81132722,20,all_days,reused_three_phase_sample
2026-01-02T00:00:00+00:00,81133139,20,all_days,reused_three_phase_sample
2026-01-02T00:00:00+00:00,81136013,20,all_days,reused_three_phase_sample
2026-01-02T00:00:00+00:00,81136764,20,all_days,reused_three_phase_sample
2026-01-02T00:00:00+00:00,81138662,20,all_days,reused_three_phase_sample
2026-01-03T00:00:00+00:00,81140223,20,all_days,reused_three_phase_sample
2026-01-03T00:00:00+00:00,81140252,20,all_days,reused_three_phase_sample
2026-01-03T00:00:00+00:00,81146565,20,all_days,reused_three_phase_sample
2026-01-03T00:00:00+00:00,81147687,20,all_days,reused_three_phase_sample
2026-01-03T00:00:00+00:00,81151507,20,all_days,reused_three_phase_sample
2026-01-03T00:00:00+00:00,81154977,20,all_days,reused_three_phase_sample
2026-01-03T00:00:00+00:00,81155510,20,all_days,reused_three_phase_sample
2026-01-03T00:00:00+00:00,81155689,20,all_days,reused_three_phase_sample
2026-01-03T00:00:00+00:00,81157992,20,all_days,reused_three_phase_sample
2026-01-03T00:00:00+00:00,81158416,20,all_days,reused_three_phase_sample
2026-01-03T00:00:00+00:00,81158458,20,all_days,reused_three_phase_sample
2026-01-03T00:00:00+00:00,81165328,20,all_days,reused_three_phase_sample
2026-01-03T00:00:00+00:00,81165517,20,all_days,reused_three_phase_sample
2026-01-03T00:00:00+00:00,81165771,20,all_days,reused_three_phase_sample
2026-01-03T00:00:00+00:00,81169033,20,all_days,reused_three_phase_sample
2026-01-03T00:00:00+00:00,81169351,20,all_days,reused_three_phase_sample
2026-01-03T00:00:00+00:00,81174413,20,all_days,reused_three_phase_sample
2026-01-03T00:00:00+00:00,81176575,20,all_days,reused_three_phase_sample
2026-01-03T00:00:00+00:00,81180442,20,all_days,reused_three_phase_sample
2026-01-03T00:00:00+00:00,81182356,20,all_days,reused_three_phase_sample
2026-01-04T00:00:00+00:00,81183435,20,all_days,reused_three_phase_sample
2026-01-04T00:00:00+00:00,81184468,20,all_days,reused_three_phase_sample
2026-01-04T00:00:00+00:00,81185896,20,all_days,reused_three_phase_sample
2026-01-04T00:00:00+00:00,81188754,20,all_days,reused_three_phase_sample
2026-01-04T00:00:00+00:00,81191180,20,all_days,reused_three_phase_sample
2026-01-04T00:00:00+00:00,81192479,20,all_days,reused_three_phase_sample
2026-01-04T00:00:00+00:00,81193726,20,all_days,reused_three_phase_sample
2026-01-04T00:00:00+00:00,81196953,20,all_days,reused_three_phase_sample
2026-01-04T00:00:00+00:00,81197585,20,all_days,reused_three_phase_sample
2026-01-04T00:00:00+00:00,81199252,20,all_days,reused_three_phase_sample
2026-01-04T00:00:00+00:00,81199255,20,all_days,reused_three_phase_sample
2026-01-04T00:00:00+00:00,81201340,20,all_days,reused_three_phase_sample
2026-01-04T00:00:00+00:00,81202968,20,all_days,reused_three_phase_sample
2026-01-04T00:00:00+00:00,81203861,20,all_days,reused_three_phase_sample
2026-01-04T00:00:00+00:00,81207055,20,all_days,reused_three_phase_sample
2026-01-04T00:00:00+00:00,81208567,20,all_days,reused_three_phase_sample
2026-01-04T00:00:00+00:00,81210713,20,all_days,reused_three_phase_sample
2026-01-04T00:00:00+00:00,81214345,20,all_days,reused_three_phase_sample
2026-01-04T00:00:00+00:00,81223319,20,all_days,reused_three_phase_sample
2026-01-04T00:00:00+00:00,81224386,20,all_days,reused_three_phase_sample
2026-01-05T00:00:00+00:00,81228172,20,all_days,reused_three_phase_sample
2026-01-05T00:00:00+00:00,81228256,20,all_days,reused_three_phase_sample
2026-01-05T00:00:00+00:00,81228388,20,all_days,reused_three_phase_sample
2026-01-05T00:00:00+00:00,81230490,20,all_days,reused_three_phase_sample
2026-01-05T00:00:00+00:00,81233997,20,all_days,reused_three_phase_sample
2026-01-05T00:00:00+00:00,81235696,20,all_days,reused_three_phase_sample
2026-01-05T00:00:00+00:00,81236727,20,all_days,reused_three_phase_sample
2026-01-05T00:00:00+00:00,81240289,20,all_days,reused_three_phase_sample
2026-01-05T00:00:00+00:00,81241765,20,all_days,reused_three_phase_sample
2026-01-05T00:00:00+00:00,81242748,20,all_days,reused_three_phase_sample
2026-01-05T00:00:00+00:00,81243478,20,all_days,reused_three_phase_sample
2026-01-05T00:00:00+00:00,81247263,20,all_days,reused_three_phase_sample
2026-01-05T00:00:00+00:00,81249174,20,all_days,reused_three_phase_sample
2026-01-05T00:00:00+00:00,81250632,20,all_days,reused_three_phase_sample
2026-01-05T00:00:00+00:00,81255556,20,all_days,reused_three_phase_sample
2026-01-05T00:00:00+00:00,81260857,20,all_days,reused_three_phase_sample
2026-01-05T00:00:00+00:00,81262637,20,all_days,reused_three_phase_sample
2026-01-05T00:00:00+00:00,81265186,20,all_days,reused_three_phase_sample
2026-01-05T00:00:00+00:00,81265558,20,all_days,reused_three_phase_sample
2026-01-05T00:00:00+00:00,81265972,20,all_days,reused_three_phase_sample
2026-01-06T00:00:00+00:00,81273133,20,all_days,reused_three_phase_sample
2026-01-06T00:00:00+00:00,81273937,20,all_days,reused_three_phase_sample
2026-01-06T00:00:00+00:00,81274065,20,all_days,reused_three_phase_sample
2026-01-06T00:00:00+00:00,81274756,20,all_days,reused_three_phase_sample
2026-01-06T00:00:00+00:00,81274763,20,all_days,reused_three_phase_sample
2026-01-06T00:00:00+00:00,81276473,20,all_days,reused_three_phase_sample
2026-01-06T00:00:00+00:00,81282142,20,all_days,reused_three_phase_sample
2026-01-06T00:00:00+00:00,81286359,20,all_days,reused_three_phase_sample
2026-01-06T00:00:00+00:00,81287566,20,all_days,reused_three_phase_sample
2026-01-06T00:00:00+00:00,81288715,20,all_days,reused_three_phase_sample
2026-01-06T00:00:00+00:00,81290127,20,all_days,reused_three_phase_sample
2026-01-06T00:00:00+00:00,81290289,20,all_days,reused_three_phase_sample
2026-01-06T00:00:00+00:00,81290538,20,all_days,reused_three_phase_sample
2026-01-06T00:00:00+00:00,81291025,20,all_days,reused_three_phase_sample
2026-01-06T00:00:00+00:00,81294403,20,all_days,reused_three_phase_sample
2026-01-06T00:00:00+00:00,81300166,20,all_days,reused_three_phase_sample
2026-01-06T00:00:00+00:00,81302314,20,all_days,reused_three_phase_sample
2026-01-06T00:00:00+00:00,81303455,20,all_days,reused_three_phase_sample
2026-01-06T00:00:00+00:00,81304848,20,all_days,reused_three_phase_sample
2026-01-06T00:00:00+00:00,81310061,20,all_days,reused_three_phase_sample
2026-01-07T00:00:00+00:00,81312703,20,all_days,completion_random_sample
2026-01-07T00:00:00+00:00,81315208,20,all_days,completion_random_sample
2026-01-07T00:00:00+00:00,81316417,20,all_days,completion_random_sample
2026-01-07T00:00:00+00:00,81318447,20,all_days,completion_random_sample
2026-01-07T00:00:00+00:00,81318830,20,all_days,completion_random_sample
2026-01-07T00:00:00+00:00,81323384,20,all_days,completion_random_sample
2026-01-07T00:00:00+00:00,81325163,20,all_days,completion_random_sample
2026-01-07T00:00:00+00:00,81325397,20,all_days,completion_random_sample
2026-01-07T00:00:00+00:00,81330323,20,all_days,completion_random_sample
2026-01-07T00:00:00+00:00,81331660,20,all_days,completion_random_sample
2026-01-07T00:00:00+00:00,81333280,20,all_days,completion_random_sample
2026-01-07T00:00:00+00:00,81334044,20,all_days,completion_random_sample
2026-01-07T00:00:00+00:00,81335279,20,all_days,completion_random_sample
2026-01-07T00:00:00+00:00,81336542,20,all_days,completion_random_sample
2026-01-07T00:00:00+00:00,81336726,20,all_days,completion_random_sample
2026-01-07T00:00:00+00:00,81346641,20,all_days,completion_random_sample
2026-01-07T00:00:00+00:00,81347611,20,all_days,completion_random_sample
2026-01-07T00:00:00+00:00,81349066,20,all_days,completion_random_sample
2026-01-07T00:00:00+00:00,81349234,20,all_days,completion_random_sample
2026-01-07T00:00:00+00:00,81352093,20,all_days,completion_random_sample
2026-01-08T00:00:00+00:00,81357105,20,all_days,completion_random_sample
2026-01-08T00:00:00+00:00,81359532,20,all_days,completion_random_sample
2026-01-08T00:00:00+00:00,81359872,20,all_days,completion_random_sample
2026-01-08T00:00:00+00:00,81365181,20,all_days,completion_random_sample
2026-01-08T00:00:00+00:00,81370960,20,all_days,completion_random_sample
2026-01-08T00:00:00+00:00,81374087,20,all_days,completion_random_sample
2026-01-08T00:00:00+00:00,81374281,20,all_days,completion_random_sample
2026-01-08T00:00:00+00:00,81374734,20,all_days,completion_random_sample
2026-01-08T00:00:00+00:00,81374804,20,all_days,completion_random_sample
2026-01-08T00:00:00+00:00,81375403,20,all_days,completion_random_sample
2026-01-08T00:00:00+00:00,81376991,20,all_days,completion_random_sample
2026-01-08T00:00:00+00:00,81377115,20,all_days,completion_random_sample
2026-01-08T00:00:00+00:00,81383235,20,all_days,completion_random_sample
2026-01-08T00:00:00+00:00,81384085,20,all_days,completion_random_sample
2026-01-08T00:00:00+00:00,81388191,20,all_days,completion_random_sample
2026-01-08T00:00:00+00:00,81388354,20,all_days,completion_random_sample
2026-01-08T00:00:00+00:00,81391575,20,all_days,completion_random_sample
2026-01-08T00:00:00+00:00,81393539,20,all_days,completion_random_sample
2026-01-08T00:00:00+00:00,81394785,20,all_days,completion_random_sample
2026-01-08T00:00:00+00:00,81397829,20,all_days,completion_random_sample
2026-01-09T00:00:00+00:00,81399615,20,all_days,completion_random_sample
2026-01-09T00:00:00+00:00,81402817,20,all_days,completion_random_sample
2026-01-09T00:00:00+00:00,81404247,20,all_days,completion_random_sample
2026-01-09T00:00:00+00:00,81410739,20,all_days,completion_random_sample
2026-01-09T00:00:00+00:00,81413608,20,all_days,completion_random_sample
2026-01-09T00:00:00+00:00,81414415,20,all_days,completion_random_sample
2026-01-09T00:00:00+00:00,81414597,20,all_days,completion_random_sample
2026-01-09T00:00:00+00:00,81416212,20,all_days,completion_random_sample
2026-01-09T00:00:00+00:00,81416953,20,all_days,completion_random_sample
2026-01-09T00:00:00+00:00,81418515,20,all_days,completion_random_sample
2026-01-09T00:00:00+00:00,81419084,20,all_days,completion_random_sample
2026-01-09T00:00:00+00:00,81419344,20,all_days,completion_random_sample
2026-01-09T00:00:00+00:00,81419611,20,all_days,completion_random_sample
2026-01-09T00:00:00+00:00,81423784,20,all_days,completion_random_sample
2026-01-09T00:00:00+00:00,81424882,20,all_days,completion_random_sample
2026-01-09T00:00:00+00:00,81427126,20,all_days,completion_random_sample
2026-01-09T00:00:00+00:00,81432804,20,all_days,completion_random_sample
2026-01-09T00:00:00+00:00,81433184,20,all_days,completion_random_sample
2026-01-09T00:00:00+00:00,81439032,20,all_days,completion_random_sample
2026-01-09T00:00:00+00:00,81439421,20,all_days,completion_random_sample
2026-01-10T00:00:00+00:00,81444278,20,all_days,completion_random_sample
2026-01-10T00:00:00+00:00,81447871,20,all_days,completion_random_sample
2026-01-10T00:00:00+00:00,81448139,20,all_days,completion_random_sample
2026-01-10T00:00:00+00:00,81449447,20,all_days,completion_random_sample
2026-01-10T00:00:00+00:00,81450807,20,all_days,completion_random_sample
2026-01-10T00:00:00+00:00,81451587,20,all_days,completion_random_sample
2026-01-10T00:00:00+00:00,81454847,20,all_days,completion_random_sample
2026-01-10T00:00:00+00:00,81454945,20,all_days,completion_random_sample
2026-01-10T00:00:00+00:00,81455556,20,all_days,completion_random_sample
2026-01-10T00:00:00+00:00,81460060,20,all_days,completion_random_sample
2026-01-10T00:00:00+00:00,81463481,20,all_days,completion_random_sample
2026-01-10T00:00:00+00:00,81463513,20,all_days,completion_random_sample
2026-01-10T00:00:00+00:00,81463802,20,all_days,completion_random_sample
2026-01-10T00:00:00+00:00,81466664,20,all_days,completion_random_sample
2026-01-10T00:00:00+00:00,81471288,20,all_days,completion_random_sample
2026-01-10T00:00:00+00:00,81473720,20,all_days,completion_random_sample
2026-01-10T00:00:00+00:00,81478589,20,all_days,completion_random_sample
2026-01-10T00:00:00+00:00,81482436,20,all_days,completion_random_sample
2026-01-10T00:00:00+00:00,81482458,20,all_days,completion_random_sample
2026-01-10T00:00:00+00:00,81484426,20,all_days,completion_random_sample
2026-01-11T00:00:00+00:00,81489213,20,all_days,completion_random_sample
2026-01-11T00:00:00+00:00,81492131,20,all_days,completion_random_sample
2026-01-11T00:00:00+00:00,81492526,20,all_days,completion_random_sample
2026-01-11T00:00:00+00:00,81493552,20,all_days,completion_random_sample
2026-01-11T00:00:00+00:00,81493796,20,all_days,completion_random_sample
2026-01-11T00:00:00+00:00,81502513,20,all_days,completion_random_sample
2026-01-11T00:00:00+00:00,81504141,20,all_days,completion_random_sample
2026-01-11T00:00:00+00:00,81505288,20,all_days,completion_random_sample
2026-01-11T00:00:00+00:00,81508736,20,all_days,completion_random_sample
2026-01-11T00:00:00+00:00,81509680,20,all_days,completion_random_sample
2026-01-11T00:00:00+00:00,81511885,20,all_days,completion_random_sample
2026-01-11T00:00:00+00:00,81512466,20,all_days,completion_random_sample
2026-01-11T00:00:00+00:00,81512998,20,all_days,completion_random_sample
2026-01-11T00:00:00+00:00,81518929,20,all_days,completion_random_sample
2026-01-11T00:00:00+00:00,81519635,20,all_days,completion_random_sample
2026-01-11T00:00:00+00:00,81521350,20,all_days,completion_random_sample
2026-01-11T00:00:00+00:00,81522063,20,all_days,completion_random_sample
2026-01-11T00:00:00+00:00,81524411,20,all_days,completion_random_sample
2026-01-11T00:00:00+00:00,81526016,20,all_days,completion_random_sample
2026-01-11T00:00:00+00:00,81526219,20,all_days,completion_random_sample
2026-01-12T00:00:00+00:00,81529502,20,all_days,completion_random_sample
2026-01-12T00:00:00+00:00,81534007,20,all_days,completion_random_sample
2026-01-12T00:00:00+00:00,81536297,20,all_days,completion_random_sample
2026-01-12T00:00:00+00:00,81539639,20,all_days,completion_random_sample
2026-01-12T00:00:00+00:00,81543941,20,all_days,completion_random_sample
2026-01-12T00:00:00+00:00,81545545,20,all_days,completion_random_sample
2026-01-12T00:00:00+00:00,81546480,20,all_days,completion_random_sample
2026-01-12T00:00:00+00:00,81548367,20,all_days,completion_random_sample
2026-01-12T00:00:00+00:00,81550760,20,all_days,completion_random_sample
2026-01-12T00:00:00+00:00,81553428,20,all_days,completion_random_sample
2026-01-12T00:00:00+00:00,81554779,20,all_days,completion_random_sample
2026-01-12T00:00:00+00:00,81558063,20,all_days,completion_random_sample
2026-01-12T00:00:00+00:00,81561067,20,all_days,completion_random_sample
2026-01-12T00:00:00+00:00,81562012,20,all_days,completion_random_sample
2026-01-12T00:00:00+00:00,81562523,20,all_days,completion_random_sample
2026-01-12T00:00:00+00:00,81563224,20,all_days,completion_random_sample
2026-01-12T00:00:00+00:00,81564313,20,all_days,completion_random_sample
2026-01-12T00:00:00+00:00,81564585,20,all_days,completion_random_sample
2026-01-12T00:00:00+00:00,81565768,20,all_days,completion_random_sample
2026-01-12T00:00:00+00:00,81567887,20,all_days,completion_random_sample
2026-01-13T00:00:00+00:00,81573186,20,all_days,completion_random_sample
2026-01-13T00:00:00+00:00,81574610,20,all_days,completion_random_sample
2026-01-13T00:00:00+00:00,81574787,20,all_days,completion_random_sample
2026-01-13T00:00:00+00:00,81576447,20,all_days,completion_random_sample
2026-01-13T00:00:00+00:00,81578259,20,all_days,completion_random_sample
2026-01-13T00:00:00+00:00,81578975,20,all_days,completion_random_sample
2026-01-13T00:00:00+00:00,81582261,20,all_days,completion_random_sample
2026-01-13T00:00:00+00:00,81582447,20,all_days,completion_random_sample
2026-01-13T00:00:00+00:00,81582841,20,all_days,completion_random_sample
2026-01-13T00:00:00+00:00,81584548,20,all_days,completion_random_sample
2026-01-13T00:00:00+00:00,81588180,20,all_days,completion_random_sample
2026-01-13T00:00:00+00:00,81592467,20,all_days,completion_random_sample
2026-01-13T00:00:00+00:00,81594373,20,all_days,completion_random_sample
2026-01-13T00:00:00+00:00,81595685,20,all_days,completion_random_sample
2026-01-13T00:00:00+00:00,81596848,20,all_days,completion_random_sample
2026-01-13T00:00:00+00:00,81601051,20,all_days,completion_random_sample
2026-01-13T00:00:00+00:00,81601170,20,all_days,completion_random_sample
2026-01-13T00:00:00+00:00,81602076,20,all_days,completion_random_sample
2026-01-13T00:00:00+00:00,81603305,20,all_days,completion_random_sample
2026-01-13T00:00:00+00:00,81613547,20,all_days,completion_random_sample
2026-01-14T00:00:00+00:00,81614971,20,all_days,completion_random_sample
2026-01-14T00:00:00+00:00,81616365,20,all_days,completion_random_sample
2026-01-14T00:00:00+00:00,81617006,20,all_days,completion_random_sample
2026-01-14T00:00:00+00:00,81620047,20,all_days,completion_random_sample
2026-01-14T00:00:00+00:00,81620547,20,all_days,completion_random_sample
2026-01-14T00:00:00+00:00,81623892,20,all_days,completion_random_sample
2026-01-14T00:00:00+00:00,81624354,20,all_days,completion_random_sample
2026-01-14T00:00:00+00:00,81624520,20,all_days,completion_random_sample
2026-01-14T00:00:00+00:00,81625450,20,all_days,completion_random_sample
2026-01-14T00:00:00+00:00,81626345,20,all_days,completion_random_sample
2026-01-14T00:00:00+00:00,81627633,20,all_days,completion_random_sample
2026-01-14T00:00:00+00:00,81631254,20,all_days,completion_random_sample
2026-01-14T00:00:00+00:00,81636033,20,all_days,completion_random_sample
2026-01-14T00:00:00+00:00,81639561,20,all_days,completion_random_sample
2026-01-14T00:00:00+00:00,81639681,20,all_days,completion_random_sample
2026-01-14T00:00:00+00:00,81640094,20,all_days,completion_random_sample
2026-01-14T00:00:00+00:00,81645863,20,all_days,completion_random_sample
2026-01-14T00:00:00+00:00,81645878,20,all_days,completion_random_sample
2026-01-14T00:00:00+00:00,81648141,20,all_days,completion_random_sample
2026-01-14T00:00:00+00:00,81655744,20,all_days,completion_random_sample
2026-01-15T00:00:00+00:00,81657817,20,all_days,completion_random_sample
2026-01-15T00:00:00+00:00,81659397,20,all_days,completion_random_sample
2026-01-15T00:00:00+00:00,81662253,20,all_days,completion_random_sample
2026-01-15T00:00:00+00:00,81662614,20,all_days,completion_random_sample
2026-01-15T00:00:00+00:00,81664704,20,all_days,completion_random_sample
2026-01-15T00:00:00+00:00,81665788,20,all_days,completion_random_sample
2026-01-15T00:00:00+00:00,81668333,20,all_days,completion_random_sample
2026-01-15T00:00:00+00:00,81668765,20,all_days,completion_random_sample
2026-01-15T00:00:00+00:00,81671747,20,all_days,completion_random_sample
2026-01-15T00:00:00+00:00,81679598,20,all_days,completion_random_sample
2026-01-15T00:00:00+00:00,81680678,20,all_days,completion_random_sample
2026-01-15T00:00:00+00:00,81683234,20,all_days,completion_random_sample
2026-01-15T00:00:00+00:00,81684305,20,all_days,completion_random_sample
2026-01-15T00:00:00+00:00,81686287,20,all_days,completion_random_sample
2026-01-15T00:00:00+00:00,81688303,20,all_days,completion_random_sample
2026-01-15T00:00:00+00:00,81689281,20,all_days,completion_random_sample
2026-01-15T00:00:00+00:00,81689873,20,all_days,completion_random_sample
2026-01-15T00:00:00+00:00,81692191,20,all_days,completion_random_sample
2026-01-15T00:00:00+00:00,81694072,20,all_days,completion_random_sample
2026-01-15T00:00:00+00:00,81700483,20,all_days,completion_random_sample
2026-01-16T00:00:00+00:00,81700997,20,all_days,completion_random_sample
2026-01-16T00:00:00+00:00,81704020,20,all_days,completion_random_sample
2026-01-16T00:00:00+00:00,81704210,20,all_days,completion_random_sample
2026-01-16T00:00:00+00:00,81705512,20,all_days,completion_random_sample
2026-01-16T00:00:00+00:00,81705566,20,all_days,completion_random_sample
2026-01-16T00:00:00+00:00,81705690,20,all_days,completion_random_sample
2026-01-16T00:00:00+00:00,81706520,20,all_days,completion_random_sample
2026-01-16T00:00:00+00:00,81714154,20,all_days,completion_random_sample
2026-01-16T00:00:00+00:00,81714458,20,all_days,completion_random_sample
2026-01-16T00:00:00+00:00,81717005,20,all_days,completion_random_sample
2026-01-16T00:00:00+00:00,81718029,20,all_days,completion_random_sample
2026-01-16T00:00:00+00:00,81723591,20,all_days,completion_random_sample
2026-01-16T00:00:00+00:00,81726278,20,all_days,completion_random_sample
2026-01-16T00:00:00+00:00,81726311,20,all_days,completion_random_sample
2026-01-16T00:00:00+00:00,81727672,20,all_days,completion_random_sample
2026-01-16T00:00:00+00:00,81729223,20,all_days,completion_random_sample
2026-01-16T00:00:00+00:00,81732711,20,all_days,completion_random_sample
2026-01-16T00:00:00+00:00,81734973,20,all_days,completion_random_sample
2026-01-16T00:00:00+00:00,81735701,20,all_days,completion_random_sample
2026-01-16T00:00:00+00:00,81735873,20,all_days,completion_random_sample
2026-01-17T00:00:00+00:00,81744104,20,all_days,completion_random_sample
2026-01-17T00:00:00+00:00,81748635,20,all_days,completion_random_sample
2026-01-17T00:00:00+00:00,81749184,20,all_days,completion_random_sample
2026-01-17T00:00:00+00:00,81749330,20,all_days,completion_random_sample
2026-01-17T00:00:00+00:00,81750657,20,all_days,completion_random_sample
2026-01-17T00:00:00+00:00,81755232,20,all_days,completion_random_sample
2026-01-17T00:00:00+00:00,81757951,20,all_days,completion_random_sample
2026-01-17T00:00:00+00:00,81760530,20,all_days,completion_random_sample
2026-01-17T00:00:00+00:00,81761098,20,all_days,completion_random_sample
2026-01-17T00:00:00+00:00,81761106,20,all_days,completion_random_sample
2026-01-17T00:00:00+00:00,81761473,20,all_days,completion_random_sample
2026-01-17T00:00:00+00:00,81763429,20,all_days,completion_random_sample
2026-01-17T00:00:00+00:00,81766152,20,all_days,completion_random_sample
2026-01-17T00:00:00+00:00,81766878,20,all_days,completion_random_sample
2026-01-17T00:00:00+00:00,81772803,20,all_days,completion_random_sample
2026-01-17T00:00:00+00:00,81774196,20,all_days,completion_random_sample
2026-01-17T00:00:00+00:00,81779833,20,all_days,completion_random_sample
2026-01-17T00:00:00+00:00,81782910,20,all_days,completion_random_sample
2026-01-17T00:00:00+00:00,81782965,20,all_days,completion_random_sample
2026-01-17T00:00:00+00:00,81787022,20,all_days,completion_random_sample
2026-01-18T00:00:00+00:00,81789955,20,all_days,completion_random_sample
2026-01-18T00:00:00+00:00,81791253,20,all_days,completion_random_sample
2026-01-18T00:00:00+00:00,81792900,20,all_days,completion_random_sample
2026-01-18T00:00:00+00:00,81793245,20,all_days,completion_random_sample
2026-01-18T00:00:00+00:00,81796690,20,all_days,completion_random_sample
2026-01-18T00:00:00+00:00,81798508,20,all_days,completion_random_sample
2026-01-18T00:00:00+00:00,81798763,20,all_days,completion_random_sample
2026-01-18T00:00:00+00:00,81798958,20,all_days,completion_random_sample
2026-01-18T00:00:00+00:00,81800915,20,all_days,completion_random_sample
2026-01-18T00:00:00+00:00,81801011,20,all_days,completion_random_sample
2026-01-18T00:00:00+00:00,81801786,20,all_days,completion_random_sample
2026-01-18T00:00:00+00:00,81803140,20,all_days,completion_random_sample
2026-01-18T00:00:00+00:00,81803224,20,all_days,completion_random_sample
2026-01-18T00:00:00+00:00,81812029,20,all_days,completion_random_sample
2026-01-18T00:00:00+00:00,81812894,20,all_days,completion_random_sample
2026-01-18T00:00:00+00:00,81814981,20,all_days,completion_random_sample
2026-01-18T00:00:00+00:00,81815800,20,all_days,completion_random_sample
2026-01-18T00:00:00+00:00,81817479,20,all_days,completion_random_sample
2026-01-18T00:00:00+00:00,81818227,20,all_days,completion_random_sample
2026-01-18T00:00:00+00:00,81819726,20,all_days,completion_random_sample
2026-01-19T00:00:00+00:00,81832567,20,all_days,completion_random_sample
2026-01-19T00:00:00+00:00,81839551,20,all_days,completion_random_sample
2026-01-19T00:00:00+00:00,81839954,20,all_days,completion_random_sample
2026-01-19T00:00:00+00:00,81843105,20,all_days,completion_random_sample
2026-01-19T00:00:00+00:00,81843497,20,all_days,completion_random_sample
2026-01-19T00:00:00+00:00,81843525,20,all_days,completion_random_sample
2026-01-19T00:00:00+00:00,81844480,20,all_days,completion_random_sample
2026-01-19T00:00:00+00:00,81847725,20,all_days,completion_random_sample
2026-01-19T00:00:00+00:00,81848877,20,all_days,completion_random_sample
2026-01-19T00:00:00+00:00,81849181,20,all_days,completion_random_sample
2026-01-19T00:00:00+00:00,81855472,20,all_days,completion_random_sample
2026-01-19T00:00:00+00:00,81858645,20,all_days,completion_random_sample
2026-01-19T00:00:00+00:00,81862015,20,all_days,completion_random_sample
2026-01-19T00:00:00+00:00,81862900,20,all_days,completion_random_sample
2026-01-19T00:00:00+00:00,81864185,20,all_days,completion_random_sample
2026-01-19T00:00:00+00:00,81866759,20,all_days,completion_random_sample
2026-01-19T00:00:00+00:00,81867078,20,all_days,completion_random_sample
2026-01-19T00:00:00+00:00,81868282,20,all_days,completion_random_sample
2026-01-19T00:00:00+00:00,81869128,20,all_days,completion_random_sample
2026-01-19T00:00:00+00:00,81873280,20,all_days,completion_random_sample
2026-01-20T00:00:00+00:00,81874294,20,all_days,completion_random_sample
2026-01-20T00:00:00+00:00,81874375,20,all_days,completion_random_sample
2026-01-20T00:00:00+00:00,81874597,20,all_days,completion_random_sample
2026-01-20T00:00:00+00:00,81879162,20,all_days,completion_random_sample
2026-01-20T00:00:00+00:00,81881998,20,all_days,completion_random_sample
2026-01-20T00:00:00+00:00,81884179,20,all_days,completion_random_sample
2026-01-20T00:00:00+00:00,81885650,20,all_days,completion_random_sample
2026-01-20T00:00:00+00:00,81887134,20,all_days,completion_random_sample
2026-01-20T00:00:00+00:00,81895715,20,all_days,completion_random_sample
2026-01-20T00:00:00+00:00,81896118,20,all_days,completion_random_sample
2026-01-20T00:00:00+00:00,81900783,20,all_days,completion_random_sample
2026-01-20T00:00:00+00:00,81901569,20,all_days,completion_random_sample
2026-01-20T00:00:00+00:00,81901633,20,all_days,completion_random_sample
2026-01-20T00:00:00+00:00,81902368,20,all_days,completion_random_sample
2026-01-20T00:00:00+00:00,81907852,20,all_days,completion_random_sample
2026-01-20T00:00:00+00:00,81910823,20,all_days,completion_random_sample
2026-01-20T00:00:00+00:00,81913018,20,all_days,completion_random_sample
2026-01-20T00:00:00+00:00,81913048,20,all_days,completion_random_sample
2026-01-20T00:00:00+00:00,81914012,20,all_days,completion_random_sample
2026-01-20T00:00:00+00:00,81915566,20,all_days,completion_random_sample
2026-01-21T00:00:00+00:00,81920125,20,all_days,completion_random_sample
2026-01-21T00:00:00+00:00,81920703,20,all_days,completion_random_sample
2026-01-21T00:00:00+00:00,81921165,20,all_days,completion_random_sample
2026-01-21T00:00:00+00:00,81922146,20,all_days,completion_random_sample
2026-01-21T00:00:00+00:00,81923390,20,all_days,completion_random_sample
2026-01-21T00:00:00+00:00,81923545,20,all_days,completion_random_sample
2026-01-21T00:00:00+00:00,81923930,20,all_days,completion_random_sample
2026-01-21T00:00:00+00:00,81925443,20,all_days,completion_random_sample
2026-01-21T00:00:00+00:00,81930076,20,all_days,completion_random_sample
2026-01-21T00:00:00+00:00,81930153,20,all_days,completion_random_sample
2026-01-21T00:00:00+00:00,81934531,20,all_days,completion_random_sample
2026-01-21T00:00:00+00:00,81935170,20,all_days,completion_random_sample
2026-01-21T00:00:00+00:00,81935984,20,all_days,completion_random_sample
2026-01-21T00:00:00+00:00,81939247,20,all_days,completion_random_sample
2026-01-21T00:00:00+00:00,81940079,20,all_days,completion_random_sample
2026-01-21T00:00:00+00:00,81944586,20,all_days,completion_random_sample
2026-01-21T00:00:00+00:00,81946192,20,all_days,completion_random_sample
2026-01-21T00:00:00+00:00,81949830,20,all_days,completion_random_sample
2026-01-21T00:00:00+00:00,81951683,20,all_days,completion_random_sample
2026-01-21T00:00:00+00:00,81951831,20,all_days,completion_random_sample
2026-01-22T00:00:00+00:00,81964128,20,all_days,completion_random_sample
2026-01-22T00:00:00+00:00,81968893,20,all_days,completion_random_sample
2026-01-22T00:00:00+00:00,81969270,20,all_days,completion_random_sample
2026-01-22T00:00:00+00:00,81969805,20,all_days,completion_random_sample
2026-01-22T00:00:00+00:00,81970148,20,all_days,completion_random_sample
2026-01-22T00:00:00+00:00,81970370,20,all_days,completion_random_sample
2026-01-22T00:00:00+00:00,81971709,20,all_days,completion_random_sample
2026-01-22T00:00:00+00:00,81972262,20,all_days,completion_random_sample
2026-01-22T00:00:00+00:00,81972899,20,all_days,completion_random_sample
2026-01-22T00:00:00+00:00,81973315,20,all_days,completion_random_sample
2026-01-22T00:00:00+00:00,81974928,20,all_days,completion_random_sample
2026-01-22T00:00:00+00:00,81976927,20,all_days,completion_random_sample
2026-01-22T00:00:00+00:00,81977479,20,all_days,completion_random_sample
2026-01-22T00:00:00+00:00,81978791,20,all_days,completion_random_sample
2026-01-22T00:00:00+00:00,81986352,20,all_days,completion_random_sample
2026-01-22T00:00:00+00:00,81987129,20,all_days,completion_random_sample
2026-01-22T00:00:00+00:00,81991724,20,all_days,completion_random_sample
2026-01-22T00:00:00+00:00,81996044,20,all_days,completion_random_sample
2026-01-22T00:00:00+00:00,81997843,20,all_days,completion_random_sample
2026-01-22T00:00:00+00:00,82001551,20,all_days,completion_random_sample
2026-01-23T00:00:00+00:00,82003669,20,all_days,completion_random_sample
2026-01-23T00:00:00+00:00,82007695,20,all_days,completion_random_sample
2026-01-23T00:00:00+00:00,82014165,20,all_days,completion_random_sample
2026-01-23T00:00:00+00:00,82015150,20,all_days,completion_random_sample
2026-01-23T00:00:00+00:00,82018235,20,all_days,completion_random_sample
2026-01-23T00:00:00+00:00,82020700,20,all_days,completion_random_sample
2026-01-23T00:00:00+00:00,82024361,20,all_days,completion_random_sample
2026-01-23T00:00:00+00:00,82027480,20,all_days,completion_random_sample
2026-01-23T00:00:00+00:00,82029559,20,all_days,completion_random_sample
2026-01-23T00:00:00+00:00,82030483,20,all_days,completion_random_sample
2026-01-23T00:00:00+00:00,82031413,20,all_days,completion_random_sample
2026-01-23T00:00:00+00:00,82035096,20,all_days,completion_random_sample
2026-01-23T00:00:00+00:00,82035944,20,all_days,completion_random_sample
2026-01-23T00:00:00+00:00,82036112,20,all_days,completion_random_sample
2026-01-23T00:00:00+00:00,82040160,20,all_days,completion_random_sample
2026-01-23T00:00:00+00:00,82040296,20,all_days,completion_random_sample
2026-01-23T00:00:00+00:00,82040303,20,all_days,completion_random_sample
2026-01-23T00:00:00+00:00,82040334,20,all_days,completion_random_sample
2026-01-23T00:00:00+00:00,82041183,20,all_days,completion_random_sample
2026-01-23T00:00:00+00:00,82041250,20,all_days,completion_random_sample
2026-01-24T00:00:00+00:00,82051753,20,all_days,completion_random_sample
2026-01-24T00:00:00+00:00,82052776,20,all_days,completion_random_sample
2026-01-24T00:00:00+00:00,82054128,20,all_days,completion_random_sample
2026-01-24T00:00:00+00:00,82054152,20,all_days,completion_random_sample
2026-01-24T00:00:00+00:00,82055258,20,all_days,completion_random_sample
2026-01-24T00:00:00+00:00,82056317,20,all_days,completion_random_sample
2026-01-24T00:00:00+00:00,82058369,20,all_days,completion_random_sample
2026-01-24T00:00:00+00:00,82059903,20,all_days,completion_random_sample
2026-01-24T00:00:00+00:00,82060403,20,all_days,completion_random_sample
2026-01-24T00:00:00+00:00,82060699,20,all_days,completion_random_sample
2026-01-24T00:00:00+00:00,82062726,20,all_days,completion_random_sample
2026-01-24T00:00:00+00:00,82062853,20,all_days,completion_random_sample
2026-01-24T00:00:00+00:00,82064151,20,all_days,completion_random_sample
2026-01-24T00:00:00+00:00,82068446,20,all_days,completion_random_sample
2026-01-24T00:00:00+00:00,82069826,20,all_days,completion_random_sample
2026-01-24T00:00:00+00:00,82074214,20,all_days,completion_random_sample
2026-01-24T00:00:00+00:00,82078147,20,all_days,completion_random_sample
2026-01-24T00:00:00+00:00,82085342,20,all_days,completion_random_sample
2026-01-24T00:00:00+00:00,82088386,20,all_days,completion_random_sample
2026-01-24T00:00:00+00:00,82088861,20,all_days,completion_random_sample
2026-01-25T00:00:00+00:00,82094362,20,all_days,completion_random_sample
2026-01-25T00:00:00+00:00,82095393,20,all_days,completion_random_sample
2026-01-25T00:00:00+00:00,82096887,20,all_days,completion_random_sample
2026-01-25T00:00:00+00:00,82097763,20,all_days,completion_random_sample
2026-01-25T00:00:00+00:00,82100990,20,all_days,completion_random_sample
2026-01-25T00:00:00+00:00,82103581,20,all_days,completion_random_sample
2026-01-25T00:00:00+00:00,82104106,20,all_days,completion_random_sample
2026-01-25T00:00:00+00:00,82105120,20,all_days,completion_random_sample
2026-01-25T00:00:00+00:00,82106255,20,all_days,completion_random_sample
2026-01-25T00:00:00+00:00,82109948,20,all_days,completion_random_sample
2026-01-25T00:00:00+00:00,82111580,20,all_days,completion_random_sample
2026-01-25T00:00:00+00:00,82114736,20,all_days,completion_random_sample
2026-01-25T00:00:00+00:00,82115378,20,all_days,completion_random_sample
2026-01-25T00:00:00+00:00,82115797,20,all_days,completion_random_sample
2026-01-25T00:00:00+00:00,82116853,20,all_days,completion_random_sample
2026-01-25T00:00:00+00:00,82121429,20,all_days,completion_random_sample
2026-01-25T00:00:00+00:00,82123048,20,all_days,completion_random_sample
2026-01-25T00:00:00+00:00,82127710,20,all_days,completion_random_sample
2026-01-25T00:00:00+00:00,82128874,20,all_days,completion_random_sample
2026-01-25T00:00:00+00:00,82131326,20,all_days,completion_random_sample
2026-01-26T00:00:00+00:00,82135205,20,all_days,completion_random_sample
2026-01-26T00:00:00+00:00,82137585,20,all_days,completion_random_sample
2026-01-26T00:00:00+00:00,82138224,20,all_days,completion_random_sample
2026-01-26T00:00:00+00:00,82142384,20,all_days,completion_random_sample
2026-01-26T00:00:00+00:00,82142584,20,all_days,completion_random_sample
2026-01-26T00:00:00+00:00,82142805,20,all_days,completion_random_sample
2026-01-26T00:00:00+00:00,82147713,20,all_days,completion_random_sample
2026-01-26T00:00:00+00:00,82149040,20,all_days,completion_random_sample
2026-01-26T00:00:00+00:00,82149189,20,all_days,completion_random_sample
2026-01-26T00:00:00+00:00,82152152,20,all_days,completion_random_sample
2026-01-26T00:00:00+00:00,82154596,20,all_days,completion_random_sample
2026-01-26T00:00:00+00:00,82155747,20,all_days,completion_random_sample
2026-01-26T00:00:00+00:00,82156931,20,all_days,completion_random_sample
2026-01-26T00:00:00+00:00,82159560,20,all_days,completion_random_sample
2026-01-26T00:00:00+00:00,82160044,20,all_days,completion_random_sample
2026-01-26T00:00:00+00:00,82163722,20,all_days,completion_random_sample
2026-01-26T00:00:00+00:00,82164270,20,all_days,completion_random_sample
2026-01-26T00:00:00+00:00,82173161,20,all_days,completion_random_sample
2026-01-26T00:00:00+00:00,82174253,20,all_days,completion_random_sample
2026-01-26T00:00:00+00:00,82174813,20,all_days,completion_random_sample
2026-01-27T00:00:00+00:00,82177063,20,all_days,completion_random_sample
2026-01-27T00:00:00+00:00,82177613,20,all_days,completion_random_sample
2026-01-27T00:00:00+00:00,82177936,20,all_days,completion_random_sample
2026-01-27T00:00:00+00:00,82178704,20,all_days,completion_random_sample
2026-01-27T00:00:00+00:00,82180175,20,all_days,completion_random_sample
2026-01-27T00:00:00+00:00,82185187,20,all_days,completion_random_sample
2026-01-27T00:00:00+00:00,82186930,20,all_days,completion_random_sample
2026-01-27T00:00:00+00:00,82188976,20,all_days,completion_random_sample
2026-01-27T00:00:00+00:00,82190540,20,all_days,completion_random_sample
2026-01-27T00:00:00+00:00,82192873,20,all_days,completion_random_sample
2026-01-27T00:00:00+00:00,82195233,20,all_days,completion_random_sample
2026-01-27T00:00:00+00:00,82195927,20,all_days,completion_random_sample
2026-01-27T00:00:00+00:00,82199798,20,all_days,completion_random_sample
2026-01-27T00:00:00+00:00,82204470,20,all_days,completion_random_sample
2026-01-27T00:00:00+00:00,82206081,20,all_days,completion_random_sample
2026-01-27T00:00:00+00:00,82211744,20,all_days,completion_random_sample
2026-01-27T00:00:00+00:00,82212129,20,all_days,completion_random_sample
2026-01-27T00:00:00+00:00,82214332,20,all_days,completion_random_sample
2026-01-27T00:00:00+00:00,82214498,20,all_days,completion_random_sample
2026-01-27T00:00:00+00:00,82215527,20,all_days,completion_random_sample
2026-01-28T00:00:00+00:00,82221617,20,all_days,completion_random_sample
2026-01-28T00:00:00+00:00,82221857,20,all_days,completion_random_sample
2026-01-28T00:00:00+00:00,82222305,20,all_days,completion_random_sample
2026-01-28T00:00:00+00:00,82223458,20,all_days,completion_random_sample
2026-01-28T00:00:00+00:00,82225995,20,all_days,completion_random_sample
2026-01-28T00:00:00+00:00,82232226,20,all_days,completion_random_sample
2026-01-28T00:00:00+00:00,82233267,20,all_days,completion_random_sample
2026-01-28T00:00:00+00:00,82235893,20,all_days,completion_random_sample
2026-01-28T00:00:00+00:00,82236244,20,all_days,completion_random_sample
2026-01-28T00:00:00+00:00,82237150,20,all_days,completion_random_sample
2026-01-28T00:00:00+00:00,82239865,20,all_days,completion_random_sample
2026-01-28T00:00:00+00:00,82244142,20,all_days,completion_random_sample
2026-01-28T00:00:00+00:00,82249522,20,all_days,completion_random_sample
2026-01-28T00:00:00+00:00,82250473,20,all_days,completion_random_sample
2026-01-28T00:00:00+00:00,82251588,20,all_days,completion_random_sample
2026-01-28T00:00:00+00:00,82252444,20,all_days,completion_random_sample
2026-01-28T00:00:00+00:00,82252557,20,all_days,completion_random_sample
2026-01-28T00:00:00+00:00,82255054,20,all_days,completion_random_sample
2026-01-28T00:00:00+00:00,82255742,20,all_days,completion_random_sample
2026-01-28T00:00:00+00:00,82259217,20,all_days,completion_random_sample
2026-01-29T00:00:00+00:00,82262865,20,all_days,reused_three_phase_sample
2026-01-29T00:00:00+00:00,82266614,20,all_days,reused_three_phase_sample
2026-01-29T00:00:00+00:00,82268351,20,all_days,reused_three_phase_sample
2026-01-29T00:00:00+00:00,82269387,20,all_days,reused_three_phase_sample
2026-01-29T00:00:00+00:00,82271119,20,all_days,reused_three_phase_sample
2026-01-29T00:00:00+00:00,82271961,20,all_days,reused_three_phase_sample
2026-01-29T00:00:00+00:00,82272381,20,all_days,reused_three_phase_sample
2026-01-29T00:00:00+00:00,82274160,20,all_days,reused_three_phase_sample
2026-01-29T00:00:00+00:00,82275766,20,all_days,reused_three_phase_sample
2026-01-29T00:00:00+00:00,82276674,20,all_days,reused_three_phase_sample
2026-01-29T00:00:00+00:00,82276876,20,all_days,reused_three_phase_sample
2026-01-29T00:00:00+00:00,82277710,20,all_days,reused_three_phase_sample
2026-01-29T00:00:00+00:00,82280878,20,all_days,reused_three_phase_sample
2026-01-29T00:00:00+00:00,82283951,20,all_days,reused_three_phase_sample
2026-01-29T00:00:00+00:00,82285725,20,all_days,reused_three_phase_sample
2026-01-29T00:00:00+00:00,82289580,20,all_days,reused_three_phase_sample
2026-01-29T00:00:00+00:00,82296605,20,all_days,reused_three_phase_sample
2026-01-29T00:00:00+00:00,82297367,20,all_days,reused_three_phase_sample
2026-01-29T00:00:00+00:00,82298706,20,all_days,reused_three_phase_sample
2026-01-29T00:00:00+00:00,82300353,20,all_days,reused_three_phase_sample
2026-01-30T00:00:00+00:00,82307202,20,all_days,reused_three_phase_sample
2026-01-30T00:00:00+00:00,82310201,20,all_days,reused_three_phase_sample
2026-01-30T00:00:00+00:00,82313846,20,all_days,reused_three_phase_sample
2026-01-30T00:00:00+00:00,82313869,20,all_days,reused_three_phase_sample
2026-01-30T00:00:00+00:00,82314009,20,all_days,reused_three_phase_sample
2026-01-30T00:00:00+00:00,82314654,20,all_days,reused_three_phase_sample
2026-01-30T00:00:00+00:00,82315087,20,all_days,reused_three_phase_sample
2026-01-30T00:00:00+00:00,82316297,20,all_days,reused_three_phase_sample
2026-01-30T00:00:00+00:00,82317542,20,all_days,reused_three_phase_sample
2026-01-30T00:00:00+00:00,82318262,20,all_days,reused_three_phase_sample
2026-01-30T00:00:00+00:00,82319596,20,all_days,reused_three_phase_sample
2026-01-30T00:00:00+00:00,82322366,20,all_days,reused_three_phase_sample
2026-01-30T00:00:00+00:00,82326269,20,all_days,reused_three_phase_sample
2026-01-30T00:00:00+00:00,82333901,20,all_days,reused_three_phase_sample
2026-01-30T00:00:00+00:00,82336361,20,all_days,reused_three_phase_sample
2026-01-30T00:00:00+00:00,82338910,20,all_days,reused_three_phase_sample
2026-01-30T00:00:00+00:00,82341340,20,all_days,reused_three_phase_sample
2026-01-30T00:00:00+00:00,82341686,20,all_days,reused_three_phase_sample
2026-01-30T00:00:00+00:00,82341903,20,all_days,reused_three_phase_sample
2026-01-30T00:00:00+00:00,82348721,20,all_days,reused_three_phase_sample
2026-01-31T00:00:00+00:00,82353330,20,all_days,reused_three_phase_sample
2026-01-31T00:00:00+00:00,82353844,20,all_days,reused_three_phase_sample
2026-01-31T00:00:00+00:00,82357256,20,all_days,reused_three_phase_sample
2026-01-31T00:00:00+00:00,82357864,20,all_days,reused_three_phase_sample
2026-01-31T00:00:00+00:00,82364784,20,all_days,reused_three_phase_sample
2026-01-31T00:00:00+00:00,82365634,20,all_days,reused_three_phase_sample
2026-01-31T00:00:00+00:00,82370016,20,all_days,reused_three_phase_sample
2026-01-31T00:00:00+00:00,82370711,20,all_days,reused_three_phase_sample
2026-01-31T00:00:00+00:00,82372234,20,all_days,reused_three_phase_sample
2026-01-31T00:00:00+00:00,82373833,20,all_days,reused_three_phase_sample
2026-01-31T00:00:00+00:00,82375726,20,all_days,reused_three_phase_sample
2026-01-31T00:00:00+00:00,82376627,20,all_days,reused_three_phase_sample
2026-01-31T00:00:00+00:00,82377193,20,all_days,reused_three_phase_sample
2026-01-31T00:00:00+00:00,82381388,20,all_days,reused_three_phase_sample
2026-01-31T00:00:00+00:00,82382990,20,all_days,reused_three_phase_sample
2026-01-31T00:00:00+00:00,82383549,20,all_days,reused_three_phase_sample
2026-01-31T00:00:00+00:00,82386801,20,all_days,reused_three_phase_sample
2026-01-31T00:00:00+00:00,82388063,20,all_days,reused_three_phase_sample
2026-01-31T00:00:00+00:00,82389251,20,all_days,reused_three_phase_sample
2026-01-31T00:00:00+00:00,82389669,20,all_days,reused_three_phase_sample
2026-02-01T00:00:00+00:00,82392382,20,all_days,reused_three_phase_sample
2026-02-01T00:00:00+00:00,82394163,20,all_days,reused_three_phase_sample
2026-02-01T00:00:00+00:00,82394351,20,all_days,reused_three_phase_sample
2026-02-01T00:00:00+00:00,82395553,20,all_days,reused_three_phase_sample
2026-02-01T00:00:00+00:00,82401755,20,all_days,reused_three_phase_sample
2026-02-01T00:00:00+00:00,82402486,20,all_days,reused_three_phase_sample
2026-02-01T00:00:00+00:00,82402901,20,all_days,reused_three_phase_sample
2026-02-01T00:00:00+00:00,82403338,20,all_days,reused_three_phase_sample
2026-02-01T00:00:00+00:00,82404717,20,all_days,reused_three_phase_sample
2026-02-01T00:00:00+00:00,82404906,20,all_days,reused_three_phase_sample
2026-02-01T00:00:00+00:00,82407927,20,all_days,reused_three_phase_sample
2026-02-01T00:00:00+00:00,82408571,20,all_days,reused_three_phase_sample
2026-02-01T00:00:00+00:00,82414078,20,all_days,reused_three_phase_sample
2026-02-01T00:00:00+00:00,82415732,20,all_days,reused_three_phase_sample
2026-02-01T00:00:00+00:00,82418018,20,all_days,reused_three_phase_sample
2026-02-01T00:00:00+00:00,82420677,20,all_days,reused_three_phase_sample
2026-02-01T00:00:00+00:00,82421413,20,all_days,reused_three_phase_sample
2026-02-01T00:00:00+00:00,82423945,20,all_days,reused_three_phase_sample
2026-02-01T00:00:00+00:00,82431772,20,all_days,reused_three_phase_sample
2026-02-01T00:00:00+00:00,82433612,20,all_days,reused_three_phase_sample
2026-02-02T00:00:00+00:00,82435537,20,all_days,reused_three_phase_sample
2026-02-02T00:00:00+00:00,82436990,20,all_days,reused_three_phase_sample
2026-02-02T00:00:00+00:00,82441230,20,all_days,reused_three_phase_sample
2026-02-02T00:00:00+00:00,82441714,20,all_days,reused_three_phase_sample
2026-02-02T00:00:00+00:00,82441866,20,all_days,reused_three_phase_sample
2026-02-02T00:00:00+00:00,82446374,20,all_days,reused_three_phase_sample
2026-02-02T00:00:00+00:00,82447213,20,all_days,reused_three_phase_sample
2026-02-02T00:00:00+00:00,82451825,20,all_days,reused_three_phase_sample
2026-02-02T00:00:00+00:00,82452005,20,all_days,reused_three_phase_sample
2026-02-02T00:00:00+00:00,82452071,20,all_days,reused_three_phase_sample
2026-02-02T00:00:00+00:00,82454721,20,all_days,reused_three_phase_sample
2026-02-02T00:00:00+00:00,82459811,20,all_days,reused_three_phase_sample
2026-02-02T00:00:00+00:00,82460354,20,all_days,reused_three_phase_sample
2026-02-02T00:00:00+00:00,82463889,20,all_days,reused_three_phase_sample
2026-02-02T00:00:00+00:00,82465228,20,all_days,reused_three_phase_sample
2026-02-02T00:00:00+00:00,82467823,20,all_days,reused_three_phase_sample
2026-02-02T00:00:00+00:00,82468119,20,all_days,reused_three_phase_sample
2026-02-02T00:00:00+00:00,82471137,20,all_days,reused_three_phase_sample
2026-02-02T00:00:00+00:00,82471162,20,all_days,reused_three_phase_sample
2026-02-02T00:00:00+00:00,82472375,20,all_days,reused_three_phase_sample
2026-02-03T00:00:00+00:00,82482187,20,all_days,reused_three_phase_sample
2026-02-03T00:00:00+00:00,82482201,20,all_days,reused_three_phase_sample
2026-02-03T00:00:00+00:00,82482733,20,all_days,reused_three_phase_sample
2026-02-03T00:00:00+00:00,82484640,20,all_days,reused_three_phase_sample
2026-02-03T00:00:00+00:00,82486649,20,all_days,reused_three_phase_sample
2026-02-03T00:00:00+00:00,82487786,20,all_days,reused_three_phase_sample
2026-02-03T00:00:00+00:00,82489152,20,all_days,reused_three_phase_sample
2026-02-03T00:00:00+00:00,82489727,20,all_days,reused_three_phase_sample
2026-02-03T00:00:00+00:00,82491178,20,all_days,reused_three_phase_sample
2026-02-03T00:00:00+00:00,82494056,20,all_days,reused_three_phase_sample
2026-02-03T00:00:00+00:00,82494141,20,all_days,reused_three_phase_sample
2026-02-03T00:00:00+00:00,82494183,20,all_days,reused_three_phase_sample
2026-02-03T00:00:00+00:00,82500693,20,all_days,reused_three_phase_sample
2026-02-03T00:00:00+00:00,82500915,20,all_days,reused_three_phase_sample
2026-02-03T00:00:00+00:00,82503812,20,all_days,reused_three_phase_sample
2026-02-03T00:00:00+00:00,82506537,20,all_days,reused_three_phase_sample
2026-02-03T00:00:00+00:00,82511717,20,all_days,reused_three_phase_sample
2026-02-03T00:00:00+00:00,82512288,20,all_days,reused_three_phase_sample
2026-02-03T00:00:00+00:00,82512568,20,all_days,reused_three_phase_sample
2026-02-03T00:00:00+00:00,82515517,20,all_days,reused_three_phase_sample
2026-02-04T00:00:00+00:00,82522401,20,all_days,completion_random_sample
2026-02-04T00:00:00+00:00,82522593,20,all_days,completion_random_sample
2026-02-04T00:00:00+00:00,82523983,20,all_days,completion_random_sample
2026-02-04T00:00:00+00:00,82526352,20,all_days,completion_random_sample
2026-02-04T00:00:00+00:00,82527674,20,all_days,completion_random_sample
2026-02-04T00:00:00+00:00,82529621,20,all_days,completion_random_sample
2026-02-04T00:00:00+00:00,82533207,20,all_days,completion_random_sample
2026-02-04T00:00:00+00:00,82535908,20,all_days,completion_random_sample
2026-02-04T00:00:00+00:00,82540697,20,all_days,completion_random_sample
2026-02-04T00:00:00+00:00,82540937,20,all_days,completion_random_sample
2026-02-04T00:00:00+00:00,82543614,20,all_days,completion_random_sample
2026-02-04T00:00:00+00:00,82543781,20,all_days,completion_random_sample
2026-02-04T00:00:00+00:00,82547226,20,all_days,completion_random_sample
2026-02-04T00:00:00+00:00,82553638,20,all_days,completion_random_sample
2026-02-04T00:00:00+00:00,82556389,20,all_days,completion_random_sample
2026-02-04T00:00:00+00:00,82556596,20,all_days,completion_random_sample
2026-02-04T00:00:00+00:00,82558362,20,all_days,completion_random_sample
2026-02-04T00:00:00+00:00,82560117,20,all_days,completion_random_sample
2026-02-04T00:00:00+00:00,82560456,20,all_days,completion_random_sample
2026-02-04T00:00:00+00:00,82563011,20,all_days,completion_random_sample
2026-02-05T00:00:00+00:00,82569813,20,all_days,completion_random_sample
2026-02-05T00:00:00+00:00,82570047,20,all_days,completion_random_sample
2026-02-05T00:00:00+00:00,82570503,20,all_days,completion_random_sample
2026-02-05T00:00:00+00:00,82573196,20,all_days,completion_random_sample
2026-02-05T00:00:00+00:00,82574825,20,all_days,completion_random_sample
2026-02-05T00:00:00+00:00,82582658,20,all_days,completion_random_sample
2026-02-05T00:00:00+00:00,82582667,20,all_days,completion_random_sample
2026-02-05T00:00:00+00:00,82587941,20,all_days,completion_random_sample
2026-02-05T00:00:00+00:00,82590626,20,all_days,completion_random_sample
2026-02-05T00:00:00+00:00,82593762,20,all_days,completion_random_sample
2026-02-05T00:00:00+00:00,82595123,20,all_days,completion_random_sample
2026-02-05T00:00:00+00:00,82595768,20,all_days,completion_random_sample
2026-02-05T00:00:00+00:00,82601992,20,all_days,completion_random_sample
2026-02-05T00:00:00+00:00,82602489,20,all_days,completion_random_sample
2026-02-05T00:00:00+00:00,82602722,20,all_days,completion_random_sample
2026-02-05T00:00:00+00:00,82603192,20,all_days,completion_random_sample
2026-02-05T00:00:00+00:00,82605240,20,all_days,completion_random_sample
2026-02-05T00:00:00+00:00,82605505,20,all_days,completion_random_sample
2026-02-05T00:00:00+00:00,82606355,20,all_days,completion_random_sample
2026-02-05T00:00:00+00:00,82606814,20,all_days,completion_random_sample
2026-02-06T00:00:00+00:00,82609933,20,all_days,completion_random_sample
2026-02-06T00:00:00+00:00,82610264,20,all_days,completion_random_sample
2026-02-06T00:00:00+00:00,82611225,20,all_days,completion_random_sample
2026-02-06T00:00:00+00:00,82611447,20,all_days,completion_random_sample
2026-02-06T00:00:00+00:00,82612630,20,all_days,completion_random_sample
2026-02-06T00:00:00+00:00,82615526,20,all_days,completion_random_sample
2026-02-06T00:00:00+00:00,82616944,20,all_days,completion_random_sample
2026-02-06T00:00:00+00:00,82617157,20,all_days,completion_random_sample
2026-02-06T00:00:00+00:00,82620366,20,all_days,completion_random_sample
2026-02-06T00:00:00+00:00,82622325,20,all_days,completion_random_sample
2026-02-06T00:00:00+00:00,82626460,20,all_days,completion_random_sample
2026-02-06T00:00:00+00:00,82627627,20,all_days,completion_random_sample
2026-02-06T00:00:00+00:00,82628082,20,all_days,completion_random_sample
2026-02-06T00:00:00+00:00,82634869,20,all_days,completion_random_sample
2026-02-06T00:00:00+00:00,82636616,20,all_days,completion_random_sample
2026-02-06T00:00:00+00:00,82636940,20,all_days,completion_random_sample
2026-02-06T00:00:00+00:00,82639984,20,all_days,completion_random_sample
2026-02-06T00:00:00+00:00,82641773,20,all_days,completion_random_sample
2026-02-06T00:00:00+00:00,82641852,20,all_days,completion_random_sample
2026-02-06T00:00:00+00:00,82647293,20,all_days,completion_random_sample
2026-02-07T00:00:00+00:00,82651216,20,all_days,completion_random_sample
2026-02-07T00:00:00+00:00,82653518,20,all_days,completion_random_sample
2026-02-07T00:00:00+00:00,82658573,20,all_days,completion_random_sample
2026-02-07T00:00:00+00:00,82658934,20,all_days,completion_random_sample
2026-02-07T00:00:00+00:00,82660783,20,all_days,completion_random_sample
2026-02-07T00:00:00+00:00,82663911,20,all_days,completion_random_sample
2026-02-07T00:00:00+00:00,82666125,20,all_days,completion_random_sample
2026-02-07T00:00:00+00:00,82668040,20,all_days,completion_random_sample
2026-02-07T00:00:00+00:00,82668230,20,all_days,completion_random_sample
2026-02-07T00:00:00+00:00,82671686,20,all_days,completion_random_sample
2026-02-07T00:00:00+00:00,82672669,20,all_days,completion_random_sample
2026-02-07T00:00:00+00:00,82672872,20,all_days,completion_random_sample
2026-02-07T00:00:00+00:00,82673273,20,all_days,completion_random_sample
2026-02-07T00:00:00+00:00,82677940,20,all_days,completion_random_sample
2026-02-07T00:00:00+00:00,82678003,20,all_days,completion_random_sample
2026-02-07T00:00:00+00:00,82681130,20,all_days,completion_random_sample
2026-02-07T00:00:00+00:00,82682872,20,all_days,completion_random_sample
2026-02-07T00:00:00+00:00,82685703,20,all_days,completion_random_sample
2026-02-07T00:00:00+00:00,82687298,20,all_days,completion_random_sample
2026-02-07T00:00:00+00:00,82692991,20,all_days,completion_random_sample
2026-02-08T00:00:00+00:00,82695149,20,all_days,completion_random_sample
2026-02-08T00:00:00+00:00,82695477,20,all_days,completion_random_sample
2026-02-08T00:00:00+00:00,82697406,20,all_days,completion_random_sample
2026-02-08T00:00:00+00:00,82704511,20,all_days,completion_random_sample
2026-02-08T00:00:00+00:00,82705411,20,all_days,completion_random_sample
2026-02-08T00:00:00+00:00,82709054,20,all_days,completion_random_sample
2026-02-08T00:00:00+00:00,82709848,20,all_days,completion_random_sample
2026-02-08T00:00:00+00:00,82709965,20,all_days,completion_random_sample
2026-02-08T00:00:00+00:00,82710041,20,all_days,completion_random_sample
2026-02-08T00:00:00+00:00,82712588,20,all_days,completion_random_sample
2026-02-08T00:00:00+00:00,82712917,20,all_days,completion_random_sample
2026-02-08T00:00:00+00:00,82718719,20,all_days,completion_random_sample
2026-02-08T00:00:00+00:00,82720157,20,all_days,completion_random_sample
2026-02-08T00:00:00+00:00,82721413,20,all_days,completion_random_sample
2026-02-08T00:00:00+00:00,82726348,20,all_days,completion_random_sample
2026-02-08T00:00:00+00:00,82726375,20,all_days,completion_random_sample
2026-02-08T00:00:00+00:00,82726847,20,all_days,completion_random_sample
2026-02-08T00:00:00+00:00,82731643,20,all_days,completion_random_sample
2026-02-08T00:00:00+00:00,82731663,20,all_days,completion_random_sample
2026-02-08T00:00:00+00:00,82737492,20,all_days,completion_random_sample
2026-02-09T00:00:00+00:00,82738353,20,all_days,completion_random_sample
2026-02-09T00:00:00+00:00,82738984,20,all_days,completion_random_sample
2026-02-09T00:00:00+00:00,82740983,20,all_days,completion_random_sample
2026-02-09T00:00:00+00:00,82747028,20,all_days,completion_random_sample
2026-02-09T00:00:00+00:00,82747944,20,all_days,completion_random_sample
2026-02-09T00:00:00+00:00,82748830,20,all_days,completion_random_sample
2026-02-09T00:00:00+00:00,82749168,20,all_days,completion_random_sample
2026-02-09T00:00:00+00:00,82751859,20,all_days,completion_random_sample
2026-02-09T00:00:00+00:00,82754698,20,all_days,completion_random_sample
2026-02-09T00:00:00+00:00,82762507,20,all_days,completion_random_sample
2026-02-09T00:00:00+00:00,82767545,20,all_days,completion_random_sample
2026-02-09T00:00:00+00:00,82772073,20,all_days,completion_random_sample
2026-02-09T00:00:00+00:00,82773108,20,all_days,completion_random_sample
2026-02-09T00:00:00+00:00,82777134,20,all_days,completion_random_sample
2026-02-09T00:00:00+00:00,82777189,20,all_days,completion_random_sample
2026-02-09T00:00:00+00:00,82777455,20,all_days,completion_random_sample
2026-02-09T00:00:00+00:00,82779465,20,all_days,completion_random_sample
2026-02-09T00:00:00+00:00,82779494,20,all_days,completion_random_sample
2026-02-09T00:00:00+00:00,82780314,20,all_days,completion_random_sample
2026-02-09T00:00:00+00:00,82780603,20,all_days,completion_random_sample
2026-02-10T00:00:00+00:00,82782391,20,all_days,completion_random_sample
2026-02-10T00:00:00+00:00,82784301,20,all_days,completion_random_sample
2026-02-10T00:00:00+00:00,82787947,20,all_days,completion_random_sample
2026-02-10T00:00:00+00:00,82792969,20,all_days,completion_random_sample
2026-02-10T00:00:00+00:00,82794304,20,all_days,completion_random_sample
2026-02-10T00:00:00+00:00,82794474,20,all_days,completion_random_sample
2026-02-10T00:00:00+00:00,82796840,20,all_days,completion_random_sample
2026-02-10T00:00:00+00:00,82800295,20,all_days,completion_random_sample
2026-02-10T00:00:00+00:00,82804494,20,all_days,completion_random_sample
2026-02-10T00:00:00+00:00,82804671,20,all_days,completion_random_sample
2026-02-10T00:00:00+00:00,82804903,20,all_days,completion_random_sample
2026-02-10T00:00:00+00:00,82806668,20,all_days,completion_random_sample
2026-02-10T00:00:00+00:00,82807748,20,all_days,completion_random_sample
2026-02-10T00:00:00+00:00,82811160,20,all_days,completion_random_sample
2026-02-10T00:00:00+00:00,82814736,20,all_days,completion_random_sample
2026-02-10T00:00:00+00:00,82815599,20,all_days,completion_random_sample
2026-02-10T00:00:00+00:00,82816861,20,all_days,completion_random_sample
2026-02-10T00:00:00+00:00,82818686,20,all_days,completion_random_sample
2026-02-10T00:00:00+00:00,82819039,20,all_days,completion_random_sample
2026-02-10T00:00:00+00:00,82821384,20,all_days,completion_random_sample
2026-02-11T00:00:00+00:00,82825548,20,all_days,completion_random_sample
2026-02-11T00:00:00+00:00,82828409,20,all_days,completion_random_sample
2026-02-11T00:00:00+00:00,82830003,20,all_days,completion_random_sample
2026-02-11T00:00:00+00:00,82832848,20,all_days,completion_random_sample
2026-02-11T00:00:00+00:00,82834793,20,all_days,completion_random_sample
2026-02-11T00:00:00+00:00,82835063,20,all_days,completion_random_sample
2026-02-11T00:00:00+00:00,82838092,20,all_days,completion_random_sample
2026-02-11T00:00:00+00:00,82838273,20,all_days,completion_random_sample
2026-02-11T00:00:00+00:00,82843264,20,all_days,completion_random_sample
2026-02-11T00:00:00+00:00,82846880,20,all_days,completion_random_sample
2026-02-11T00:00:00+00:00,82851754,20,all_days,completion_random_sample
2026-02-11T00:00:00+00:00,82853952,20,all_days,completion_random_sample
2026-02-11T00:00:00+00:00,82857875,20,all_days,completion_random_sample
2026-02-11T00:00:00+00:00,82859130,20,all_days,completion_random_sample
2026-02-11T00:00:00+00:00,82859453,20,all_days,completion_random_sample
2026-02-11T00:00:00+00:00,82861911,20,all_days,completion_random_sample
2026-02-11T00:00:00+00:00,82863531,20,all_days,completion_random_sample
2026-02-11T00:00:00+00:00,82864571,20,all_days,completion_random_sample
2026-02-11T00:00:00+00:00,82865436,20,all_days,completion_random_sample
2026-02-11T00:00:00+00:00,82866697,20,all_days,completion_random_sample
2026-02-12T00:00:00+00:00,82867899,20,all_days,completion_random_sample
2026-02-12T00:00:00+00:00,82867993,20,all_days,completion_random_sample
2026-02-12T00:00:00+00:00,82871493,20,all_days,completion_random_sample
2026-02-12T00:00:00+00:00,82875380,20,all_days,completion_random_sample
2026-02-12T00:00:00+00:00,82876487,20,all_days,completion_random_sample
2026-02-12T00:00:00+00:00,82876671,20,all_days,completion_random_sample
2026-02-12T00:00:00+00:00,82878921,20,all_days,completion_random_sample
2026-02-12T00:00:00+00:00,82879250,20,all_days,completion_random_sample
2026-02-12T00:00:00+00:00,82880091,20,all_days,completion_random_sample
2026-02-12T00:00:00+00:00,82882057,20,all_days,completion_random_sample
2026-02-12T00:00:00+00:00,82888316,20,all_days,completion_random_sample
2026-02-12T00:00:00+00:00,82890358,20,all_days,completion_random_sample
2026-02-12T00:00:00+00:00,82890410,20,all_days,completion_random_sample
2026-02-12T00:00:00+00:00,82893237,20,all_days,completion_random_sample
2026-02-12T00:00:00+00:00,82896912,20,all_days,completion_random_sample
2026-02-12T00:00:00+00:00,82899810,20,all_days,completion_random_sample
2026-02-12T00:00:00+00:00,82902377,20,all_days,completion_random_sample
2026-02-12T00:00:00+00:00,82904284,20,all_days,completion_random_sample
2026-02-12T00:00:00+00:00,82905214,20,all_days,completion_random_sample
2026-02-12T00:00:00+00:00,82909780,20,all_days,completion_random_sample
2026-02-13T00:00:00+00:00,82910837,20,all_days,completion_random_sample
2026-02-13T00:00:00+00:00,82910852,20,all_days,completion_random_sample
2026-02-13T00:00:00+00:00,82914354,20,all_days,completion_random_sample
2026-02-13T00:00:00+00:00,82923055,20,all_days,completion_random_sample
2026-02-13T00:00:00+00:00,82930371,20,all_days,completion_random_sample
2026-02-13T00:00:00+00:00,82933079,20,all_days,completion_random_sample
2026-02-13T00:00:00+00:00,82934891,20,all_days,completion_random_sample
2026-02-13T00:00:00+00:00,82937820,20,all_days,completion_random_sample
2026-02-13T00:00:00+00:00,82938709,20,all_days,completion_random_sample
2026-02-13T00:00:00+00:00,82940418,20,all_days,completion_random_sample
2026-02-13T00:00:00+00:00,82940749,20,all_days,completion_random_sample
2026-02-13T00:00:00+00:00,82942256,20,all_days,completion_random_sample
2026-02-13T00:00:00+00:00,82944339,20,all_days,completion_random_sample
2026-02-13T00:00:00+00:00,82944433,20,all_days,completion_random_sample
2026-02-13T00:00:00+00:00,82944859,20,all_days,completion_random_sample
2026-02-13T00:00:00+00:00,82949448,20,all_days,completion_random_sample
2026-02-13T00:00:00+00:00,82952073,20,all_days,completion_random_sample
2026-02-13T00:00:00+00:00,82952214,20,all_days,completion_random_sample
2026-02-13T00:00:00+00:00,82952704,20,all_days,completion_random_sample
2026-02-13T00:00:00+00:00,82952712,20,all_days,completion_random_sample
2026-02-14T00:00:00+00:00,82960221,20,all_days,completion_random_sample
2026-02-14T00:00:00+00:00,82960504,20,all_days,completion_random_sample
2026-02-14T00:00:00+00:00,82961272,20,all_days,completion_random_sample
2026-02-14T00:00:00+00:00,82964042,20,all_days,completion_random_sample
2026-02-14T00:00:00+00:00,82967297,20,all_days,completion_random_sample
2026-02-14T00:00:00+00:00,82970163,20,all_days,completion_random_sample
2026-02-14T00:00:00+00:00,82971537,20,all_days,completion_random_sample
2026-02-14T00:00:00+00:00,82971871,20,all_days,completion_random_sample
2026-02-14T00:00:00+00:00,82972334,20,all_days,completion_random_sample
2026-02-14T00:00:00+00:00,82974332,20,all_days,completion_random_sample
2026-02-14T00:00:00+00:00,82978859,20,all_days,completion_random_sample
2026-02-14T00:00:00+00:00,82980511,20,all_days,completion_random_sample
2026-02-14T00:00:00+00:00,82981302,20,all_days,completion_random_sample
2026-02-14T00:00:00+00:00,82986573,20,all_days,completion_random_sample
2026-02-14T00:00:00+00:00,82987676,20,all_days,completion_random_sample
2026-02-14T00:00:00+00:00,82988428,20,all_days,completion_random_sample
2026-02-14T00:00:00+00:00,82988675,20,all_days,completion_random_sample
2026-02-14T00:00:00+00:00,82992473,20,all_days,completion_random_sample
2026-02-14T00:00:00+00:00,82994388,20,all_days,completion_random_sample
2026-02-14T00:00:00+00:00,82996193,20,all_days,completion_random_sample
2026-02-15T00:00:00+00:00,82997108,20,all_days,completion_random_sample
2026-02-15T00:00:00+00:00,82997364,20,all_days,completion_random_sample
2026-02-15T00:00:00+00:00,83001850,20,all_days,completion_random_sample
2026-02-15T00:00:00+00:00,83003046,20,all_days,completion_random_sample
2026-02-15T00:00:00+00:00,83003876,20,all_days,completion_random_sample
2026-02-15T00:00:00+00:00,83005304,20,all_days,completion_random_sample
2026-02-15T00:00:00+00:00,83007076,20,all_days,completion_random_sample
2026-02-15T00:00:00+00:00,83007494,20,all_days,completion_random_sample
2026-02-15T00:00:00+00:00,83008091,20,all_days,completion_random_sample
2026-02-15T00:00:00+00:00,83011531,20,all_days,completion_random_sample
2026-02-15T00:00:00+00:00,83013340,20,all_days,completion_random_sample
2026-02-15T00:00:00+00:00,83014504,20,all_days,completion_random_sample
2026-02-15T00:00:00+00:00,83015214,20,all_days,completion_random_sample
2026-02-15T00:00:00+00:00,83020195,20,all_days,completion_random_sample
2026-02-15T00:00:00+00:00,83020336,20,all_days,completion_random_sample
2026-02-15T00:00:00+00:00,83021568,20,all_days,completion_random_sample
2026-02-15T00:00:00+00:00,83022718,20,all_days,completion_random_sample
2026-02-15T00:00:00+00:00,83029448,20,all_days,completion_random_sample
2026-02-15T00:00:00+00:00,83030846,20,all_days,completion_random_sample
2026-02-15T00:00:00+00:00,83036136,20,all_days,completion_random_sample
2026-02-16T00:00:00+00:00,83040509,20,all_days,completion_random_sample
2026-02-16T00:00:00+00:00,83042851,20,all_days,completion_random_sample
2026-02-16T00:00:00+00:00,83042971,20,all_days,completion_random_sample
2026-02-16T00:00:00+00:00,83044329,20,all_days,completion_random_sample
2026-02-16T00:00:00+00:00,83045347,20,all_days,completion_random_sample
2026-02-16T00:00:00+00:00,83045444,20,all_days,completion_random_sample
2026-02-16T00:00:00+00:00,83045576,20,all_days,completion_random_sample
2026-02-16T00:00:00+00:00,83052142,20,all_days,completion_random_sample
2026-02-16T00:00:00+00:00,83052468,20,all_days,completion_random_sample
2026-02-16T00:00:00+00:00,83053116,20,all_days,completion_random_sample
2026-02-16T00:00:00+00:00,83062358,20,all_days,completion_random_sample
2026-02-16T00:00:00+00:00,83071203,20,all_days,completion_random_sample
2026-02-16T00:00:00+00:00,83071344,20,all_days,completion_random_sample
2026-02-16T00:00:00+00:00,83073244,20,all_days,completion_random_sample
2026-02-16T00:00:00+00:00,83073320,20,all_days,completion_random_sample
2026-02-16T00:00:00+00:00,83074450,20,all_days,completion_random_sample
2026-02-16T00:00:00+00:00,83075470,20,all_days,completion_random_sample
2026-02-16T00:00:00+00:00,83077143,20,all_days,completion_random_sample
2026-02-16T00:00:00+00:00,83077722,20,all_days,completion_random_sample
2026-02-16T00:00:00+00:00,83078452,20,all_days,completion_random_sample
2026-02-17T00:00:00+00:00,83083899,20,all_days,completion_random_sample
2026-02-17T00:00:00+00:00,83085264,20,all_days,completion_random_sample
2026-02-17T00:00:00+00:00,83086895,20,all_days,completion_random_sample
2026-02-17T00:00:00+00:00,83087278,20,all_days,completion_random_sample
2026-02-17T00:00:00+00:00,83088247,20,all_days,completion_random_sample
2026-02-17T00:00:00+00:00,83088430,20,all_days,completion_random_sample
2026-02-17T00:00:00+00:00,83090720,20,all_days,completion_random_sample
2026-02-17T00:00:00+00:00,83093148,20,all_days,completion_random_sample
2026-02-17T00:00:00+00:00,83094638,20,all_days,completion_random_sample
2026-02-17T00:00:00+00:00,83096577,20,all_days,completion_random_sample
2026-02-17T00:00:00+00:00,83104112,20,all_days,completion_random_sample
2026-02-17T00:00:00+00:00,83104570,20,all_days,completion_random_sample
2026-02-17T00:00:00+00:00,83105986,20,all_days,completion_random_sample
2026-02-17T00:00:00+00:00,83109117,20,all_days,completion_random_sample
2026-02-17T00:00:00+00:00,83110211,20,all_days,completion_random_sample
2026-02-17T00:00:00+00:00,83110427,20,all_days,completion_random_sample
2026-02-17T00:00:00+00:00,83112590,20,all_days,completion_random_sample
2026-02-17T00:00:00+00:00,83114693,20,all_days,completion_random_sample
2026-02-17T00:00:00+00:00,83119105,20,all_days,completion_random_sample
2026-02-17T00:00:00+00:00,83121325,20,all_days,completion_random_sample
2026-02-18T00:00:00+00:00,83127016,20,all_days,completion_random_sample
2026-02-18T00:00:00+00:00,83129590,20,all_days,completion_random_sample
2026-02-18T00:00:00+00:00,83133259,20,all_days,completion_random_sample
2026-02-18T00:00:00+00:00,83137626,20,all_days,completion_random_sample
2026-02-18T00:00:00+00:00,83138188,20,all_days,completion_random_sample
2026-02-18T00:00:00+00:00,83139907,20,all_days,completion_random_sample
2026-02-18T00:00:00+00:00,83142493,20,all_days,completion_random_sample
2026-02-18T00:00:00+00:00,83143494,20,all_days,completion_random_sample
2026-02-18T00:00:00+00:00,83147897,20,all_days,completion_random_sample
2026-02-18T00:00:00+00:00,83149016,20,all_days,completion_random_sample
2026-02-18T00:00:00+00:00,83150343,20,all_days,completion_random_sample
2026-02-18T00:00:00+00:00,83150967,20,all_days,completion_random_sample
2026-02-18T00:00:00+00:00,83153779,20,all_days,completion_random_sample
2026-02-18T00:00:00+00:00,83154509,20,all_days,completion_random_sample
2026-02-18T00:00:00+00:00,83155195,20,all_days,completion_random_sample
2026-02-18T00:00:00+00:00,83158766,20,all_days,completion_random_sample
2026-02-18T00:00:00+00:00,83161660,20,all_days,completion_random_sample
2026-02-18T00:00:00+00:00,83163147,20,all_days,completion_random_sample
2026-02-18T00:00:00+00:00,83167207,20,all_days,completion_random_sample
2026-02-18T00:00:00+00:00,83169203,20,all_days,completion_random_sample
2026-02-19T00:00:00+00:00,83171435,20,all_days,completion_random_sample
2026-02-19T00:00:00+00:00,83173811,20,all_days,completion_random_sample
2026-02-19T00:00:00+00:00,83174465,20,all_days,completion_random_sample
2026-02-19T00:00:00+00:00,83175864,20,all_days,completion_random_sample
2026-02-19T00:00:00+00:00,83178164,20,all_days,completion_random_sample
2026-02-19T00:00:00+00:00,83179036,20,all_days,completion_random_sample
2026-02-19T00:00:00+00:00,83182360,20,all_days,completion_random_sample
2026-02-19T00:00:00+00:00,83185543,20,all_days,completion_random_sample
2026-02-19T00:00:00+00:00,83187915,20,all_days,completion_random_sample
2026-02-19T00:00:00+00:00,83190724,20,all_days,completion_random_sample
2026-02-19T00:00:00+00:00,83191653,20,all_days,completion_random_sample
2026-02-19T00:00:00+00:00,83192461,20,all_days,completion_random_sample
2026-02-19T00:00:00+00:00,83194955,20,all_days,completion_random_sample
2026-02-19T00:00:00+00:00,83199809,20,all_days,completion_random_sample
2026-02-19T00:00:00+00:00,83200582,20,all_days,completion_random_sample
2026-02-19T00:00:00+00:00,83201495,20,all_days,completion_random_sample
2026-02-19T00:00:00+00:00,83202556,20,all_days,completion_random_sample
2026-02-19T00:00:00+00:00,83205308,20,all_days,completion_random_sample
2026-02-19T00:00:00+00:00,83212025,20,all_days,completion_random_sample
2026-02-19T00:00:00+00:00,83212230,20,all_days,completion_random_sample
2026-02-20T00:00:00+00:00,83213598,20,all_days,completion_random_sample
2026-02-20T00:00:00+00:00,83214872,20,all_days,completion_random_sample
2026-02-20T00:00:00+00:00,83215385,20,all_days,completion_random_sample
2026-02-20T00:00:00+00:00,83218423,20,all_days,completion_random_sample
2026-02-20T00:00:00+00:00,83220056,20,all_days,completion_random_sample
2026-02-20T00:00:00+00:00,83222752,20,all_days,completion_random_sample
2026-02-20T00:00:00+00:00,83224636,20,all_days,completion_random_sample
2026-02-20T00:00:00+00:00,83233099,20,all_days,completion_random_sample
2026-02-20T00:00:00+00:00,83235626,20,all_days,completion_random_sample
2026-02-20T00:00:00+00:00,83235716,20,all_days,completion_random_sample
2026-02-20T00:00:00+00:00,83238484,20,all_days,completion_random_sample
2026-02-20T00:00:00+00:00,83242438,20,all_days,completion_random_sample
2026-02-20T00:00:00+00:00,83243248,20,all_days,completion_random_sample
2026-02-20T00:00:00+00:00,83246533,20,all_days,completion_random_sample
2026-02-20T00:00:00+00:00,83246701,20,all_days,completion_random_sample
2026-02-20T00:00:00+00:00,83247204,20,all_days,completion_random_sample
2026-02-20T00:00:00+00:00,83247841,20,all_days,completion_random_sample
2026-02-20T00:00:00+00:00,83249643,20,all_days,completion_random_sample
2026-02-20T00:00:00+00:00,83250441,20,all_days,completion_random_sample
2026-02-20T00:00:00+00:00,83255867,20,all_days,completion_random_sample
2026-02-21T00:00:00+00:00,83256881,20,all_days,completion_random_sample
2026-02-21T00:00:00+00:00,83257154,20,all_days,completion_random_sample
2026-02-21T00:00:00+00:00,83258341,20,all_days,completion_random_sample
2026-02-21T00:00:00+00:00,83264040,20,all_days,completion_random_sample
2026-02-21T00:00:00+00:00,83268581,20,all_days,completion_random_sample
2026-02-21T00:00:00+00:00,83272329,20,all_days,completion_random_sample
2026-02-21T00:00:00+00:00,83274076,20,all_days,completion_random_sample
2026-02-21T00:00:00+00:00,83277110,20,all_days,completion_random_sample
2026-02-21T00:00:00+00:00,83277441,20,all_days,completion_random_sample
2026-02-21T00:00:00+00:00,83279320,20,all_days,completion_random_sample
2026-02-21T00:00:00+00:00,83279786,20,all_days,completion_random_sample
2026-02-21T00:00:00+00:00,83282086,20,all_days,completion_random_sample
2026-02-21T00:00:00+00:00,83282494,20,all_days,completion_random_sample
2026-02-21T00:00:00+00:00,83283824,20,all_days,completion_random_sample
2026-02-21T00:00:00+00:00,83285160,20,all_days,completion_random_sample
2026-02-21T00:00:00+00:00,83286018,20,all_days,completion_random_sample
2026-02-21T00:00:00+00:00,83291737,20,all_days,completion_random_sample
2026-02-21T00:00:00+00:00,83293931,20,all_days,completion_random_sample
2026-02-21T00:00:00+00:00,83294054,20,all_days,completion_random_sample
2026-02-21T00:00:00+00:00,83298970,20,all_days,completion_random_sample
2026-02-22T00:00:00+00:00,83299245,20,all_days,completion_random_sample
2026-02-22T00:00:00+00:00,83306748,20,all_days,completion_random_sample
2026-02-22T00:00:00+00:00,83308315,20,all_days,completion_random_sample
2026-02-22T00:00:00+00:00,83309666,20,all_days,completion_random_sample
2026-02-22T00:00:00+00:00,83312634,20,all_days,completion_random_sample
2026-02-22T00:00:00+00:00,83313071,20,all_days,completion_random_sample
2026-02-22T00:00:00+00:00,83315192,20,all_days,completion_random_sample
2026-02-22T00:00:00+00:00,83315989,20,all_days,completion_random_sample
2026-02-22T00:00:00+00:00,83320014,20,all_days,completion_random_sample
2026-02-22T00:00:00+00:00,83320033,20,all_days,completion_random_sample
2026-02-22T00:00:00+00:00,83320229,20,all_days,completion_random_sample
2026-02-22T00:00:00+00:00,83320360,20,all_days,completion_random_sample
2026-02-22T00:00:00+00:00,83321736,20,all_days,completion_random_sample
2026-02-22T00:00:00+00:00,83324634,20,all_days,completion_random_sample
2026-02-22T00:00:00+00:00,83324714,20,all_days,completion_random_sample
2026-02-22T00:00:00+00:00,83327557,20,all_days,completion_random_sample
2026-02-22T00:00:00+00:00,83329502,20,all_days,completion_random_sample
2026-02-22T00:00:00+00:00,83335583,20,all_days,completion_random_sample
2026-02-22T00:00:00+00:00,83335834,20,all_days,completion_random_sample
2026-02-22T00:00:00+00:00,83337404,20,all_days,completion_random_sample
2026-02-23T00:00:00+00:00,83346163,20,all_days,completion_random_sample
2026-02-23T00:00:00+00:00,83347611,20,all_days,completion_random_sample
2026-02-23T00:00:00+00:00,83355580,20,all_days,completion_random_sample
2026-02-23T00:00:00+00:00,83359336,20,all_days,completion_random_sample
2026-02-23T00:00:00+00:00,83362289,20,all_days,completion_random_sample
2026-02-23T00:00:00+00:00,83364771,20,all_days,completion_random_sample
2026-02-23T00:00:00+00:00,83366886,20,all_days,completion_random_sample
2026-02-23T00:00:00+00:00,83367554,20,all_days,completion_random_sample
2026-02-23T00:00:00+00:00,83369471,20,all_days,completion_random_sample
2026-02-23T00:00:00+00:00,83369856,20,all_days,completion_random_sample
2026-02-23T00:00:00+00:00,83371178,20,all_days,completion_random_sample
2026-02-23T00:00:00+00:00,83371328,20,all_days,completion_random_sample
2026-02-23T00:00:00+00:00,83371678,20,all_days,completion_random_sample
2026-02-23T00:00:00+00:00,83374559,20,all_days,completion_random_sample
2026-02-23T00:00:00+00:00,83378774,20,all_days,completion_random_sample
2026-02-23T00:00:00+00:00,83378999,20,all_days,completion_random_sample
2026-02-23T00:00:00+00:00,83379128,20,all_days,completion_random_sample
2026-02-23T00:00:00+00:00,83379763,20,all_days,completion_random_sample
2026-02-23T00:00:00+00:00,83381599,20,all_days,completion_random_sample
2026-02-23T00:00:00+00:00,83384169,20,all_days,completion_random_sample
2026-02-24T00:00:00+00:00,83385900,20,all_days,completion_random_sample
2026-02-24T00:00:00+00:00,83396731,20,all_days,completion_random_sample
2026-02-24T00:00:00+00:00,83400860,20,all_days,completion_random_sample
2026-02-24T00:00:00+00:00,83402332,20,all_days,completion_random_sample
2026-02-24T00:00:00+00:00,83404370,20,all_days,completion_random_sample
2026-02-24T00:00:00+00:00,83404371,20,all_days,completion_random_sample
2026-02-24T00:00:00+00:00,83404529,20,all_days,completion_random_sample
2026-02-24T00:00:00+00:00,83406842,20,all_days,completion_random_sample
2026-02-24T00:00:00+00:00,83409597,20,all_days,completion_random_sample
2026-02-24T00:00:00+00:00,83410633,20,all_days,completion_random_sample
2026-02-24T00:00:00+00:00,83410926,20,all_days,completion_random_sample
2026-02-24T00:00:00+00:00,83412423,20,all_days,completion_random_sample
2026-02-24T00:00:00+00:00,83417397,20,all_days,completion_random_sample
2026-02-24T00:00:00+00:00,83417940,20,all_days,completion_random_sample
2026-02-24T00:00:00+00:00,83418665,20,all_days,completion_random_sample
2026-02-24T00:00:00+00:00,83421140,20,all_days,completion_random_sample
2026-02-24T00:00:00+00:00,83421580,20,all_days,completion_random_sample
2026-02-24T00:00:00+00:00,83424486,20,all_days,completion_random_sample
2026-02-24T00:00:00+00:00,83427076,20,all_days,completion_random_sample
2026-02-24T00:00:00+00:00,83428453,20,all_days,completion_random_sample
2026-02-25T00:00:00+00:00,83431448,20,all_days,completion_random_sample
2026-02-25T00:00:00+00:00,83432321,20,all_days,completion_random_sample
2026-02-25T00:00:00+00:00,83433793,20,all_days,completion_random_sample
2026-02-25T00:00:00+00:00,83437296,20,all_days,completion_random_sample
2026-02-25T00:00:00+00:00,83438634,20,all_days,completion_random_sample
2026-02-25T00:00:00+00:00,83438915,20,all_days,completion_random_sample
2026-02-25T00:00:00+00:00,83444784,20,all_days,completion_random_sample
2026-02-25T00:00:00+00:00,83444966,20,all_days,completion_random_sample
2026-02-25T00:00:00+00:00,83445125,20,all_days,completion_random_sample
2026-02-25T00:00:00+00:00,83446397,20,all_days,completion_random_sample
2026-02-25T00:00:00+00:00,83448561,20,all_days,completion_random_sample
2026-02-25T00:00:00+00:00,83449466,20,all_days,completion_random_sample
2026-02-25T00:00:00+00:00,83452924,20,all_days,completion_random_sample
2026-02-25T00:00:00+00:00,83459893,20,all_days,completion_random_sample
2026-02-25T00:00:00+00:00,83461154,20,all_days,completion_random_sample
2026-02-25T00:00:00+00:00,83464298,20,all_days,completion_random_sample
2026-02-25T00:00:00+00:00,83464964,20,all_days,completion_random_sample
2026-02-25T00:00:00+00:00,83466986,20,all_days,completion_random_sample
2026-02-25T00:00:00+00:00,83468700,20,all_days,completion_random_sample
2026-02-25T00:00:00+00:00,83470941,20,all_days,completion_random_sample
2026-02-26T00:00:00+00:00,83472378,20,all_days,completion_random_sample
2026-02-26T00:00:00+00:00,83476767,20,all_days,completion_random_sample
2026-02-26T00:00:00+00:00,83477660,20,all_days,completion_random_sample
2026-02-26T00:00:00+00:00,83480167,20,all_days,completion_random_sample
2026-02-26T00:00:00+00:00,83482465,20,all_days,completion_random_sample
2026-02-26T00:00:00+00:00,83484557,20,all_days,completion_random_sample
2026-02-26T00:00:00+00:00,83487242,20,all_days,completion_random_sample
2026-02-26T00:00:00+00:00,83488451,20,all_days,completion_random_sample
2026-02-26T00:00:00+00:00,83489512,20,all_days,completion_random_sample
2026-02-26T00:00:00+00:00,83490996,20,all_days,completion_random_sample
2026-02-26T00:00:00+00:00,83491381,20,all_days,completion_random_sample
2026-02-26T00:00:00+00:00,83492308,20,all_days,completion_random_sample
2026-02-26T00:00:00+00:00,83495379,20,all_days,completion_random_sample
2026-02-26T00:00:00+00:00,83495630,20,all_days,completion_random_sample
2026-02-26T00:00:00+00:00,83499979,20,all_days,completion_random_sample
2026-02-26T00:00:00+00:00,83501394,20,all_days,completion_random_sample
2026-02-26T00:00:00+00:00,83504966,20,all_days,completion_random_sample
2026-02-26T00:00:00+00:00,83508188,20,all_days,completion_random_sample
2026-02-26T00:00:00+00:00,83510984,20,all_days,completion_random_sample
2026-02-26T00:00:00+00:00,83513198,20,all_days,completion_random_sample
2026-02-27T00:00:00+00:00,83518133,20,all_days,completion_random_sample
2026-02-27T00:00:00+00:00,83518296,20,all_days,completion_random_sample
2026-02-27T00:00:00+00:00,83519531,20,all_days,completion_random_sample
2026-02-27T00:00:00+00:00,83522023,20,all_days,completion_random_sample
2026-02-27T00:00:00+00:00,83527843,20,all_days,completion_random_sample
2026-02-27T00:00:00+00:00,83528738,20,all_days,completion_random_sample
2026-02-27T00:00:00+00:00,83531639,20,all_days,completion_random_sample
2026-02-27T00:00:00+00:00,83532017,20,all_days,completion_random_sample
2026-02-27T00:00:00+00:00,83534427,20,all_days,completion_random_sample
2026-02-27T00:00:00+00:00,83538262,20,all_days,completion_random_sample
2026-02-27T00:00:00+00:00,83539021,20,all_days,completion_random_sample
2026-02-27T00:00:00+00:00,83540431,20,all_days,completion_random_sample
2026-02-27T00:00:00+00:00,83541447,20,all_days,completion_random_sample
2026-02-27T00:00:00+00:00,83544323,20,all_days,completion_random_sample
2026-02-27T00:00:00+00:00,83546151,20,all_days,completion_random_sample
2026-02-27T00:00:00+00:00,83547192,20,all_days,completion_random_sample
2026-02-27T00:00:00+00:00,83550399,20,all_days,completion_random_sample
2026-02-27T00:00:00+00:00,83550772,20,all_days,completion_random_sample
2026-02-27T00:00:00+00:00,83552055,20,all_days,completion_random_sample
2026-02-27T00:00:00+00:00,83554238,20,all_days,completion_random_sample
2026-02-28T00:00:00+00:00,83561027,20,all_days,completion_random_sample
2026-02-28T00:00:00+00:00,83562814,20,all_days,completion_random_sample
2026-02-28T00:00:00+00:00,83569498,20,all_days,completion_random_sample
2026-02-28T00:00:00+00:00,83569764,20,all_days,completion_random_sample
2026-02-28T00:00:00+00:00,83573742,20,all_days,completion_random_sample
2026-02-28T00:00:00+00:00,83574908,20,all_days,completion_random_sample
2026-02-28T00:00:00+00:00,83576419,20,all_days,completion_random_sample
2026-02-28T00:00:00+00:00,83576540,20,all_days,completion_random_sample
2026-02-28T00:00:00+00:00,83577160,20,all_days,completion_random_sample
2026-02-28T00:00:00+00:00,83577667,20,all_days,completion_random_sample
2026-02-28T00:00:00+00:00,83583820,20,all_days,completion_random_sample
2026-02-28T00:00:00+00:00,83584649,20,all_days,completion_random_sample
2026-02-28T00:00:00+00:00,83584894,20,all_days,completion_random_sample
2026-02-28T00:00:00+00:00,83585796,20,all_days,completion_random_sample
2026-02-28T00:00:00+00:00,83585927,20,all_days,completion_random_sample
2026-02-28T00:00:00+00:00,83590280,20,all_days,completion_random_sample
2026-02-28T00:00:00+00:00,83593688,20,all_days,completion_random_sample
2026-02-28T00:00:00+00:00,83595778,20,all_days,completion_random_sample
2026-02-28T00:00:00+00:00,83600067,20,all_days,completion_random_sample
2026-02-28T00:00:00+00:00,83600958,20,all_days,completion_random_sample
2026-03-01T00:00:00+00:00,83602276,20,all_days,completion_random_sample
2026-03-01T00:00:00+00:00,83604850,20,all_days,completion_random_sample
2026-03-01T00:00:00+00:00,83606220,20,all_days,completion_random_sample
2026-03-01T00:00:00+00:00,83614087,20,all_days,completion_random_sample
2026-03-01T00:00:00+00:00,83615699,20,all_days,completion_random_sample
2026-03-01T00:00:00+00:00,83616104,20,all_days,completion_random_sample
2026-03-01T00:00:00+00:00,83616641,20,all_days,completion_random_sample
2026-03-01T00:00:00+00:00,83621874,20,all_days,completion_random_sample
2026-03-01T00:00:00+00:00,83623653,20,all_days,completion_random_sample
2026-03-01T00:00:00+00:00,83625953,20,all_days,completion_random_sample
2026-03-01T00:00:00+00:00,83631472,20,all_days,completion_random_sample
2026-03-01T00:00:00+00:00,83632037,20,all_days,completion_random_sample
2026-03-01T00:00:00+00:00,83632924,20,all_days,completion_random_sample
2026-03-01T00:00:00+00:00,83633343,20,all_days,completion_random_sample
2026-03-01T00:00:00+00:00,83636170,20,all_days,completion_random_sample
2026-03-01T00:00:00+00:00,83639334,20,all_days,completion_random_sample
2026-03-01T00:00:00+00:00,83639365,20,all_days,completion_random_sample
2026-03-01T00:00:00+00:00,83640369,20,all_days,completion_random_sample
2026-03-01T00:00:00+00:00,83641837,20,all_days,completion_random_sample
2026-03-01T00:00:00+00:00,83641881,20,all_days,completion_random_sample
2026-03-02T00:00:00+00:00,83647323,20,all_days,completion_random_sample
2026-03-02T00:00:00+00:00,83647572,20,all_days,completion_random_sample
2026-03-02T00:00:00+00:00,83650126,20,all_days,completion_random_sample
2026-03-02T00:00:00+00:00,83656923,20,all_days,completion_random_sample
2026-03-02T00:00:00+00:00,83659838,20,all_days,completion_random_sample
2026-03-02T00:00:00+00:00,83659962,20,all_days,completion_random_sample
2026-03-02T00:00:00+00:00,83661549,20,all_days,completion_random_sample
2026-03-02T00:00:00+00:00,83661739,20,all_days,completion_random_sample
2026-03-02T00:00:00+00:00,83665617,20,all_days,completion_random_sample
2026-03-02T00:00:00+00:00,83668805,20,all_days,completion_random_sample
2026-03-02T00:00:00+00:00,83676711,20,all_days,completion_random_sample
2026-03-02T00:00:00+00:00,83677664,20,all_days,completion_random_sample
2026-03-02T00:00:00+00:00,83678161,20,all_days,completion_random_sample
2026-03-02T00:00:00+00:00,83680068,20,all_days,completion_random_sample
2026-03-02T00:00:00+00:00,83683857,20,all_days,completion_random_sample
2026-03-02T00:00:00+00:00,83683904,20,all_days,completion_random_sample
2026-03-02T00:00:00+00:00,83683981,20,all_days,completion_random_sample
2026-03-02T00:00:00+00:00,83684525,20,all_days,completion_random_sample
2026-03-02T00:00:00+00:00,83686861,20,all_days,completion_random_sample
2026-03-02T00:00:00+00:00,83687003,20,all_days,completion_random_sample
2026-03-03T00:00:00+00:00,83688268,20,all_days,completion_random_sample
2026-03-03T00:00:00+00:00,83688463,20,all_days,completion_random_sample
2026-03-03T00:00:00+00:00,83689383,20,all_days,completion_random_sample
2026-03-03T00:00:00+00:00,83690238,20,all_days,completion_random_sample
2026-03-03T00:00:00+00:00,83692279,20,all_days,completion_random_sample
2026-03-03T00:00:00+00:00,83693748,20,all_days,completion_random_sample
2026-03-03T00:00:00+00:00,83694401,20,all_days,completion_random_sample
2026-03-03T00:00:00+00:00,83702680,20,all_days,completion_random_sample
2026-03-03T00:00:00+00:00,83705052,20,all_days,completion_random_sample
2026-03-03T00:00:00+00:00,83709614,20,all_days,completion_random_sample
2026-03-03T00:00:00+00:00,83711806,20,all_days,completion_random_sample
2026-03-03T00:00:00+00:00,83712967,20,all_days,completion_random_sample
2026-03-03T00:00:00+00:00,83714451,20,all_days,completion_random_sample
2026-03-03T00:00:00+00:00,83716349,20,all_days,completion_random_sample
2026-03-03T00:00:00+00:00,83716365,20,all_days,completion_random_sample
2026-03-03T00:00:00+00:00,83717333,20,all_days,completion_random_sample
2026-03-03T00:00:00+00:00,83718666,20,all_days,completion_random_sample
2026-03-03T00:00:00+00:00,83720799,20,all_days,completion_random_sample
2026-03-03T00:00:00+00:00,83726411,20,all_days,completion_random_sample
2026-03-03T00:00:00+00:00,83728946,20,all_days,completion_random_sample
2026-03-04T00:00:00+00:00,83731738,20,all_days,completion_random_sample
2026-03-04T00:00:00+00:00,83732262,20,all_days,completion_random_sample
2026-03-04T00:00:00+00:00,83733360,20,all_days,completion_random_sample
2026-03-04T00:00:00+00:00,83734034,20,all_days,completion_random_sample
2026-03-04T00:00:00+00:00,83734745,20,all_days,completion_random_sample
2026-03-04T00:00:00+00:00,83741913,20,all_days,completion_random_sample
2026-03-04T00:00:00+00:00,83751008,20,all_days,completion_random_sample
2026-03-04T00:00:00+00:00,83751485,20,all_days,completion_random_sample
2026-03-04T00:00:00+00:00,83754902,20,all_days,completion_random_sample
2026-03-04T00:00:00+00:00,83755900,20,all_days,completion_random_sample
2026-03-04T00:00:00+00:00,83756247,20,all_days,completion_random_sample
2026-03-04T00:00:00+00:00,83759114,20,all_days,completion_random_sample
2026-03-04T00:00:00+00:00,83760813,20,all_days,completion_random_sample
2026-03-04T00:00:00+00:00,83763851,20,all_days,completion_random_sample
2026-03-04T00:00:00+00:00,83765276,20,all_days,completion_random_sample
2026-03-04T00:00:00+00:00,83766314,20,all_days,completion_random_sample
2026-03-04T00:00:00+00:00,83766534,20,all_days,completion_random_sample
2026-03-04T00:00:00+00:00,83770090,20,all_days,completion_random_sample
2026-03-04T00:00:00+00:00,83772227,20,all_days,completion_random_sample
2026-03-04T00:00:00+00:00,83774230,20,all_days,completion_random_sample
2026-03-05T00:00:00+00:00,83775797,20,all_days,completion_random_sample
2026-03-05T00:00:00+00:00,83779476,20,all_days,completion_random_sample
2026-03-05T00:00:00+00:00,83783693,20,all_days,completion_random_sample
2026-03-05T00:00:00+00:00,83785571,20,all_days,completion_random_sample
2026-03-05T00:00:00+00:00,83785776,20,all_days,completion_random_sample
2026-03-05T00:00:00+00:00,83788054,20,all_days,completion_random_sample
2026-03-05T00:00:00+00:00,83791098,20,all_days,completion_random_sample
2026-03-05T00:00:00+00:00,83792472,20,all_days,completion_random_sample
2026-03-05T00:00:00+00:00,83793603,20,all_days,completion_random_sample
2026-03-05T00:00:00+00:00,83794961,20,all_days,completion_random_sample
2026-03-05T00:00:00+00:00,83795763,20,all_days,completion_random_sample
2026-03-05T00:00:00+00:00,83795769,20,all_days,completion_random_sample
2026-03-05T00:00:00+00:00,83796459,20,all_days,completion_random_sample
2026-03-05T00:00:00+00:00,83796598,20,all_days,completion_random_sample
2026-03-05T00:00:00+00:00,83805351,20,all_days,completion_random_sample
2026-03-05T00:00:00+00:00,83807167,20,all_days,completion_random_sample
2026-03-05T00:00:00+00:00,83810002,20,all_days,completion_random_sample
2026-03-05T00:00:00+00:00,83810643,20,all_days,completion_random_sample
2026-03-05T00:00:00+00:00,83811366,20,all_days,completion_random_sample
2026-03-05T00:00:00+00:00,83816985,20,all_days,completion_random_sample
2026-03-06T00:00:00+00:00,83821816,20,all_days,completion_random_sample
2026-03-06T00:00:00+00:00,83822984,20,all_days,completion_random_sample
2026-03-06T00:00:00+00:00,83823422,20,all_days,completion_random_sample
2026-03-06T00:00:00+00:00,83824833,20,all_days,completion_random_sample
2026-03-06T00:00:00+00:00,83825594,20,all_days,completion_random_sample
2026-03-06T00:00:00+00:00,83827019,20,all_days,completion_random_sample
2026-03-06T00:00:00+00:00,83827822,20,all_days,completion_random_sample
2026-03-06T00:00:00+00:00,83828210,20,all_days,completion_random_sample
2026-03-06T00:00:00+00:00,83831759,20,all_days,completion_random_sample
2026-03-06T00:00:00+00:00,83832653,20,all_days,completion_random_sample
2026-03-06T00:00:00+00:00,83836016,20,all_days,completion_random_sample
2026-03-06T00:00:00+00:00,83837778,20,all_days,completion_random_sample
2026-03-06T00:00:00+00:00,83838999,20,all_days,completion_random_sample
2026-03-06T00:00:00+00:00,83839537,20,all_days,completion_random_sample
2026-03-06T00:00:00+00:00,83840142,20,all_days,completion_random_sample
2026-03-06T00:00:00+00:00,83840268,20,all_days,completion_random_sample
2026-03-06T00:00:00+00:00,83842414,20,all_days,completion_random_sample
2026-03-06T00:00:00+00:00,83848775,20,all_days,completion_random_sample
2026-03-06T00:00:00+00:00,83854268,20,all_days,completion_random_sample
2026-03-06T00:00:00+00:00,83855226,20,all_days,completion_random_sample
2026-03-07T00:00:00+00:00,83862917,20,all_days,completion_random_sample
2026-03-07T00:00:00+00:00,83865760,20,all_days,completion_random_sample
2026-03-07T00:00:00+00:00,83865831,20,all_days,completion_random_sample
2026-03-07T00:00:00+00:00,83867700,20,all_days,completion_random_sample
2026-03-07T00:00:00+00:00,83867794,20,all_days,completion_random_sample
2026-03-07T00:00:00+00:00,83871332,20,all_days,completion_random_sample
2026-03-07T00:00:00+00:00,83871607,20,all_days,completion_random_sample
2026-03-07T00:00:00+00:00,83872606,20,all_days,completion_random_sample
2026-03-07T00:00:00+00:00,83880149,20,all_days,completion_random_sample
2026-03-07T00:00:00+00:00,83881874,20,all_days,completion_random_sample
2026-03-07T00:00:00+00:00,83882816,20,all_days,completion_random_sample
2026-03-07T00:00:00+00:00,83884807,20,all_days,completion_random_sample
2026-03-07T00:00:00+00:00,83885656,20,all_days,completion_random_sample
2026-03-07T00:00:00+00:00,83885989,20,all_days,completion_random_sample
2026-03-07T00:00:00+00:00,83889113,20,all_days,completion_random_sample
2026-03-07T00:00:00+00:00,83892908,20,all_days,completion_random_sample
2026-03-07T00:00:00+00:00,83894063,20,all_days,completion_random_sample
2026-03-07T00:00:00+00:00,83898958,20,all_days,completion_random_sample
2026-03-07T00:00:00+00:00,83902572,20,all_days,completion_random_sample
2026-03-07T00:00:00+00:00,83903102,20,all_days,completion_random_sample
2026-03-08T00:00:00+00:00,83904914,20,all_days,completion_random_sample
2026-03-08T00:00:00+00:00,83908677,20,all_days,completion_random_sample
2026-03-08T00:00:00+00:00,83912468,20,all_days,completion_random_sample
2026-03-08T00:00:00+00:00,83914909,20,all_days,completion_random_sample
2026-03-08T00:00:00+00:00,83915512,20,all_days,completion_random_sample
2026-03-08T00:00:00+00:00,83918824,20,all_days,completion_random_sample
2026-03-08T00:00:00+00:00,83918944,20,all_days,completion_random_sample
2026-03-08T00:00:00+00:00,83919680,20,all_days,completion_random_sample
2026-03-08T00:00:00+00:00,83922645,20,all_days,completion_random_sample
2026-03-08T00:00:00+00:00,83924171,20,all_days,completion_random_sample
2026-03-08T00:00:00+00:00,83924263,20,all_days,completion_random_sample
2026-03-08T00:00:00+00:00,83925271,20,all_days,completion_random_sample
2026-03-08T00:00:00+00:00,83928005,20,all_days,completion_random_sample
2026-03-08T00:00:00+00:00,83929814,20,all_days,completion_random_sample
2026-03-08T00:00:00+00:00,83930961,20,all_days,completion_random_sample
2026-03-08T00:00:00+00:00,83933448,20,all_days,completion_random_sample
2026-03-08T00:00:00+00:00,83938044,20,all_days,completion_random_sample
2026-03-08T00:00:00+00:00,83939614,20,all_days,completion_random_sample
2026-03-08T00:00:00+00:00,83942116,20,all_days,completion_random_sample
2026-03-08T00:00:00+00:00,83942264,20,all_days,completion_random_sample
2026-03-09T00:00:00+00:00,83947967,20,all_days,completion_random_sample
2026-03-09T00:00:00+00:00,83949578,20,all_days,completion_random_sample
2026-03-09T00:00:00+00:00,83951459,20,all_days,completion_random_sample
2026-03-09T00:00:00+00:00,83958858,20,all_days,completion_random_sample
2026-03-09T00:00:00+00:00,83958898,20,all_days,completion_random_sample
2026-03-09T00:00:00+00:00,83962136,20,all_days,completion_random_sample
2026-03-09T00:00:00+00:00,83962241,20,all_days,completion_random_sample
2026-03-09T00:00:00+00:00,83963303,20,all_days,completion_random_sample
2026-03-09T00:00:00+00:00,83964126,20,all_days,completion_random_sample
2026-03-09T00:00:00+00:00,83970814,20,all_days,completion_random_sample
2026-03-09T00:00:00+00:00,83971972,20,all_days,completion_random_sample
2026-03-09T00:00:00+00:00,83972150,20,all_days,completion_random_sample
2026-03-09T00:00:00+00:00,83972354,20,all_days,completion_random_sample
2026-03-09T00:00:00+00:00,83972463,20,all_days,completion_random_sample
2026-03-09T00:00:00+00:00,83974457,20,all_days,completion_random_sample
2026-03-09T00:00:00+00:00,83976555,20,all_days,completion_random_sample
2026-03-09T00:00:00+00:00,83978114,20,all_days,completion_random_sample
2026-03-09T00:00:00+00:00,83978828,20,all_days,completion_random_sample
2026-03-09T00:00:00+00:00,83979977,20,all_days,completion_random_sample
2026-03-09T00:00:00+00:00,83984331,20,all_days,completion_random_sample
2026-03-10T00:00:00+00:00,83992193,20,all_days,completion_random_sample
2026-03-10T00:00:00+00:00,83992870,20,all_days,completion_random_sample
2026-03-10T00:00:00+00:00,83993280,20,all_days,completion_random_sample
2026-03-10T00:00:00+00:00,83997936,20,all_days,completion_random_sample
2026-03-10T00:00:00+00:00,84000834,20,all_days,completion_random_sample
2026-03-10T00:00:00+00:00,84002534,20,all_days,completion_random_sample
2026-03-10T00:00:00+00:00,84004672,20,all_days,completion_random_sample
2026-03-10T00:00:00+00:00,84007998,20,all_days,completion_random_sample
2026-03-10T00:00:00+00:00,84012893,20,all_days,completion_random_sample
2026-03-10T00:00:00+00:00,84013188,20,all_days,completion_random_sample
2026-03-10T00:00:00+00:00,84015399,20,all_days,completion_random_sample
2026-03-10T00:00:00+00:00,84016537,20,all_days,completion_random_sample
2026-03-10T00:00:00+00:00,84017728,20,all_days,completion_random_sample
2026-03-10T00:00:00+00:00,84018559,20,all_days,completion_random_sample
2026-03-10T00:00:00+00:00,84021457,20,all_days,completion_random_sample
2026-03-10T00:00:00+00:00,84025797,20,all_days,completion_random_sample
2026-03-10T00:00:00+00:00,84026460,20,all_days,completion_random_sample
2026-03-10T00:00:00+00:00,84028703,20,all_days,completion_random_sample
2026-03-10T00:00:00+00:00,84029557,20,all_days,completion_random_sample
2026-03-10T00:00:00+00:00,84029586,20,all_days,completion_random_sample
2026-03-11T00:00:00+00:00,84034299,20,all_days,completion_random_sample
2026-03-11T00:00:00+00:00,84036643,20,all_days,completion_random_sample
2026-03-11T00:00:00+00:00,84037989,20,all_days,completion_random_sample
2026-03-11T00:00:00+00:00,84041808,20,all_days,completion_random_sample
2026-03-11T00:00:00+00:00,84042101,20,all_days,completion_random_sample
2026-03-11T00:00:00+00:00,84042217,20,all_days,completion_random_sample
2026-03-11T00:00:00+00:00,84043261,20,all_days,completion_random_sample
2026-03-11T00:00:00+00:00,84043486,20,all_days,completion_random_sample
2026-03-11T00:00:00+00:00,84044444,20,all_days,completion_random_sample
2026-03-11T00:00:00+00:00,84047424,20,all_days,completion_random_sample
2026-03-11T00:00:00+00:00,84050534,20,all_days,completion_random_sample
2026-03-11T00:00:00+00:00,84051311,20,all_days,completion_random_sample
2026-03-11T00:00:00+00:00,84058585,20,all_days,completion_random_sample
2026-03-11T00:00:00+00:00,84064892,20,all_days,completion_random_sample
2026-03-11T00:00:00+00:00,84069667,20,all_days,completion_random_sample
2026-03-11T00:00:00+00:00,84069731,20,all_days,completion_random_sample
2026-03-11T00:00:00+00:00,84071106,20,all_days,completion_random_sample
2026-03-11T00:00:00+00:00,84072796,20,all_days,completion_random_sample
2026-03-11T00:00:00+00:00,84074934,20,all_days,completion_random_sample
2026-03-11T00:00:00+00:00,84075067,20,all_days,completion_random_sample
2026-03-12T00:00:00+00:00,84077261,20,all_days,completion_random_sample
2026-03-12T00:00:00+00:00,84078841,20,all_days,completion_random_sample
2026-03-12T00:00:00+00:00,84079128,20,all_days,completion_random_sample
2026-03-12T00:00:00+00:00,84081898,20,all_days,completion_random_sample
2026-03-12T00:00:00+00:00,84082824,20,all_days,completion_random_sample
2026-03-12T00:00:00+00:00,84085024,20,all_days,completion_random_sample
2026-03-12T00:00:00+00:00,84088654,20,all_days,completion_random_sample
2026-03-12T00:00:00+00:00,84090592,20,all_days,completion_random_sample
2026-03-12T00:00:00+00:00,84093457,20,all_days,completion_random_sample
2026-03-12T00:00:00+00:00,84093790,20,all_days,completion_random_sample
2026-03-12T00:00:00+00:00,84093895,20,all_days,completion_random_sample
2026-03-12T00:00:00+00:00,84093925,20,all_days,completion_random_sample
2026-03-12T00:00:00+00:00,84100531,20,all_days,completion_random_sample
2026-03-12T00:00:00+00:00,84103380,20,all_days,completion_random_sample
2026-03-12T00:00:00+00:00,84104992,20,all_days,completion_random_sample
2026-03-12T00:00:00+00:00,84105228,20,all_days,completion_random_sample
2026-03-12T00:00:00+00:00,84106428,20,all_days,completion_random_sample
2026-03-12T00:00:00+00:00,84107122,20,all_days,completion_random_sample
2026-03-12T00:00:00+00:00,84110067,20,all_days,completion_random_sample
2026-03-12T00:00:00+00:00,84112447,20,all_days,completion_random_sample
2026-03-13T00:00:00+00:00,84122426,20,all_days,completion_random_sample
2026-03-13T00:00:00+00:00,84126141,20,all_days,completion_random_sample
2026-03-13T00:00:00+00:00,84127428,20,all_days,completion_random_sample
2026-03-13T00:00:00+00:00,84127650,20,all_days,completion_random_sample
2026-03-13T00:00:00+00:00,84130921,20,all_days,completion_random_sample
2026-03-13T00:00:00+00:00,84131548,20,all_days,completion_random_sample
2026-03-13T00:00:00+00:00,84139171,20,all_days,completion_random_sample
2026-03-13T00:00:00+00:00,84139992,20,all_days,completion_random_sample
2026-03-13T00:00:00+00:00,84140447,20,all_days,completion_random_sample
2026-03-13T00:00:00+00:00,84140707,20,all_days,completion_random_sample
2026-03-13T00:00:00+00:00,84145283,20,all_days,completion_random_sample
2026-03-13T00:00:00+00:00,84145519,20,all_days,completion_random_sample
2026-03-13T00:00:00+00:00,84145888,20,all_days,completion_random_sample
2026-03-13T00:00:00+00:00,84151468,20,all_days,completion_random_sample
2026-03-13T00:00:00+00:00,84153648,20,all_days,completion_random_sample
2026-03-13T00:00:00+00:00,84154179,20,all_days,completion_random_sample
2026-03-13T00:00:00+00:00,84155902,20,all_days,completion_random_sample
2026-03-13T00:00:00+00:00,84157444,20,all_days,completion_random_sample
2026-03-13T00:00:00+00:00,84161185,20,all_days,completion_random_sample
2026-03-13T00:00:00+00:00,84162722,20,all_days,completion_random_sample
2026-03-14T00:00:00+00:00,84163227,20,all_days,completion_random_sample
2026-03-14T00:00:00+00:00,84163760,20,all_days,completion_random_sample
2026-03-14T00:00:00+00:00,84166537,20,all_days,completion_random_sample
2026-03-14T00:00:00+00:00,84167827,20,all_days,completion_random_sample
2026-03-14T00:00:00+00:00,84168517,20,all_days,completion_random_sample
2026-03-14T00:00:00+00:00,84171059,20,all_days,completion_random_sample
2026-03-14T00:00:00+00:00,84177381,20,all_days,completion_random_sample
2026-03-14T00:00:00+00:00,84179536,20,all_days,completion_random_sample
2026-03-14T00:00:00+00:00,84180847,20,all_days,completion_random_sample
2026-03-14T00:00:00+00:00,84185637,20,all_days,completion_random_sample
2026-03-14T00:00:00+00:00,84191180,20,all_days,completion_random_sample
2026-03-14T00:00:00+00:00,84192017,20,all_days,completion_random_sample
2026-03-14T00:00:00+00:00,84194295,20,all_days,completion_random_sample
2026-03-14T00:00:00+00:00,84195481,20,all_days,completion_random_sample
2026-03-14T00:00:00+00:00,84198916,20,all_days,completion_random_sample
2026-03-14T00:00:00+00:00,84199856,20,all_days,completion_random_sample
2026-03-14T00:00:00+00:00,84202432,20,all_days,completion_random_sample
2026-03-14T00:00:00+00:00,84202444,20,all_days,completion_random_sample
2026-03-14T00:00:00+00:00,84205693,20,all_days,completion_random_sample
2026-03-14T00:00:00+00:00,84206354,20,all_days,completion_random_sample
2026-03-15T00:00:00+00:00,84206813,20,all_days,completion_random_sample
2026-03-15T00:00:00+00:00,84206871,20,all_days,completion_random_sample
2026-03-15T00:00:00+00:00,84207272,20,all_days,completion_random_sample
2026-03-15T00:00:00+00:00,84212426,20,all_days,completion_random_sample
2026-03-15T00:00:00+00:00,84213514,20,all_days,completion_random_sample
2026-03-15T00:00:00+00:00,84215162,20,all_days,completion_random_sample
2026-03-15T00:00:00+00:00,84215869,20,all_days,completion_random_sample
2026-03-15T00:00:00+00:00,84217576,20,all_days,completion_random_sample
2026-03-15T00:00:00+00:00,84219153,20,all_days,completion_random_sample
2026-03-15T00:00:00+00:00,84220320,20,all_days,completion_random_sample
2026-03-15T00:00:00+00:00,84223041,20,all_days,completion_random_sample
2026-03-15T00:00:00+00:00,84226566,20,all_days,completion_random_sample
2026-03-15T00:00:00+00:00,84227482,20,all_days,completion_random_sample
2026-03-15T00:00:00+00:00,84233527,20,all_days,completion_random_sample
2026-03-15T00:00:00+00:00,84234316,20,all_days,completion_random_sample
2026-03-15T00:00:00+00:00,84237695,20,all_days,completion_random_sample
2026-03-15T00:00:00+00:00,84238621,20,all_days,completion_random_sample
2026-03-15T00:00:00+00:00,84241094,20,all_days,completion_random_sample
2026-03-15T00:00:00+00:00,84241529,20,all_days,completion_random_sample
2026-03-15T00:00:00+00:00,84243931,20,all_days,completion_random_sample
2026-03-16T00:00:00+00:00,84249781,20,all_days,completion_random_sample
2026-03-16T00:00:00+00:00,84253376,20,all_days,completion_random_sample
2026-03-16T00:00:00+00:00,84256567,20,all_days,completion_random_sample
2026-03-16T00:00:00+00:00,84257126,20,all_days,completion_random_sample
2026-03-16T00:00:00+00:00,84262778,20,all_days,completion_random_sample
2026-03-16T00:00:00+00:00,84264998,20,all_days,completion_random_sample
2026-03-16T00:00:00+00:00,84265522,20,all_days,completion_random_sample
2026-03-16T00:00:00+00:00,84268372,20,all_days,completion_random_sample
2026-03-16T00:00:00+00:00,84274855,20,all_days,completion_random_sample
2026-03-16T00:00:00+00:00,84275504,20,all_days,completion_random_sample
2026-03-16T00:00:00+00:00,84276040,20,all_days,completion_random_sample
2026-03-16T00:00:00+00:00,84277594,20,all_days,completion_random_sample
2026-03-16T00:00:00+00:00,84279448,20,all_days,completion_random_sample
2026-03-16T00:00:00+00:00,84280776,20,all_days,completion_random_sample
2026-03-16T00:00:00+00:00,84280957,20,all_days,completion_random_sample
2026-03-16T00:00:00+00:00,84283263,20,all_days,completion_random_sample
2026-03-16T00:00:00+00:00,84285099,20,all_days,completion_random_sample
2026-03-16T00:00:00+00:00,84286325,20,all_days,completion_random_sample
2026-03-16T00:00:00+00:00,84287242,20,all_days,completion_random_sample
2026-03-16T00:00:00+00:00,84288850,20,all_days,completion_random_sample
2026-03-17T00:00:00+00:00,84296926,20,all_days,completion_random_sample
2026-03-17T00:00:00+00:00,84299896,20,all_days,completion_random_sample
2026-03-17T00:00:00+00:00,84300460,20,all_days,completion_random_sample
2026-03-17T00:00:00+00:00,84301801,20,all_days,completion_random_sample
2026-03-17T00:00:00+00:00,84302408,20,all_days,completion_random_sample
2026-03-17T00:00:00+00:00,84302955,20,all_days,completion_random_sample
2026-03-17T00:00:00+00:00,84308171,20,all_days,completion_random_sample
2026-03-17T00:00:00+00:00,84310340,20,all_days,completion_random_sample
2026-03-17T00:00:00+00:00,84312790,20,all_days,completion_random_sample
2026-03-17T00:00:00+00:00,84315852,20,all_days,completion_random_sample
2026-03-17T00:00:00+00:00,84317818,20,all_days,completion_random_sample
2026-03-17T00:00:00+00:00,84318502,20,all_days,completion_random_sample
2026-03-17T00:00:00+00:00,84320961,20,all_days,completion_random_sample
2026-03-17T00:00:00+00:00,84321380,20,all_days,completion_random_sample
2026-03-17T00:00:00+00:00,84322700,20,all_days,completion_random_sample
2026-03-17T00:00:00+00:00,84323114,20,all_days,completion_random_sample
2026-03-17T00:00:00+00:00,84324232,20,all_days,completion_random_sample
2026-03-17T00:00:00+00:00,84327638,20,all_days,completion_random_sample
2026-03-17T00:00:00+00:00,84328655,20,all_days,completion_random_sample
2026-03-17T00:00:00+00:00,84331058,20,all_days,completion_random_sample
2026-03-18T00:00:00+00:00,84337381,20,all_days,completion_random_sample
2026-03-18T00:00:00+00:00,84338313,20,all_days,completion_random_sample
2026-03-18T00:00:00+00:00,84339016,20,all_days,completion_random_sample
2026-03-18T00:00:00+00:00,84339722,20,all_days,completion_random_sample
2026-03-18T00:00:00+00:00,84343517,20,all_days,completion_random_sample
2026-03-18T00:00:00+00:00,84348040,20,all_days,completion_random_sample
2026-03-18T00:00:00+00:00,84352204,20,all_days,completion_random_sample
2026-03-18T00:00:00+00:00,84352521,20,all_days,completion_random_sample
2026-03-18T00:00:00+00:00,84353829,20,all_days,completion_random_sample
2026-03-18T00:00:00+00:00,84355769,20,all_days,completion_random_sample
2026-03-18T00:00:00+00:00,84359047,20,all_days,completion_random_sample
2026-03-18T00:00:00+00:00,84359480,20,all_days,completion_random_sample
2026-03-18T00:00:00+00:00,84361389,20,all_days,completion_random_sample
2026-03-18T00:00:00+00:00,84361651,20,all_days,completion_random_sample
2026-03-18T00:00:00+00:00,84370395,20,all_days,completion_random_sample
2026-03-18T00:00:00+00:00,84370879,20,all_days,completion_random_sample
2026-03-18T00:00:00+00:00,84373201,20,all_days,completion_random_sample
2026-03-18T00:00:00+00:00,84373885,20,all_days,completion_random_sample
2026-03-18T00:00:00+00:00,84375733,20,all_days,completion_random_sample
2026-03-18T00:00:00+00:00,84377242,20,all_days,completion_random_sample
2026-03-19T00:00:00+00:00,84381260,20,all_days,completion_random_sample
2026-03-19T00:00:00+00:00,84384074,20,all_days,completion_random_sample
2026-03-19T00:00:00+00:00,84384943,20,all_days,completion_random_sample
2026-03-19T00:00:00+00:00,84386165,20,all_days,completion_random_sample
2026-03-19T00:00:00+00:00,84393660,20,all_days,completion_random_sample
2026-03-19T00:00:00+00:00,84393738,20,all_days,completion_random_sample
2026-03-19T00:00:00+00:00,84394019,20,all_days,completion_random_sample
2026-03-19T00:00:00+00:00,84395286,20,all_days,completion_random_sample
2026-03-19T00:00:00+00:00,84395300,20,all_days,completion_random_sample
2026-03-19T00:00:00+00:00,84396358,20,all_days,completion_random_sample
2026-03-19T00:00:00+00:00,84398662,20,all_days,completion_random_sample
2026-03-19T00:00:00+00:00,84402957,20,all_days,completion_random_sample
2026-03-19T00:00:00+00:00,84408967,20,all_days,completion_random_sample
2026-03-19T00:00:00+00:00,84411174,20,all_days,completion_random_sample
2026-03-19T00:00:00+00:00,84414385,20,all_days,completion_random_sample
2026-03-19T00:00:00+00:00,84417969,20,all_days,completion_random_sample
2026-03-19T00:00:00+00:00,84418874,20,all_days,completion_random_sample
2026-03-19T00:00:00+00:00,84419011,20,all_days,completion_random_sample
2026-03-19T00:00:00+00:00,84421973,20,all_days,completion_random_sample
2026-03-19T00:00:00+00:00,84421976,20,all_days,completion_random_sample
2026-03-20T00:00:00+00:00,84427729,20,all_days,completion_random_sample
2026-03-20T00:00:00+00:00,84430110,20,all_days,completion_random_sample
2026-03-20T00:00:00+00:00,84432801,20,all_days,completion_random_sample
2026-03-20T00:00:00+00:00,84438377,20,all_days,completion_random_sample
2026-03-20T00:00:00+00:00,84442499,20,all_days,completion_random_sample
2026-03-20T00:00:00+00:00,84442705,20,all_days,completion_random_sample
2026-03-20T00:00:00+00:00,84447193,20,all_days,completion_random_sample
2026-03-20T00:00:00+00:00,84447712,20,all_days,completion_random_sample
2026-03-20T00:00:00+00:00,84448463,20,all_days,completion_random_sample
2026-03-20T00:00:00+00:00,84449674,20,all_days,completion_random_sample
2026-03-20T00:00:00+00:00,84451229,20,all_days,completion_random_sample
2026-03-20T00:00:00+00:00,84452852,20,all_days,completion_random_sample
2026-03-20T00:00:00+00:00,84453345,20,all_days,completion_random_sample
2026-03-20T00:00:00+00:00,84456115,20,all_days,completion_random_sample
2026-03-20T00:00:00+00:00,84459303,20,all_days,completion_random_sample
2026-03-20T00:00:00+00:00,84460820,20,all_days,completion_random_sample
2026-03-20T00:00:00+00:00,84461702,20,all_days,completion_random_sample
2026-03-20T00:00:00+00:00,84462160,20,all_days,completion_random_sample
2026-03-20T00:00:00+00:00,84462986,20,all_days,completion_random_sample
2026-03-20T00:00:00+00:00,84464213,20,all_days,completion_random_sample
2026-03-21T00:00:00+00:00,84465861,20,all_days,completion_random_sample
2026-03-21T00:00:00+00:00,84466468,20,all_days,completion_random_sample
2026-03-21T00:00:00+00:00,84466761,20,all_days,completion_random_sample
2026-03-21T00:00:00+00:00,84468041,20,all_days,completion_random_sample
2026-03-21T00:00:00+00:00,84468109,20,all_days,completion_random_sample
2026-03-21T00:00:00+00:00,84470243,20,all_days,completion_random_sample
2026-03-21T00:00:00+00:00,84472910,20,all_days,completion_random_sample
2026-03-21T00:00:00+00:00,84473359,20,all_days,completion_random_sample
2026-03-21T00:00:00+00:00,84473447,20,all_days,completion_random_sample
2026-03-21T00:00:00+00:00,84478964,20,all_days,completion_random_sample
2026-03-21T00:00:00+00:00,84479062,20,all_days,completion_random_sample
2026-03-21T00:00:00+00:00,84481241,20,all_days,completion_random_sample
2026-03-21T00:00:00+00:00,84494239,20,all_days,completion_random_sample
2026-03-21T00:00:00+00:00,84498901,20,all_days,completion_random_sample
2026-03-21T00:00:00+00:00,84500412,20,all_days,completion_random_sample
2026-03-21T00:00:00+00:00,84500982,20,all_days,completion_random_sample
2026-03-21T00:00:00+00:00,84503425,20,all_days,completion_random_sample
2026-03-21T00:00:00+00:00,84503618,20,all_days,completion_random_sample
2026-03-21T00:00:00+00:00,84503806,20,all_days,completion_random_sample
2026-03-21T00:00:00+00:00,84504524,20,all_days,completion_random_sample
2026-03-22T00:00:00+00:00,84509211,20,all_days,completion_random_sample
2026-03-22T00:00:00+00:00,84515078,20,all_days,completion_random_sample
2026-03-22T00:00:00+00:00,84523343,20,all_days,completion_random_sample
2026-03-22T00:00:00+00:00,84524522,20,all_days,completion_random_sample
2026-03-22T00:00:00+00:00,84524711,20,all_days,completion_random_sample
2026-03-22T00:00:00+00:00,84525893,20,all_days,completion_random_sample
2026-03-22T00:00:00+00:00,84526368,20,all_days,completion_random_sample
2026-03-22T00:00:00+00:00,84526817,20,all_days,completion_random_sample
2026-03-22T00:00:00+00:00,84528193,20,all_days,completion_random_sample
2026-03-22T00:00:00+00:00,84531006,20,all_days,completion_random_sample
2026-03-22T00:00:00+00:00,84532631,20,all_days,completion_random_sample
2026-03-22T00:00:00+00:00,84533987,20,all_days,completion_random_sample
2026-03-22T00:00:00+00:00,84535856,20,all_days,completion_random_sample
2026-03-22T00:00:00+00:00,84536008,20,all_days,completion_random_sample
2026-03-22T00:00:00+00:00,84539868,20,all_days,completion_random_sample
2026-03-22T00:00:00+00:00,84543161,20,all_days,completion_random_sample
2026-03-22T00:00:00+00:00,84545531,20,all_days,completion_random_sample
2026-03-22T00:00:00+00:00,84545818,20,all_days,completion_random_sample
2026-03-22T00:00:00+00:00,84546150,20,all_days,completion_random_sample
2026-03-22T00:00:00+00:00,84551469,20,all_days,completion_random_sample
2026-03-23T00:00:00+00:00,84552748,20,all_days,completion_random_sample
2026-03-23T00:00:00+00:00,84554834,20,all_days,completion_random_sample
2026-03-23T00:00:00+00:00,84564216,20,all_days,completion_random_sample
2026-03-23T00:00:00+00:00,84565964,20,all_days,completion_random_sample
2026-03-23T00:00:00+00:00,84566417,20,all_days,completion_random_sample
2026-03-23T00:00:00+00:00,84569380,20,all_days,completion_random_sample
2026-03-23T00:00:00+00:00,84572883,20,all_days,completion_random_sample
2026-03-23T00:00:00+00:00,84573766,20,all_days,completion_random_sample
2026-03-23T00:00:00+00:00,84573869,20,all_days,completion_random_sample
2026-03-23T00:00:00+00:00,84574550,20,all_days,completion_random_sample
2026-03-23T00:00:00+00:00,84574926,20,all_days,completion_random_sample
2026-03-23T00:00:00+00:00,84576204,20,all_days,completion_random_sample
2026-03-23T00:00:00+00:00,84578894,20,all_days,completion_random_sample
2026-03-23T00:00:00+00:00,84578927,20,all_days,completion_random_sample
2026-03-23T00:00:00+00:00,84579085,20,all_days,completion_random_sample
2026-03-23T00:00:00+00:00,84580205,20,all_days,completion_random_sample
2026-03-23T00:00:00+00:00,84581793,20,all_days,completion_random_sample
2026-03-23T00:00:00+00:00,84582817,20,all_days,completion_random_sample
2026-03-23T00:00:00+00:00,84584284,20,all_days,completion_random_sample
2026-03-23T00:00:00+00:00,84587778,20,all_days,completion_random_sample
2026-03-24T00:00:00+00:00,84595731,20,all_days,completion_random_sample
2026-03-24T00:00:00+00:00,84595945,20,all_days,completion_random_sample
2026-03-24T00:00:00+00:00,84596130,20,all_days,completion_random_sample
2026-03-24T00:00:00+00:00,84597045,20,all_days,completion_random_sample
2026-03-24T00:00:00+00:00,84600748,20,all_days,completion_random_sample
2026-03-24T00:00:00+00:00,84607337,20,all_days,completion_random_sample
2026-03-24T00:00:00+00:00,84607665,20,all_days,completion_random_sample
2026-03-24T00:00:00+00:00,84608783,20,all_days,completion_random_sample
2026-03-24T00:00:00+00:00,84614777,20,all_days,completion_random_sample
2026-03-24T00:00:00+00:00,84618332,20,all_days,completion_random_sample
2026-03-24T00:00:00+00:00,84620485,20,all_days,completion_random_sample
2026-03-24T00:00:00+00:00,84621700,20,all_days,completion_random_sample
2026-03-24T00:00:00+00:00,84622501,20,all_days,completion_random_sample
2026-03-24T00:00:00+00:00,84622558,20,all_days,completion_random_sample
2026-03-24T00:00:00+00:00,84629122,20,all_days,completion_random_sample
2026-03-24T00:00:00+00:00,84630960,20,all_days,completion_random_sample
2026-03-24T00:00:00+00:00,84632569,20,all_days,completion_random_sample
2026-03-24T00:00:00+00:00,84634178,20,all_days,completion_random_sample
2026-03-24T00:00:00+00:00,84636982,20,all_days,completion_random_sample
2026-03-24T00:00:00+00:00,84637224,20,all_days,completion_random_sample
2026-03-25T00:00:00+00:00,84638807,20,all_days,completion_random_sample
2026-03-25T00:00:00+00:00,84640895,20,all_days,completion_random_sample
2026-03-25T00:00:00+00:00,84642107,20,all_days,completion_random_sample
2026-03-25T00:00:00+00:00,84642249,20,all_days,completion_random_sample
2026-03-25T00:00:00+00:00,84642831,20,all_days,completion_random_sample
2026-03-25T00:00:00+00:00,84648033,20,all_days,completion_random_sample
2026-03-25T00:00:00+00:00,84656672,20,all_days,completion_random_sample
2026-03-25T00:00:00+00:00,84661580,20,all_days,completion_random_sample
2026-03-25T00:00:00+00:00,84662555,20,all_days,completion_random_sample
2026-03-25T00:00:00+00:00,84664943,20,all_days,completion_random_sample
2026-03-25T00:00:00+00:00,84666609,20,all_days,completion_random_sample
2026-03-25T00:00:00+00:00,84667883,20,all_days,completion_random_sample
2026-03-25T00:00:00+00:00,84668239,20,all_days,completion_random_sample
2026-03-25T00:00:00+00:00,84668806,20,all_days,completion_random_sample
2026-03-25T00:00:00+00:00,84669161,20,all_days,completion_random_sample
2026-03-25T00:00:00+00:00,84674066,20,all_days,completion_random_sample
2026-03-25T00:00:00+00:00,84674083,20,all_days,completion_random_sample
2026-03-25T00:00:00+00:00,84676159,20,all_days,completion_random_sample
2026-03-25T00:00:00+00:00,84677077,20,all_days,completion_random_sample
2026-03-25T00:00:00+00:00,84678487,20,all_days,completion_random_sample
2026-03-26T00:00:00+00:00,84683365,20,all_days,completion_random_sample
2026-03-26T00:00:00+00:00,84684292,20,all_days,completion_random_sample
2026-03-26T00:00:00+00:00,84685945,20,all_days,completion_random_sample
2026-03-26T00:00:00+00:00,84691157,20,all_days,completion_random_sample
2026-03-26T00:00:00+00:00,84695661,20,all_days,completion_random_sample
2026-03-26T00:00:00+00:00,84697265,20,all_days,completion_random_sample
2026-03-26T00:00:00+00:00,84701324,20,all_days,completion_random_sample
2026-03-26T00:00:00+00:00,84702647,20,all_days,completion_random_sample
2026-03-26T00:00:00+00:00,84705794,20,all_days,completion_random_sample
2026-03-26T00:00:00+00:00,84705941,20,all_days,completion_random_sample
2026-03-26T00:00:00+00:00,84706263,20,all_days,completion_random_sample
2026-03-26T00:00:00+00:00,84709661,20,all_days,completion_random_sample
2026-03-26T00:00:00+00:00,84709893,20,all_days,completion_random_sample
2026-03-26T00:00:00+00:00,84710479,20,all_days,completion_random_sample
2026-03-26T00:00:00+00:00,84714630,20,all_days,completion_random_sample
2026-03-26T00:00:00+00:00,84715057,20,all_days,completion_random_sample
2026-03-26T00:00:00+00:00,84715639,20,all_days,completion_random_sample
2026-03-26T00:00:00+00:00,84716877,20,all_days,completion_random_sample
2026-03-26T00:00:00+00:00,84720882,20,all_days,completion_random_sample
2026-03-26T00:00:00+00:00,84723470,20,all_days,completion_random_sample
2026-03-27T00:00:00+00:00,84726408,20,all_days,completion_random_sample
2026-03-27T00:00:00+00:00,84727975,20,all_days,completion_random_sample
2026-03-27T00:00:00+00:00,84728597,20,all_days,completion_random_sample
2026-03-27T00:00:00+00:00,84729025,20,all_days,completion_random_sample
2026-03-27T00:00:00+00:00,84729049,20,all_days,completion_random_sample
2026-03-27T00:00:00+00:00,84735082,20,all_days,completion_random_sample
2026-03-27T00:00:00+00:00,84735312,20,all_days,completion_random_sample
2026-03-27T00:00:00+00:00,84737894,20,all_days,completion_random_sample
2026-03-27T00:00:00+00:00,84740770,20,all_days,completion_random_sample
2026-03-27T00:00:00+00:00,84742746,20,all_days,completion_random_sample
2026-03-27T00:00:00+00:00,84743280,20,all_days,completion_random_sample
2026-03-27T00:00:00+00:00,84743769,20,all_days,completion_random_sample
2026-03-27T00:00:00+00:00,84743930,20,all_days,completion_random_sample
2026-03-27T00:00:00+00:00,84748024,20,all_days,completion_random_sample
2026-03-27T00:00:00+00:00,84752111,20,all_days,completion_random_sample
2026-03-27T00:00:00+00:00,84756657,20,all_days,completion_random_sample
2026-03-27T00:00:00+00:00,84761917,20,all_days,completion_random_sample
2026-03-27T00:00:00+00:00,84765202,20,all_days,completion_random_sample
2026-03-27T00:00:00+00:00,84765410,20,all_days,completion_random_sample
2026-03-27T00:00:00+00:00,84766205,20,all_days,completion_random_sample
2026-03-28T00:00:00+00:00,84769841,20,all_days,completion_random_sample
2026-03-28T00:00:00+00:00,84775624,20,all_days,completion_random_sample
2026-03-28T00:00:00+00:00,84776391,20,all_days,completion_random_sample
2026-03-28T00:00:00+00:00,84780208,20,all_days,completion_random_sample
2026-03-28T00:00:00+00:00,84780605,20,all_days,completion_random_sample
2026-03-28T00:00:00+00:00,84783532,20,all_days,completion_random_sample
2026-03-28T00:00:00+00:00,84783547,20,all_days,completion_random_sample
2026-03-28T00:00:00+00:00,84783557,20,all_days,completion_random_sample
2026-03-28T00:00:00+00:00,84791555,20,all_days,completion_random_sample
2026-03-28T00:00:00+00:00,84791562,20,all_days,completion_random_sample
2026-03-28T00:00:00+00:00,84792413,20,all_days,completion_random_sample
2026-03-28T00:00:00+00:00,84793671,20,all_days,completion_random_sample
2026-03-28T00:00:00+00:00,84795365,20,all_days,completion_random_sample
2026-03-28T00:00:00+00:00,84796845,20,all_days,completion_random_sample
2026-03-28T00:00:00+00:00,84803019,20,all_days,completion_random_sample
2026-03-28T00:00:00+00:00,84805410,20,all_days,completion_random_sample
2026-03-28T00:00:00+00:00,84805660,20,all_days,completion_random_sample
2026-03-28T00:00:00+00:00,84807375,20,all_days,completion_random_sample
2026-03-28T00:00:00+00:00,84808383,20,all_days,completion_random_sample
2026-03-28T00:00:00+00:00,84809609,20,all_days,completion_random_sample
2026-03-29T00:00:00+00:00,84813346,20,all_days,completion_random_sample
2026-03-29T00:00:00+00:00,84813536,20,all_days,completion_random_sample
2026-03-29T00:00:00+00:00,84814065,20,all_days,completion_random_sample
2026-03-29T00:00:00+00:00,84815503,20,all_days,completion_random_sample
2026-03-29T00:00:00+00:00,84817077,20,all_days,completion_random_sample
2026-03-29T00:00:00+00:00,84820412,20,all_days,completion_random_sample
2026-03-29T00:00:00+00:00,84826444,20,all_days,completion_random_sample
2026-03-29T00:00:00+00:00,84829804,20,all_days,completion_random_sample
2026-03-29T00:00:00+00:00,84832358,20,all_days,completion_random_sample
2026-03-29T00:00:00+00:00,84833519,20,all_days,completion_random_sample
2026-03-29T00:00:00+00:00,84834526,20,all_days,completion_random_sample
2026-03-29T00:00:00+00:00,84836008,20,all_days,completion_random_sample
2026-03-29T00:00:00+00:00,84837620,20,all_days,completion_random_sample
2026-03-29T00:00:00+00:00,84838119,20,all_days,completion_random_sample
2026-03-29T00:00:00+00:00,84844891,20,all_days,completion_random_sample
2026-03-29T00:00:00+00:00,84846605,20,all_days,completion_random_sample
2026-03-29T00:00:00+00:00,84847075,20,all_days,completion_random_sample
2026-03-29T00:00:00+00:00,84852424,20,all_days,completion_random_sample
2026-03-29T00:00:00+00:00,84853293,20,all_days,completion_random_sample
2026-03-29T00:00:00+00:00,84853707,20,all_days,completion_random_sample
2026-03-30T00:00:00+00:00,84860863,20,all_days,completion_random_sample
2026-03-30T00:00:00+00:00,84868296,20,all_days,completion_random_sample
2026-03-30T00:00:00+00:00,84869413,20,all_days,completion_random_sample
2026-03-30T00:00:00+00:00,84869476,20,all_days,completion_random_sample
2026-03-30T00:00:00+00:00,84871069,20,all_days,completion_random_sample
2026-03-30T00:00:00+00:00,84873432,20,all_days,completion_random_sample
2026-03-30T00:00:00+00:00,84875844,20,all_days,completion_random_sample
2026-03-30T00:00:00+00:00,84876391,20,all_days,completion_random_sample
2026-03-30T00:00:00+00:00,84876596,20,all_days,completion_random_sample
2026-03-30T00:00:00+00:00,84880695,20,all_days,completion_random_sample
2026-03-30T00:00:00+00:00,84881928,20,all_days,completion_random_sample
2026-03-30T00:00:00+00:00,84884404,20,all_days,completion_random_sample
2026-03-30T00:00:00+00:00,84885791,20,all_days,completion_random_sample
2026-03-30T00:00:00+00:00,84888503,20,all_days,completion_random_sample
2026-03-30T00:00:00+00:00,84891859,20,all_days,completion_random_sample
2026-03-30T00:00:00+00:00,84892455,20,all_days,completion_random_sample
2026-03-30T00:00:00+00:00,84894790,20,all_days,completion_random_sample
2026-03-30T00:00:00+00:00,84895313,20,all_days,completion_random_sample
2026-03-30T00:00:00+00:00,84897280,20,all_days,completion_random_sample
2026-03-30T00:00:00+00:00,84897468,20,all_days,completion_random_sample
2026-03-31T00:00:00+00:00,84904879,20,all_days,completion_random_sample
2026-03-31T00:00:00+00:00,84907516,20,all_days,completion_random_sample
2026-03-31T00:00:00+00:00,84909887,20,all_days,completion_random_sample
2026-03-31T00:00:00+00:00,84912382,20,all_days,completion_random_sample
2026-03-31T00:00:00+00:00,84916366,20,all_days,completion_random_sample
2026-03-31T00:00:00+00:00,84916507,20,all_days,completion_random_sample
2026-03-31T00:00:00+00:00,84917539,20,all_days,completion_random_sample
2026-03-31T00:00:00+00:00,84918057,20,all_days,completion_random_sample
2026-03-31T00:00:00+00:00,84919561,20,all_days,completion_random_sample
2026-03-31T00:00:00+00:00,84920494,20,all_days,completion_random_sample
2026-03-31T00:00:00+00:00,84921187,20,all_days,completion_random_sample
2026-03-31T00:00:00+00:00,84922661,20,all_days,completion_random_sample
2026-03-31T00:00:00+00:00,84925615,20,all_days,completion_random_sample
2026-03-31T00:00:00+00:00,84927556,20,all_days,completion_random_sample
2026-03-31T00:00:00+00:00,84930033,20,all_days,completion_random_sample
2026-03-31T00:00:00+00:00,84932253,20,all_days,completion_random_sample
2026-03-31T00:00:00+00:00,84934167,20,all_days,completion_random_sample
2026-03-31T00:00:00+00:00,84936114,20,all_days,completion_random_sample
2026-03-31T00:00:00+00:00,84937621,20,all_days,completion_random_sample
2026-03-31T00:00:00+00:00,84937709,20,all_days,completion_random_sample
2026-04-01T00:00:00+00:00,84941102,20,all_days,completion_random_sample
2026-04-01T00:00:00+00:00,84943880,20,all_days,completion_random_sample
2026-04-01T00:00:00+00:00,84944343,20,all_days,completion_random_sample
2026-04-01T00:00:00+00:00,84946352,20,all_days,completion_random_sample
2026-04-01T00:00:00+00:00,84950947,20,all_days,completion_random_sample
2026-04-01T00:00:00+00:00,84952097,20,all_days,completion_random_sample
2026-04-01T00:00:00+00:00,84955229,20,all_days,completion_random_sample
2026-04-01T00:00:00+00:00,84957079,20,all_days,completion_random_sample
2026-04-01T00:00:00+00:00,84959674,20,all_days,completion_random_sample
2026-04-01T00:00:00+00:00,84963129,20,all_days,completion_random_sample
2026-04-01T00:00:00+00:00,84966550,20,all_days,completion_random_sample
2026-04-01T00:00:00+00:00,84969859,20,all_days,completion_random_sample
2026-04-01T00:00:00+00:00,84971123,20,all_days,completion_random_sample
2026-04-01T00:00:00+00:00,84971446,20,all_days,completion_random_sample
2026-04-01T00:00:00+00:00,84972167,20,all_days,completion_random_sample
2026-04-01T00:00:00+00:00,84975184,20,all_days,completion_random_sample
2026-04-01T00:00:00+00:00,84977252,20,all_days,completion_random_sample
2026-04-01T00:00:00+00:00,84982285,20,all_days,completion_random_sample
2026-04-01T00:00:00+00:00,84982626,20,all_days,completion_random_sample
2026-04-01T00:00:00+00:00,84983259,20,all_days,completion_random_sample
2026-04-02T00:00:00+00:00,84985578,20,all_days,completion_random_sample
2026-04-02T00:00:00+00:00,84988771,20,all_days,completion_random_sample
2026-04-02T00:00:00+00:00,84989523,20,all_days,completion_random_sample
2026-04-02T00:00:00+00:00,84991407,20,all_days,completion_random_sample
2026-04-02T00:00:00+00:00,84992512,20,all_days,completion_random_sample
2026-04-02T00:00:00+00:00,84993535,20,all_days,completion_random_sample
2026-04-02T00:00:00+00:00,84994276,20,all_days,completion_random_sample
2026-04-02T00:00:00+00:00,84996754,20,all_days,completion_random_sample
2026-04-02T00:00:00+00:00,84999600,20,all_days,completion_random_sample
2026-04-02T00:00:00+00:00,85000350,20,all_days,completion_random_sample
2026-04-02T00:00:00+00:00,85001735,20,all_days,completion_random_sample
2026-04-02T00:00:00+00:00,85002180,20,all_days,completion_random_sample
2026-04-02T00:00:00+00:00,85003629,20,all_days,completion_random_sample
2026-04-02T00:00:00+00:00,85004227,20,all_days,completion_random_sample
2026-04-02T00:00:00+00:00,85006132,20,all_days,completion_random_sample
2026-04-02T00:00:00+00:00,85012334,20,all_days,completion_random_sample
2026-04-02T00:00:00+00:00,85012450,20,all_days,completion_random_sample
2026-04-02T00:00:00+00:00,85016909,20,all_days,completion_random_sample
2026-04-02T00:00:00+00:00,85022458,20,all_days,completion_random_sample
2026-04-02T00:00:00+00:00,85022829,20,all_days,completion_random_sample
2026-04-03T00:00:00+00:00,85027984,20,all_days,completion_random_sample
2026-04-03T00:00:00+00:00,85028770,20,all_days,completion_random_sample
2026-04-03T00:00:00+00:00,85031118,20,all_days,completion_random_sample
2026-04-03T00:00:00+00:00,85031495,20,all_days,completion_random_sample
2026-04-03T00:00:00+00:00,85035181,20,all_days,completion_random_sample
2026-04-03T00:00:00+00:00,85035459,20,all_days,completion_random_sample
2026-04-03T00:00:00+00:00,85035663,20,all_days,completion_random_sample
2026-04-03T00:00:00+00:00,85039789,20,all_days,completion_random_sample
2026-04-03T00:00:00+00:00,85045242,20,all_days,completion_random_sample
2026-04-03T00:00:00+00:00,85049143,20,all_days,completion_random_sample
2026-04-03T00:00:00+00:00,85052671,20,all_days,completion_random_sample
2026-04-03T00:00:00+00:00,85053343,20,all_days,completion_random_sample
2026-04-03T00:00:00+00:00,85056036,20,all_days,completion_random_sample
2026-04-03T00:00:00+00:00,85058978,20,all_days,completion_random_sample
2026-04-03T00:00:00+00:00,85060867,20,all_days,completion_random_sample
2026-04-03T00:00:00+00:00,85063210,20,all_days,completion_random_sample
2026-04-03T00:00:00+00:00,85064593,20,all_days,completion_random_sample
2026-04-03T00:00:00+00:00,85066191,20,all_days,completion_random_sample
2026-04-03T00:00:00+00:00,85067714,20,all_days,completion_random_sample
2026-04-03T00:00:00+00:00,85069780,20,all_days,completion_random_sample
2026-04-04T00:00:00+00:00,85077163,20,all_days,completion_random_sample
2026-04-04T00:00:00+00:00,85079468,20,all_days,completion_random_sample
2026-04-04T00:00:00+00:00,85080632,20,all_days,completion_random_sample
2026-04-04T00:00:00+00:00,85081993,20,all_days,completion_random_sample
2026-04-04T00:00:00+00:00,85083984,20,all_days,completion_random_sample
2026-04-04T00:00:00+00:00,85084196,20,all_days,completion_random_sample
2026-04-04T00:00:00+00:00,85085356,20,all_days,completion_random_sample
2026-04-04T00:00:00+00:00,85085416,20,all_days,completion_random_sample
2026-04-04T00:00:00+00:00,85087630,20,all_days,completion_random_sample
2026-04-04T00:00:00+00:00,85091698,20,all_days,completion_random_sample
2026-04-04T00:00:00+00:00,85091887,20,all_days,completion_random_sample
2026-04-04T00:00:00+00:00,85092000,20,all_days,completion_random_sample
2026-04-04T00:00:00+00:00,85094954,20,all_days,completion_random_sample
2026-04-04T00:00:00+00:00,85096739,20,all_days,completion_random_sample
2026-04-04T00:00:00+00:00,85104063,20,all_days,completion_random_sample
2026-04-04T00:00:00+00:00,85105033,20,all_days,completion_random_sample
2026-04-04T00:00:00+00:00,85105779,20,all_days,completion_random_sample
2026-04-04T00:00:00+00:00,85105932,20,all_days,completion_random_sample
2026-04-04T00:00:00+00:00,85107991,20,all_days,completion_random_sample
2026-04-04T00:00:00+00:00,85112105,20,all_days,completion_random_sample
2026-04-05T00:00:00+00:00,85113582,20,all_days,completion_random_sample
2026-04-05T00:00:00+00:00,85113953,20,all_days,completion_random_sample
2026-04-05T00:00:00+00:00,85115066,20,all_days,completion_random_sample
2026-04-05T00:00:00+00:00,85116254,20,all_days,completion_random_sample
2026-04-05T00:00:00+00:00,85119025,20,all_days,completion_random_sample
2026-04-05T00:00:00+00:00,85121434,20,all_days,completion_random_sample
2026-04-05T00:00:00+00:00,85121736,20,all_days,completion_random_sample
2026-04-05T00:00:00+00:00,85127416,20,all_days,completion_random_sample
2026-04-05T00:00:00+00:00,85128745,20,all_days,completion_random_sample
2026-04-05T00:00:00+00:00,85129007,20,all_days,completion_random_sample
2026-04-05T00:00:00+00:00,85129579,20,all_days,completion_random_sample
2026-04-05T00:00:00+00:00,85129813,20,all_days,completion_random_sample
2026-04-05T00:00:00+00:00,85130305,20,all_days,completion_random_sample
2026-04-05T00:00:00+00:00,85131555,20,all_days,completion_random_sample
2026-04-05T00:00:00+00:00,85132024,20,all_days,completion_random_sample
2026-04-05T00:00:00+00:00,85137640,20,all_days,completion_random_sample
2026-04-05T00:00:00+00:00,85145100,20,all_days,completion_random_sample
2026-04-05T00:00:00+00:00,85147810,20,all_days,completion_random_sample
2026-04-05T00:00:00+00:00,85148932,20,all_days,completion_random_sample
2026-04-05T00:00:00+00:00,85153398,20,all_days,completion_random_sample
2026-04-06T00:00:00+00:00,85158619,20,all_days,completion_random_sample
2026-04-06T00:00:00+00:00,85158986,20,all_days,completion_random_sample
2026-04-06T00:00:00+00:00,85160100,20,all_days,completion_random_sample
2026-04-06T00:00:00+00:00,85160104,20,all_days,completion_random_sample
2026-04-06T00:00:00+00:00,85165020,20,all_days,completion_random_sample
2026-04-06T00:00:00+00:00,85167379,20,all_days,completion_random_sample
2026-04-06T00:00:00+00:00,85168061,20,all_days,completion_random_sample
2026-04-06T00:00:00+00:00,85169289,20,all_days,completion_random_sample
2026-04-06T00:00:00+00:00,85173462,20,all_days,completion_random_sample
2026-04-06T00:00:00+00:00,85175089,20,all_days,completion_random_sample
2026-04-06T00:00:00+00:00,85177120,20,all_days,completion_random_sample
2026-04-06T00:00:00+00:00,85184110,20,all_days,completion_random_sample
2026-04-06T00:00:00+00:00,85185969,20,all_days,completion_random_sample
2026-04-06T00:00:00+00:00,85186583,20,all_days,completion_random_sample
2026-04-06T00:00:00+00:00,85187704,20,all_days,completion_random_sample
2026-04-06T00:00:00+00:00,85190325,20,all_days,completion_random_sample
2026-04-06T00:00:00+00:00,85191115,20,all_days,completion_random_sample
2026-04-06T00:00:00+00:00,85192901,20,all_days,completion_random_sample
2026-04-06T00:00:00+00:00,85194083,20,all_days,completion_random_sample
2026-04-06T00:00:00+00:00,85196206,20,all_days,completion_random_sample
2026-04-07T00:00:00+00:00,85203625,20,all_days,completion_random_sample
2026-04-07T00:00:00+00:00,85206423,20,all_days,completion_random_sample
2026-04-07T00:00:00+00:00,85213134,20,all_days,completion_random_sample
2026-04-07T00:00:00+00:00,85216402,20,all_days,completion_random_sample
2026-04-07T00:00:00+00:00,85218713,20,all_days,completion_random_sample
2026-04-07T00:00:00+00:00,85222382,20,all_days,completion_random_sample
2026-04-07T00:00:00+00:00,85222553,20,all_days,completion_random_sample
2026-04-07T00:00:00+00:00,85223407,20,all_days,completion_random_sample
2026-04-07T00:00:00+00:00,85223615,20,all_days,completion_random_sample
2026-04-07T00:00:00+00:00,85224244,20,all_days,completion_random_sample
2026-04-07T00:00:00+00:00,85227663,20,all_days,completion_random_sample
2026-04-07T00:00:00+00:00,85227680,20,all_days,completion_random_sample
2026-04-07T00:00:00+00:00,85227967,20,all_days,completion_random_sample
2026-04-07T00:00:00+00:00,85229624,20,all_days,completion_random_sample
2026-04-07T00:00:00+00:00,85234157,20,all_days,completion_random_sample
2026-04-07T00:00:00+00:00,85235919,20,all_days,completion_random_sample
2026-04-07T00:00:00+00:00,85238556,20,all_days,completion_random_sample
2026-04-07T00:00:00+00:00,85239306,20,all_days,completion_random_sample
2026-04-07T00:00:00+00:00,85241877,20,all_days,completion_random_sample
2026-04-07T00:00:00+00:00,85242051,20,all_days,completion_random_sample
2026-04-08T00:00:00+00:00,85243514,20,all_days,completion_random_sample
2026-04-08T00:00:00+00:00,85247976,20,all_days,completion_random_sample
2026-04-08T00:00:00+00:00,85250925,20,all_days,completion_random_sample
2026-04-08T00:00:00+00:00,85252721,20,all_days,completion_random_sample
2026-04-08T00:00:00+00:00,85255165,20,all_days,completion_random_sample
2026-04-08T00:00:00+00:00,85256159,20,all_days,completion_random_sample
2026-04-08T00:00:00+00:00,85259985,20,all_days,completion_random_sample
2026-04-08T00:00:00+00:00,85261925,20,all_days,completion_random_sample
2026-04-08T00:00:00+00:00,85263077,20,all_days,completion_random_sample
2026-04-08T00:00:00+00:00,85269620,20,all_days,completion_random_sample
2026-04-08T00:00:00+00:00,85270744,20,all_days,completion_random_sample
2026-04-08T00:00:00+00:00,85272636,20,all_days,completion_random_sample
2026-04-08T00:00:00+00:00,85274856,20,all_days,completion_random_sample
2026-04-08T00:00:00+00:00,85277986,20,all_days,completion_random_sample
2026-04-08T00:00:00+00:00,85281330,20,all_days,completion_random_sample
2026-04-08T00:00:00+00:00,85281828,20,all_days,completion_random_sample
2026-04-08T00:00:00+00:00,85282663,20,all_days,completion_random_sample
2026-04-08T00:00:00+00:00,85282989,20,all_days,completion_random_sample
2026-04-08T00:00:00+00:00,85283031,20,all_days,completion_random_sample
2026-04-08T00:00:00+00:00,85284932,20,all_days,completion_random_sample
2026-04-09T00:00:00+00:00,85288139,20,all_days,completion_random_sample
2026-04-09T00:00:00+00:00,85291092,20,all_days,completion_random_sample
2026-04-09T00:00:00+00:00,85292393,20,all_days,completion_random_sample
2026-04-09T00:00:00+00:00,85294412,20,all_days,completion_random_sample
2026-04-09T00:00:00+00:00,85295059,20,all_days,completion_random_sample
2026-04-09T00:00:00+00:00,85297758,20,all_days,completion_random_sample
2026-04-09T00:00:00+00:00,85300060,20,all_days,completion_random_sample
2026-04-09T00:00:00+00:00,85303445,20,all_days,completion_random_sample
2026-04-09T00:00:00+00:00,85304101,20,all_days,completion_random_sample
2026-04-09T00:00:00+00:00,85305100,20,all_days,completion_random_sample
2026-04-09T00:00:00+00:00,85307673,20,all_days,completion_random_sample
2026-04-09T00:00:00+00:00,85312903,20,all_days,completion_random_sample
2026-04-09T00:00:00+00:00,85314750,20,all_days,completion_random_sample
2026-04-09T00:00:00+00:00,85315594,20,all_days,completion_random_sample
2026-04-09T00:00:00+00:00,85315867,20,all_days,completion_random_sample
2026-04-09T00:00:00+00:00,85318184,20,all_days,completion_random_sample
2026-04-09T00:00:00+00:00,85319732,20,all_days,completion_random_sample
2026-04-09T00:00:00+00:00,85320990,20,all_days,completion_random_sample
2026-04-09T00:00:00+00:00,85323533,20,all_days,completion_random_sample
2026-04-09T00:00:00+00:00,85328079,20,all_days,completion_random_sample
2026-04-10T00:00:00+00:00,85329939,20,all_days,completion_random_sample
2026-04-10T00:00:00+00:00,85330231,20,all_days,completion_random_sample
2026-04-10T00:00:00+00:00,85333834,20,all_days,completion_random_sample
2026-04-10T00:00:00+00:00,85335226,20,all_days,completion_random_sample
2026-04-10T00:00:00+00:00,85338504,20,all_days,completion_random_sample
2026-04-10T00:00:00+00:00,85343275,20,all_days,completion_random_sample
2026-04-10T00:00:00+00:00,85346110,20,all_days,completion_random_sample
2026-04-10T00:00:00+00:00,85349792,20,all_days,completion_random_sample
2026-04-10T00:00:00+00:00,85349917,20,all_days,completion_random_sample
2026-04-10T00:00:00+00:00,85350585,20,all_days,completion_random_sample
2026-04-10T00:00:00+00:00,85352153,20,all_days,completion_random_sample
2026-04-10T00:00:00+00:00,85359952,20,all_days,completion_random_sample
2026-04-10T00:00:00+00:00,85361250,20,all_days,completion_random_sample
2026-04-10T00:00:00+00:00,85364686,20,all_days,completion_random_sample
2026-04-10T00:00:00+00:00,85365313,20,all_days,completion_random_sample
2026-04-10T00:00:00+00:00,85367168,20,all_days,completion_random_sample
2026-04-10T00:00:00+00:00,85367553,20,all_days,completion_random_sample
2026-04-10T00:00:00+00:00,85368131,20,all_days,completion_random_sample
2026-04-10T00:00:00+00:00,85368384,20,all_days,completion_random_sample
2026-04-10T00:00:00+00:00,85372021,20,all_days,completion_random_sample
2026-04-11T00:00:00+00:00,85375776,20,all_days,completion_random_sample
2026-04-11T00:00:00+00:00,85378561,20,all_days,completion_random_sample
2026-04-11T00:00:00+00:00,85379101,20,all_days,completion_random_sample
2026-04-11T00:00:00+00:00,85379722,20,all_days,completion_random_sample
2026-04-11T00:00:00+00:00,85380663,20,all_days,completion_random_sample
2026-04-11T00:00:00+00:00,85381586,20,all_days,completion_random_sample
2026-04-11T00:00:00+00:00,85383639,20,all_days,completion_random_sample
2026-04-11T00:00:00+00:00,85383758,20,all_days,completion_random_sample
2026-04-11T00:00:00+00:00,85384085,20,all_days,completion_random_sample
2026-04-11T00:00:00+00:00,85385151,20,all_days,completion_random_sample
2026-04-11T00:00:00+00:00,85386144,20,all_days,completion_random_sample
2026-04-11T00:00:00+00:00,85390841,20,all_days,completion_random_sample
2026-04-11T00:00:00+00:00,85392263,20,all_days,completion_random_sample
2026-04-11T00:00:00+00:00,85395480,20,all_days,completion_random_sample
2026-04-11T00:00:00+00:00,85399036,20,all_days,completion_random_sample
2026-04-11T00:00:00+00:00,85404178,20,all_days,completion_random_sample
2026-04-11T00:00:00+00:00,85405994,20,all_days,completion_random_sample
2026-04-11T00:00:00+00:00,85410981,20,all_days,completion_random_sample
2026-04-11T00:00:00+00:00,85413891,20,all_days,completion_random_sample
2026-04-11T00:00:00+00:00,85415892,20,all_days,completion_random_sample
2026-04-12T00:00:00+00:00,85418785,20,all_days,completion_random_sample
2026-04-12T00:00:00+00:00,85424398,20,all_days,completion_random_sample
2026-04-12T00:00:00+00:00,85424796,20,all_days,completion_random_sample
2026-04-12T00:00:00+00:00,85425961,20,all_days,completion_random_sample
2026-04-12T00:00:00+00:00,85429152,20,all_days,completion_random_sample
2026-04-12T00:00:00+00:00,85429329,20,all_days,completion_random_sample
2026-04-12T00:00:00+00:00,85429805,20,all_days,completion_random_sample
2026-04-12T00:00:00+00:00,85436627,20,all_days,completion_random_sample
2026-04-12T00:00:00+00:00,85436860,20,all_days,completion_random_sample
2026-04-12T00:00:00+00:00,85436932,20,all_days,completion_random_sample
2026-04-12T00:00:00+00:00,85438025,20,all_days,completion_random_sample
2026-04-12T00:00:00+00:00,85440326,20,all_days,completion_random_sample
2026-04-12T00:00:00+00:00,85449112,20,all_days,completion_random_sample
2026-04-12T00:00:00+00:00,85450931,20,all_days,completion_random_sample
2026-04-12T00:00:00+00:00,85452797,20,all_days,completion_random_sample
2026-04-12T00:00:00+00:00,85453399,20,all_days,completion_random_sample
2026-04-12T00:00:00+00:00,85453625,20,all_days,completion_random_sample
2026-04-12T00:00:00+00:00,85455244,20,all_days,completion_random_sample
2026-04-12T00:00:00+00:00,85458050,20,all_days,completion_random_sample
2026-04-12T00:00:00+00:00,85458581,20,all_days,completion_random_sample
2026-04-13T00:00:00+00:00,85460784,20,all_days,completion_random_sample
2026-04-13T00:00:00+00:00,85461040,20,all_days,completion_random_sample
2026-04-13T00:00:00+00:00,85467948,20,all_days,completion_random_sample
2026-04-13T00:00:00+00:00,85470304,20,all_days,completion_random_sample
2026-04-13T00:00:00+00:00,85470944,20,all_days,completion_random_sample
2026-04-13T00:00:00+00:00,85479806,20,all_days,completion_random_sample
2026-04-13T00:00:00+00:00,85480824,20,all_days,completion_random_sample
2026-04-13T00:00:00+00:00,85483290,20,all_days,completion_random_sample
2026-04-13T00:00:00+00:00,85483787,20,all_days,completion_random_sample
2026-04-13T00:00:00+00:00,85484054,20,all_days,completion_random_sample
2026-04-13T00:00:00+00:00,85484877,20,all_days,completion_random_sample
2026-04-13T00:00:00+00:00,85485094,20,all_days,completion_random_sample
2026-04-13T00:00:00+00:00,85485537,20,all_days,completion_random_sample
2026-04-13T00:00:00+00:00,85487883,20,all_days,completion_random_sample
2026-04-13T00:00:00+00:00,85491288,20,all_days,completion_random_sample
2026-04-13T00:00:00+00:00,85493337,20,all_days,completion_random_sample
2026-04-13T00:00:00+00:00,85494114,20,all_days,completion_random_sample
2026-04-13T00:00:00+00:00,85494843,20,all_days,completion_random_sample
2026-04-13T00:00:00+00:00,85502095,20,all_days,completion_random_sample
2026-04-13T00:00:00+00:00,85502204,20,all_days,completion_random_sample
2026-04-14T00:00:00+00:00,85504658,20,all_days,completion_random_sample
2026-04-14T00:00:00+00:00,85505779,20,all_days,completion_random_sample
2026-04-14T00:00:00+00:00,85506392,20,all_days,completion_random_sample
2026-04-14T00:00:00+00:00,85508535,20,all_days,completion_random_sample
2026-04-14T00:00:00+00:00,85511987,20,all_days,completion_random_sample
2026-04-14T00:00:00+00:00,85514998,20,all_days,completion_random_sample
2026-04-14T00:00:00+00:00,85515978,20,all_days,completion_random_sample
2026-04-14T00:00:00+00:00,85516164,20,all_days,completion_random_sample
2026-04-14T00:00:00+00:00,85519256,20,all_days,completion_random_sample
2026-04-14T00:00:00+00:00,85523275,20,all_days,completion_random_sample
2026-04-14T00:00:00+00:00,85523737,20,all_days,completion_random_sample
2026-04-14T00:00:00+00:00,85528473,20,all_days,completion_random_sample
2026-04-14T00:00:00+00:00,85530210,20,all_days,completion_random_sample
2026-04-14T00:00:00+00:00,85531798,20,all_days,completion_random_sample
2026-04-14T00:00:00+00:00,85534602,20,all_days,completion_random_sample
2026-04-14T00:00:00+00:00,85535853,20,all_days,completion_random_sample
2026-04-14T00:00:00+00:00,85535875,20,all_days,completion_random_sample
2026-04-14T00:00:00+00:00,85536732,20,all_days,completion_random_sample
2026-04-14T00:00:00+00:00,85539912,20,all_days,completion_random_sample
2026-04-14T00:00:00+00:00,85545433,20,all_days,completion_random_sample
2026-04-15T00:00:00+00:00,85546804,20,all_days,completion_random_sample
2026-04-15T00:00:00+00:00,85550638,20,all_days,completion_random_sample
2026-04-15T00:00:00+00:00,85554385,20,all_days,completion_random_sample
2026-04-15T00:00:00+00:00,85558174,20,all_days,completion_random_sample
2026-04-15T00:00:00+00:00,85565399,20,all_days,completion_random_sample
2026-04-15T00:00:00+00:00,85565559,20,all_days,completion_random_sample
2026-04-15T00:00:00+00:00,85568626,20,all_days,completion_random_sample
2026-04-15T00:00:00+00:00,85570268,20,all_days,completion_random_sample
2026-04-15T00:00:00+00:00,85570494,20,all_days,completion_random_sample
2026-04-15T00:00:00+00:00,85570543,20,all_days,completion_random_sample
2026-04-15T00:00:00+00:00,85570561,20,all_days,completion_random_sample
2026-04-15T00:00:00+00:00,85574049,20,all_days,completion_random_sample
2026-04-15T00:00:00+00:00,85578420,20,all_days,completion_random_sample
2026-04-15T00:00:00+00:00,85579153,20,all_days,completion_random_sample
2026-04-15T00:00:00+00:00,85579409,20,all_days,completion_random_sample
2026-04-15T00:00:00+00:00,85579869,20,all_days,completion_random_sample
2026-04-15T00:00:00+00:00,85579908,20,all_days,completion_random_sample
2026-04-15T00:00:00+00:00,85585305,20,all_days,completion_random_sample
2026-04-15T00:00:00+00:00,85586315,20,all_days,completion_random_sample
2026-04-15T00:00:00+00:00,85588008,20,all_days,completion_random_sample
2026-04-16T00:00:00+00:00,85589181,20,all_days,completion_random_sample
2026-04-16T00:00:00+00:00,85589952,20,all_days,completion_random_sample
2026-04-16T00:00:00+00:00,85589995,20,all_days,completion_random_sample
2026-04-16T00:00:00+00:00,85590271,20,all_days,completion_random_sample
2026-04-16T00:00:00+00:00,85590727,20,all_days,completion_random_sample
2026-04-16T00:00:00+00:00,85591056,20,all_days,completion_random_sample
2026-04-16T00:00:00+00:00,85595774,20,all_days,completion_random_sample
2026-04-16T00:00:00+00:00,85601157,20,all_days,completion_random_sample
2026-04-16T00:00:00+00:00,85607523,20,all_days,completion_random_sample
2026-04-16T00:00:00+00:00,85607535,20,all_days,completion_random_sample
2026-04-16T00:00:00+00:00,85608394,20,all_days,completion_random_sample
2026-04-16T00:00:00+00:00,85609752,20,all_days,completion_random_sample
2026-04-16T00:00:00+00:00,85612843,20,all_days,completion_random_sample
2026-04-16T00:00:00+00:00,85618222,20,all_days,completion_random_sample
2026-04-16T00:00:00+00:00,85620955,20,all_days,completion_random_sample
2026-04-16T00:00:00+00:00,85623916,20,all_days,completion_random_sample
2026-04-16T00:00:00+00:00,85624588,20,all_days,completion_random_sample
2026-04-16T00:00:00+00:00,85627483,20,all_days,completion_random_sample
2026-04-16T00:00:00+00:00,85630607,20,all_days,completion_random_sample
2026-04-16T00:00:00+00:00,85630772,20,all_days,completion_random_sample
2026-04-17T00:00:00+00:00,85632322,20,all_days,completion_random_sample
2026-04-17T00:00:00+00:00,85634253,20,all_days,completion_random_sample
2026-04-17T00:00:00+00:00,85638682,20,all_days,completion_random_sample
2026-04-17T00:00:00+00:00,85643148,20,all_days,completion_random_sample
2026-04-17T00:00:00+00:00,85648782,20,all_days,completion_random_sample
2026-04-17T00:00:00+00:00,85650386,20,all_days,completion_random_sample
2026-04-17T00:00:00+00:00,85650718,20,all_days,completion_random_sample
2026-04-17T00:00:00+00:00,85652351,20,all_days,completion_random_sample
2026-04-17T00:00:00+00:00,85652368,20,all_days,completion_random_sample
2026-04-17T00:00:00+00:00,85655108,20,all_days,completion_random_sample
2026-04-17T00:00:00+00:00,85655261,20,all_days,completion_random_sample
2026-04-17T00:00:00+00:00,85657616,20,all_days,completion_random_sample
2026-04-17T00:00:00+00:00,85658508,20,all_days,completion_random_sample
2026-04-17T00:00:00+00:00,85658706,20,all_days,completion_random_sample
2026-04-17T00:00:00+00:00,85663712,20,all_days,completion_random_sample
2026-04-17T00:00:00+00:00,85665761,20,all_days,completion_random_sample
2026-04-17T00:00:00+00:00,85667574,20,all_days,completion_random_sample
2026-04-17T00:00:00+00:00,85669340,20,all_days,completion_random_sample
2026-04-17T00:00:00+00:00,85672668,20,all_days,completion_random_sample
2026-04-17T00:00:00+00:00,85674501,20,all_days,completion_random_sample
2026-04-18T00:00:00+00:00,85676449,20,all_days,completion_random_sample
2026-04-18T00:00:00+00:00,85678136,20,all_days,completion_random_sample
2026-04-18T00:00:00+00:00,85680890,20,all_days,completion_random_sample
2026-04-18T00:00:00+00:00,85681213,20,all_days,completion_random_sample
2026-04-18T00:00:00+00:00,85681888,20,all_days,completion_random_sample
2026-04-18T00:00:00+00:00,85687131,20,all_days,completion_random_sample
2026-04-18T00:00:00+00:00,85687326,20,all_days,completion_random_sample
2026-04-18T00:00:00+00:00,85689040,20,all_days,completion_random_sample
2026-04-18T00:00:00+00:00,85691437,20,all_days,completion_random_sample
2026-04-18T00:00:00+00:00,85697017,20,all_days,completion_random_sample
2026-04-18T00:00:00+00:00,85697337,20,all_days,completion_random_sample
2026-04-18T00:00:00+00:00,85697444,20,all_days,completion_random_sample
2026-04-18T00:00:00+00:00,85697954,20,all_days,completion_random_sample
2026-04-18T00:00:00+00:00,85701473,20,all_days,completion_random_sample
2026-04-18T00:00:00+00:00,85702694,20,all_days,completion_random_sample
2026-04-18T00:00:00+00:00,85704411,20,all_days,completion_random_sample
2026-04-18T00:00:00+00:00,85713829,20,all_days,completion_random_sample
2026-04-18T00:00:00+00:00,85714138,20,all_days,completion_random_sample
2026-04-18T00:00:00+00:00,85714834,20,all_days,completion_random_sample
2026-04-18T00:00:00+00:00,85715292,20,all_days,completion_random_sample
2026-04-19T00:00:00+00:00,85718739,20,all_days,completion_random_sample
2026-04-19T00:00:00+00:00,85719817,20,all_days,completion_random_sample
2026-04-19T00:00:00+00:00,85720767,20,all_days,completion_random_sample
2026-04-19T00:00:00+00:00,85721263,20,all_days,completion_random_sample
2026-04-19T00:00:00+00:00,85722266,20,all_days,completion_random_sample
2026-04-19T00:00:00+00:00,85725278,20,all_days,completion_random_sample
2026-04-19T00:00:00+00:00,85731791,20,all_days,completion_random_sample
2026-04-19T00:00:00+00:00,85732964,20,all_days,completion_random_sample
2026-04-19T00:00:00+00:00,85734763,20,all_days,completion_random_sample
2026-04-19T00:00:00+00:00,85735164,20,all_days,completion_random_sample
2026-04-19T00:00:00+00:00,85738648,20,all_days,completion_random_sample
2026-04-19T00:00:00+00:00,85739667,20,all_days,completion_random_sample
2026-04-19T00:00:00+00:00,85740638,20,all_days,completion_random_sample
2026-04-19T00:00:00+00:00,85742587,20,all_days,completion_random_sample
2026-04-19T00:00:00+00:00,85744530,20,all_days,completion_random_sample
2026-04-19T00:00:00+00:00,85744938,20,all_days,completion_random_sample
2026-04-19T00:00:00+00:00,85748202,20,all_days,completion_random_sample
2026-04-19T00:00:00+00:00,85750937,20,all_days,completion_random_sample
2026-04-19T00:00:00+00:00,85751921,20,all_days,completion_random_sample
2026-04-19T00:00:00+00:00,85759461,20,all_days,completion_random_sample
2026-04-20T00:00:00+00:00,85762194,20,all_days,completion_random_sample
2026-04-20T00:00:00+00:00,85762220,20,all_days,completion_random_sample
2026-04-20T00:00:00+00:00,85762967,20,all_days,completion_random_sample
2026-04-20T00:00:00+00:00,85764635,20,all_days,completion_random_sample
2026-04-20T00:00:00+00:00,85765224,20,all_days,completion_random_sample
2026-04-20T00:00:00+00:00,85770311,20,all_days,completion_random_sample
2026-04-20T00:00:00+00:00,85772045,20,all_days,completion_random_sample
2026-04-20T00:00:00+00:00,85772236,20,all_days,completion_random_sample
2026-04-20T00:00:00+00:00,85772388,20,all_days,completion_random_sample
2026-04-20T00:00:00+00:00,85772531,20,all_days,completion_random_sample
2026-04-20T00:00:00+00:00,85774338,20,all_days,completion_random_sample
2026-04-20T00:00:00+00:00,85775797,20,all_days,completion_random_sample
2026-04-20T00:00:00+00:00,85784058,20,all_days,completion_random_sample
2026-04-20T00:00:00+00:00,85784108,20,all_days,completion_random_sample
2026-04-20T00:00:00+00:00,85784314,20,all_days,completion_random_sample
2026-04-20T00:00:00+00:00,85789357,20,all_days,completion_random_sample
2026-04-20T00:00:00+00:00,85792001,20,all_days,completion_random_sample
2026-04-20T00:00:00+00:00,85792202,20,all_days,completion_random_sample
2026-04-20T00:00:00+00:00,85801347,20,all_days,completion_random_sample
2026-04-20T00:00:00+00:00,85802818,20,all_days,completion_random_sample
2026-04-21T00:00:00+00:00,85805294,20,all_days,completion_random_sample
2026-04-21T00:00:00+00:00,85807522,20,all_days,completion_random_sample
2026-04-21T00:00:00+00:00,85812597,20,all_days,completion_random_sample
2026-04-21T00:00:00+00:00,85819802,20,all_days,completion_random_sample
2026-04-21T00:00:00+00:00,85820909,20,all_days,completion_random_sample
2026-04-21T00:00:00+00:00,85822300,20,all_days,completion_random_sample
2026-04-21T00:00:00+00:00,85822925,20,all_days,completion_random_sample
2026-04-21T00:00:00+00:00,85825067,20,all_days,completion_random_sample
2026-04-21T00:00:00+00:00,85825507,20,all_days,completion_random_sample
2026-04-21T00:00:00+00:00,85828637,20,all_days,completion_random_sample
2026-04-21T00:00:00+00:00,85830921,20,all_days,completion_random_sample
2026-04-21T00:00:00+00:00,85831969,20,all_days,completion_random_sample
2026-04-21T00:00:00+00:00,85832124,20,all_days,completion_random_sample
2026-04-21T00:00:00+00:00,85832511,20,all_days,completion_random_sample
2026-04-21T00:00:00+00:00,85834088,20,all_days,completion_random_sample
2026-04-21T00:00:00+00:00,85835417,20,all_days,completion_random_sample
2026-04-21T00:00:00+00:00,85837040,20,all_days,completion_random_sample
2026-04-21T00:00:00+00:00,85839439,20,all_days,completion_random_sample
2026-04-21T00:00:00+00:00,85841946,20,all_days,completion_random_sample
2026-04-21T00:00:00+00:00,85844132,20,all_days,completion_random_sample
2026-04-22T00:00:00+00:00,85854298,20,all_days,completion_random_sample
2026-04-22T00:00:00+00:00,85857422,20,all_days,completion_random_sample
2026-04-22T00:00:00+00:00,85858117,20,all_days,completion_random_sample
2026-04-22T00:00:00+00:00,85858700,20,all_days,completion_random_sample
2026-04-22T00:00:00+00:00,85858807,20,all_days,completion_random_sample
2026-04-22T00:00:00+00:00,85862947,20,all_days,completion_random_sample
2026-04-22T00:00:00+00:00,85863271,20,all_days,completion_random_sample
2026-04-22T00:00:00+00:00,85864909,20,all_days,completion_random_sample
2026-04-22T00:00:00+00:00,85865809,20,all_days,completion_random_sample
2026-04-22T00:00:00+00:00,85868647,20,all_days,completion_random_sample
2026-04-22T00:00:00+00:00,85869719,20,all_days,completion_random_sample
2026-04-22T00:00:00+00:00,85871526,20,all_days,completion_random_sample
2026-04-22T00:00:00+00:00,85872417,20,all_days,completion_random_sample
2026-04-22T00:00:00+00:00,85878130,20,all_days,completion_random_sample
2026-04-22T00:00:00+00:00,85879538,20,all_days,completion_random_sample
2026-04-22T00:00:00+00:00,85881597,20,all_days,completion_random_sample
2026-04-22T00:00:00+00:00,85884283,20,all_days,completion_random_sample
2026-04-22T00:00:00+00:00,85885941,20,all_days,completion_random_sample
2026-04-22T00:00:00+00:00,85889510,20,all_days,completion_random_sample
2026-04-22T00:00:00+00:00,85891056,20,all_days,completion_random_sample
2026-04-23T00:00:00+00:00,85893554,20,all_days,completion_random_sample
2026-04-23T00:00:00+00:00,85897445,20,all_days,completion_random_sample
2026-04-23T00:00:00+00:00,85898643,20,all_days,completion_random_sample
2026-04-23T00:00:00+00:00,85900272,20,all_days,completion_random_sample
2026-04-23T00:00:00+00:00,85901582,20,all_days,completion_random_sample
2026-04-23T00:00:00+00:00,85905251,20,all_days,completion_random_sample
2026-04-23T00:00:00+00:00,85906022,20,all_days,completion_random_sample
2026-04-23T00:00:00+00:00,85906315,20,all_days,completion_random_sample
2026-04-23T00:00:00+00:00,85909048,20,all_days,completion_random_sample
2026-04-23T00:00:00+00:00,85912877,20,all_days,completion_random_sample
2026-04-23T00:00:00+00:00,85916370,20,all_days,completion_random_sample
2026-04-23T00:00:00+00:00,85920249,20,all_days,completion_random_sample
2026-04-23T00:00:00+00:00,85924373,20,all_days,completion_random_sample
2026-04-23T00:00:00+00:00,85927811,20,all_days,completion_random_sample
2026-04-23T00:00:00+00:00,85929297,20,all_days,completion_random_sample
2026-04-23T00:00:00+00:00,85929965,20,all_days,completion_random_sample
2026-04-23T00:00:00+00:00,85933289,20,all_days,completion_random_sample
2026-04-23T00:00:00+00:00,85933686,20,all_days,completion_random_sample
2026-04-23T00:00:00+00:00,85933724,20,all_days,completion_random_sample
2026-04-23T00:00:00+00:00,85933828,20,all_days,completion_random_sample
2026-04-24T00:00:00+00:00,85936514,20,all_days,completion_random_sample
2026-04-24T00:00:00+00:00,85938983,20,all_days,completion_random_sample
2026-04-24T00:00:00+00:00,85943453,20,all_days,completion_random_sample
2026-04-24T00:00:00+00:00,85943604,20,all_days,completion_random_sample
2026-04-24T00:00:00+00:00,85945028,20,all_days,completion_random_sample
2026-04-24T00:00:00+00:00,85953889,20,all_days,completion_random_sample
2026-04-24T00:00:00+00:00,85954101,20,all_days,completion_random_sample
2026-04-24T00:00:00+00:00,85956095,20,all_days,completion_random_sample
2026-04-24T00:00:00+00:00,85957305,20,all_days,completion_random_sample
2026-04-24T00:00:00+00:00,85957987,20,all_days,completion_random_sample
2026-04-24T00:00:00+00:00,85959351,20,all_days,completion_random_sample
2026-04-24T00:00:00+00:00,85960291,20,all_days,completion_random_sample
2026-04-24T00:00:00+00:00,85960408,20,all_days,completion_random_sample
2026-04-24T00:00:00+00:00,85961842,20,all_days,completion_random_sample
2026-04-24T00:00:00+00:00,85965811,20,all_days,completion_random_sample
2026-04-24T00:00:00+00:00,85970372,20,all_days,completion_random_sample
2026-04-24T00:00:00+00:00,85971563,20,all_days,completion_random_sample
2026-04-24T00:00:00+00:00,85971583,20,all_days,completion_random_sample
2026-04-24T00:00:00+00:00,85971639,20,all_days,completion_random_sample
2026-04-24T00:00:00+00:00,85976654,20,all_days,completion_random_sample
2026-04-25T00:00:00+00:00,85982149,20,all_days,completion_random_sample
2026-04-25T00:00:00+00:00,85982938,20,all_days,completion_random_sample
2026-04-25T00:00:00+00:00,85983782,20,all_days,completion_random_sample
2026-04-25T00:00:00+00:00,85985224,20,all_days,completion_random_sample
2026-04-25T00:00:00+00:00,85986739,20,all_days,completion_random_sample
2026-04-25T00:00:00+00:00,85988020,20,all_days,completion_random_sample
2026-04-25T00:00:00+00:00,85989072,20,all_days,completion_random_sample
2026-04-25T00:00:00+00:00,85989731,20,all_days,completion_random_sample
2026-04-25T00:00:00+00:00,85990436,20,all_days,completion_random_sample
2026-04-25T00:00:00+00:00,85990825,20,all_days,completion_random_sample
2026-04-25T00:00:00+00:00,85993955,20,all_days,completion_random_sample
2026-04-25T00:00:00+00:00,85998930,20,all_days,completion_random_sample
2026-04-25T00:00:00+00:00,85999778,20,all_days,completion_random_sample
2026-04-25T00:00:00+00:00,86000441,20,all_days,completion_random_sample
2026-04-25T00:00:00+00:00,86000940,20,all_days,completion_random_sample
2026-04-25T00:00:00+00:00,86004400,20,all_days,completion_random_sample
2026-04-25T00:00:00+00:00,86006417,20,all_days,completion_random_sample
2026-04-25T00:00:00+00:00,86009056,20,all_days,completion_random_sample
2026-04-25T00:00:00+00:00,86013501,20,all_days,completion_random_sample
2026-04-25T00:00:00+00:00,86013648,20,all_days,completion_random_sample
2026-04-26T00:00:00+00:00,86021242,20,all_days,completion_random_sample
2026-04-26T00:00:00+00:00,86021667,20,all_days,completion_random_sample
2026-04-26T00:00:00+00:00,86022453,20,all_days,completion_random_sample
2026-04-26T00:00:00+00:00,86022647,20,all_days,completion_random_sample
2026-04-26T00:00:00+00:00,86023117,20,all_days,completion_random_sample
2026-04-26T00:00:00+00:00,86027668,20,all_days,completion_random_sample
2026-04-26T00:00:00+00:00,86028744,20,all_days,completion_random_sample
2026-04-26T00:00:00+00:00,86029275,20,all_days,completion_random_sample
2026-04-26T00:00:00+00:00,86034624,20,all_days,completion_random_sample
2026-04-26T00:00:00+00:00,86043613,20,all_days,completion_random_sample
2026-04-26T00:00:00+00:00,86043874,20,all_days,completion_random_sample
2026-04-26T00:00:00+00:00,86043952,20,all_days,completion_random_sample
2026-04-26T00:00:00+00:00,86045401,20,all_days,completion_random_sample
2026-04-26T00:00:00+00:00,86047998,20,all_days,completion_random_sample
2026-04-26T00:00:00+00:00,86048408,20,all_days,completion_random_sample
2026-04-26T00:00:00+00:00,86053908,20,all_days,completion_random_sample
2026-04-26T00:00:00+00:00,86054534,20,all_days,completion_random_sample
2026-04-26T00:00:00+00:00,86055542,20,all_days,completion_random_sample
2026-04-26T00:00:00+00:00,86059243,20,all_days,completion_random_sample
2026-04-26T00:00:00+00:00,86061653,20,all_days,completion_random_sample
2026-04-27T00:00:00+00:00,86067903,20,all_days,completion_random_sample
2026-04-27T00:00:00+00:00,86068631,20,all_days,completion_random_sample
2026-04-27T00:00:00+00:00,86071143,20,all_days,completion_random_sample
2026-04-27T00:00:00+00:00,86075488,20,all_days,completion_random_sample
2026-04-27T00:00:00+00:00,86076933,20,all_days,completion_random_sample
2026-04-27T00:00:00+00:00,86078640,20,all_days,completion_random_sample
2026-04-27T00:00:00+00:00,86080540,20,all_days,completion_random_sample
2026-04-27T00:00:00+00:00,86082124,20,all_days,completion_random_sample
2026-04-27T00:00:00+00:00,86082828,20,all_days,completion_random_sample
2026-04-27T00:00:00+00:00,86089123,20,all_days,completion_random_sample
2026-04-27T00:00:00+00:00,86089617,20,all_days,completion_random_sample
2026-04-27T00:00:00+00:00,86089708,20,all_days,completion_random_sample
2026-04-27T00:00:00+00:00,86094446,20,all_days,completion_random_sample
2026-04-27T00:00:00+00:00,86097791,20,all_days,completion_random_sample
2026-04-27T00:00:00+00:00,86098865,20,all_days,completion_random_sample
2026-04-27T00:00:00+00:00,86103836,20,all_days,completion_random_sample
2026-04-27T00:00:00+00:00,86104272,20,all_days,completion_random_sample
2026-04-27T00:00:00+00:00,86106313,20,all_days,completion_random_sample
2026-04-27T00:00:00+00:00,86106386,20,all_days,completion_random_sample
2026-04-27T00:00:00+00:00,86106473,20,all_days,completion_random_sample
2026-04-28T00:00:00+00:00,86109614,20,all_days,completion_random_sample
2026-04-28T00:00:00+00:00,86114234,20,all_days,completion_random_sample
2026-04-28T00:00:00+00:00,86116598,20,all_days,completion_random_sample
2026-04-28T00:00:00+00:00,86118107,20,all_days,completion_random_sample
2026-04-28T00:00:00+00:00,86120205,20,all_days,completion_random_sample
2026-04-28T00:00:00+00:00,86121400,20,all_days,completion_random_sample
2026-04-28T00:00:00+00:00,86121637,20,all_days,completion_random_sample
2026-04-28T00:00:00+00:00,86123637,20,all_days,completion_random_sample
2026-04-28T00:00:00+00:00,86124577,20,all_days,completion_random_sample
2026-04-28T00:00:00+00:00,86127515,20,all_days,completion_random_sample
2026-04-28T00:00:00+00:00,86128072,20,all_days,completion_random_sample
2026-04-28T00:00:00+00:00,86129383,20,all_days,completion_random_sample
2026-04-28T00:00:00+00:00,86129862,20,all_days,completion_random_sample
2026-04-28T00:00:00+00:00,86131896,20,all_days,completion_random_sample
2026-04-28T00:00:00+00:00,86133174,20,all_days,completion_random_sample
2026-04-28T00:00:00+00:00,86134470,20,all_days,completion_random_sample
2026-04-28T00:00:00+00:00,86139019,20,all_days,completion_random_sample
2026-04-28T00:00:00+00:00,86145137,20,all_days,completion_random_sample
2026-04-28T00:00:00+00:00,86148603,20,all_days,completion_random_sample
2026-04-28T00:00:00+00:00,86149209,20,all_days,completion_random_sample
2026-04-29T00:00:00+00:00,86156196,20,all_days,completion_random_sample
2026-04-29T00:00:00+00:00,86158009,20,all_days,completion_random_sample
2026-04-29T00:00:00+00:00,86159696,20,all_days,completion_random_sample
2026-04-29T00:00:00+00:00,86160283,20,all_days,completion_random_sample
2026-04-29T00:00:00+00:00,86160772,20,all_days,completion_random_sample
2026-04-29T00:00:00+00:00,86167463,20,all_days,completion_random_sample
2026-04-29T00:00:00+00:00,86170740,20,all_days,completion_random_sample
2026-04-29T00:00:00+00:00,86172794,20,all_days,completion_random_sample
2026-04-29T00:00:00+00:00,86174702,20,all_days,completion_random_sample
2026-04-29T00:00:00+00:00,86176360,20,all_days,completion_random_sample
2026-04-29T00:00:00+00:00,86178425,20,all_days,completion_random_sample
2026-04-29T00:00:00+00:00,86184687,20,all_days,completion_random_sample
2026-04-29T00:00:00+00:00,86185683,20,all_days,completion_random_sample
2026-04-29T00:00:00+00:00,86186337,20,all_days,completion_random_sample
2026-04-29T00:00:00+00:00,86187995,20,all_days,completion_random_sample
2026-04-29T00:00:00+00:00,86188398,20,all_days,completion_random_sample
2026-04-29T00:00:00+00:00,86189086,20,all_days,completion_random_sample
2026-04-29T00:00:00+00:00,86192132,20,all_days,completion_random_sample
2026-04-29T00:00:00+00:00,86192739,20,all_days,completion_random_sample
2026-04-29T00:00:00+00:00,86192987,20,all_days,completion_random_sample
2026-04-30T00:00:00+00:00,86200297,20,all_days,completion_random_sample
2026-04-30T00:00:00+00:00,86201425,20,all_days,completion_random_sample
2026-04-30T00:00:00+00:00,86203082,20,all_days,completion_random_sample
2026-04-30T00:00:00+00:00,86203235,20,all_days,completion_random_sample
2026-04-30T00:00:00+00:00,86203360,20,all_days,completion_random_sample
2026-04-30T00:00:00+00:00,86207928,20,all_days,completion_random_sample
2026-04-30T00:00:00+00:00,86208036,20,all_days,completion_random_sample
2026-04-30T00:00:00+00:00,86209477,20,all_days,completion_random_sample
2026-04-30T00:00:00+00:00,86209880,20,all_days,completion_random_sample
2026-04-30T00:00:00+00:00,86211502,20,all_days,completion_random_sample
2026-04-30T00:00:00+00:00,86219688,20,all_days,completion_random_sample
2026-04-30T00:00:00+00:00,86219721,20,all_days,completion_random_sample
2026-04-30T00:00:00+00:00,86220938,20,all_days,completion_random_sample
2026-04-30T00:00:00+00:00,86221835,20,all_days,completion_random_sample
2026-04-30T00:00:00+00:00,86225854,20,all_days,completion_random_sample
2026-04-30T00:00:00+00:00,86225912,20,all_days,completion_random_sample
2026-04-30T00:00:00+00:00,86227511,20,all_days,completion_random_sample
2026-04-30T00:00:00+00:00,86231772,20,all_days,completion_random_sample
2026-04-30T00:00:00+00:00,86235626,20,all_days,completion_random_sample
2026-04-30T00:00:00+00:00,86235710,20,all_days,completion_random_sample
2026-05-01T00:00:00+00:00,86238182,20,all_days,completion_random_sample
2026-05-01T00:00:00+00:00,86240313,20,all_days,completion_random_sample
2026-05-01T00:00:00+00:00,86242958,20,all_days,completion_random_sample
2026-05-01T00:00:00+00:00,86244396,20,all_days,completion_random_sample
2026-05-01T00:00:00+00:00,86244830,20,all_days,completion_random_sample
2026-05-01T00:00:00+00:00,86246818,20,all_days,completion_random_sample
2026-05-01T00:00:00+00:00,86246924,20,all_days,completion_random_sample
2026-05-01T00:00:00+00:00,86250570,20,all_days,completion_random_sample
2026-05-01T00:00:00+00:00,86251880,20,all_days,completion_random_sample
2026-05-01T00:00:00+00:00,86253263,20,all_days,completion_random_sample
2026-05-01T00:00:00+00:00,86253431,20,all_days,completion_random_sample
2026-05-01T00:00:00+00:00,86255087,20,all_days,completion_random_sample
2026-05-01T00:00:00+00:00,86255833,20,all_days,completion_random_sample
2026-05-01T00:00:00+00:00,86255843,20,all_days,completion_random_sample
2026-05-01T00:00:00+00:00,86256001,20,all_days,completion_random_sample
2026-05-01T00:00:00+00:00,86263761,20,all_days,completion_random_sample
2026-05-01T00:00:00+00:00,86272441,20,all_days,completion_random_sample
2026-05-01T00:00:00+00:00,86273477,20,all_days,completion_random_sample
2026-05-01T00:00:00+00:00,86274747,20,all_days,completion_random_sample
2026-05-01T00:00:00+00:00,86277829,20,all_days,completion_random_sample
2026-05-02T00:00:00+00:00,86284440,20,all_days,completion_random_sample
2026-05-02T00:00:00+00:00,86287431,20,all_days,completion_random_sample
2026-05-02T00:00:00+00:00,86288048,20,all_days,completion_random_sample
2026-05-02T00:00:00+00:00,86293658,20,all_days,completion_random_sample
2026-05-02T00:00:00+00:00,86293692,20,all_days,completion_random_sample
2026-05-02T00:00:00+00:00,86294919,20,all_days,completion_random_sample
2026-05-02T00:00:00+00:00,86306524,20,all_days,completion_random_sample
2026-05-02T00:00:00+00:00,86307059,20,all_days,completion_random_sample
2026-05-02T00:00:00+00:00,86308771,20,all_days,completion_random_sample
2026-05-02T00:00:00+00:00,86309720,20,all_days,completion_random_sample
2026-05-02T00:00:00+00:00,86311753,20,all_days,completion_random_sample
2026-05-02T00:00:00+00:00,86311757,20,all_days,completion_random_sample
2026-05-02T00:00:00+00:00,86312528,20,all_days,completion_random_sample
2026-05-02T00:00:00+00:00,86313054,20,all_days,completion_random_sample
2026-05-02T00:00:00+00:00,86315368,20,all_days,completion_random_sample
2026-05-02T00:00:00+00:00,86315431,20,all_days,completion_random_sample
2026-05-02T00:00:00+00:00,86315546,20,all_days,completion_random_sample
2026-05-02T00:00:00+00:00,86316320,20,all_days,completion_random_sample
2026-05-02T00:00:00+00:00,86317726,20,all_days,completion_random_sample
2026-05-02T00:00:00+00:00,86322285,20,all_days,completion_random_sample
2026-05-03T00:00:00+00:00,86324750,20,all_days,completion_random_sample
2026-05-03T00:00:00+00:00,86325521,20,all_days,completion_random_sample
2026-05-03T00:00:00+00:00,86328890,20,all_days,completion_random_sample
2026-05-03T00:00:00+00:00,86337162,20,all_days,completion_random_sample
2026-05-03T00:00:00+00:00,86339832,20,all_days,completion_random_sample
2026-05-03T00:00:00+00:00,86340392,20,all_days,completion_random_sample
2026-05-03T00:00:00+00:00,86342455,20,all_days,completion_random_sample
2026-05-03T00:00:00+00:00,86343886,20,all_days,completion_random_sample
2026-05-03T00:00:00+00:00,86344783,20,all_days,completion_random_sample
2026-05-03T00:00:00+00:00,86345083,20,all_days,completion_random_sample
2026-05-03T00:00:00+00:00,86346300,20,all_days,completion_random_sample
2026-05-03T00:00:00+00:00,86348776,20,all_days,completion_random_sample
2026-05-03T00:00:00+00:00,86351072,20,all_days,completion_random_sample
2026-05-03T00:00:00+00:00,86351231,20,all_days,completion_random_sample
2026-05-03T00:00:00+00:00,86351453,20,all_days,completion_random_sample
2026-05-03T00:00:00+00:00,86357022,20,all_days,completion_random_sample
2026-05-03T00:00:00+00:00,86360956,20,all_days,completion_random_sample
2026-05-03T00:00:00+00:00,86361548,20,all_days,completion_random_sample
2026-05-03T00:00:00+00:00,86362638,20,all_days,completion_random_sample
2026-05-03T00:00:00+00:00,86363066,20,all_days,completion_random_sample
2026-05-04T00:00:00+00:00,86370871,20,all_days,completion_random_sample
2026-05-04T00:00:00+00:00,86372967,20,all_days,completion_random_sample
2026-05-04T00:00:00+00:00,86376198,20,all_days,completion_random_sample
2026-05-04T00:00:00+00:00,86377053,20,all_days,completion_random_sample
2026-05-04T00:00:00+00:00,86378210,20,all_days,completion_random_sample
2026-05-04T00:00:00+00:00,86378227,20,all_days,completion_random_sample
2026-05-04T00:00:00+00:00,86381521,20,all_days,completion_random_sample
2026-05-04T00:00:00+00:00,86386075,20,all_days,completion_random_sample
2026-05-04T00:00:00+00:00,86387532,20,all_days,completion_random_sample
2026-05-04T00:00:00+00:00,86389530,20,all_days,completion_random_sample
2026-05-04T00:00:00+00:00,86390472,20,all_days,completion_random_sample
2026-05-04T00:00:00+00:00,86390986,20,all_days,completion_random_sample
2026-05-04T00:00:00+00:00,86397028,20,all_days,completion_random_sample
2026-05-04T00:00:00+00:00,86397263,20,all_days,completion_random_sample
2026-05-04T00:00:00+00:00,86397900,20,all_days,completion_random_sample
2026-05-04T00:00:00+00:00,86398273,20,all_days,completion_random_sample
2026-05-04T00:00:00+00:00,86400258,20,all_days,completion_random_sample
2026-05-04T00:00:00+00:00,86400286,20,all_days,completion_random_sample
2026-05-04T00:00:00+00:00,86406833,20,all_days,completion_random_sample
2026-05-04T00:00:00+00:00,86409258,20,all_days,completion_random_sample
2026-05-05T00:00:00+00:00,86413696,20,all_days,completion_random_sample
2026-05-05T00:00:00+00:00,86415199,20,all_days,completion_random_sample
2026-05-05T00:00:00+00:00,86416765,20,all_days,completion_random_sample
2026-05-05T00:00:00+00:00,86417061,20,all_days,completion_random_sample
2026-05-05T00:00:00+00:00,86417642,20,all_days,completion_random_sample
2026-05-05T00:00:00+00:00,86419067,20,all_days,completion_random_sample
2026-05-05T00:00:00+00:00,86419576,20,all_days,completion_random_sample
2026-05-05T00:00:00+00:00,86423429,20,all_days,completion_random_sample
2026-05-05T00:00:00+00:00,86423590,20,all_days,completion_random_sample
2026-05-05T00:00:00+00:00,86427271,20,all_days,completion_random_sample
2026-05-05T00:00:00+00:00,86433291,20,all_days,completion_random_sample
2026-05-05T00:00:00+00:00,86433371,20,all_days,completion_random_sample
2026-05-05T00:00:00+00:00,86434006,20,all_days,completion_random_sample
2026-05-05T00:00:00+00:00,86434306,20,all_days,completion_random_sample
2026-05-05T00:00:00+00:00,86441443,20,all_days,completion_random_sample
2026-05-05T00:00:00+00:00,86446296,20,all_days,completion_random_sample
2026-05-05T00:00:00+00:00,86447010,20,all_days,completion_random_sample
2026-05-05T00:00:00+00:00,86449101,20,all_days,completion_random_sample
2026-05-05T00:00:00+00:00,86451189,20,all_days,completion_random_sample
2026-05-05T00:00:00+00:00,86451633,20,all_days,completion_random_sample
2026-05-06T00:00:00+00:00,86452959,20,all_days,completion_random_sample
2026-05-06T00:00:00+00:00,86454951,20,all_days,completion_random_sample
2026-05-06T00:00:00+00:00,86457872,20,all_days,completion_random_sample
2026-05-06T00:00:00+00:00,86466649,20,all_days,completion_random_sample
2026-05-06T00:00:00+00:00,86467083,20,all_days,completion_random_sample
2026-05-06T00:00:00+00:00,86467410,20,all_days,completion_random_sample
2026-05-06T00:00:00+00:00,86468116,20,all_days,completion_random_sample
2026-05-06T00:00:00+00:00,86468930,20,all_days,completion_random_sample
2026-05-06T00:00:00+00:00,86469736,20,all_days,completion_random_sample
2026-05-06T00:00:00+00:00,86470706,20,all_days,completion_random_sample
2026-05-06T00:00:00+00:00,86481307,20,all_days,completion_random_sample
2026-05-06T00:00:00+00:00,86482985,20,all_days,completion_random_sample
2026-05-06T00:00:00+00:00,86484481,20,all_days,completion_random_sample
2026-05-06T00:00:00+00:00,86485450,20,all_days,completion_random_sample
2026-05-06T00:00:00+00:00,86487074,20,all_days,completion_random_sample
2026-05-06T00:00:00+00:00,86487885,20,all_days,completion_random_sample
2026-05-06T00:00:00+00:00,86488327,20,all_days,completion_random_sample
2026-05-06T00:00:00+00:00,86490125,20,all_days,completion_random_sample
2026-05-06T00:00:00+00:00,86491079,20,all_days,completion_random_sample
2026-05-06T00:00:00+00:00,86494158,20,all_days,completion_random_sample
2026-05-07T00:00:00+00:00,86498632,20,all_days,completion_random_sample
2026-05-07T00:00:00+00:00,86503062,20,all_days,completion_random_sample
2026-05-07T00:00:00+00:00,86504002,20,all_days,completion_random_sample
2026-05-07T00:00:00+00:00,86505450,20,all_days,completion_random_sample
2026-05-07T00:00:00+00:00,86507125,20,all_days,completion_random_sample
2026-05-07T00:00:00+00:00,86511223,20,all_days,completion_random_sample
2026-05-07T00:00:00+00:00,86511294,20,all_days,completion_random_sample
2026-05-07T00:00:00+00:00,86516647,20,all_days,completion_random_sample
2026-05-07T00:00:00+00:00,86520932,20,all_days,completion_random_sample
2026-05-07T00:00:00+00:00,86526422,20,all_days,completion_random_sample
2026-05-07T00:00:00+00:00,86526475,20,all_days,completion_random_sample
2026-05-07T00:00:00+00:00,86533679,20,all_days,completion_random_sample
2026-05-07T00:00:00+00:00,86536541,20,all_days,completion_random_sample
2026-05-07T00:00:00+00:00,86540267,20,all_days,completion_random_sample
2026-05-07T00:00:00+00:00,86540753,20,all_days,completion_random_sample
2026-05-07T00:00:00+00:00,86541847,20,all_days,completion_random_sample
2026-05-07T00:00:00+00:00,86542158,20,all_days,completion_random_sample
2026-05-07T00:00:00+00:00,86542506,20,all_days,completion_random_sample
2026-05-07T00:00:00+00:00,86543722,20,all_days,completion_random_sample
2026-05-07T00:00:00+00:00,86546067,20,all_days,completion_random_sample
2026-05-08T00:00:00+00:00,86552265,20,all_days,completion_random_sample
2026-05-08T00:00:00+00:00,86555787,20,all_days,completion_random_sample
2026-05-08T00:00:00+00:00,86557005,20,all_days,completion_random_sample
2026-05-08T00:00:00+00:00,86557934,20,all_days,completion_random_sample
2026-05-08T00:00:00+00:00,86562112,20,all_days,completion_random_sample
2026-05-08T00:00:00+00:00,86563413,20,all_days,completion_random_sample
2026-05-08T00:00:00+00:00,86572254,20,all_days,completion_random_sample
2026-05-08T00:00:00+00:00,86574998,20,all_days,completion_random_sample
2026-05-08T00:00:00+00:00,86577021,20,all_days,completion_random_sample
2026-05-08T00:00:00+00:00,86577573,20,all_days,completion_random_sample
2026-05-08T00:00:00+00:00,86579940,20,all_days,completion_random_sample
2026-05-08T00:00:00+00:00,86584535,20,all_days,completion_random_sample
2026-05-08T00:00:00+00:00,86585461,20,all_days,completion_random_sample
2026-05-08T00:00:00+00:00,86586952,20,all_days,completion_random_sample
2026-05-08T00:00:00+00:00,86588250,20,all_days,completion_random_sample
2026-05-08T00:00:00+00:00,86588750,20,all_days,completion_random_sample
2026-05-08T00:00:00+00:00,86589462,20,all_days,completion_random_sample
2026-05-08T00:00:00+00:00,86591799,20,all_days,completion_random_sample
2026-05-08T00:00:00+00:00,86595252,20,all_days,completion_random_sample
2026-05-08T00:00:00+00:00,86596536,20,all_days,completion_random_sample
2026-05-09T00:00:00+00:00,86597416,20,all_days,completion_random_sample
2026-05-09T00:00:00+00:00,86604513,20,all_days,completion_random_sample
2026-05-09T00:00:00+00:00,86607955,20,all_days,completion_random_sample
2026-05-09T00:00:00+00:00,86610004,20,all_days,completion_random_sample
2026-05-09T00:00:00+00:00,86610163,20,all_days,completion_random_sample
2026-05-09T00:00:00+00:00,86612731,20,all_days,completion_random_sample
2026-05-09T00:00:00+00:00,86613279,20,all_days,completion_random_sample
2026-05-09T00:00:00+00:00,86613570,20,all_days,completion_random_sample
2026-05-09T00:00:00+00:00,86622545,20,all_days,completion_random_sample
2026-05-09T00:00:00+00:00,86623764,20,all_days,completion_random_sample
2026-05-09T00:00:00+00:00,86626400,20,all_days,completion_random_sample
2026-05-09T00:00:00+00:00,86629433,20,all_days,completion_random_sample
2026-05-09T00:00:00+00:00,86634088,20,all_days,completion_random_sample
2026-05-09T00:00:00+00:00,86634426,20,all_days,completion_random_sample
2026-05-09T00:00:00+00:00,86639149,20,all_days,completion_random_sample
2026-05-09T00:00:00+00:00,86639696,20,all_days,completion_random_sample
2026-05-09T00:00:00+00:00,86639843,20,all_days,completion_random_sample
2026-05-09T00:00:00+00:00,86641370,20,all_days,completion_random_sample
2026-05-09T00:00:00+00:00,86644007,20,all_days,completion_random_sample
2026-05-09T00:00:00+00:00,86646331,20,all_days,completion_random_sample
2026-05-10T00:00:00+00:00,86648265,20,all_days,completion_random_sample
2026-05-10T00:00:00+00:00,86649115,20,all_days,completion_random_sample
2026-05-10T00:00:00+00:00,86654107,20,all_days,completion_random_sample
2026-05-10T00:00:00+00:00,86656425,20,all_days,completion_random_sample
2026-05-10T00:00:00+00:00,86658539,20,all_days,completion_random_sample
2026-05-10T00:00:00+00:00,86659123,20,all_days,completion_random_sample
2026-05-10T00:00:00+00:00,86659665,20,all_days,completion_random_sample
2026-05-10T00:00:00+00:00,86660482,20,all_days,completion_random_sample
2026-05-10T00:00:00+00:00,86664063,20,all_days,completion_random_sample
2026-05-10T00:00:00+00:00,86666301,20,all_days,completion_random_sample
2026-05-10T00:00:00+00:00,86666810,20,all_days,completion_random_sample
2026-05-10T00:00:00+00:00,86667584,20,all_days,completion_random_sample
2026-05-10T00:00:00+00:00,86674024,20,all_days,completion_random_sample
2026-05-10T00:00:00+00:00,86674491,20,all_days,completion_random_sample
2026-05-10T00:00:00+00:00,86676076,20,all_days,completion_random_sample
2026-05-10T00:00:00+00:00,86683824,20,all_days,completion_random_sample
2026-05-10T00:00:00+00:00,86686673,20,all_days,completion_random_sample
2026-05-10T00:00:00+00:00,86688468,20,all_days,completion_random_sample
2026-05-10T00:00:00+00:00,86688835,20,all_days,completion_random_sample
2026-05-10T00:00:00+00:00,86689648,20,all_days,completion_random_sample
2026-05-11T00:00:00+00:00,86697528,20,all_days,completion_random_sample
2026-05-11T00:00:00+00:00,86697922,20,all_days,completion_random_sample
2026-05-11T00:00:00+00:00,86699133,20,all_days,completion_random_sample
2026-05-11T00:00:00+00:00,86699640,20,all_days,completion_random_sample
2026-05-11T00:00:00+00:00,86700746,20,all_days,completion_random_sample
2026-05-11T00:00:00+00:00,86700862,20,all_days,completion_random_sample
2026-05-11T00:00:00+00:00,86701163,20,all_days,completion_random_sample
2026-05-11T00:00:00+00:00,86704900,20,all_days,completion_random_sample
2026-05-11T00:00:00+00:00,86705730,20,all_days,completion_random_sample
2026-05-11T00:00:00+00:00,86710028,20,all_days,completion_random_sample
2026-05-11T00:00:00+00:00,86712206,20,all_days,completion_random_sample
2026-05-11T00:00:00+00:00,86712522,20,all_days,completion_random_sample
2026-05-11T00:00:00+00:00,86720195,20,all_days,completion_random_sample
2026-05-11T00:00:00+00:00,86722410,20,all_days,completion_random_sample
2026-05-11T00:00:00+00:00,86727848,20,all_days,completion_random_sample
2026-05-11T00:00:00+00:00,86728168,20,all_days,completion_random_sample
2026-05-11T00:00:00+00:00,86729226,20,all_days,completion_random_sample
2026-05-11T00:00:00+00:00,86729413,20,all_days,completion_random_sample
2026-05-11T00:00:00+00:00,86735986,20,all_days,completion_random_sample
2026-05-11T00:00:00+00:00,86739428,20,all_days,completion_random_sample
2026-05-12T00:00:00+00:00,86746460,20,all_days,completion_random_sample
2026-05-12T00:00:00+00:00,86751130,20,all_days,completion_random_sample
2026-05-12T00:00:00+00:00,86753947,20,all_days,completion_random_sample
2026-05-12T00:00:00+00:00,86754186,20,all_days,completion_random_sample
2026-05-12T00:00:00+00:00,86754366,20,all_days,completion_random_sample
2026-05-12T00:00:00+00:00,86758715,20,all_days,completion_random_sample
2026-05-12T00:00:00+00:00,86762623,20,all_days,completion_random_sample
2026-05-12T00:00:00+00:00,86767551,20,all_days,completion_random_sample
2026-05-12T00:00:00+00:00,86767777,20,all_days,completion_random_sample
2026-05-12T00:00:00+00:00,86768284,20,all_days,completion_random_sample
2026-05-12T00:00:00+00:00,86771737,20,all_days,completion_random_sample
2026-05-12T00:00:00+00:00,86777461,20,all_days,completion_random_sample
2026-05-12T00:00:00+00:00,86778283,20,all_days,completion_random_sample
2026-05-12T00:00:00+00:00,86781364,20,all_days,completion_random_sample
2026-05-12T00:00:00+00:00,86783865,20,all_days,completion_random_sample
2026-05-12T00:00:00+00:00,86785657,20,all_days,completion_random_sample
2026-05-12T00:00:00+00:00,86785716,20,all_days,completion_random_sample
2026-05-12T00:00:00+00:00,86786226,20,all_days,completion_random_sample
2026-05-12T00:00:00+00:00,86792599,20,all_days,completion_random_sample
2026-05-12T00:00:00+00:00,86794076,20,all_days,completion_random_sample
2026-05-13T00:00:00+00:00,86794704,20,all_days,completion_random_sample
2026-05-13T00:00:00+00:00,86795233,20,all_days,completion_random_sample
2026-05-13T00:00:00+00:00,86797548,20,all_days,completion_random_sample
2026-05-13T00:00:00+00:00,86798017,20,all_days,completion_random_sample
2026-05-13T00:00:00+00:00,86799012,20,all_days,completion_random_sample
2026-05-13T00:00:00+00:00,86799558,20,all_days,completion_random_sample
2026-05-13T00:00:00+00:00,86801862,20,all_days,completion_random_sample
2026-05-13T00:00:00+00:00,86806425,20,all_days,completion_random_sample
2026-05-13T00:00:00+00:00,86807067,20,all_days,completion_random_sample
2026-05-13T00:00:00+00:00,86807323,20,all_days,completion_random_sample
2026-05-13T00:00:00+00:00,86812350,20,all_days,completion_random_sample
2026-05-13T00:00:00+00:00,86821441,20,all_days,completion_random_sample
2026-05-13T00:00:00+00:00,86822554,20,all_days,completion_random_sample
2026-05-13T00:00:00+00:00,86824439,20,all_days,completion_random_sample
2026-05-13T00:00:00+00:00,86827857,20,all_days,completion_random_sample
2026-05-13T00:00:00+00:00,86828485,20,all_days,completion_random_sample
2026-05-13T00:00:00+00:00,86829719,20,all_days,completion_random_sample
2026-05-13T00:00:00+00:00,86834808,20,all_days,completion_random_sample
2026-05-13T00:00:00+00:00,86839918,20,all_days,completion_random_sample
2026-05-13T00:00:00+00:00,86842039,20,all_days,completion_random_sample
2026-05-14T00:00:00+00:00,86845695,20,all_days,completion_random_sample
2026-05-14T00:00:00+00:00,86846942,20,all_days,completion_random_sample
2026-05-14T00:00:00+00:00,86855955,20,all_days,completion_random_sample
2026-05-14T00:00:00+00:00,86863180,20,all_days,completion_random_sample
2026-05-14T00:00:00+00:00,86863945,20,all_days,completion_random_sample
2026-05-14T00:00:00+00:00,86864999,20,all_days,completion_random_sample
2026-05-14T00:00:00+00:00,86867845,20,all_days,completion_random_sample
2026-05-14T00:00:00+00:00,86869816,20,all_days,completion_random_sample
2026-05-14T00:00:00+00:00,86870228,20,all_days,completion_random_sample
2026-05-14T00:00:00+00:00,86875894,20,all_days,completion_random_sample
2026-05-14T00:00:00+00:00,86877275,20,all_days,completion_random_sample
2026-05-14T00:00:00+00:00,86877548,20,all_days,completion_random_sample
2026-05-14T00:00:00+00:00,86878682,20,all_days,completion_random_sample
2026-05-14T00:00:00+00:00,86881428,20,all_days,completion_random_sample
2026-05-14T00:00:00+00:00,86886627,20,all_days,completion_random_sample
2026-05-14T00:00:00+00:00,86887067,20,all_days,completion_random_sample
2026-05-14T00:00:00+00:00,86887455,20,all_days,completion_random_sample
2026-05-14T00:00:00+00:00,86888577,20,all_days,completion_random_sample
2026-05-14T00:00:00+00:00,86891635,20,all_days,completion_random_sample
2026-05-14T00:00:00+00:00,86892956,20,all_days,completion_random_sample
2026-05-15T00:00:00+00:00,86894651,20,all_days,completion_random_sample
2026-05-15T00:00:00+00:00,86896918,20,all_days,completion_random_sample
2026-05-15T00:00:00+00:00,86899182,20,all_days,completion_random_sample
2026-05-15T00:00:00+00:00,86900573,20,all_days,completion_random_sample
2026-05-15T00:00:00+00:00,86901692,20,all_days,completion_random_sample
2026-05-15T00:00:00+00:00,86906722,20,all_days,completion_random_sample
2026-05-15T00:00:00+00:00,86907027,20,all_days,completion_random_sample
2026-05-15T00:00:00+00:00,86917940,20,all_days,completion_random_sample
2026-05-15T00:00:00+00:00,86918264,20,all_days,completion_random_sample
2026-05-15T00:00:00+00:00,86918981,20,all_days,completion_random_sample
2026-05-15T00:00:00+00:00,86919699,20,all_days,completion_random_sample
2026-05-15T00:00:00+00:00,86925722,20,all_days,completion_random_sample
2026-05-15T00:00:00+00:00,86925780,20,all_days,completion_random_sample
2026-05-15T00:00:00+00:00,86926102,20,all_days,completion_random_sample
2026-05-15T00:00:00+00:00,86928784,20,all_days,completion_random_sample
2026-05-15T00:00:00+00:00,86933661,20,all_days,completion_random_sample
2026-05-15T00:00:00+00:00,86934314,20,all_days,completion_random_sample
2026-05-15T00:00:00+00:00,86935495,20,all_days,completion_random_sample
2026-05-15T00:00:00+00:00,86939195,20,all_days,completion_random_sample
2026-05-15T00:00:00+00:00,86941908,20,all_days,completion_random_sample
2026-05-16T00:00:00+00:00,86943871,20,all_days,completion_random_sample
2026-05-16T00:00:00+00:00,86952255,20,all_days,completion_random_sample
2026-05-16T00:00:00+00:00,86954503,20,all_days,completion_random_sample
2026-05-16T00:00:00+00:00,86957837,20,all_days,completion_random_sample
2026-05-16T00:00:00+00:00,86963513,20,all_days,completion_random_sample
2026-05-16T00:00:00+00:00,86968739,20,all_days,completion_random_sample
2026-05-16T00:00:00+00:00,86970559,20,all_days,completion_random_sample
2026-05-16T00:00:00+00:00,86971509,20,all_days,completion_random_sample
2026-05-16T00:00:00+00:00,86971791,20,all_days,completion_random_sample
2026-05-16T00:00:00+00:00,86974259,20,all_days,completion_random_sample
2026-05-16T00:00:00+00:00,86975502,20,all_days,completion_random_sample
2026-05-16T00:00:00+00:00,86975537,20,all_days,completion_random_sample
2026-05-16T00:00:00+00:00,86976305,20,all_days,completion_random_sample
2026-05-16T00:00:00+00:00,86977344,20,all_days,completion_random_sample
2026-05-16T00:00:00+00:00,86984779,20,all_days,completion_random_sample
2026-05-16T00:00:00+00:00,86986234,20,all_days,completion_random_sample
2026-05-16T00:00:00+00:00,86986561,20,all_days,completion_random_sample
2026-05-16T00:00:00+00:00,86987669,20,all_days,completion_random_sample
2026-05-16T00:00:00+00:00,86988228,20,all_days,completion_random_sample
2026-05-16T00:00:00+00:00,86990891,20,all_days,completion_random_sample
2026-05-17T00:00:00+00:00,86994321,20,all_days,completion_random_sample
2026-05-17T00:00:00+00:00,86996527,20,all_days,completion_random_sample
2026-05-17T00:00:00+00:00,86998970,20,all_days,completion_random_sample
2026-05-17T00:00:00+00:00,87001256,20,all_days,completion_random_sample
2026-05-17T00:00:00+00:00,87002625,20,all_days,completion_random_sample
2026-05-17T00:00:00+00:00,87004226,20,all_days,completion_random_sample
2026-05-17T00:00:00+00:00,87005531,20,all_days,completion_random_sample
2026-05-17T00:00:00+00:00,87007900,20,all_days,completion_random_sample
2026-05-17T00:00:00+00:00,87008379,20,all_days,completion_random_sample
2026-05-17T00:00:00+00:00,87008921,20,all_days,completion_random_sample
2026-05-17T00:00:00+00:00,87013353,20,all_days,completion_random_sample
2026-05-17T00:00:00+00:00,87019396,20,all_days,completion_random_sample
2026-05-17T00:00:00+00:00,87020177,20,all_days,completion_random_sample
2026-05-17T00:00:00+00:00,87022118,20,all_days,completion_random_sample
2026-05-17T00:00:00+00:00,87024144,20,all_days,completion_random_sample
2026-05-17T00:00:00+00:00,87026924,20,all_days,completion_random_sample
2026-05-17T00:00:00+00:00,87032947,20,all_days,completion_random_sample
2026-05-17T00:00:00+00:00,87036894,20,all_days,completion_random_sample
2026-05-17T00:00:00+00:00,87040654,20,all_days,completion_random_sample
2026-05-17T00:00:00+00:00,87041083,20,all_days,completion_random_sample
2026-05-18T00:00:00+00:00,87044202,20,all_days,completion_random_sample
2026-05-18T00:00:00+00:00,87046825,20,all_days,completion_random_sample
2026-05-18T00:00:00+00:00,87049595,20,all_days,completion_random_sample
2026-05-18T00:00:00+00:00,87050887,20,all_days,completion_random_sample
2026-05-18T00:00:00+00:00,87050965,20,all_days,completion_random_sample
2026-05-18T00:00:00+00:00,87051507,20,all_days,completion_random_sample
2026-05-18T00:00:00+00:00,87052147,20,all_days,completion_random_sample
2026-05-18T00:00:00+00:00,87052222,20,all_days,completion_random_sample
2026-05-18T00:00:00+00:00,87052271,20,all_days,completion_random_sample
2026-05-18T00:00:00+00:00,87053450,20,all_days,completion_random_sample
2026-05-18T00:00:00+00:00,87053660,20,all_days,completion_random_sample
2026-05-18T00:00:00+00:00,87058911,20,all_days,completion_random_sample
2026-05-18T00:00:00+00:00,87062214,20,all_days,completion_random_sample
2026-05-18T00:00:00+00:00,87065586,20,all_days,completion_random_sample
2026-05-18T00:00:00+00:00,87072041,20,all_days,completion_random_sample
2026-05-18T00:00:00+00:00,87072044,20,all_days,completion_random_sample
2026-05-18T00:00:00+00:00,87074667,20,all_days,completion_random_sample
2026-05-18T00:00:00+00:00,87076997,20,all_days,completion_random_sample
2026-05-18T00:00:00+00:00,87078459,20,all_days,completion_random_sample
2026-05-18T00:00:00+00:00,87087748,20,all_days,completion_random_sample
2026-05-19T00:00:00+00:00,87092468,20,all_days,completion_random_sample
2026-05-19T00:00:00+00:00,87093835,20,all_days,completion_random_sample
2026-05-19T00:00:00+00:00,87096102,20,all_days,completion_random_sample
2026-05-19T00:00:00+00:00,87097211,20,all_days,completion_random_sample
2026-05-19T00:00:00+00:00,87104542,20,all_days,completion_random_sample
2026-05-19T00:00:00+00:00,87104871,20,all_days,completion_random_sample
2026-05-19T00:00:00+00:00,87107672,20,all_days,completion_random_sample
2026-05-19T00:00:00+00:00,87107855,20,all_days,completion_random_sample
2026-05-19T00:00:00+00:00,87110107,20,all_days,completion_random_sample
2026-05-19T00:00:00+00:00,87111067,20,all_days,completion_random_sample
2026-05-19T00:00:00+00:00,87113279,20,all_days,completion_random_sample
2026-05-19T00:00:00+00:00,87114313,20,all_days,completion_random_sample
2026-05-19T00:00:00+00:00,87116374,20,all_days,completion_random_sample
2026-05-19T00:00:00+00:00,87117223,20,all_days,completion_random_sample
2026-05-19T00:00:00+00:00,87118385,20,all_days,completion_random_sample
2026-05-19T00:00:00+00:00,87118872,20,all_days,completion_random_sample
2026-05-19T00:00:00+00:00,87129798,20,all_days,completion_random_sample
2026-05-19T00:00:00+00:00,87129990,20,all_days,completion_random_sample
2026-05-19T00:00:00+00:00,87130032,20,all_days,completion_random_sample
2026-05-19T00:00:00+00:00,87139282,20,all_days,completion_random_sample
2026-05-20T00:00:00+00:00,87141259,20,all_days,completion_random_sample
2026-05-20T00:00:00+00:00,87142382,20,all_days,completion_random_sample
2026-05-20T00:00:00+00:00,87143848,20,all_days,completion_random_sample
2026-05-20T00:00:00+00:00,87146382,20,all_days,completion_random_sample
2026-05-20T00:00:00+00:00,87150023,20,all_days,completion_random_sample
2026-05-20T00:00:00+00:00,87154547,20,all_days,completion_random_sample
2026-05-20T00:00:00+00:00,87157078,20,all_days,completion_random_sample
2026-05-20T00:00:00+00:00,87160037,20,all_days,completion_random_sample
2026-05-20T00:00:00+00:00,87161444,20,all_days,completion_random_sample
2026-05-20T00:00:00+00:00,87164792,20,all_days,completion_random_sample
2026-05-20T00:00:00+00:00,87165878,20,all_days,completion_random_sample
2026-05-20T00:00:00+00:00,87166174,20,all_days,completion_random_sample
2026-05-20T00:00:00+00:00,87170008,20,all_days,completion_random_sample
2026-05-20T00:00:00+00:00,87172254,20,all_days,completion_random_sample
2026-05-20T00:00:00+00:00,87174236,20,all_days,completion_random_sample
2026-05-20T00:00:00+00:00,87174282,20,all_days,completion_random_sample
2026-05-20T00:00:00+00:00,87178002,20,all_days,completion_random_sample
2026-05-20T00:00:00+00:00,87179955,20,all_days,completion_random_sample
2026-05-20T00:00:00+00:00,87183315,20,all_days,completion_random_sample
2026-05-20T00:00:00+00:00,87186191,20,all_days,completion_random_sample
2026-05-21T00:00:00+00:00,87191257,20,all_days,completion_random_sample
2026-05-21T00:00:00+00:00,87192169,20,all_days,completion_random_sample
2026-05-21T00:00:00+00:00,87195480,20,all_days,completion_random_sample
2026-05-21T00:00:00+00:00,87196844,20,all_days,completion_random_sample
2026-05-21T00:00:00+00:00,87197181,20,all_days,completion_random_sample
2026-05-21T00:00:00+00:00,87199930,20,all_days,completion_random_sample
2026-05-21T00:00:00+00:00,87201004,20,all_days,completion_random_sample
2026-05-21T00:00:00+00:00,87202631,20,all_days,completion_random_sample
2026-05-21T00:00:00+00:00,87203243,20,all_days,completion_random_sample
2026-05-21T00:00:00+00:00,87204615,20,all_days,completion_random_sample
2026-05-21T00:00:00+00:00,87208504,20,all_days,completion_random_sample
2026-05-21T00:00:00+00:00,87213308,20,all_days,completion_random_sample
2026-05-21T00:00:00+00:00,87214589,20,all_days,completion_random_sample
2026-05-21T00:00:00+00:00,87218846,20,all_days,completion_random_sample
2026-05-21T00:00:00+00:00,87219523,20,all_days,completion_random_sample
2026-05-21T00:00:00+00:00,87224994,20,all_days,completion_random_sample
2026-05-21T00:00:00+00:00,87230517,20,all_days,completion_random_sample
2026-05-21T00:00:00+00:00,87235395,20,all_days,completion_random_sample
2026-05-21T00:00:00+00:00,87237403,20,all_days,completion_random_sample
2026-05-21T00:00:00+00:00,87237812,20,all_days,completion_random_sample
2026-05-22T00:00:00+00:00,87239371,20,all_days,completion_random_sample
2026-05-22T00:00:00+00:00,87243686,20,all_days,completion_random_sample
2026-05-22T00:00:00+00:00,87245227,20,all_days,completion_random_sample
2026-05-22T00:00:00+00:00,87246871,20,all_days,completion_random_sample
2026-05-22T00:00:00+00:00,87246942,20,all_days,completion_random_sample
2026-05-22T00:00:00+00:00,87248599,20,all_days,completion_random_sample
2026-05-22T00:00:00+00:00,87251674,20,all_days,completion_random_sample
2026-05-22T00:00:00+00:00,87256316,20,all_days,completion_random_sample
2026-05-22T00:00:00+00:00,87259449,20,all_days,completion_random_sample
2026-05-22T00:00:00+00:00,87263869,20,all_days,completion_random_sample
2026-05-22T00:00:00+00:00,87265335,20,all_days,completion_random_sample
2026-05-22T00:00:00+00:00,87268200,20,all_days,completion_random_sample
2026-05-22T00:00:00+00:00,87268965,20,all_days,completion_random_sample
2026-05-22T00:00:00+00:00,87269360,20,all_days,completion_random_sample
2026-05-22T00:00:00+00:00,87271291,20,all_days,completion_random_sample
2026-05-22T00:00:00+00:00,87282683,20,all_days,completion_random_sample
2026-05-22T00:00:00+00:00,87284431,20,all_days,completion_random_sample
2026-05-22T00:00:00+00:00,87284972,20,all_days,completion_random_sample
2026-05-22T00:00:00+00:00,87286570,20,all_days,completion_random_sample
2026-05-22T00:00:00+00:00,87286690,20,all_days,completion_random_sample
2026-05-23T00:00:00+00:00,87291923,20,all_days,completion_random_sample
2026-05-23T00:00:00+00:00,87296827,20,all_days,completion_random_sample
2026-05-23T00:00:00+00:00,87297054,20,all_days,completion_random_sample
2026-05-23T00:00:00+00:00,87297912,20,all_days,completion_random_sample
2026-05-23T00:00:00+00:00,87301050,20,all_days,completion_random_sample
2026-05-23T00:00:00+00:00,87304624,20,all_days,completion_random_sample
2026-05-23T00:00:00+00:00,87308102,20,all_days,completion_random_sample
2026-05-23T00:00:00+00:00,87308241,20,all_days,completion_random_sample
2026-05-23T00:00:00+00:00,87311723,20,all_days,completion_random_sample
2026-05-23T00:00:00+00:00,87313272,20,all_days,completion_random_sample
2026-05-23T00:00:00+00:00,87318592,20,all_days,completion_random_sample
2026-05-23T00:00:00+00:00,87319686,20,all_days,completion_random_sample
2026-05-23T00:00:00+00:00,87322735,20,all_days,completion_random_sample
2026-05-23T00:00:00+00:00,87324407,20,all_days,completion_random_sample
2026-05-23T00:00:00+00:00,87328520,20,all_days,completion_random_sample
2026-05-23T00:00:00+00:00,87331372,20,all_days,completion_random_sample
2026-05-23T00:00:00+00:00,87332850,20,all_days,completion_random_sample
2026-05-23T00:00:00+00:00,87333207,20,all_days,completion_random_sample
2026-05-23T00:00:00+00:00,87333641,20,all_days,completion_random_sample
2026-05-23T00:00:00+00:00,87336628,20,all_days,completion_random_sample
2026-05-24T00:00:00+00:00,87340126,20,all_days,completion_random_sample
2026-05-24T00:00:00+00:00,87340198,20,all_days,completion_random_sample
2026-05-24T00:00:00+00:00,87341837,20,all_days,completion_random_sample
2026-05-24T00:00:00+00:00,87341937,20,all_days,completion_random_sample
2026-05-24T00:00:00+00:00,87342180,20,all_days,completion_random_sample
2026-05-24T00:00:00+00:00,87347682,20,all_days,completion_random_sample
2026-05-24T00:00:00+00:00,87353763,20,all_days,completion_random_sample
2026-05-24T00:00:00+00:00,87355497,20,all_days,completion_random_sample
2026-05-24T00:00:00+00:00,87355788,20,all_days,completion_random_sample
2026-05-24T00:00:00+00:00,87359991,20,all_days,completion_random_sample
2026-05-24T00:00:00+00:00,87363740,20,all_days,completion_random_sample
2026-05-24T00:00:00+00:00,87364319,20,all_days,completion_random_sample
2026-05-24T00:00:00+00:00,87376530,20,all_days,completion_random_sample
2026-05-24T00:00:00+00:00,87378729,20,all_days,completion_random_sample
2026-05-24T00:00:00+00:00,87378747,20,all_days,completion_random_sample
2026-05-24T00:00:00+00:00,87380716,20,all_days,completion_random_sample
2026-05-24T00:00:00+00:00,87383188,20,all_days,completion_random_sample
2026-05-24T00:00:00+00:00,87383767,20,all_days,completion_random_sample
2026-05-24T00:00:00+00:00,87385718,20,all_days,completion_random_sample
2026-05-24T00:00:00+00:00,87386508,20,all_days,completion_random_sample
2026-05-25T00:00:00+00:00,87389268,20,all_days,completion_random_sample
2026-05-25T00:00:00+00:00,87391266,20,all_days,completion_random_sample
2026-05-25T00:00:00+00:00,87396320,20,all_days,completion_random_sample
2026-05-25T00:00:00+00:00,87396484,20,all_days,completion_random_sample
2026-05-25T00:00:00+00:00,87405055,20,all_days,completion_random_sample
2026-05-25T00:00:00+00:00,87406191,20,all_days,completion_random_sample
2026-05-25T00:00:00+00:00,87406402,20,all_days,completion_random_sample
2026-05-25T00:00:00+00:00,87406529,20,all_days,completion_random_sample
2026-05-25T00:00:00+00:00,87408841,20,all_days,completion_random_sample
2026-05-25T00:00:00+00:00,87409570,20,all_days,completion_random_sample
2026-05-25T00:00:00+00:00,87413228,20,all_days,completion_random_sample
2026-05-25T00:00:00+00:00,87416217,20,all_days,completion_random_sample
2026-05-25T00:00:00+00:00,87417514,20,all_days,completion_random_sample
2026-05-25T00:00:00+00:00,87421699,20,all_days,completion_random_sample
2026-05-25T00:00:00+00:00,87422157,20,all_days,completion_random_sample
2026-05-25T00:00:00+00:00,87423446,20,all_days,completion_random_sample
2026-05-25T00:00:00+00:00,87430334,20,all_days,completion_random_sample
2026-05-25T00:00:00+00:00,87433215,20,all_days,completion_random_sample
2026-05-25T00:00:00+00:00,87433545,20,all_days,completion_random_sample
2026-05-25T00:00:00+00:00,87435149,20,all_days,completion_random_sample
2026-05-26T00:00:00+00:00,87439873,20,all_days,completion_random_sample
2026-05-26T00:00:00+00:00,87440692,20,all_days,completion_random_sample
2026-05-26T00:00:00+00:00,87444667,20,all_days,completion_random_sample
2026-05-26T00:00:00+00:00,87445007,20,all_days,completion_random_sample
2026-05-26T00:00:00+00:00,87446822,20,all_days,completion_random_sample
2026-05-26T00:00:00+00:00,87448894,20,all_days,completion_random_sample
2026-05-26T00:00:00+00:00,87452102,20,all_days,completion_random_sample
2026-05-26T00:00:00+00:00,87453855,20,all_days,completion_random_sample
2026-05-26T00:00:00+00:00,87458874,20,all_days,completion_random_sample
2026-05-26T00:00:00+00:00,87462671,20,all_days,completion_random_sample
2026-05-26T00:00:00+00:00,87463148,20,all_days,completion_random_sample
2026-05-26T00:00:00+00:00,87469024,20,all_days,completion_random_sample
2026-05-26T00:00:00+00:00,87469912,20,all_days,completion_random_sample
2026-05-26T00:00:00+00:00,87470408,20,all_days,completion_random_sample
2026-05-26T00:00:00+00:00,87471996,20,all_days,completion_random_sample
2026-05-26T00:00:00+00:00,87475484,20,all_days,completion_random_sample
2026-05-26T00:00:00+00:00,87477158,20,all_days,completion_random_sample
2026-05-26T00:00:00+00:00,87480217,20,all_days,completion_random_sample
2026-05-26T00:00:00+00:00,87483715,20,all_days,completion_random_sample
2026-05-26T00:00:00+00:00,87484547,20,all_days,completion_random_sample
2026-05-27T00:00:00+00:00,87489160,20,all_days,completion_random_sample
2026-05-27T00:00:00+00:00,87491130,20,all_days,completion_random_sample
2026-05-27T00:00:00+00:00,87491659,20,all_days,completion_random_sample
2026-05-27T00:00:00+00:00,87493236,20,all_days,completion_random_sample
2026-05-27T00:00:00+00:00,87499276,20,all_days,completion_random_sample
2026-05-27T00:00:00+00:00,87500089,20,all_days,completion_random_sample
2026-05-27T00:00:00+00:00,87501447,20,all_days,completion_random_sample
2026-05-27T00:00:00+00:00,87502538,20,all_days,completion_random_sample
2026-05-27T00:00:00+00:00,87506374,20,all_days,completion_random_sample
2026-05-27T00:00:00+00:00,87509425,20,all_days,completion_random_sample
2026-05-27T00:00:00+00:00,87511388,20,all_days,completion_random_sample
2026-05-27T00:00:00+00:00,87513715,20,all_days,completion_random_sample
2026-05-27T00:00:00+00:00,87520082,20,all_days,completion_random_sample
2026-05-27T00:00:00+00:00,87522881,20,all_days,completion_random_sample
2026-05-27T00:00:00+00:00,87523161,20,all_days,completion_random_sample
2026-05-27T00:00:00+00:00,87526069,20,all_days,completion_random_sample
2026-05-27T00:00:00+00:00,87528087,20,all_days,completion_random_sample
2026-05-27T00:00:00+00:00,87528690,20,all_days,completion_random_sample
2026-05-27T00:00:00+00:00,87530613,20,all_days,completion_random_sample
2026-05-27T00:00:00+00:00,87534250,20,all_days,completion_random_sample
2026-05-28T00:00:00+00:00,87541616,20,all_days,completion_random_sample
2026-05-28T00:00:00+00:00,87542468,20,all_days,completion_random_sample
2026-05-28T00:00:00+00:00,87542553,20,all_days,completion_random_sample
2026-05-28T00:00:00+00:00,87543032,20,all_days,completion_random_sample
2026-05-28T00:00:00+00:00,87543230,20,all_days,completion_random_sample
2026-05-28T00:00:00+00:00,87546814,20,all_days,completion_random_sample
2026-05-28T00:00:00+00:00,87547551,20,all_days,completion_random_sample
2026-05-28T00:00:00+00:00,87550676,20,all_days,completion_random_sample
2026-05-28T00:00:00+00:00,87552388,20,all_days,completion_random_sample
2026-05-28T00:00:00+00:00,87559559,20,all_days,completion_random_sample
2026-05-28T00:00:00+00:00,87566219,20,all_days,completion_random_sample
2026-05-28T00:00:00+00:00,87567723,20,all_days,completion_random_sample
2026-05-28T00:00:00+00:00,87572177,20,all_days,completion_random_sample
2026-05-28T00:00:00+00:00,87575044,20,all_days,completion_random_sample
2026-05-28T00:00:00+00:00,87576251,20,all_days,completion_random_sample
2026-05-28T00:00:00+00:00,87576872,20,all_days,completion_random_sample
2026-05-28T00:00:00+00:00,87578289,20,all_days,completion_random_sample
2026-05-28T00:00:00+00:00,87578609,20,all_days,completion_random_sample
2026-05-28T00:00:00+00:00,87578856,20,all_days,completion_random_sample
2026-05-28T00:00:00+00:00,87580356,20,all_days,completion_random_sample
2026-05-29T00:00:00+00:00,87585245,20,all_days,completion_random_sample
2026-05-29T00:00:00+00:00,87586844,20,all_days,completion_random_sample
2026-05-29T00:00:00+00:00,87587313,20,all_days,completion_random_sample
2026-05-29T00:00:00+00:00,87588610,20,all_days,completion_random_sample
2026-05-29T00:00:00+00:00,87593362,20,all_days,completion_random_sample
2026-05-29T00:00:00+00:00,87598291,20,all_days,completion_random_sample
2026-05-29T00:00:00+00:00,87602810,20,all_days,completion_random_sample
2026-05-29T00:00:00+00:00,87605632,20,all_days,completion_random_sample
2026-05-29T00:00:00+00:00,87606173,20,all_days,completion_random_sample
2026-05-29T00:00:00+00:00,87608378,20,all_days,completion_random_sample
2026-05-29T00:00:00+00:00,87610481,20,all_days,completion_random_sample
2026-05-29T00:00:00+00:00,87610867,20,all_days,completion_random_sample
2026-05-29T00:00:00+00:00,87611686,20,all_days,completion_random_sample
2026-05-29T00:00:00+00:00,87623946,20,all_days,completion_random_sample
2026-05-29T00:00:00+00:00,87625074,20,all_days,completion_random_sample
2026-05-29T00:00:00+00:00,87625776,20,all_days,completion_random_sample
2026-05-29T00:00:00+00:00,87627481,20,all_days,completion_random_sample
2026-05-29T00:00:00+00:00,87627739,20,all_days,completion_random_sample
2026-05-29T00:00:00+00:00,87627818,20,all_days,completion_random_sample
2026-05-29T00:00:00+00:00,87627970,20,all_days,completion_random_sample
2026-05-30T00:00:00+00:00,87634429,20,all_days,completion_random_sample
2026-05-30T00:00:00+00:00,87634597,20,all_days,completion_random_sample
2026-05-30T00:00:00+00:00,87637263,20,all_days,completion_random_sample
2026-05-30T00:00:00+00:00,87637630,20,all_days,completion_random_sample
2026-05-30T00:00:00+00:00,87637857,20,all_days,completion_random_sample
2026-05-30T00:00:00+00:00,87638404,20,all_days,completion_random_sample
2026-05-30T00:00:00+00:00,87641536,20,all_days,completion_random_sample
2026-05-30T00:00:00+00:00,87642336,20,all_days,completion_random_sample
2026-05-30T00:00:00+00:00,87642436,20,all_days,completion_random_sample
2026-05-30T00:00:00+00:00,87642558,20,all_days,completion_random_sample
2026-05-30T00:00:00+00:00,87645273,20,all_days,completion_random_sample
2026-05-30T00:00:00+00:00,87649064,20,all_days,completion_random_sample
2026-05-30T00:00:00+00:00,87656528,20,all_days,completion_random_sample
2026-05-30T00:00:00+00:00,87656724,20,all_days,completion_random_sample
2026-05-30T00:00:00+00:00,87658401,20,all_days,completion_random_sample
2026-05-30T00:00:00+00:00,87659179,20,all_days,completion_random_sample
2026-05-30T00:00:00+00:00,87670087,20,all_days,completion_random_sample
2026-05-30T00:00:00+00:00,87674110,20,all_days,completion_random_sample
2026-05-30T00:00:00+00:00,87674780,20,all_days,completion_random_sample
2026-05-30T00:00:00+00:00,87680701,20,all_days,completion_random_sample
2026-05-31T00:00:00+00:00,87683612,20,all_days,completion_random_sample
2026-05-31T00:00:00+00:00,87687201,20,all_days,completion_random_sample
2026-05-31T00:00:00+00:00,87688531,20,all_days,completion_random_sample
2026-05-31T00:00:00+00:00,87688662,20,all_days,completion_random_sample
2026-05-31T00:00:00+00:00,87693473,20,all_days,completion_random_sample
2026-05-31T00:00:00+00:00,87698533,20,all_days,completion_random_sample
2026-05-31T00:00:00+00:00,87700057,20,all_days,completion_random_sample
2026-05-31T00:00:00+00:00,87700991,20,all_days,completion_random_sample
2026-05-31T00:00:00+00:00,87701760,20,all_days,completion_random_sample
2026-05-31T00:00:00+00:00,87702665,20,all_days,completion_random_sample
2026-05-31T00:00:00+00:00,87704166,20,all_days,completion_random_sample
2026-05-31T00:00:00+00:00,87714527,20,all_days,completion_random_sample
2026-05-31T00:00:00+00:00,87714971,20,all_days,completion_random_sample
2026-05-31T00:00:00+00:00,87719533,20,all_days,completion_random_sample
2026-05-31T00:00:00+00:00,87722026,20,all_days,completion_random_sample
2026-05-31T00:00:00+00:00,87724427,20,all_days,completion_random_sample
2026-05-31T00:00:00+00:00,87727030,20,all_days,completion_random_sample
2026-05-31T00:00:00+00:00,87727907,20,all_days,completion_random_sample
2026-05-31T00:00:00+00:00,87729534,20,all_days,completion_random_sample
2026-05-31T00:00:00+00:00,87731669,20,all_days,completion_random_sample
2026-06-01T00:00:00+00:00,87734218,20,all_days,completion_random_sample
2026-06-01T00:00:00+00:00,87735105,20,all_days,completion_random_sample
2026-06-01T00:00:00+00:00,87738773,20,all_days,completion_random_sample
2026-06-01T00:00:00+00:00,87739993,20,all_days,completion_random_sample
2026-06-01T00:00:00+00:00,87742412,20,all_days,completion_random_sample
2026-06-01T00:00:00+00:00,87742778,20,all_days,completion_random_sample
2026-06-01T00:00:00+00:00,87743603,20,all_days,completion_random_sample
2026-06-01T00:00:00+00:00,87745226,20,all_days,completion_random_sample
2026-06-01T00:00:00+00:00,87745302,20,all_days,completion_random_sample
2026-06-01T00:00:00+00:00,87747116,20,all_days,completion_random_sample
2026-06-01T00:00:00+00:00,87747295,20,all_days,completion_random_sample
2026-06-01T00:00:00+00:00,87748522,20,all_days,completion_random_sample
2026-06-01T00:00:00+00:00,87749651,20,all_days,completion_random_sample
2026-06-01T00:00:00+00:00,87754223,20,all_days,completion_random_sample
2026-06-01T00:00:00+00:00,87757366,20,all_days,completion_random_sample
2026-06-01T00:00:00+00:00,87757380,20,all_days,completion_random_sample
2026-06-01T00:00:00+00:00,87757634,20,all_days,completion_random_sample
2026-06-01T00:00:00+00:00,87760702,20,all_days,completion_random_sample
2026-06-01T00:00:00+00:00,87763286,20,all_days,completion_random_sample
2026-06-01T00:00:00+00:00,87781389,20,all_days,completion_random_sample
2026-06-02T00:00:00+00:00,87784479,20,all_days,completion_random_sample
2026-06-02T00:00:00+00:00,87784569,20,all_days,completion_random_sample
2026-06-02T00:00:00+00:00,87791092,20,all_days,completion_random_sample
2026-06-02T00:00:00+00:00,87798917,20,all_days,completion_random_sample
2026-06-02T00:00:00+00:00,87799805,20,all_days,completion_random_sample
2026-06-02T00:00:00+00:00,87801558,20,all_days,completion_random_sample
2026-06-02T00:00:00+00:00,87803507,20,all_days,completion_random_sample
2026-06-02T00:00:00+00:00,87804818,20,all_days,completion_random_sample
2026-06-02T00:00:00+00:00,87806153,20,all_days,completion_random_sample
2026-06-02T00:00:00+00:00,87810991,20,all_days,completion_random_sample
2026-06-02T00:00:00+00:00,87812134,20,all_days,completion_random_sample
2026-06-02T00:00:00+00:00,87812415,20,all_days,completion_random_sample
2026-06-02T00:00:00+00:00,87812525,20,all_days,completion_random_sample
2026-06-02T00:00:00+00:00,87814469,20,all_days,completion_random_sample
2026-06-02T00:00:00+00:00,87814552,20,all_days,completion_random_sample
2026-06-02T00:00:00+00:00,87818542,20,all_days,completion_random_sample
2026-06-02T00:00:00+00:00,87819390,20,all_days,completion_random_sample
2026-06-02T00:00:00+00:00,87819676,20,all_days,completion_random_sample
2026-06-02T00:00:00+00:00,87825624,20,all_days,completion_random_sample
2026-06-02T00:00:00+00:00,87829436,20,all_days,completion_random_sample
2026-06-03T00:00:00+00:00,87831505,20,all_days,completion_random_sample
2026-06-03T00:00:00+00:00,87834491,20,all_days,completion_random_sample
2026-06-03T00:00:00+00:00,87835223,20,all_days,completion_random_sample
2026-06-03T00:00:00+00:00,87838676,20,all_days,completion_random_sample
2026-06-03T00:00:00+00:00,87846260,20,all_days,completion_random_sample
2026-06-03T00:00:00+00:00,87850307,20,all_days,completion_random_sample
2026-06-03T00:00:00+00:00,87856507,20,all_days,completion_random_sample
2026-06-03T00:00:00+00:00,87858797,20,all_days,completion_random_sample
2026-06-03T00:00:00+00:00,87861614,20,all_days,completion_random_sample
2026-06-03T00:00:00+00:00,87861918,20,all_days,completion_random_sample
2026-06-03T00:00:00+00:00,87864668,20,all_days,completion_random_sample
2026-06-03T00:00:00+00:00,87865828,20,all_days,completion_random_sample
2026-06-03T00:00:00+00:00,87869746,20,all_days,completion_random_sample
2026-06-03T00:00:00+00:00,87874816,20,all_days,completion_random_sample
2026-06-03T00:00:00+00:00,87876239,20,all_days,completion_random_sample
2026-06-03T00:00:00+00:00,87876532,20,all_days,completion_random_sample
2026-06-03T00:00:00+00:00,87876647,20,all_days,completion_random_sample
2026-06-03T00:00:00+00:00,87879516,20,all_days,completion_random_sample
2026-06-03T00:00:00+00:00,87879702,20,all_days,completion_random_sample
2026-06-03T00:00:00+00:00,87880414,20,all_days,completion_random_sample
2026-06-04T00:00:00+00:00,87891079,20,all_days,completion_random_sample
2026-06-04T00:00:00+00:00,87892245,20,all_days,completion_random_sample
2026-06-04T00:00:00+00:00,87893433,20,all_days,completion_random_sample
2026-06-04T00:00:00+00:00,87893827,20,all_days,completion_random_sample
2026-06-04T00:00:00+00:00,87894499,20,all_days,completion_random_sample
2026-06-04T00:00:00+00:00,87896283,20,all_days,completion_random_sample
2026-06-04T00:00:00+00:00,87896448,20,all_days,completion_random_sample
2026-06-04T00:00:00+00:00,87897672,20,all_days,completion_random_sample
2026-06-04T00:00:00+00:00,87902268,20,all_days,completion_random_sample
2026-06-04T00:00:00+00:00,87905687,20,all_days,completion_random_sample
2026-06-04T00:00:00+00:00,87911366,20,all_days,completion_random_sample
2026-06-04T00:00:00+00:00,87912734,20,all_days,completion_random_sample
2026-06-04T00:00:00+00:00,87915331,20,all_days,completion_random_sample
2026-06-04T00:00:00+00:00,87919193,20,all_days,completion_random_sample
2026-06-04T00:00:00+00:00,87919598,20,all_days,completion_random_sample
2026-06-04T00:00:00+00:00,87919859,20,all_days,completion_random_sample
2026-06-04T00:00:00+00:00,87920036,20,all_days,completion_random_sample
2026-06-04T00:00:00+00:00,87924356,20,all_days,completion_random_sample
2026-06-04T00:00:00+00:00,87934014,20,all_days,completion_random_sample
2026-06-04T00:00:00+00:00,87935589,20,all_days,completion_random_sample
2026-06-05T00:00:00+00:00,87942353,20,all_days,completion_random_sample
2026-06-05T00:00:00+00:00,87946504,20,all_days,completion_random_sample
2026-06-05T00:00:00+00:00,87946914,20,all_days,completion_random_sample
2026-06-05T00:00:00+00:00,87947606,20,all_days,completion_random_sample
2026-06-05T00:00:00+00:00,87949556,20,all_days,completion_random_sample
2026-06-05T00:00:00+00:00,87967763,20,all_days,completion_random_sample
2026-06-05T00:00:00+00:00,87968107,20,all_days,completion_random_sample
2026-06-05T00:00:00+00:00,87969019,20,all_days,completion_random_sample
2026-06-05T00:00:00+00:00,87970424,20,all_days,completion_random_sample
2026-06-05T00:00:00+00:00,87973846,20,all_days,completion_random_sample
2026-06-05T00:00:00+00:00,87981980,20,all_days,completion_random_sample
2026-06-05T00:00:00+00:00,87985064,20,all_days,completion_random_sample
2026-06-05T00:00:00+00:00,87985262,20,all_days,completion_random_sample
2026-06-05T00:00:00+00:00,87985803,20,all_days,completion_random_sample
2026-06-05T00:00:00+00:00,87988885,20,all_days,completion_random_sample
2026-06-05T00:00:00+00:00,87994187,20,all_days,completion_random_sample
2026-06-05T00:00:00+00:00,87996753,20,all_days,completion_random_sample
2026-06-05T00:00:00+00:00,87997559,20,all_days,completion_random_sample
2026-06-05T00:00:00+00:00,87998097,20,all_days,completion_random_sample
2026-06-05T00:00:00+00:00,87998929,20,all_days,completion_random_sample
2026-06-06T00:00:00+00:00,87999829,20,all_days,completion_random_sample
2026-06-06T00:00:00+00:00,87999974,20,all_days,completion_random_sample
2026-06-06T00:00:00+00:00,88003576,20,all_days,completion_random_sample
2026-06-06T00:00:00+00:00,88005605,20,all_days,completion_random_sample
2026-06-06T00:00:00+00:00,88007132,20,all_days,completion_random_sample
2026-06-06T00:00:00+00:00,88014240,20,all_days,completion_random_sample
2026-06-06T00:00:00+00:00,88014422,20,all_days,completion_random_sample
2026-06-06T00:00:00+00:00,88016905,20,all_days,completion_random_sample
2026-06-06T00:00:00+00:00,88019499,20,all_days,completion_random_sample
2026-06-06T00:00:00+00:00,88019740,20,all_days,completion_random_sample
2026-06-06T00:00:00+00:00,88027299,20,all_days,completion_random_sample
2026-06-06T00:00:00+00:00,88033372,20,all_days,completion_random_sample
2026-06-06T00:00:00+00:00,88035177,20,all_days,completion_random_sample
2026-06-06T00:00:00+00:00,88035188,20,all_days,completion_random_sample
2026-06-06T00:00:00+00:00,88035719,20,all_days,completion_random_sample
2026-06-06T00:00:00+00:00,88036399,20,all_days,completion_random_sample
2026-06-06T00:00:00+00:00,88044619,20,all_days,completion_random_sample
2026-06-06T00:00:00+00:00,88049559,20,all_days,completion_random_sample
2026-06-06T00:00:00+00:00,88053213,20,all_days,completion_random_sample
2026-06-06T00:00:00+00:00,88056334,20,all_days,completion_random_sample
2026-06-07T00:00:00+00:00,88058873,20,all_days,completion_random_sample
2026-06-07T00:00:00+00:00,88059786,20,all_days,completion_random_sample
2026-06-07T00:00:00+00:00,88062811,20,all_days,completion_random_sample
2026-06-07T00:00:00+00:00,88065299,20,all_days,completion_random_sample
2026-06-07T00:00:00+00:00,88068409,20,all_days,completion_random_sample
2026-06-07T00:00:00+00:00,88072409,20,all_days,completion_random_sample
2026-06-07T00:00:00+00:00,88075462,20,all_days,completion_random_sample
2026-06-07T00:00:00+00:00,88075677,20,all_days,completion_random_sample
2026-06-07T00:00:00+00:00,88078350,20,all_days,completion_random_sample
2026-06-07T00:00:00+00:00,88086737,20,all_days,completion_random_sample
2026-06-07T00:00:00+00:00,88087498,20,all_days,completion_random_sample
2026-06-07T00:00:00+00:00,88087608,20,all_days,completion_random_sample
2026-06-07T00:00:00+00:00,88092536,20,all_days,completion_random_sample
2026-06-07T00:00:00+00:00,88093570,20,all_days,completion_random_sample
2026-06-07T00:00:00+00:00,88102060,20,all_days,completion_random_sample
2026-06-07T00:00:00+00:00,88102278,20,all_days,completion_random_sample
2026-06-07T00:00:00+00:00,88107760,20,all_days,completion_random_sample
2026-06-07T00:00:00+00:00,88109677,20,all_days,completion_random_sample
2026-06-07T00:00:00+00:00,88112292,20,all_days,completion_random_sample
2026-06-07T00:00:00+00:00,88113963,20,all_days,completion_random_sample
2026-06-08T00:00:00+00:00,88115446,20,all_days,completion_random_sample
2026-06-08T00:00:00+00:00,88115653,20,all_days,completion_random_sample
2026-06-08T00:00:00+00:00,88118797,20,all_days,completion_random_sample
2026-06-08T00:00:00+00:00,88119141,20,all_days,completion_random_sample
2026-06-08T00:00:00+00:00,88119322,20,all_days,completion_random_sample
2026-06-08T00:00:00+00:00,88127593,20,all_days,completion_random_sample
2026-06-08T00:00:00+00:00,88128537,20,all_days,completion_random_sample
2026-06-08T00:00:00+00:00,88132184,20,all_days,completion_random_sample
2026-06-08T00:00:00+00:00,88136614,20,all_days,completion_random_sample
2026-06-08T00:00:00+00:00,88141090,20,all_days,completion_random_sample
2026-06-08T00:00:00+00:00,88141818,20,all_days,completion_random_sample
2026-06-08T00:00:00+00:00,88142246,20,all_days,completion_random_sample
2026-06-08T00:00:00+00:00,88144574,20,all_days,completion_random_sample
2026-06-08T00:00:00+00:00,88146232,20,all_days,completion_random_sample
2026-06-08T00:00:00+00:00,88147299,20,all_days,completion_random_sample
2026-06-08T00:00:00+00:00,88147611,20,all_days,completion_random_sample
2026-06-08T00:00:00+00:00,88149378,20,all_days,completion_random_sample
2026-06-08T00:00:00+00:00,88149769,20,all_days,completion_random_sample
2026-06-08T00:00:00+00:00,88151344,20,all_days,completion_random_sample
2026-06-08T00:00:00+00:00,88156978,20,all_days,completion_random_sample
2026-06-09T00:00:00+00:00,88172214,20,all_days,completion_random_sample
2026-06-09T00:00:00+00:00,88180435,20,all_days,completion_random_sample
2026-06-09T00:00:00+00:00,88180445,20,all_days,completion_random_sample
2026-06-09T00:00:00+00:00,88181317,20,all_days,completion_random_sample
2026-06-09T00:00:00+00:00,88184457,20,all_days,completion_random_sample
2026-06-09T00:00:00+00:00,88189055,20,all_days,completion_random_sample
2026-06-09T00:00:00+00:00,88191043,20,all_days,completion_random_sample
2026-06-09T00:00:00+00:00,88192776,20,all_days,completion_random_sample
2026-06-09T00:00:00+00:00,88196417,20,all_days,completion_random_sample
2026-06-09T00:00:00+00:00,88198859,20,all_days,completion_random_sample
2026-06-09T00:00:00+00:00,88201990,20,all_days,completion_random_sample
2026-06-09T00:00:00+00:00,88205620,20,all_days,completion_random_sample
2026-06-09T00:00:00+00:00,88207717,20,all_days,completion_random_sample
2026-06-09T00:00:00+00:00,88213894,20,all_days,completion_random_sample
2026-06-09T00:00:00+00:00,88215623,20,all_days,completion_random_sample
2026-06-09T00:00:00+00:00,88215650,20,all_days,completion_random_sample
2026-06-09T00:00:00+00:00,88220039,20,all_days,completion_random_sample
2026-06-09T00:00:00+00:00,88220798,20,all_days,completion_random_sample
2026-06-09T00:00:00+00:00,88222702,20,all_days,completion_random_sample
2026-06-09T00:00:00+00:00,88229021,20,all_days,completion_random_sample
2026-06-10T00:00:00+00:00,88231655,20,all_days,completion_random_sample
2026-06-10T00:00:00+00:00,88237361,20,all_days,completion_random_sample
2026-06-10T00:00:00+00:00,88237461,20,all_days,completion_random_sample
2026-06-10T00:00:00+00:00,88238499,20,all_days,completion_random_sample
2026-06-10T00:00:00+00:00,88238975,20,all_days,completion_random_sample
2026-06-10T00:00:00+00:00,88242005,20,all_days,completion_random_sample
2026-06-10T00:00:00+00:00,88244139,20,all_days,completion_random_sample
2026-06-10T00:00:00+00:00,88244514,20,all_days,completion_random_sample
2026-06-10T00:00:00+00:00,88245024,20,all_days,completion_random_sample
2026-06-10T00:00:00+00:00,88249794,20,all_days,completion_random_sample
2026-06-10T00:00:00+00:00,88254362,20,all_days,completion_random_sample
2026-06-10T00:00:00+00:00,88255431,20,all_days,completion_random_sample
2026-06-10T00:00:00+00:00,88258571,20,all_days,completion_random_sample
2026-06-10T00:00:00+00:00,88262333,20,all_days,completion_random_sample
2026-06-10T00:00:00+00:00,88264892,20,all_days,completion_random_sample
2026-06-10T00:00:00+00:00,88270581,20,all_days,completion_random_sample
2026-06-10T00:00:00+00:00,88271173,20,all_days,completion_random_sample
2026-06-10T00:00:00+00:00,88271717,20,all_days,completion_random_sample
2026-06-10T00:00:00+00:00,88275810,20,all_days,completion_random_sample
2026-06-10T00:00:00+00:00,88278040,20,all_days,completion_random_sample
2026-06-11T00:00:00+00:00,88288069,20,all_days,completion_random_sample
2026-06-11T00:00:00+00:00,88291130,20,all_days,completion_random_sample
2026-06-11T00:00:00+00:00,88303317,20,all_days,completion_random_sample
2026-06-11T00:00:00+00:00,88303846,20,all_days,completion_random_sample
2026-06-11T00:00:00+00:00,88308226,20,all_days,completion_random_sample
2026-06-11T00:00:00+00:00,88309908,20,all_days,completion_random_sample
2026-06-11T00:00:00+00:00,88312731,20,all_days,completion_random_sample
2026-06-11T00:00:00+00:00,88314957,20,all_days,completion_random_sample
2026-06-11T00:00:00+00:00,88319370,20,all_days,completion_random_sample
2026-06-11T00:00:00+00:00,88319839,20,all_days,completion_random_sample
2026-06-11T00:00:00+00:00,88322144,20,all_days,completion_random_sample
2026-06-11T00:00:00+00:00,88327477,20,all_days,completion_random_sample
2026-06-11T00:00:00+00:00,88328154,20,all_days,completion_random_sample
2026-06-11T00:00:00+00:00,88328615,20,all_days,completion_random_sample
2026-06-11T00:00:00+00:00,88329642,20,all_days,completion_random_sample
2026-06-11T00:00:00+00:00,88334351,20,all_days,completion_random_sample
2026-06-11T00:00:00+00:00,88336619,20,all_days,completion_random_sample
2026-06-11T00:00:00+00:00,88342271,20,all_days,completion_random_sample
2026-06-11T00:00:00+00:00,88343534,20,all_days,completion_random_sample
2026-06-11T00:00:00+00:00,88344456,20,all_days,completion_random_sample
2026-06-12T00:00:00+00:00,88345363,20,all_days,completion_random_sample
2026-06-12T00:00:00+00:00,88349267,20,all_days,completion_random_sample
2026-06-12T00:00:00+00:00,88351387,20,all_days,completion_random_sample
2026-06-12T00:00:00+00:00,88355028,20,all_days,completion_random_sample
2026-06-12T00:00:00+00:00,88357569,20,all_days,completion_random_sample
2026-06-12T00:00:00+00:00,88361590,20,all_days,completion_random_sample
2026-06-12T00:00:00+00:00,88368961,20,all_days,completion_random_sample
2026-06-12T00:00:00+00:00,88371183,20,all_days,completion_random_sample
2026-06-12T00:00:00+00:00,88371376,20,all_days,completion_random_sample
2026-06-12T00:00:00+00:00,88371811,20,all_days,completion_random_sample
2026-06-12T00:00:00+00:00,88371885,20,all_days,completion_random_sample
2026-06-12T00:00:00+00:00,88380045,20,all_days,completion_random_sample
2026-06-12T00:00:00+00:00,88382239,20,all_days,completion_random_sample
2026-06-12T00:00:00+00:00,88382335,20,all_days,completion_random_sample
2026-06-12T00:00:00+00:00,88382594,20,all_days,completion_random_sample
2026-06-12T00:00:00+00:00,88387118,20,all_days,completion_random_sample
2026-06-12T00:00:00+00:00,88391558,20,all_days,completion_random_sample
2026-06-12T00:00:00+00:00,88392630,20,all_days,completion_random_sample
2026-06-12T00:00:00+00:00,88398418,20,all_days,completion_random_sample
2026-06-12T00:00:00+00:00,88399723,20,all_days,completion_random_sample
2026-06-13T00:00:00+00:00,88402666,20,all_days,completion_random_sample
2026-06-13T00:00:00+00:00,88404304,20,all_days,completion_random_sample
2026-06-13T00:00:00+00:00,88407904,20,all_days,completion_random_sample
2026-06-13T00:00:00+00:00,88413478,20,all_days,completion_random_sample
2026-06-13T00:00:00+00:00,88415373,20,all_days,completion_random_sample
2026-06-13T00:00:00+00:00,88417686,20,all_days,completion_random_sample
2026-06-13T00:00:00+00:00,88423074,20,all_days,completion_random_sample
2026-06-13T00:00:00+00:00,88429149,20,all_days,completion_random_sample
2026-06-13T00:00:00+00:00,88429585,20,all_days,completion_random_sample
2026-06-13T00:00:00+00:00,88436756,20,all_days,completion_random_sample
2026-06-13T00:00:00+00:00,88438037,20,all_days,completion_random_sample
2026-06-13T00:00:00+00:00,88438152,20,all_days,completion_random_sample
2026-06-13T00:00:00+00:00,88442281,20,all_days,completion_random_sample
2026-06-13T00:00:00+00:00,88445848,20,all_days,completion_random_sample
2026-06-13T00:00:00+00:00,88447777,20,all_days,completion_random_sample
2026-06-13T00:00:00+00:00,88450492,20,all_days,completion_random_sample
2026-06-13T00:00:00+00:00,88455367,20,all_days,completion_random_sample
2026-06-13T00:00:00+00:00,88455418,20,all_days,completion_random_sample
2026-06-13T00:00:00+00:00,88455577,20,all_days,completion_random_sample
2026-06-13T00:00:00+00:00,88457835,20,all_days,completion_random_sample
2026-06-14T00:00:00+00:00,88461403,20,all_days,completion_random_sample
2026-06-14T00:00:00+00:00,88464318,20,all_days,completion_random_sample
2026-06-14T00:00:00+00:00,88468457,20,all_days,completion_random_sample
2026-06-14T00:00:00+00:00,88469797,20,all_days,completion_random_sample
2026-06-14T00:00:00+00:00,88470321,20,all_days,completion_random_sample
2026-06-14T00:00:00+00:00,88470911,20,all_days,completion_random_sample
2026-06-14T00:00:00+00:00,88473574,20,all_days,completion_random_sample
2026-06-14T00:00:00+00:00,88476072,20,all_days,completion_random_sample
2026-06-14T00:00:00+00:00,88483624,20,all_days,completion_random_sample
2026-06-14T00:00:00+00:00,88487722,20,all_days,completion_random_sample
2026-06-14T00:00:00+00:00,88499263,20,all_days,completion_random_sample
2026-06-14T00:00:00+00:00,88503310,20,all_days,completion_random_sample
2026-06-14T00:00:00+00:00,88503545,20,all_days,completion_random_sample
2026-06-14T00:00:00+00:00,88504281,20,all_days,completion_random_sample
2026-06-14T00:00:00+00:00,88505304,20,all_days,completion_random_sample
2026-06-14T00:00:00+00:00,88506726,20,all_days,completion_random_sample
2026-06-14T00:00:00+00:00,88508560,20,all_days,completion_random_sample
2026-06-14T00:00:00+00:00,88510078,20,all_days,completion_random_sample
2026-06-14T00:00:00+00:00,88516393,20,all_days,completion_random_sample
2026-06-14T00:00:00+00:00,88517441,20,all_days,completion_random_sample
2026-06-15T00:00:00+00:00,88524199,20,all_days,completion_random_sample
2026-06-15T00:00:00+00:00,88524987,20,all_days,completion_random_sample
2026-06-15T00:00:00+00:00,88526214,20,all_days,completion_random_sample
2026-06-15T00:00:00+00:00,88529060,20,all_days,completion_random_sample
2026-06-15T00:00:00+00:00,88529514,20,all_days,completion_random_sample
2026-06-15T00:00:00+00:00,88529670,20,all_days,completion_random_sample
2026-06-15T00:00:00+00:00,88532286,20,all_days,completion_random_sample
2026-06-15T00:00:00+00:00,88533672,20,all_days,completion_random_sample
2026-06-15T00:00:00+00:00,88535459,20,all_days,completion_random_sample
2026-06-15T00:00:00+00:00,88540036,20,all_days,completion_random_sample
2026-06-15T00:00:00+00:00,88543006,20,all_days,completion_random_sample
2026-06-15T00:00:00+00:00,88546479,20,all_days,completion_random_sample
2026-06-15T00:00:00+00:00,88547041,20,all_days,completion_random_sample
2026-06-15T00:00:00+00:00,88547083,20,all_days,completion_random_sample
2026-06-15T00:00:00+00:00,88548660,20,all_days,completion_random_sample
2026-06-15T00:00:00+00:00,88549435,20,all_days,completion_random_sample
2026-06-15T00:00:00+00:00,88557316,20,all_days,completion_random_sample
2026-06-15T00:00:00+00:00,88566117,20,all_days,completion_random_sample
2026-06-15T00:00:00+00:00,88571284,20,all_days,completion_random_sample
2026-06-15T00:00:00+00:00,88572149,20,all_days,completion_random_sample
2026-06-16T00:00:00+00:00,88577704,20,all_days,completion_random_sample
2026-06-16T00:00:00+00:00,88580194,20,all_days,completion_random_sample
2026-06-16T00:00:00+00:00,88581244,20,all_days,completion_random_sample
2026-06-16T00:00:00+00:00,88581894,20,all_days,completion_random_sample
2026-06-16T00:00:00+00:00,88586676,20,all_days,completion_random_sample
2026-06-16T00:00:00+00:00,88591139,20,all_days,completion_random_sample
2026-06-16T00:00:00+00:00,88591695,20,all_days,completion_random_sample
2026-06-16T00:00:00+00:00,88593350,20,all_days,completion_random_sample
2026-06-16T00:00:00+00:00,88597596,20,all_days,completion_random_sample
2026-06-16T00:00:00+00:00,88599591,20,all_days,completion_random_sample
2026-06-16T00:00:00+00:00,88603512,20,all_days,completion_random_sample
2026-06-16T00:00:00+00:00,88605593,20,all_days,completion_random_sample
2026-06-16T00:00:00+00:00,88606098,20,all_days,completion_random_sample
2026-06-16T00:00:00+00:00,88614188,20,all_days,completion_random_sample
2026-06-16T00:00:00+00:00,88619011,20,all_days,completion_random_sample
2026-06-16T00:00:00+00:00,88619766,20,all_days,completion_random_sample
2026-06-16T00:00:00+00:00,88627967,20,all_days,completion_random_sample
2026-06-16T00:00:00+00:00,88628615,20,all_days,completion_random_sample
2026-06-16T00:00:00+00:00,88631239,20,all_days,completion_random_sample
2026-06-16T00:00:00+00:00,88632844,20,all_days,completion_random_sample
2026-06-17T00:00:00+00:00,88640694,20,all_days,completion_random_sample
2026-06-17T00:00:00+00:00,88644148,20,all_days,completion_random_sample
2026-06-17T00:00:00+00:00,88645579,20,all_days,completion_random_sample
2026-06-17T00:00:00+00:00,88655556,20,all_days,completion_random_sample
2026-06-17T00:00:00+00:00,88657936,20,all_days,completion_random_sample
2026-06-17T00:00:00+00:00,88660687,20,all_days,completion_random_sample
2026-06-17T00:00:00+00:00,88662253,20,all_days,completion_random_sample
2026-06-17T00:00:00+00:00,88663415,20,all_days,completion_random_sample
2026-06-17T00:00:00+00:00,88664634,20,all_days,completion_random_sample
2026-06-17T00:00:00+00:00,88666571,20,all_days,completion_random_sample
2026-06-17T00:00:00+00:00,88667544,20,all_days,completion_random_sample
2026-06-17T00:00:00+00:00,88668828,20,all_days,completion_random_sample
2026-06-17T00:00:00+00:00,88670719,20,all_days,completion_random_sample
2026-06-17T00:00:00+00:00,88670848,20,all_days,completion_random_sample
2026-06-17T00:00:00+00:00,88673445,20,all_days,completion_random_sample
2026-06-17T00:00:00+00:00,88674304,20,all_days,completion_random_sample
2026-06-17T00:00:00+00:00,88678060,20,all_days,completion_random_sample
2026-06-17T00:00:00+00:00,88681911,20,all_days,completion_random_sample
2026-06-17T00:00:00+00:00,88682071,20,all_days,completion_random_sample
2026-06-17T00:00:00+00:00,88689692,20,all_days,completion_random_sample
2026-06-18T00:00:00+00:00,88694513,20,all_days,reused_three_phase_sample
2026-06-18T00:00:00+00:00,88697566,20,all_days,reused_three_phase_sample
2026-06-18T00:00:00+00:00,88698384,20,all_days,reused_three_phase_sample
2026-06-18T00:00:00+00:00,88699506,20,all_days,reused_three_phase_sample
2026-06-18T00:00:00+00:00,88701115,20,all_days,reused_three_phase_sample
2026-06-18T00:00:00+00:00,88701177,20,all_days,reused_three_phase_sample
2026-06-18T00:00:00+00:00,88701372,20,all_days,reused_three_phase_sample
2026-06-18T00:00:00+00:00,88703163,20,all_days,reused_three_phase_sample
2026-06-18T00:00:00+00:00,88705910,20,all_days,reused_three_phase_sample
2026-06-18T00:00:00+00:00,88711045,20,all_days,reused_three_phase_sample
2026-06-18T00:00:00+00:00,88711062,20,all_days,reused_three_phase_sample
2026-06-18T00:00:00+00:00,88711749,20,all_days,reused_three_phase_sample
2026-06-18T00:00:00+00:00,88713105,20,all_days,reused_three_phase_sample
2026-06-18T00:00:00+00:00,88714195,20,all_days,reused_three_phase_sample
2026-06-18T00:00:00+00:00,88724568,20,all_days,reused_three_phase_sample
2026-06-18T00:00:00+00:00,88732857,20,all_days,reused_three_phase_sample
2026-06-18T00:00:00+00:00,88733970,20,all_days,reused_three_phase_sample
2026-06-18T00:00:00+00:00,88734365,20,all_days,reused_three_phase_sample
2026-06-18T00:00:00+00:00,88736765,20,all_days,reused_three_phase_sample
2026-06-18T00:00:00+00:00,88741937,20,all_days,reused_three_phase_sample
2026-06-19T00:00:00+00:00,88749558,20,all_days,reused_three_phase_sample
2026-06-19T00:00:00+00:00,88749713,20,all_days,reused_three_phase_sample
2026-06-19T00:00:00+00:00,88751517,20,all_days,reused_three_phase_sample
2026-06-19T00:00:00+00:00,88756001,20,all_days,reused_three_phase_sample
2026-06-19T00:00:00+00:00,88758221,20,all_days,reused_three_phase_sample
2026-06-19T00:00:00+00:00,88759848,20,all_days,reused_three_phase_sample
2026-06-19T00:00:00+00:00,88760587,20,all_days,reused_three_phase_sample
2026-06-19T00:00:00+00:00,88762231,20,all_days,reused_three_phase_sample
2026-06-19T00:00:00+00:00,88765966,20,all_days,reused_three_phase_sample
2026-06-19T00:00:00+00:00,88771250,20,all_days,reused_three_phase_sample
2026-06-19T00:00:00+00:00,88772660,20,all_days,reused_three_phase_sample
2026-06-19T00:00:00+00:00,88779831,20,all_days,reused_three_phase_sample
2026-06-19T00:00:00+00:00,88780227,20,all_days,reused_three_phase_sample
2026-06-19T00:00:00+00:00,88782353,20,all_days,reused_three_phase_sample
2026-06-19T00:00:00+00:00,88783117,20,all_days,reused_three_phase_sample
2026-06-19T00:00:00+00:00,88787744,20,all_days,reused_three_phase_sample
2026-06-19T00:00:00+00:00,88794816,20,all_days,reused_three_phase_sample
2026-06-19T00:00:00+00:00,88800851,20,all_days,reused_three_phase_sample
2026-06-19T00:00:00+00:00,88801813,20,all_days,reused_three_phase_sample
2026-06-19T00:00:00+00:00,88803990,20,all_days,reused_three_phase_sample
2026-06-20T00:00:00+00:00,88806443,20,all_days,reused_three_phase_sample
2026-06-20T00:00:00+00:00,88808398,20,all_days,reused_three_phase_sample
2026-06-20T00:00:00+00:00,88808975,20,all_days,reused_three_phase_sample
2026-06-20T00:00:00+00:00,88809850,20,all_days,reused_three_phase_sample
2026-06-20T00:00:00+00:00,88811363,20,all_days,reused_three_phase_sample
2026-06-20T00:00:00+00:00,88813179,20,all_days,reused_three_phase_sample
2026-06-20T00:00:00+00:00,88821059,20,all_days,reused_three_phase_sample
2026-06-20T00:00:00+00:00,88826214,20,all_days,reused_three_phase_sample
2026-06-20T00:00:00+00:00,88828456,20,all_days,reused_three_phase_sample
2026-06-20T00:00:00+00:00,88828652,20,all_days,reused_three_phase_sample
2026-06-20T00:00:00+00:00,88832827,20,all_days,reused_three_phase_sample
2026-06-20T00:00:00+00:00,88836690,20,all_days,reused_three_phase_sample
2026-06-20T00:00:00+00:00,88838070,20,all_days,reused_three_phase_sample
2026-06-20T00:00:00+00:00,88848898,20,all_days,reused_three_phase_sample
2026-06-20T00:00:00+00:00,88851034,20,all_days,reused_three_phase_sample
2026-06-20T00:00:00+00:00,88858553,20,all_days,reused_three_phase_sample
2026-06-20T00:00:00+00:00,88859400,20,all_days,reused_three_phase_sample
2026-06-20T00:00:00+00:00,88859594,20,all_days,reused_three_phase_sample
2026-06-20T00:00:00+00:00,88861410,20,all_days,reused_three_phase_sample
2026-06-20T00:00:00+00:00,88862241,20,all_days,reused_three_phase_sample
2026-06-21T00:00:00+00:00,88866552,20,all_days,reused_three_phase_sample
2026-06-21T00:00:00+00:00,88869584,20,all_days,reused_three_phase_sample
2026-06-21T00:00:00+00:00,88870002,20,all_days,reused_three_phase_sample
2026-06-21T00:00:00+00:00,88875099,20,all_days,reused_three_phase_sample
2026-06-21T00:00:00+00:00,88877990,20,all_days,reused_three_phase_sample
2026-06-21T00:00:00+00:00,88881249,20,all_days,reused_three_phase_sample
2026-06-21T00:00:00+00:00,88882566,20,all_days,reused_three_phase_sample
2026-06-21T00:00:00+00:00,88884309,20,all_days,reused_three_phase_sample
2026-06-21T00:00:00+00:00,88886229,20,all_days,reused_three_phase_sample
2026-06-21T00:00:00+00:00,88886651,20,all_days,reused_three_phase_sample
2026-06-21T00:00:00+00:00,88891326,20,all_days,reused_three_phase_sample
2026-06-21T00:00:00+00:00,88893061,20,all_days,reused_three_phase_sample
2026-06-21T00:00:00+00:00,88893200,20,all_days,reused_three_phase_sample
2026-06-21T00:00:00+00:00,88895979,20,all_days,reused_three_phase_sample
2026-06-21T00:00:00+00:00,88899939,20,all_days,reused_three_phase_sample
2026-06-21T00:00:00+00:00,88905052,20,all_days,reused_three_phase_sample
2026-06-21T00:00:00+00:00,88909438,20,all_days,reused_three_phase_sample
2026-06-21T00:00:00+00:00,88915265,20,all_days,reused_three_phase_sample
2026-06-21T00:00:00+00:00,88915654,20,all_days,reused_three_phase_sample
2026-06-21T00:00:00+00:00,88917916,20,all_days,reused_three_phase_sample
2026-06-22T00:00:00+00:00,88927380,20,all_days,reused_three_phase_sample
2026-06-22T00:00:00+00:00,88927418,20,all_days,reused_three_phase_sample
2026-06-22T00:00:00+00:00,88927503,20,all_days,reused_three_phase_sample
2026-06-22T00:00:00+00:00,88931245,20,all_days,reused_three_phase_sample
2026-06-22T00:00:00+00:00,88936302,20,all_days,reused_three_phase_sample
2026-06-22T00:00:00+00:00,88937655,20,all_days,reused_three_phase_sample
2026-06-22T00:00:00+00:00,88938631,20,all_days,reused_three_phase_sample
2026-06-22T00:00:00+00:00,88939225,20,all_days,reused_three_phase_sample
2026-06-22T00:00:00+00:00,88944733,20,all_days,reused_three_phase_sample
2026-06-22T00:00:00+00:00,88944779,20,all_days,reused_three_phase_sample
2026-06-22T00:00:00+00:00,88945088,20,all_days,reused_three_phase_sample
2026-06-22T00:00:00+00:00,88945427,20,all_days,reused_three_phase_sample
2026-06-22T00:00:00+00:00,88950808,20,all_days,reused_three_phase_sample
2026-06-22T00:00:00+00:00,88957422,20,all_days,reused_three_phase_sample
2026-06-22T00:00:00+00:00,88958970,20,all_days,reused_three_phase_sample
2026-06-22T00:00:00+00:00,88960188,20,all_days,reused_three_phase_sample
2026-06-22T00:00:00+00:00,88960543,20,all_days,reused_three_phase_sample
2026-06-22T00:00:00+00:00,88970251,20,all_days,reused_three_phase_sample
2026-06-22T00:00:00+00:00,88976149,20,all_days,reused_three_phase_sample
2026-06-22T00:00:00+00:00,88976785,20,all_days,reused_three_phase_sample
2026-06-23T00:00:00+00:00,88982395,20,all_days,reused_three_phase_sample
2026-06-23T00:00:00+00:00,88986963,20,all_days,reused_three_phase_sample
2026-06-23T00:00:00+00:00,88992433,20,all_days,reused_three_phase_sample
2026-06-23T00:00:00+00:00,88993669,20,all_days,reused_three_phase_sample
2026-06-23T00:00:00+00:00,88994831,20,all_days,reused_three_phase_sample
2026-06-23T00:00:00+00:00,88995857,20,all_days,reused_three_phase_sample
2026-06-23T00:00:00+00:00,88996080,20,all_days,reused_three_phase_sample
2026-06-23T00:00:00+00:00,88997156,20,all_days,reused_three_phase_sample
2026-06-23T00:00:00+00:00,88997505,20,all_days,reused_three_phase_sample
2026-06-23T00:00:00+00:00,89008176,20,all_days,reused_three_phase_sample
2026-06-23T00:00:00+00:00,89009684,20,all_days,reused_three_phase_sample
2026-06-23T00:00:00+00:00,89011693,20,all_days,reused_three_phase_sample
2026-06-23T00:00:00+00:00,89015594,20,all_days,reused_three_phase_sample
2026-06-23T00:00:00+00:00,89017789,20,all_days,reused_three_phase_sample
2026-06-23T00:00:00+00:00,89018805,20,all_days,reused_three_phase_sample
2026-06-23T00:00:00+00:00,89021709,20,all_days,reused_three_phase_sample
2026-06-23T00:00:00+00:00,89026712,20,all_days,reused_three_phase_sample
2026-06-23T00:00:00+00:00,89027182,20,all_days,reused_three_phase_sample
2026-06-23T00:00:00+00:00,89028036,20,all_days,reused_three_phase_sample
2026-06-23T00:00:00+00:00,89032215,20,all_days,reused_three_phase_sample
2026-06-24T00:00:00+00:00,89039530,20,all_days,reused_three_phase_sample
2026-06-24T00:00:00+00:00,89043549,20,all_days,reused_three_phase_sample
2026-06-24T00:00:00+00:00,89043996,20,all_days,reused_three_phase_sample
2026-06-24T00:00:00+00:00,89045614,20,all_days,reused_three_phase_sample
2026-06-24T00:00:00+00:00,89047105,20,all_days,reused_three_phase_sample
2026-06-24T00:00:00+00:00,89051807,20,all_days,reused_three_phase_sample
2026-06-24T00:00:00+00:00,89054936,20,all_days,reused_three_phase_sample
2026-06-24T00:00:00+00:00,89057413,20,all_days,reused_three_phase_sample
2026-06-24T00:00:00+00:00,89057559,20,all_days,reused_three_phase_sample
2026-06-24T00:00:00+00:00,89058412,20,all_days,reused_three_phase_sample
2026-06-24T00:00:00+00:00,89060723,20,all_days,reused_three_phase_sample
2026-06-24T00:00:00+00:00,89072248,20,all_days,reused_three_phase_sample
2026-06-24T00:00:00+00:00,89072858,20,all_days,reused_three_phase_sample
2026-06-24T00:00:00+00:00,89073831,20,all_days,reused_three_phase_sample
2026-06-24T00:00:00+00:00,89074340,20,all_days,reused_three_phase_sample
2026-06-24T00:00:00+00:00,89075777,20,all_days,reused_three_phase_sample
2026-06-24T00:00:00+00:00,89084034,20,all_days,reused_three_phase_sample
2026-06-24T00:00:00+00:00,89085771,20,all_days,reused_three_phase_sample
2026-06-24T00:00:00+00:00,89089147,20,all_days,reused_three_phase_sample
2026-06-24T00:00:00+00:00,89093016,20,all_days,reused_three_phase_sample
2026-06-25T00:00:00+00:00,89099408,20,all_days,reused_three_phase_sample
2026-06-25T00:00:00+00:00,89101479,20,all_days,reused_three_phase_sample
2026-06-25T00:00:00+00:00,89104465,20,all_days,reused_three_phase_sample
2026-06-25T00:00:00+00:00,89106587,20,all_days,reused_three_phase_sample
2026-06-25T00:00:00+00:00,89106796,20,all_days,reused_three_phase_sample
2026-06-25T00:00:00+00:00,89108016,20,all_days,reused_three_phase_sample
2026-06-25T00:00:00+00:00,89109271,20,all_days,reused_three_phase_sample
2026-06-25T00:00:00+00:00,89114876,20,all_days,reused_three_phase_sample
2026-06-25T00:00:00+00:00,89114993,20,all_days,reused_three_phase_sample
2026-06-25T00:00:00+00:00,89117439,20,all_days,reused_three_phase_sample
2026-06-25T00:00:00+00:00,89118849,20,all_days,reused_three_phase_sample
2026-06-25T00:00:00+00:00,89123172,20,all_days,reused_three_phase_sample
2026-06-25T00:00:00+00:00,89131324,20,all_days,reused_three_phase_sample
2026-06-25T00:00:00+00:00,89132843,20,all_days,reused_three_phase_sample
2026-06-25T00:00:00+00:00,89133411,20,all_days,reused_three_phase_sample
2026-06-25T00:00:00+00:00,89136034,20,all_days,reused_three_phase_sample
2026-06-25T00:00:00+00:00,89143520,20,all_days,reused_three_phase_sample
2026-06-25T00:00:00+00:00,89143666,20,all_days,reused_three_phase_sample
2026-06-25T00:00:00+00:00,89145015,20,all_days,reused_three_phase_sample
2026-06-25T00:00:00+00:00,89147869,20,all_days,reused_three_phase_sample
2026-06-26T00:00:00+00:00,89153113,20,all_days,reused_three_phase_sample
2026-06-26T00:00:00+00:00,89153518,20,all_days,reused_three_phase_sample
2026-06-26T00:00:00+00:00,89154546,20,all_days,reused_three_phase_sample
2026-06-26T00:00:00+00:00,89161444,20,all_days,reused_three_phase_sample
2026-06-26T00:00:00+00:00,89162484,20,all_days,reused_three_phase_sample
2026-06-26T00:00:00+00:00,89164609,20,all_days,reused_three_phase_sample
2026-06-26T00:00:00+00:00,89164991,20,all_days,reused_three_phase_sample
2026-06-26T00:00:00+00:00,89165169,20,all_days,reused_three_phase_sample
2026-06-26T00:00:00+00:00,89166448,20,all_days,reused_three_phase_sample
2026-06-26T00:00:00+00:00,89168422,20,all_days,reused_three_phase_sample
2026-06-26T00:00:00+00:00,89175763,20,all_days,reused_three_phase_sample
2026-06-26T00:00:00+00:00,89181011,20,all_days,reused_three_phase_sample
2026-06-26T00:00:00+00:00,89181248,20,all_days,reused_three_phase_sample
2026-06-26T00:00:00+00:00,89183643,20,all_days,reused_three_phase_sample
2026-06-26T00:00:00+00:00,89186889,20,all_days,reused_three_phase_sample
2026-06-26T00:00:00+00:00,89191080,20,all_days,reused_three_phase_sample
2026-06-26T00:00:00+00:00,89192650,20,all_days,reused_three_phase_sample
2026-06-26T00:00:00+00:00,89197118,20,all_days,reused_three_phase_sample
2026-06-26T00:00:00+00:00,89202335,20,all_days,reused_three_phase_sample
2026-06-26T00:00:00+00:00,89204216,20,all_days,reused_three_phase_sample
2026-06-27T00:00:00+00:00,89216702,20,all_days,reused_three_phase_sample
2026-06-27T00:00:00+00:00,89218862,20,all_days,reused_three_phase_sample
2026-06-27T00:00:00+00:00,89223358,20,all_days,reused_three_phase_sample
2026-06-27T00:00:00+00:00,89224135,20,all_days,reused_three_phase_sample
2026-06-27T00:00:00+00:00,89233532,20,all_days,reused_three_phase_sample
2026-06-27T00:00:00+00:00,89240701,20,all_days,reused_three_phase_sample
2026-06-27T00:00:00+00:00,89240708,20,all_days,reused_three_phase_sample
2026-06-27T00:00:00+00:00,89242156,20,all_days,reused_three_phase_sample
2026-06-27T00:00:00+00:00,89244828,20,all_days,reused_three_phase_sample
2026-06-27T00:00:00+00:00,89247037,20,all_days,reused_three_phase_sample
2026-06-27T00:00:00+00:00,89250329,20,all_days,reused_three_phase_sample
2026-06-27T00:00:00+00:00,89250369,20,all_days,reused_three_phase_sample
2026-06-27T00:00:00+00:00,89250410,20,all_days,reused_three_phase_sample
2026-06-27T00:00:00+00:00,89251858,20,all_days,reused_three_phase_sample
2026-06-27T00:00:00+00:00,89257922,20,all_days,reused_three_phase_sample
2026-06-27T00:00:00+00:00,89259225,20,all_days,reused_three_phase_sample
2026-06-27T00:00:00+00:00,89261952,20,all_days,reused_three_phase_sample
2026-06-27T00:00:00+00:00,89262738,20,all_days,reused_three_phase_sample
2026-06-27T00:00:00+00:00,89262835,20,all_days,reused_three_phase_sample
2026-06-27T00:00:00+00:00,89263571,20,all_days,reused_three_phase_sample
2026-06-28T00:00:00+00:00,89268662,20,all_days,reused_three_phase_sample
2026-06-28T00:00:00+00:00,89269740,20,all_days,reused_three_phase_sample
2026-06-28T00:00:00+00:00,89270916,20,all_days,reused_three_phase_sample
2026-06-28T00:00:00+00:00,89275138,20,all_days,reused_three_phase_sample
2026-06-28T00:00:00+00:00,89277126,20,all_days,reused_three_phase_sample
2026-06-28T00:00:00+00:00,89279330,20,all_days,reused_three_phase_sample
2026-06-28T00:00:00+00:00,89281267,20,all_days,reused_three_phase_sample
2026-06-28T00:00:00+00:00,89283753,20,all_days,reused_three_phase_sample
2026-06-28T00:00:00+00:00,89287452,20,all_days,reused_three_phase_sample
2026-06-28T00:00:00+00:00,89287961,20,all_days,reused_three_phase_sample
2026-06-28T00:00:00+00:00,89291636,20,all_days,reused_three_phase_sample
2026-06-28T00:00:00+00:00,89292303,20,all_days,reused_three_phase_sample
2026-06-28T00:00:00+00:00,89293133,20,all_days,reused_three_phase_sample
2026-06-28T00:00:00+00:00,89294483,20,all_days,reused_three_phase_sample
2026-06-28T00:00:00+00:00,89296091,20,all_days,reused_three_phase_sample
2026-06-28T00:00:00+00:00,89303855,20,all_days,reused_three_phase_sample
2026-06-28T00:00:00+00:00,89311886,20,all_days,reused_three_phase_sample
2026-06-28T00:00:00+00:00,89314946,20,all_days,reused_three_phase_sample
2026-06-28T00:00:00+00:00,89321493,20,all_days,reused_three_phase_sample
2026-06-28T00:00:00+00:00,89322147,20,all_days,reused_three_phase_sample
2026-06-29T00:00:00+00:00,89325112,20,all_days,reused_three_phase_sample
2026-06-29T00:00:00+00:00,89342154,20,all_days,reused_three_phase_sample
2026-06-29T00:00:00+00:00,89342348,20,all_days,reused_three_phase_sample
2026-06-29T00:00:00+00:00,89344128,20,all_days,reused_three_phase_sample
2026-06-29T00:00:00+00:00,89347960,20,all_days,reused_three_phase_sample
2026-06-29T00:00:00+00:00,89349530,20,all_days,reused_three_phase_sample
2026-06-29T00:00:00+00:00,89351768,20,all_days,reused_three_phase_sample
2026-06-29T00:00:00+00:00,89353358,20,all_days,reused_three_phase_sample
2026-06-29T00:00:00+00:00,89353452,20,all_days,reused_three_phase_sample
2026-06-29T00:00:00+00:00,89359764,20,all_days,reused_three_phase_sample
2026-06-29T00:00:00+00:00,89360273,20,all_days,reused_three_phase_sample
2026-06-29T00:00:00+00:00,89360764,20,all_days,reused_three_phase_sample
2026-06-29T00:00:00+00:00,89368365,20,all_days,reused_three_phase_sample
2026-06-29T00:00:00+00:00,89376357,20,all_days,reused_three_phase_sample
2026-06-29T00:00:00+00:00,89377503,20,all_days,reused_three_phase_sample
2026-06-29T00:00:00+00:00,89378352,20,all_days,reused_three_phase_sample
2026-06-29T00:00:00+00:00,89379918,20,all_days,reused_three_phase_sample
2026-06-29T00:00:00+00:00,89380111,20,all_days,reused_three_phase_sample
2026-06-29T00:00:00+00:00,89380511,20,all_days,reused_three_phase_sample
2026-06-29T00:00:00+00:00,89380893,20,all_days,reused_three_phase_sample
2026-06-30T00:00:00+00:00,89390355,20,all_days,reused_three_phase_sample
2026-06-30T00:00:00+00:00,89392261,20,all_days,reused_three_phase_sample
2026-06-30T00:00:00+00:00,89395649,20,all_days,reused_three_phase_sample
2026-06-30T00:00:00+00:00,89402567,20,all_days,reused_three_phase_sample
2026-06-30T00:00:00+00:00,89404709,20,all_days,reused_three_phase_sample
2026-06-30T00:00:00+00:00,89408663,20,all_days,reused_three_phase_sample
2026-06-30T00:00:00+00:00,89413751,20,all_days,reused_three_phase_sample
2026-06-30T00:00:00+00:00,89414047,20,all_days,reused_three_phase_sample
2026-06-30T00:00:00+00:00,89417024,20,all_days,reused_three_phase_sample
2026-06-30T00:00:00+00:00,89419447,20,all_days,reused_three_phase_sample
2026-06-30T00:00:00+00:00,89421253,20,all_days,reused_three_phase_sample
2026-06-30T00:00:00+00:00,89421305,20,all_days,reused_three_phase_sample
2026-06-30T00:00:00+00:00,89421319,20,all_days,reused_three_phase_sample
2026-06-30T00:00:00+00:00,89424448,20,all_days,reused_three_phase_sample
2026-06-30T00:00:00+00:00,89425193,20,all_days,reused_three_phase_sample
2026-06-30T00:00:00+00:00,89425493,20,all_days,reused_three_phase_sample
2026-06-30T00:00:00+00:00,89426828,20,all_days,reused_three_phase_sample
2026-06-30T00:00:00+00:00,89433236,20,all_days,reused_three_phase_sample
2026-06-30T00:00:00+00:00,89436584,20,all_days,reused_three_phase_sample
2026-06-30T00:00:00+00:00,89438057,20,all_days,reused_three_phase_sample
2026-07-01T00:00:00+00:00,89441497,20,all_days,reused_three_phase_sample
2026-07-01T00:00:00+00:00,89443217,20,all_days,reused_three_phase_sample
2026-07-01T00:00:00+00:00,89445539,20,all_days,reused_three_phase_sample
2026-07-01T00:00:00+00:00,89445849,20,all_days,reused_three_phase_sample
2026-07-01T00:00:00+00:00,89447801,20,all_days,reused_three_phase_sample
2026-07-01T00:00:00+00:00,89456604,20,all_days,reused_three_phase_sample
2026-07-01T00:00:00+00:00,89457296,20,all_days,reused_three_phase_sample
2026-07-01T00:00:00+00:00,89460041,20,all_days,reused_three_phase_sample
2026-07-01T00:00:00+00:00,89463235,20,all_days,reused_three_phase_sample
2026-07-01T00:00:00+00:00,89465501,20,all_days,reused_three_phase_sample
2026-07-01T00:00:00+00:00,89468316,20,all_days,reused_three_phase_sample
2026-07-01T00:00:00+00:00,89472040,20,all_days,reused_three_phase_sample
2026-07-01T00:00:00+00:00,89479455,20,all_days,reused_three_phase_sample
2026-07-01T00:00:00+00:00,89482258,20,all_days,reused_three_phase_sample
2026-07-01T00:00:00+00:00,89482444,20,all_days,reused_three_phase_sample
2026-07-01T00:00:00+00:00,89484398,20,all_days,reused_three_phase_sample
2026-07-01T00:00:00+00:00,89487230,20,all_days,reused_three_phase_sample
2026-07-01T00:00:00+00:00,89489505,20,all_days,reused_three_phase_sample
2026-07-01T00:00:00+00:00,89490044,20,all_days,reused_three_phase_sample
2026-07-01T00:00:00+00:00,89494326,20,all_days,reused_three_phase_sample
2026-07-02T00:00:00+00:00,89497918,20,all_days,reused_three_phase_sample
2026-07-02T00:00:00+00:00,89498407,20,all_days,reused_three_phase_sample
2026-07-02T00:00:00+00:00,89499208,20,all_days,reused_three_phase_sample
2026-07-02T00:00:00+00:00,89500340,20,all_days,reused_three_phase_sample
2026-07-02T00:00:00+00:00,89500819,20,all_days,reused_three_phase_sample
2026-07-02T00:00:00+00:00,89505484,20,all_days,reused_three_phase_sample
2026-07-02T00:00:00+00:00,89506191,20,all_days,reused_three_phase_sample
2026-07-02T00:00:00+00:00,89514319,20,all_days,reused_three_phase_sample
2026-07-02T00:00:00+00:00,89521734,20,all_days,reused_three_phase_sample
2026-07-02T00:00:00+00:00,89525200,20,all_days,reused_three_phase_sample
2026-07-02T00:00:00+00:00,89528475,20,all_days,reused_three_phase_sample
2026-07-02T00:00:00+00:00,89529054,20,all_days,reused_three_phase_sample
2026-07-02T00:00:00+00:00,89530902,20,all_days,reused_three_phase_sample
2026-07-02T00:00:00+00:00,89531453,20,all_days,reused_three_phase_sample
2026-07-02T00:00:00+00:00,89531795,20,all_days,reused_three_phase_sample
2026-07-02T00:00:00+00:00,89532232,20,all_days,reused_three_phase_sample
2026-07-02T00:00:00+00:00,89533186,20,all_days,reused_three_phase_sample
2026-07-02T00:00:00+00:00,89539048,20,all_days,reused_three_phase_sample
2026-07-02T00:00:00+00:00,89545049,20,all_days,reused_three_phase_sample
2026-07-02T00:00:00+00:00,89552225,20,all_days,reused_three_phase_sample
2026-07-03T00:00:00+00:00,89558094,20,all_days,reused_three_phase_sample
2026-07-03T00:00:00+00:00,89558328,20,all_days,reused_three_phase_sample
2026-07-03T00:00:00+00:00,89558867,20,all_days,reused_three_phase_sample
2026-07-03T00:00:00+00:00,89568451,20,all_days,reused_three_phase_sample
2026-07-03T00:00:00+00:00,89570351,20,all_days,reused_three_phase_sample
2026-07-03T00:00:00+00:00,89570613,20,all_days,reused_three_phase_sample
2026-07-03T00:00:00+00:00,89576107,20,all_days,reused_three_phase_sample
2026-07-03T00:00:00+00:00,89578226,20,all_days,reused_three_phase_sample
2026-07-03T00:00:00+00:00,89582540,20,all_days,reused_three_phase_sample
2026-07-03T00:00:00+00:00,89587121,20,all_days,reused_three_phase_sample
2026-07-03T00:00:00+00:00,89587238,20,all_days,reused_three_phase_sample
2026-07-03T00:00:00+00:00,89591081,20,all_days,reused_three_phase_sample
2026-07-03T00:00:00+00:00,89594976,20,all_days,reused_three_phase_sample
2026-07-03T00:00:00+00:00,89595061,20,all_days,reused_three_phase_sample
2026-07-03T00:00:00+00:00,89599600,20,all_days,reused_three_phase_sample
2026-07-03T00:00:00+00:00,89604393,20,all_days,reused_three_phase_sample
2026-07-03T00:00:00+00:00,89605422,20,all_days,reused_three_phase_sample
2026-07-03T00:00:00+00:00,89606063,20,all_days,reused_three_phase_sample
2026-07-03T00:00:00+00:00,89609489,20,all_days,reused_three_phase_sample
2026-07-03T00:00:00+00:00,89609777,20,all_days,reused_three_phase_sample
2026-07-04T00:00:00+00:00,89615601,20,all_days,reused_three_phase_sample
2026-07-04T00:00:00+00:00,89616111,20,all_days,reused_three_phase_sample
2026-07-04T00:00:00+00:00,89616327,20,all_days,reused_three_phase_sample
2026-07-04T00:00:00+00:00,89617180,20,all_days,reused_three_phase_sample
2026-07-04T00:00:00+00:00,89620529,20,all_days,reused_three_phase_sample
2026-07-04T00:00:00+00:00,89624024,20,all_days,reused_three_phase_sample
2026-07-04T00:00:00+00:00,89625575,20,all_days,reused_three_phase_sample
2026-07-04T00:00:00+00:00,89628779,20,all_days,reused_three_phase_sample
2026-07-04T00:00:00+00:00,89629970,20,all_days,reused_three_phase_sample
2026-07-04T00:00:00+00:00,89631853,20,all_days,reused_three_phase_sample
2026-07-04T00:00:00+00:00,89632513,20,all_days,reused_three_phase_sample
2026-07-04T00:00:00+00:00,89636310,20,all_days,reused_three_phase_sample
2026-07-04T00:00:00+00:00,89637291,20,all_days,reused_three_phase_sample
2026-07-04T00:00:00+00:00,89637348,20,all_days,reused_three_phase_sample
2026-07-04T00:00:00+00:00,89640747,20,all_days,reused_three_phase_sample
2026-07-04T00:00:00+00:00,89641156,20,all_days,reused_three_phase_sample
2026-07-04T00:00:00+00:00,89647359,20,all_days,reused_three_phase_sample
2026-07-04T00:00:00+00:00,89651164,20,all_days,reused_three_phase_sample
2026-07-04T00:00:00+00:00,89660881,20,all_days,reused_three_phase_sample
2026-07-04T00:00:00+00:00,89664981,20,all_days,reused_three_phase_sample
2026-07-05T00:00:00+00:00,89673702,20,all_days,reused_three_phase_sample
2026-07-05T00:00:00+00:00,89680761,20,all_days,reused_three_phase_sample
2026-07-05T00:00:00+00:00,89681137,20,all_days,reused_three_phase_sample
2026-07-05T00:00:00+00:00,89682512,20,all_days,reused_three_phase_sample
2026-07-05T00:00:00+00:00,89683203,20,all_days,reused_three_phase_sample
2026-07-05T00:00:00+00:00,89686190,20,all_days,reused_three_phase_sample
2026-07-05T00:00:00+00:00,89686985,20,all_days,reused_three_phase_sample
2026-07-05T00:00:00+00:00,89691389,20,all_days,reused_three_phase_sample
2026-07-05T00:00:00+00:00,89692452,20,all_days,reused_three_phase_sample
2026-07-05T00:00:00+00:00,89694024,20,all_days,reused_three_phase_sample
2026-07-05T00:00:00+00:00,89703002,20,all_days,reused_three_phase_sample
2026-07-05T00:00:00+00:00,89706632,20,all_days,reused_three_phase_sample
2026-07-05T00:00:00+00:00,89707684,20,all_days,reused_three_phase_sample
2026-07-05T00:00:00+00:00,89710754,20,all_days,reused_three_phase_sample
2026-07-05T00:00:00+00:00,89710816,20,all_days,reused_three_phase_sample
2026-07-05T00:00:00+00:00,89711016,20,all_days,reused_three_phase_sample
2026-07-05T00:00:00+00:00,89715347,20,all_days,reused_three_phase_sample
2026-07-05T00:00:00+00:00,89716086,20,all_days,reused_three_phase_sample
2026-07-05T00:00:00+00:00,89724023,20,all_days,reused_three_phase_sample
2026-07-05T00:00:00+00:00,89724274,20,all_days,reused_three_phase_sample
2026-07-06T00:00:00+00:00,89727807,20,all_days,reused_three_phase_sample
2026-07-06T00:00:00+00:00,89729527,20,all_days,reused_three_phase_sample
2026-07-06T00:00:00+00:00,89733391,20,all_days,reused_three_phase_sample
2026-07-06T00:00:00+00:00,89737899,20,all_days,reused_three_phase_sample
2026-07-06T00:00:00+00:00,89745182,20,all_days,reused_three_phase_sample
2026-07-06T00:00:00+00:00,89750433,20,all_days,reused_three_phase_sample
2026-07-06T00:00:00+00:00,89750522,20,all_days,reused_three_phase_sample
2026-07-06T00:00:00+00:00,89752261,20,all_days,reused_three_phase_sample
2026-07-06T00:00:00+00:00,89755206,20,all_days,reused_three_phase_sample
2026-07-06T00:00:00+00:00,89757962,20,all_days,reused_three_phase_sample
2026-07-06T00:00:00+00:00,89761894,20,all_days,reused_three_phase_sample
2026-07-06T00:00:00+00:00,89762058,20,all_days,reused_three_phase_sample
2026-07-06T00:00:00+00:00,89763306,20,all_days,reused_three_phase_sample
2026-07-06T00:00:00+00:00,89766587,20,all_days,reused_three_phase_sample
2026-07-06T00:00:00+00:00,89768913,20,all_days,reused_three_phase_sample
2026-07-06T00:00:00+00:00,89769358,20,all_days,reused_three_phase_sample
2026-07-06T00:00:00+00:00,89770377,20,all_days,reused_three_phase_sample
2026-07-06T00:00:00+00:00,89772306,20,all_days,reused_three_phase_sample
2026-07-06T00:00:00+00:00,89776197,20,all_days,reused_three_phase_sample
2026-07-06T00:00:00+00:00,89778713,20,all_days,reused_three_phase_sample
2026-07-07T00:00:00+00:00,89786162,20,all_days,reused_three_phase_sample
2026-07-07T00:00:00+00:00,89788571,20,all_days,reused_three_phase_sample
2026-07-07T00:00:00+00:00,89789970,20,all_days,reused_three_phase_sample
2026-07-07T00:00:00+00:00,89792151,20,all_days,reused_three_phase_sample
2026-07-07T00:00:00+00:00,89798043,20,all_days,reused_three_phase_sample
2026-07-07T00:00:00+00:00,89803639,20,all_days,reused_three_phase_sample
2026-07-07T00:00:00+00:00,89804377,20,all_days,reused_three_phase_sample
2026-07-07T00:00:00+00:00,89806936,20,all_days,reused_three_phase_sample
2026-07-07T00:00:00+00:00,89809040,20,all_days,reused_three_phase_sample
2026-07-07T00:00:00+00:00,89811843,20,all_days,reused_three_phase_sample
2026-07-07T00:00:00+00:00,89811997,20,all_days,reused_three_phase_sample
2026-07-07T00:00:00+00:00,89812883,20,all_days,reused_three_phase_sample
2026-07-07T00:00:00+00:00,89815378,20,all_days,reused_three_phase_sample
2026-07-07T00:00:00+00:00,89816571,20,all_days,reused_three_phase_sample
2026-07-07T00:00:00+00:00,89821090,20,all_days,reused_three_phase_sample
2026-07-07T00:00:00+00:00,89821112,20,all_days,reused_three_phase_sample
2026-07-07T00:00:00+00:00,89821879,20,all_days,reused_three_phase_sample
2026-07-07T00:00:00+00:00,89827393,20,all_days,reused_three_phase_sample
2026-07-07T00:00:00+00:00,89833381,20,all_days,reused_three_phase_sample
2026-07-07T00:00:00+00:00,89838840,20,all_days,reused_three_phase_sample
2026-07-08T00:00:00+00:00,89843625,20,all_days,reused_three_phase_sample
2026-07-08T00:00:00+00:00,89846918,20,all_days,reused_three_phase_sample
2026-07-08T00:00:00+00:00,89849636,20,all_days,reused_three_phase_sample
2026-07-08T00:00:00+00:00,89852368,20,all_days,reused_three_phase_sample
2026-07-08T00:00:00+00:00,89858536,20,all_days,reused_three_phase_sample
2026-07-08T00:00:00+00:00,89861690,20,all_days,reused_three_phase_sample
2026-07-08T00:00:00+00:00,89863547,20,all_days,reused_three_phase_sample
2026-07-08T00:00:00+00:00,89864117,20,all_days,reused_three_phase_sample
2026-07-08T00:00:00+00:00,89870293,20,all_days,reused_three_phase_sample
2026-07-08T00:00:00+00:00,89878219,20,all_days,reused_three_phase_sample
2026-07-08T00:00:00+00:00,89881369,20,all_days,reused_three_phase_sample
2026-07-08T00:00:00+00:00,89882824,20,all_days,reused_three_phase_sample
2026-07-08T00:00:00+00:00,89883012,20,all_days,reused_three_phase_sample
2026-07-08T00:00:00+00:00,89883082,20,all_days,reused_three_phase_sample
2026-07-08T00:00:00+00:00,89884793,20,all_days,reused_three_phase_sample
2026-07-08T00:00:00+00:00,89885578,20,all_days,reused_three_phase_sample
2026-07-08T00:00:00+00:00,89892167,20,all_days,reused_three_phase_sample
2026-07-08T00:00:00+00:00,89897609,20,all_days,reused_three_phase_sample
2026-07-08T00:00:00+00:00,89897838,20,all_days,reused_three_phase_sample
2026-07-08T00:00:00+00:00,89898755,20,all_days,reused_three_phase_sample
2026-07-09T00:00:00+00:00,89904138,20,all_days,reused_three_phase_sample
2026-07-09T00:00:00+00:00,89906447,20,all_days,reused_three_phase_sample
2026-07-09T00:00:00+00:00,89908199,20,all_days,reused_three_phase_sample
2026-07-09T00:00:00+00:00,89912985,20,all_days,reused_three_phase_sample
2026-07-09T00:00:00+00:00,89913425,20,all_days,reused_three_phase_sample
2026-07-09T00:00:00+00:00,89916736,20,all_days,reused_three_phase_sample
2026-07-09T00:00:00+00:00,89920450,20,all_days,reused_three_phase_sample
2026-07-09T00:00:00+00:00,89928315,20,all_days,reused_three_phase_sample
2026-07-09T00:00:00+00:00,89928855,20,all_days,reused_three_phase_sample
2026-07-09T00:00:00+00:00,89931490,20,all_days,reused_three_phase_sample
2026-07-09T00:00:00+00:00,89933981,20,all_days,reused_three_phase_sample
2026-07-09T00:00:00+00:00,89934977,20,all_days,reused_three_phase_sample
2026-07-09T00:00:00+00:00,89935505,20,all_days,reused_three_phase_sample
2026-07-09T00:00:00+00:00,89937565,20,all_days,reused_three_phase_sample
2026-07-09T00:00:00+00:00,89938130,20,all_days,reused_three_phase_sample
2026-07-09T00:00:00+00:00,89946963,20,all_days,reused_three_phase_sample
2026-07-09T00:00:00+00:00,89948425,20,all_days,reused_three_phase_sample
2026-07-09T00:00:00+00:00,89953350,20,all_days,reused_three_phase_sample
2026-07-09T00:00:00+00:00,89956137,20,all_days,reused_three_phase_sample
2026-07-09T00:00:00+00:00,89956963,20,all_days,reused_three_phase_sample
2026-07-10T00:00:00+00:00,89962065,20,all_days,reused_three_phase_sample
2026-07-10T00:00:00+00:00,89962251,20,all_days,reused_three_phase_sample
2026-07-10T00:00:00+00:00,89962833,20,all_days,reused_three_phase_sample
2026-07-10T00:00:00+00:00,89962862,20,all_days,reused_three_phase_sample
2026-07-10T00:00:00+00:00,89964560,20,all_days,reused_three_phase_sample
2026-07-10T00:00:00+00:00,89965993,20,all_days,reused_three_phase_sample
2026-07-10T00:00:00+00:00,89966686,20,all_days,reused_three_phase_sample
2026-07-10T00:00:00+00:00,89969961,20,all_days,reused_three_phase_sample
2026-07-10T00:00:00+00:00,89969983,20,all_days,reused_three_phase_sample
2026-07-10T00:00:00+00:00,89972152,20,all_days,reused_three_phase_sample
2026-07-10T00:00:00+00:00,89979193,20,all_days,reused_three_phase_sample
2026-07-10T00:00:00+00:00,89989796,20,all_days,reused_three_phase_sample
2026-07-10T00:00:00+00:00,89996780,20,all_days,reused_three_phase_sample
2026-07-10T00:00:00+00:00,89998265,20,all_days,reused_three_phase_sample
2026-07-10T00:00:00+00:00,89999413,20,all_days,reused_three_phase_sample
2026-07-10T00:00:00+00:00,90004508,20,all_days,reused_three_phase_sample
2026-07-10T00:00:00+00:00,90005467,20,all_days,reused_three_phase_sample
2026-07-10T00:00:00+00:00,90009328,20,all_days,reused_three_phase_sample
2026-07-10T00:00:00+00:00,90010348,20,all_days,reused_three_phase_sample
2026-07-10T00:00:00+00:00,90011759,20,all_days,reused_three_phase_sample
2026-07-11T00:00:00+00:00,90019257,20,all_days,reused_three_phase_sample
2026-07-11T00:00:00+00:00,90026825,20,all_days,reused_three_phase_sample
2026-07-11T00:00:00+00:00,90027841,20,all_days,reused_three_phase_sample
2026-07-11T00:00:00+00:00,90029793,20,all_days,reused_three_phase_sample
2026-07-11T00:00:00+00:00,90031054,20,all_days,reused_three_phase_sample
2026-07-11T00:00:00+00:00,90031401,20,all_days,reused_three_phase_sample
2026-07-11T00:00:00+00:00,90033263,20,all_days,reused_three_phase_sample
2026-07-11T00:00:00+00:00,90035583,20,all_days,reused_three_phase_sample
2026-07-11T00:00:00+00:00,90043499,20,all_days,reused_three_phase_sample
2026-07-11T00:00:00+00:00,90044913,20,all_days,reused_three_phase_sample
2026-07-11T00:00:00+00:00,90045669,20,all_days,reused_three_phase_sample
2026-07-11T00:00:00+00:00,90048938,20,all_days,reused_three_phase_sample
2026-07-11T00:00:00+00:00,90050778,20,all_days,reused_three_phase_sample
2026-07-11T00:00:00+00:00,90051783,20,all_days,reused_three_phase_sample
2026-07-11T00:00:00+00:00,90057644,20,all_days,reused_three_phase_sample
2026-07-11T00:00:00+00:00,90058519,20,all_days,reused_three_phase_sample
2026-07-11T00:00:00+00:00,90059001,20,all_days,reused_three_phase_sample
2026-07-11T00:00:00+00:00,90064940,20,all_days,reused_three_phase_sample
2026-07-11T00:00:00+00:00,90071634,20,all_days,reused_three_phase_sample
2026-07-11T00:00:00+00:00,90072334,20,all_days,reused_three_phase_sample
2026-07-12T00:00:00+00:00,90073068,20,all_days,reused_three_phase_sample
2026-07-12T00:00:00+00:00,90073510,20,all_days,reused_three_phase_sample
2026-07-12T00:00:00+00:00,90074419,20,all_days,reused_three_phase_sample
2026-07-12T00:00:00+00:00,90075804,20,all_days,reused_three_phase_sample
2026-07-12T00:00:00+00:00,90078465,20,all_days,reused_three_phase_sample
2026-07-12T00:00:00+00:00,90078470,20,all_days,reused_three_phase_sample
2026-07-12T00:00:00+00:00,90078593,20,all_days,reused_three_phase_sample
2026-07-12T00:00:00+00:00,90079710,20,all_days,reused_three_phase_sample
2026-07-12T00:00:00+00:00,90084399,20,all_days,reused_three_phase_sample
2026-07-12T00:00:00+00:00,90089470,20,all_days,reused_three_phase_sample
2026-07-12T00:00:00+00:00,90091829,20,all_days,reused_three_phase_sample
2026-07-12T00:00:00+00:00,90094605,20,all_days,reused_three_phase_sample
2026-07-12T00:00:00+00:00,90094811,20,all_days,reused_three_phase_sample
2026-07-12T00:00:00+00:00,90099003,20,all_days,reused_three_phase_sample
2026-07-12T00:00:00+00:00,90104049,20,all_days,reused_three_phase_sample
2026-07-12T00:00:00+00:00,90104544,20,all_days,reused_three_phase_sample
2026-07-12T00:00:00+00:00,90105387,20,all_days,reused_three_phase_sample
2026-07-12T00:00:00+00:00,90113793,20,all_days,reused_three_phase_sample
2026-07-12T00:00:00+00:00,90115836,20,all_days,reused_three_phase_sample
2026-07-12T00:00:00+00:00,90122928,20,all_days,reused_three_phase_sample
2026-07-13T00:00:00+00:00,90133082,20,all_days,reused_three_phase_sample
2026-07-13T00:00:00+00:00,90133596,20,all_days,reused_three_phase_sample
2026-07-13T00:00:00+00:00,90136507,20,all_days,reused_three_phase_sample
2026-07-13T00:00:00+00:00,90137556,20,all_days,reused_three_phase_sample
2026-07-13T00:00:00+00:00,90141885,20,all_days,reused_three_phase_sample
2026-07-13T00:00:00+00:00,90142335,20,all_days,reused_three_phase_sample
2026-07-13T00:00:00+00:00,90144361,20,all_days,reused_three_phase_sample
2026-07-13T00:00:00+00:00,90144543,20,all_days,reused_three_phase_sample
2026-07-13T00:00:00+00:00,90147121,20,all_days,reused_three_phase_sample
2026-07-13T00:00:00+00:00,90152291,20,all_days,reused_three_phase_sample
2026-07-13T00:00:00+00:00,90153924,20,all_days,reused_three_phase_sample
2026-07-13T00:00:00+00:00,90165261,20,all_days,reused_three_phase_sample
2026-07-13T00:00:00+00:00,90167505,20,all_days,reused_three_phase_sample
2026-07-13T00:00:00+00:00,90167559,20,all_days,reused_three_phase_sample
2026-07-13T00:00:00+00:00,90168350,20,all_days,reused_three_phase_sample
2026-07-13T00:00:00+00:00,90172038,20,all_days,reused_three_phase_sample
2026-07-13T00:00:00+00:00,90173335,20,all_days,reused_three_phase_sample
2026-07-13T00:00:00+00:00,90175651,20,all_days,reused_three_phase_sample
2026-07-13T00:00:00+00:00,90177700,20,all_days,reused_three_phase_sample
2026-07-13T00:00:00+00:00,90177870,20,all_days,reused_three_phase_sample
2026-07-14T00:00:00+00:00,90191071,20,all_days,reused_three_phase_sample
2026-07-14T00:00:00+00:00,90191134,20,all_days,reused_three_phase_sample
2026-07-14T00:00:00+00:00,90193575,20,all_days,reused_three_phase_sample
2026-07-14T00:00:00+00:00,90198025,20,all_days,reused_three_phase_sample
2026-07-14T00:00:00+00:00,90202616,20,all_days,reused_three_phase_sample
2026-07-14T00:00:00+00:00,90204236,20,all_days,reused_three_phase_sample
2026-07-14T00:00:00+00:00,90207026,20,all_days,reused_three_phase_sample
2026-07-14T00:00:00+00:00,90207580,20,all_days,reused_three_phase_sample
2026-07-14T00:00:00+00:00,90210194,20,all_days,reused_three_phase_sample
2026-07-14T00:00:00+00:00,90212851,20,all_days,reused_three_phase_sample
2026-07-14T00:00:00+00:00,90221933,20,all_days,reused_three_phase_sample
2026-07-14T00:00:00+00:00,90223827,20,all_days,reused_three_phase_sample
2026-07-14T00:00:00+00:00,90223938,20,all_days,reused_three_phase_sample
2026-07-14T00:00:00+00:00,90226165,20,all_days,reused_three_phase_sample
2026-07-14T00:00:00+00:00,90228940,20,all_days,reused_three_phase_sample
2026-07-14T00:00:00+00:00,90231142,20,all_days,reused_three_phase_sample
2026-07-14T00:00:00+00:00,90231471,20,all_days,reused_three_phase_sample
2026-07-14T00:00:00+00:00,90239911,20,all_days,reused_three_phase_sample
2026-07-14T00:00:00+00:00,90241273,20,all_days,reused_three_phase_sample
2026-07-14T00:00:00+00:00,90242365,20,all_days,reused_three_phase_sample
2026-07-15T00:00:00+00:00,90250808,20,all_days,reused_three_phase_sample
2026-07-15T00:00:00+00:00,90252144,20,all_days,reused_three_phase_sample
2026-07-15T00:00:00+00:00,90252198,20,all_days,reused_three_phase_sample
2026-07-15T00:00:00+00:00,90252462,20,all_days,reused_three_phase_sample
2026-07-15T00:00:00+00:00,90255878,20,all_days,reused_three_phase_sample
2026-07-15T00:00:00+00:00,90261170,20,all_days,reused_three_phase_sample
2026-07-15T00:00:00+00:00,90263506,20,all_days,reused_three_phase_sample
2026-07-15T00:00:00+00:00,90265613,20,all_days,reused_three_phase_sample
2026-07-15T00:00:00+00:00,90266360,20,all_days,reused_three_phase_sample
2026-07-15T00:00:00+00:00,90266780,20,all_days,reused_three_phase_sample
2026-07-15T00:00:00+00:00,90268560,20,all_days,reused_three_phase_sample
2026-07-15T00:00:00+00:00,90269470,20,all_days,reused_three_phase_sample
2026-07-15T00:00:00+00:00,90282317,20,all_days,reused_three_phase_sample
2026-07-15T00:00:00+00:00,90284561,20,all_days,reused_three_phase_sample
2026-07-15T00:00:00+00:00,90287984,20,all_days,reused_three_phase_sample
2026-07-15T00:00:00+00:00,90290581,20,all_days,reused_three_phase_sample
2026-07-15T00:00:00+00:00,90293091,20,all_days,reused_three_phase_sample
2026-07-15T00:00:00+00:00,90293121,20,all_days,reused_three_phase_sample
2026-07-15T00:00:00+00:00,90295764,20,all_days,reused_three_phase_sample
2026-07-15T00:00:00+00:00,90297847,20,all_days,reused_three_phase_sample
2026-07-16T00:00:00+00:00,90306512,20,all_days,reused_three_phase_sample
2026-07-16T00:00:00+00:00,90306943,20,all_days,reused_three_phase_sample
2026-07-16T00:00:00+00:00,90307610,20,all_days,reused_three_phase_sample
2026-07-16T00:00:00+00:00,90310509,20,all_days,reused_three_phase_sample
2026-07-16T00:00:00+00:00,90311953,20,all_days,reused_three_phase_sample
2026-07-16T00:00:00+00:00,90314426,20,all_days,reused_three_phase_sample
2026-07-16T00:00:00+00:00,90318319,20,all_days,reused_three_phase_sample
2026-07-16T00:00:00+00:00,90322464,20,all_days,reused_three_phase_sample
2026-07-16T00:00:00+00:00,90322669,20,all_days,reused_three_phase_sample
2026-07-16T00:00:00+00:00,90334361,20,all_days,reused_three_phase_sample
2026-07-16T00:00:00+00:00,90336554,20,all_days,reused_three_phase_sample
2026-07-16T00:00:00+00:00,90337974,20,all_days,reused_three_phase_sample
2026-07-16T00:00:00+00:00,90338365,20,all_days,reused_three_phase_sample
2026-07-16T00:00:00+00:00,90340709,20,all_days,reused_three_phase_sample
2026-07-16T00:00:00+00:00,90343470,20,all_days,reused_three_phase_sample
2026-07-16T00:00:00+00:00,90347502,20,all_days,reused_three_phase_sample
2026-07-16T00:00:00+00:00,90351063,20,all_days,reused_three_phase_sample
2026-07-16T00:00:00+00:00,90352371,20,all_days,reused_three_phase_sample
2026-07-16T00:00:00+00:00,90352539,20,all_days,reused_three_phase_sample
2026-07-16T00:00:00+00:00,90360121,20,all_days,reused_three_phase_sample
2026-07-17T00:00:00+00:00,90361146,20,all_days,reused_three_phase_sample
2026-07-17T00:00:00+00:00,90368476,20,all_days,reused_three_phase_sample
2026-07-17T00:00:00+00:00,90369626,20,all_days,reused_three_phase_sample
2026-07-17T00:00:00+00:00,90371580,20,all_days,reused_three_phase_sample
2026-07-17T00:00:00+00:00,90371875,20,all_days,reused_three_phase_sample
2026-07-17T00:00:00+00:00,90378257,20,all_days,reused_three_phase_sample
2026-07-17T00:00:00+00:00,90379645,20,all_days,reused_three_phase_sample
2026-07-17T00:00:00+00:00,90383035,20,all_days,reused_three_phase_sample
2026-07-17T00:00:00+00:00,90386320,20,all_days,reused_three_phase_sample
2026-07-17T00:00:00+00:00,90388646,20,all_days,reused_three_phase_sample
2026-07-17T00:00:00+00:00,90391554,20,all_days,reused_three_phase_sample
2026-07-17T00:00:00+00:00,90395544,20,all_days,reused_three_phase_sample
2026-07-17T00:00:00+00:00,90395785,20,all_days,reused_three_phase_sample
2026-07-17T00:00:00+00:00,90400900,20,all_days,reused_three_phase_sample
2026-07-17T00:00:00+00:00,90401490,20,all_days,reused_three_phase_sample
2026-07-17T00:00:00+00:00,90403125,20,all_days,reused_three_phase_sample
2026-07-17T00:00:00+00:00,90408026,20,all_days,reused_three_phase_sample
2026-07-17T00:00:00+00:00,90414898,20,all_days,reused_three_phase_sample
2026-07-17T00:00:00+00:00,90416448,20,all_days,reused_three_phase_sample
2026-07-17T00:00:00+00:00,90416610,20,all_days,reused_three_phase_sample
2026-07-18T00:00:00+00:00,90421384,20,all_days,reused_three_phase_sample
2026-07-18T00:00:00+00:00,90428942,20,all_days,reused_three_phase_sample
2026-07-18T00:00:00+00:00,90429600,20,all_days,reused_three_phase_sample
2026-07-18T00:00:00+00:00,90433702,20,all_days,reused_three_phase_sample
2026-07-18T00:00:00+00:00,90434279,20,all_days,reused_three_phase_sample
2026-07-18T00:00:00+00:00,90438257,20,all_days,reused_three_phase_sample
2026-07-18T00:00:00+00:00,90443260,20,all_days,reused_three_phase_sample
2026-07-18T00:00:00+00:00,90443804,20,all_days,reused_three_phase_sample
2026-07-18T00:00:00+00:00,90447553,20,all_days,reused_three_phase_sample
2026-07-18T00:00:00+00:00,90447570,20,all_days,reused_three_phase_sample
2026-07-18T00:00:00+00:00,90449855,20,all_days,reused_three_phase_sample
2026-07-18T00:00:00+00:00,90454338,20,all_days,reused_three_phase_sample
2026-07-18T00:00:00+00:00,90455031,20,all_days,reused_three_phase_sample
2026-07-18T00:00:00+00:00,90455771,20,all_days,reused_three_phase_sample
2026-07-18T00:00:00+00:00,90455825,20,all_days,reused_three_phase_sample
2026-07-18T00:00:00+00:00,90461196,20,all_days,reused_three_phase_sample
2026-07-18T00:00:00+00:00,90461466,20,all_days,reused_three_phase_sample
2026-07-18T00:00:00+00:00,90472118,20,all_days,reused_three_phase_sample
2026-07-18T00:00:00+00:00,90472386,20,all_days,reused_three_phase_sample
2026-07-18T00:00:00+00:00,90475189,20,all_days,reused_three_phase_sample
2026-07-19T00:00:00+00:00,90477064,20,all_days,reused_three_phase_sample
2026-07-19T00:00:00+00:00,90479256,20,all_days,reused_three_phase_sample
2026-07-19T00:00:00+00:00,90479561,20,all_days,reused_three_phase_sample
2026-07-19T00:00:00+00:00,90483195,20,all_days,reused_three_phase_sample
2026-07-19T00:00:00+00:00,90484117,20,all_days,reused_three_phase_sample
2026-07-19T00:00:00+00:00,90487105,20,all_days,reused_three_phase_sample
2026-07-19T00:00:00+00:00,90505075,20,all_days,reused_three_phase_sample
2026-07-19T00:00:00+00:00,90506291,20,all_days,reused_three_phase_sample
2026-07-19T00:00:00+00:00,90507962,20,all_days,reused_three_phase_sample
2026-07-19T00:00:00+00:00,90508186,20,all_days,reused_three_phase_sample
2026-07-19T00:00:00+00:00,90515731,20,all_days,reused_three_phase_sample
2026-07-19T00:00:00+00:00,90516058,20,all_days,reused_three_phase_sample
2026-07-19T00:00:00+00:00,90520668,20,all_days,reused_three_phase_sample
2026-07-19T00:00:00+00:00,90524997,20,all_days,reused_three_phase_sample
2026-07-19T00:00:00+00:00,90526528,20,all_days,reused_three_phase_sample
2026-07-19T00:00:00+00:00,90527313,20,all_days,reused_three_phase_sample
2026-07-19T00:00:00+00:00,90527579,20,all_days,reused_three_phase_sample
2026-07-19T00:00:00+00:00,90528076,20,all_days,reused_three_phase_sample
2026-07-19T00:00:00+00:00,90531002,20,all_days,reused_three_phase_sample
2026-07-19T00:00:00+00:00,90533639,20,all_days,reused_three_phase_sample
2026-07-20T00:00:00+00:00,90534531,20,all_days,reused_three_phase_sample
2026-07-20T00:00:00+00:00,90534903,20,all_days,reused_three_phase_sample
2026-07-20T00:00:00+00:00,90537633,20,all_days,reused_three_phase_sample
2026-07-20T00:00:00+00:00,90537988,20,all_days,reused_three_phase_sample
2026-07-20T00:00:00+00:00,90538210,20,all_days,reused_three_phase_sample
2026-07-20T00:00:00+00:00,90542091,20,all_days,reused_three_phase_sample
2026-07-20T00:00:00+00:00,90545371,20,all_days,reused_three_phase_sample
2026-07-20T00:00:00+00:00,90545843,20,all_days,reused_three_phase_sample
2026-07-20T00:00:00+00:00,90551307,20,all_days,reused_three_phase_sample
2026-07-20T00:00:00+00:00,90552324,20,all_days,reused_three_phase_sample
2026-07-20T00:00:00+00:00,90552751,20,all_days,reused_three_phase_sample
2026-07-20T00:00:00+00:00,90554931,20,all_days,reused_three_phase_sample
2026-07-20T00:00:00+00:00,90561941,20,all_days,reused_three_phase_sample
2026-07-20T00:00:00+00:00,90566997,20,all_days,reused_three_phase_sample
2026-07-20T00:00:00+00:00,90567477,20,all_days,reused_three_phase_sample
2026-07-20T00:00:00+00:00,90576116,20,all_days,reused_three_phase_sample
2026-07-20T00:00:00+00:00,90582039,20,all_days,reused_three_phase_sample
2026-07-20T00:00:00+00:00,90582415,20,all_days,reused_three_phase_sample
2026-07-20T00:00:00+00:00,90587029,20,all_days,reused_three_phase_sample
2026-07-20T00:00:00+00:00,90590469,20,all_days,reused_three_phase_sample
2026-07-21T00:00:00+00:00,90591452,20,all_days,reused_three_phase_sample
2026-07-21T00:00:00+00:00,90592105,20,all_days,reused_three_phase_sample
2026-07-21T00:00:00+00:00,90592522,20,all_days,reused_three_phase_sample
2026-07-21T00:00:00+00:00,90593677,20,all_days,reused_three_phase_sample
2026-07-21T00:00:00+00:00,90601056,20,all_days,reused_three_phase_sample
2026-07-21T00:00:00+00:00,90601749,20,all_days,reused_three_phase_sample
2026-07-21T00:00:00+00:00,90606119,20,all_days,reused_three_phase_sample
2026-07-21T00:00:00+00:00,90610001,20,all_days,reused_three_phase_sample
2026-07-21T00:00:00+00:00,90612057,20,all_days,reused_three_phase_sample
2026-07-21T00:00:00+00:00,90612220,20,all_days,reused_three_phase_sample
2026-07-21T00:00:00+00:00,90613047,20,all_days,reused_three_phase_sample
2026-07-21T00:00:00+00:00,90616337,20,all_days,reused_three_phase_sample
2026-07-21T00:00:00+00:00,90622211,20,all_days,reused_three_phase_sample
2026-07-21T00:00:00+00:00,90627760,20,all_days,reused_three_phase_sample
2026-07-21T00:00:00+00:00,90634328,20,all_days,reused_three_phase_sample
2026-07-21T00:00:00+00:00,90640542,20,all_days,reused_three_phase_sample
2026-07-21T00:00:00+00:00,90641293,20,all_days,reused_three_phase_sample
2026-07-21T00:00:00+00:00,90644475,20,all_days,reused_three_phase_sample
2026-07-21T00:00:00+00:00,90646621,20,all_days,reused_three_phase_sample
2026-07-21T00:00:00+00:00,90646954,20,all_days,reused_three_phase_sample
2026-07-22T00:00:00+00:00,90649326,20,all_days,reused_three_phase_sample
2026-07-22T00:00:00+00:00,90649445,20,all_days,reused_three_phase_sample
2026-07-22T00:00:00+00:00,90652293,20,all_days,reused_three_phase_sample
2026-07-22T00:00:00+00:00,90660002,20,all_days,reused_three_phase_sample
2026-07-22T00:00:00+00:00,90660577,20,all_days,reused_three_phase_sample
2026-07-22T00:00:00+00:00,90662838,20,all_days,reused_three_phase_sample
2026-07-22T00:00:00+00:00,90663885,20,all_days,reused_three_phase_sample
2026-07-22T00:00:00+00:00,90665329,20,all_days,reused_three_phase_sample
2026-07-22T00:00:00+00:00,90669086,20,all_days,reused_three_phase_sample
2026-07-22T00:00:00+00:00,90678205,20,all_days,reused_three_phase_sample
2026-07-22T00:00:00+00:00,90678349,20,all_days,reused_three_phase_sample
2026-07-22T00:00:00+00:00,90680075,20,all_days,reused_three_phase_sample
2026-07-22T00:00:00+00:00,90686607,20,all_days,reused_three_phase_sample
2026-07-22T00:00:00+00:00,90688819,20,all_days,reused_three_phase_sample
2026-07-22T00:00:00+00:00,90689296,20,all_days,reused_three_phase_sample
2026-07-22T00:00:00+00:00,90692724,20,all_days,reused_three_phase_sample
2026-07-22T00:00:00+00:00,90693441,20,all_days,reused_three_phase_sample
2026-07-22T00:00:00+00:00,90696730,20,all_days,reused_three_phase_sample
2026-07-22T00:00:00+00:00,90697726,20,all_days,reused_three_phase_sample
2026-07-22T00:00:00+00:00,90703116,20,all_days,reused_three_phase_sample
2026-07-23T00:00:00+00:00,90707406,20,all_days,reused_three_phase_sample
2026-07-23T00:00:00+00:00,90712723,20,all_days,reused_three_phase_sample
2026-07-23T00:00:00+00:00,90720749,20,all_days,reused_three_phase_sample
2026-07-23T00:00:00+00:00,90721961,20,all_days,reused_three_phase_sample
2026-07-23T00:00:00+00:00,90723048,20,all_days,reused_three_phase_sample
2026-07-23T00:00:00+00:00,90727980,20,all_days,reused_three_phase_sample
2026-07-23T00:00:00+00:00,90728382,20,all_days,reused_three_phase_sample
2026-07-23T00:00:00+00:00,90735263,20,all_days,reused_three_phase_sample
2026-07-23T00:00:00+00:00,90735559,20,all_days,reused_three_phase_sample
2026-07-23T00:00:00+00:00,90739022,20,all_days,reused_three_phase_sample
2026-07-23T00:00:00+00:00,90739068,20,all_days,reused_three_phase_sample
2026-07-23T00:00:00+00:00,90739522,20,all_days,reused_three_phase_sample
2026-07-23T00:00:00+00:00,90740432,20,all_days,reused_three_phase_sample
2026-07-23T00:00:00+00:00,90741666,20,all_days,reused_three_phase_sample
2026-07-23T00:00:00+00:00,90746476,20,all_days,reused_three_phase_sample
2026-07-23T00:00:00+00:00,90749128,20,all_days,reused_three_phase_sample
2026-07-23T00:00:00+00:00,90749419,20,all_days,reused_three_phase_sample
2026-07-23T00:00:00+00:00,90757455,20,all_days,reused_three_phase_sample
2026-07-23T00:00:00+00:00,90759005,20,all_days,reused_three_phase_sample
2026-07-23T00:00:00+00:00,90760008,20,all_days,reused_three_phase_sample
2026-07-24T00:00:00+00:00,90765829,20,all_days,reused_three_phase_sample
2026-07-24T00:00:00+00:00,90768645,20,all_days,reused_three_phase_sample
2026-07-24T00:00:00+00:00,90774741,20,all_days,reused_three_phase_sample
2026-07-24T00:00:00+00:00,90774827,20,all_days,reused_three_phase_sample
2026-07-24T00:00:00+00:00,90776431,20,all_days,reused_three_phase_sample
2026-07-24T00:00:00+00:00,90779185,20,all_days,reused_three_phase_sample
2026-07-24T00:00:00+00:00,90781356,20,all_days,reused_three_phase_sample
2026-07-24T00:00:00+00:00,90781749,20,all_days,reused_three_phase_sample
2026-07-24T00:00:00+00:00,90785501,20,all_days,reused_three_phase_sample
2026-07-24T00:00:00+00:00,90785927,20,all_days,reused_three_phase_sample
2026-07-24T00:00:00+00:00,90791927,20,all_days,reused_three_phase_sample
2026-07-24T00:00:00+00:00,90794114,20,all_days,reused_three_phase_sample
2026-07-24T00:00:00+00:00,90794494,20,all_days,reused_three_phase_sample
2026-07-24T00:00:00+00:00,90799077,20,all_days,reused_three_phase_sample
2026-07-24T00:00:00+00:00,90807762,20,all_days,reused_three_phase_sample
2026-07-24T00:00:00+00:00,90809036,20,all_days,reused_three_phase_sample
2026-07-24T00:00:00+00:00,90812089,20,all_days,reused_three_phase_sample
2026-07-24T00:00:00+00:00,90818424,20,all_days,reused_three_phase_sample
2026-07-24T00:00:00+00:00,90818917,20,all_days,reused_three_phase_sample
2026-07-24T00:00:00+00:00,90819199,20,all_days,reused_three_phase_sample
2026-07-25T00:00:00+00:00,90823985,20,all_days,reused_three_phase_sample
2026-07-25T00:00:00+00:00,90824054,20,all_days,reused_three_phase_sample
2026-07-25T00:00:00+00:00,90824926,20,all_days,reused_three_phase_sample
2026-07-25T00:00:00+00:00,90829202,20,all_days,reused_three_phase_sample
2026-07-25T00:00:00+00:00,90830283,20,all_days,reused_three_phase_sample
2026-07-25T00:00:00+00:00,90836391,20,all_days,reused_three_phase_sample
2026-07-25T00:00:00+00:00,90843539,20,all_days,reused_three_phase_sample
2026-07-25T00:00:00+00:00,90844801,20,all_days,reused_three_phase_sample
2026-07-25T00:00:00+00:00,90846132,20,all_days,reused_three_phase_sample
2026-07-25T00:00:00+00:00,90851716,20,all_days,reused_three_phase_sample
2026-07-25T00:00:00+00:00,90863006,20,all_days,reused_three_phase_sample
2026-07-25T00:00:00+00:00,90867429,20,all_days,reused_three_phase_sample
2026-07-25T00:00:00+00:00,90868141,20,all_days,reused_three_phase_sample
2026-07-25T00:00:00+00:00,90870046,20,all_days,reused_three_phase_sample
2026-07-25T00:00:00+00:00,90874302,20,all_days,reused_three_phase_sample
2026-07-25T00:00:00+00:00,90875146,20,all_days,reused_three_phase_sample
2026-07-25T00:00:00+00:00,90876868,20,all_days,reused_three_phase_sample
2026-07-25T00:00:00+00:00,90877283,20,all_days,reused_three_phase_sample
2026-07-25T00:00:00+00:00,90878101,20,all_days,reused_three_phase_sample
2026-07-25T00:00:00+00:00,90878257,20,all_days,reused_three_phase_sample
2026-07-26T00:00:00+00:00,90885201,20,all_days,reused_three_phase_sample
2026-07-26T00:00:00+00:00,90886095,20,all_days,reused_three_phase_sample
2026-07-26T00:00:00+00:00,90887050,20,all_days,reused_three_phase_sample
2026-07-26T00:00:00+00:00,90887553,20,all_days,reused_three_phase_sample
2026-07-26T00:00:00+00:00,90891066,20,all_days,reused_three_phase_sample
2026-07-26T00:00:00+00:00,90893034,20,all_days,reused_three_phase_sample
2026-07-26T00:00:00+00:00,90895342,20,all_days,reused_three_phase_sample
2026-07-26T00:00:00+00:00,90900775,20,all_days,reused_three_phase_sample
2026-07-26T00:00:00+00:00,90903245,20,all_days,reused_three_phase_sample
2026-07-26T00:00:00+00:00,90904170,20,all_days,reused_three_phase_sample
2026-07-26T00:00:00+00:00,90905049,20,all_days,reused_three_phase_sample
2026-07-26T00:00:00+00:00,90907419,20,all_days,reused_three_phase_sample
2026-07-26T00:00:00+00:00,90910786,20,all_days,reused_three_phase_sample
2026-07-26T00:00:00+00:00,90912238,20,all_days,reused_three_phase_sample
2026-07-26T00:00:00+00:00,90913295,20,all_days,reused_three_phase_sample
2026-07-26T00:00:00+00:00,90915175,20,all_days,reused_three_phase_sample
2026-07-26T00:00:00+00:00,90916154,20,all_days,reused_three_phase_sample
2026-07-26T00:00:00+00:00,90928486,20,all_days,reused_three_phase_sample
2026-07-26T00:00:00+00:00,90933661,20,all_days,reused_three_phase_sample
2026-07-26T00:00:00+00:00,90936203,20,all_days,reused_three_phase_sample
2026-07-27T00:00:00+00:00,90940283,20,all_days,reused_three_phase_sample
2026-07-27T00:00:00+00:00,90940915,20,all_days,reused_three_phase_sample
2026-07-27T00:00:00+00:00,90941523,20,all_days,reused_three_phase_sample
2026-07-27T00:00:00+00:00,90943851,20,all_days,reused_three_phase_sample
2026-07-27T00:00:00+00:00,90948634,20,all_days,reused_three_phase_sample
2026-07-27T00:00:00+00:00,90950454,20,all_days,reused_three_phase_sample
2026-07-27T00:00:00+00:00,90956756,20,all_days,reused_three_phase_sample
2026-07-27T00:00:00+00:00,90957249,20,all_days,reused_three_phase_sample
2026-07-27T00:00:00+00:00,90958408,20,all_days,reused_three_phase_sample
2026-07-27T00:00:00+00:00,90964301,20,all_days,reused_three_phase_sample
2026-07-27T00:00:00+00:00,90966135,20,all_days,reused_three_phase_sample
2026-07-27T00:00:00+00:00,90967836,20,all_days,reused_three_phase_sample
2026-07-27T00:00:00+00:00,90967932,20,all_days,reused_three_phase_sample
2026-07-27T00:00:00+00:00,90968676,20,all_days,reused_three_phase_sample
2026-07-27T00:00:00+00:00,90973951,20,all_days,reused_three_phase_sample
2026-07-27T00:00:00+00:00,90974080,20,all_days,reused_three_phase_sample
2026-07-27T00:00:00+00:00,90975782,20,all_days,reused_three_phase_sample
2026-07-27T00:00:00+00:00,90991360,20,all_days,reused_three_phase_sample
2026-07-27T00:00:00+00:00,90991362,20,all_days,reused_three_phase_sample
2026-07-27T00:00:00+00:00,90994296,20,all_days,reused_three_phase_sample
2026-07-28T00:00:00+00:00,90994818,20,all_days,reused_three_phase_sample
2026-07-28T00:00:00+00:00,90997132,20,all_days,reused_three_phase_sample
2026-07-28T00:00:00+00:00,90997637,20,all_days,reused_three_phase_sample
2026-07-28T00:00:00+00:00,90997696,20,all_days,reused_three_phase_sample
2026-07-28T00:00:00+00:00,90999525,20,all_days,reused_three_phase_sample
2026-07-28T00:00:00+00:00,91000983,20,all_days,reused_three_phase_sample
2026-07-28T00:00:00+00:00,91001007,20,all_days,reused_three_phase_sample
2026-07-28T00:00:00+00:00,91004739,20,all_days,reused_three_phase_sample
2026-07-28T00:00:00+00:00,91012596,20,all_days,reused_three_phase_sample
2026-07-28T00:00:00+00:00,91017166,20,all_days,reused_three_phase_sample
2026-07-28T00:00:00+00:00,91018254,20,all_days,reused_three_phase_sample
2026-07-28T00:00:00+00:00,91018579,20,all_days,reused_three_phase_sample
2026-07-28T00:00:00+00:00,91018833,20,all_days,reused_three_phase_sample
2026-07-28T00:00:00+00:00,91020344,20,all_days,reused_three_phase_sample
2026-07-28T00:00:00+00:00,91020541,20,all_days,reused_three_phase_sample
2026-07-28T00:00:00+00:00,91026746,20,all_days,reused_three_phase_sample
2026-07-28T00:00:00+00:00,91028426,20,all_days,reused_three_phase_sample
2026-07-28T00:00:00+00:00,91044097,20,all_days,reused_three_phase_sample
2026-07-28T00:00:00+00:00,91046454,20,all_days,reused_three_phase_sample
2026-07-28T00:00:00+00:00,91051108,20,all_days,reused_three_phase_sample
2026-07-29T00:00:00+00:00,91053427,20,all_days,reused_three_phase_sample
2026-07-29T00:00:00+00:00,91054573,20,all_days,reused_three_phase_sample
2026-07-29T00:00:00+00:00,91055062,20,all_days,reused_three_phase_sample
2026-07-29T00:00:00+00:00,91055253,20,all_days,reused_three_phase_sample
2026-07-29T00:00:00+00:00,91059732,20,all_days,reused_three_phase_sample
2026-07-29T00:00:00+00:00,91061478,20,all_days,reused_three_phase_sample
2026-07-29T00:00:00+00:00,91065671,20,all_days,reused_three_phase_sample
2026-07-29T00:00:00+00:00,91067344,20,all_days,reused_three_phase_sample
2026-07-29T00:00:00+00:00,91068409,20,all_days,reused_three_phase_sample
2026-07-29T00:00:00+00:00,91068744,20,all_days,reused_three_phase_sample
2026-07-29T00:00:00+00:00,91071451,20,all_days,reused_three_phase_sample
2026-07-29T00:00:00+00:00,91076579,20,all_days,reused_three_phase_sample
2026-07-29T00:00:00+00:00,91077323,20,all_days,reused_three_phase_sample
2026-07-29T00:00:00+00:00,91078593,20,all_days,reused_three_phase_sample
2026-07-29T00:00:00+00:00,91079056,20,all_days,reused_three_phase_sample
2026-07-29T00:00:00+00:00,91079070,20,all_days,reused_three_phase_sample
2026-07-29T00:00:00+00:00,91083970,20,all_days,reused_three_phase_sample
2026-07-29T00:00:00+00:00,91085048,20,all_days,reused_three_phase_sample
2026-07-29T00:00:00+00:00,91095643,20,all_days,reused_three_phase_sample
2026-07-29T00:00:00+00:00,91104595,20,all_days,reused_three_phase_sample
2026-07-30T00:00:00+00:00,91110779,20,all_days,reused_three_phase_sample
2026-07-30T00:00:00+00:00,91111860,20,all_days,reused_three_phase_sample
2026-07-30T00:00:00+00:00,91115865,20,all_days,reused_three_phase_sample
2026-07-30T00:00:00+00:00,91117561,20,all_days,reused_three_phase_sample
2026-07-30T00:00:00+00:00,91119277,20,all_days,reused_three_phase_sample
2026-07-30T00:00:00+00:00,91120096,20,all_days,reused_three_phase_sample
2026-07-30T00:00:00+00:00,91132496,20,all_days,reused_three_phase_sample
2026-07-30T00:00:00+00:00,91134165,20,all_days,reused_three_phase_sample
2026-07-30T00:00:00+00:00,91139317,20,all_days,reused_three_phase_sample
2026-07-30T00:00:00+00:00,91140119,20,all_days,reused_three_phase_sample
2026-07-30T00:00:00+00:00,91144182,20,all_days,reused_three_phase_sample
2026-07-30T00:00:00+00:00,91145504,20,all_days,reused_three_phase_sample
2026-07-30T00:00:00+00:00,91145751,20,all_days,reused_three_phase_sample
2026-07-30T00:00:00+00:00,91155209,20,all_days,reused_three_phase_sample
2026-07-30T00:00:00+00:00,91159296,20,all_days,reused_three_phase_sample
2026-07-30T00:00:00+00:00,91160117,20,all_days,reused_three_phase_sample
2026-07-30T00:00:00+00:00,91161095,20,all_days,reused_three_phase_sample
2026-07-30T00:00:00+00:00,91162996,20,all_days,reused_three_phase_sample
2026-07-30T00:00:00+00:00,91165159,20,all_days,reused_three_phase_sample
2026-07-30T00:00:00+00:00,91166956,20,all_days,reused_three_phase_sample
2026-07-31T00:00:00+00:00,91171983,20,all_days,reused_three_phase_sample
2026-07-31T00:00:00+00:00,91172158,20,all_days,reused_three_phase_sample
2026-07-31T00:00:00+00:00,91174896,20,all_days,reused_three_phase_sample
2026-07-31T00:00:00+00:00,91180034,20,all_days,reused_three_phase_sample
2026-07-31T00:00:00+00:00,91191620,20,all_days,reused_three_phase_sample
2026-07-31T00:00:00+00:00,91196057,20,all_days,reused_three_phase_sample
2026-07-31T00:00:00+00:00,91197169,20,all_days,reused_three_phase_sample
2026-07-31T00:00:00+00:00,91199012,20,all_days,reused_three_phase_sample
2026-07-31T00:00:00+00:00,91199880,20,all_days,reused_three_phase_sample
2026-07-31T00:00:00+00:00,91199884,20,all_days,reused_three_phase_sample
2026-07-31T00:00:00+00:00,91199930,20,all_days,reused_three_phase_sample
2026-07-31T00:00:00+00:00,91203767,20,all_days,reused_three_phase_sample
2026-07-31T00:00:00+00:00,91203789,20,all_days,reused_three_phase_sample
2026-07-31T00:00:00+00:00,91204139,20,all_days,reused_three_phase_sample
2026-07-31T00:00:00+00:00,91204783,20,all_days,reused_three_phase_sample
2026-07-31T00:00:00+00:00,91210396,20,all_days,reused_three_phase_sample
2026-07-31T00:00:00+00:00,91213709,20,all_days,reused_three_phase_sample
2026-07-31T00:00:00+00:00,91216129,20,all_days,reused_three_phase_sample
2026-07-31T00:00:00+00:00,91216287,20,all_days,reused_three_phase_sample
2026-07-31T00:00:00+00:00,91222733,20,all_days,reused_three_phase_sample
2026-08-01T00:00:00+00:00,91227157,20,all_days,reused_three_phase_sample
2026-08-01T00:00:00+00:00,91241051,20,all_days,reused_three_phase_sample
2026-08-01T00:00:00+00:00,91242261,20,all_days,reused_three_phase_sample
2026-08-01T00:00:00+00:00,91245376,20,all_days,reused_three_phase_sample
2026-08-01T00:00:00+00:00,91247620,20,all_days,reused_three_phase_sample
2026-08-01T00:00:00+00:00,91249452,20,all_days,reused_three_phase_sample
2026-08-01T00:00:00+00:00,91249867,20,all_days,reused_three_phase_sample
2026-08-01T00:00:00+00:00,91257023,20,all_days,reused_three_phase_sample
2026-08-01T00:00:00+00:00,91257245,20,all_days,reused_three_phase_sample
2026-08-01T00:00:00+00:00,91258121,20,all_days,reused_three_phase_sample
2026-08-01T00:00:00+00:00,91263411,20,all_days,reused_three_phase_sample
2026-08-01T00:00:00+00:00,91263752,20,all_days,reused_three_phase_sample
2026-08-01T00:00:00+00:00,91264497,20,all_days,reused_three_phase_sample
2026-08-01T00:00:00+00:00,91273654,20,all_days,reused_three_phase_sample
2026-08-01T00:00:00+00:00,91276353,20,all_days,reused_three_phase_sample
2026-08-01T00:00:00+00:00,91278325,20,all_days,reused_three_phase_sample
2026-08-01T00:00:00+00:00,91279216,20,all_days,reused_three_phase_sample
2026-08-01T00:00:00+00:00,91279302,20,all_days,reused_three_phase_sample
2026-08-01T00:00:00+00:00,91280407,20,all_days,reused_three_phase_sample
2026-08-01T00:00:00+00:00,91280498,20,all_days,reused_three_phase_sample
2026-08-02T00:00:00+00:00,91282989,20,all_days,reused_three_phase_sample
2026-08-02T00:00:00+00:00,91286719,20,all_days,reused_three_phase_sample
2026-08-02T00:00:00+00:00,91291152,20,all_days,reused_three_phase_sample
2026-08-02T00:00:00+00:00,91292690,20,all_days,reused_three_phase_sample
2026-08-02T00:00:00+00:00,91293643,20,all_days,reused_three_phase_sample
2026-08-02T00:00:00+00:00,91294836,20,all_days,reused_three_phase_sample
2026-08-02T00:00:00+00:00,91300283,20,all_days,reused_three_phase_sample
2026-08-02T00:00:00+00:00,91300783,20,all_days,reused_three_phase_sample
2026-08-02T00:00:00+00:00,91311481,20,all_days,reused_three_phase_sample
2026-08-02T00:00:00+00:00,91312839,20,all_days,reused_three_phase_sample
2026-08-02T00:00:00+00:00,91312892,20,all_days,reused_three_phase_sample
2026-08-02T00:00:00+00:00,91315951,20,all_days,reused_three_phase_sample
2026-08-02T00:00:00+00:00,91316931,20,all_days,reused_three_phase_sample
2026-08-02T00:00:00+00:00,91317280,20,all_days,reused_three_phase_sample
2026-08-02T00:00:00+00:00,91322714,20,all_days,reused_three_phase_sample
2026-08-02T00:00:00+00:00,91323182,20,all_days,reused_three_phase_sample
2026-08-02T00:00:00+00:00,91325082,20,all_days,reused_three_phase_sample
2026-08-02T00:00:00+00:00,91325703,20,all_days,reused_three_phase_sample
2026-08-02T00:00:00+00:00,91330477,20,all_days,reused_three_phase_sample
2026-08-02T00:00:00+00:00,91336470,20,all_days,reused_three_phase_sample
2026-08-03T00:00:00+00:00,91340123,20,all_days,reused_three_phase_sample
2026-08-03T00:00:00+00:00,91342845,20,all_days,reused_three_phase_sample
2026-08-03T00:00:00+00:00,91342976,20,all_days,reused_three_phase_sample
2026-08-03T00:00:00+00:00,91344380,20,all_days,reused_three_phase_sample
2026-08-03T00:00:00+00:00,91344603,20,all_days,reused_three_phase_sample
2026-08-03T00:00:00+00:00,91349389,20,all_days,reused_three_phase_sample
2026-08-03T00:00:00+00:00,91349975,20,all_days,reused_three_phase_sample
2026-08-03T00:00:00+00:00,91350985,20,all_days,reused_three_phase_sample
2026-08-03T00:00:00+00:00,91351421,20,all_days,reused_three_phase_sample
2026-08-03T00:00:00+00:00,91352651,20,all_days,reused_three_phase_sample
2026-08-03T00:00:00+00:00,91363142,20,all_days,reused_three_phase_sample
2026-08-03T00:00:00+00:00,91363167,20,all_days,reused_three_phase_sample
2026-08-03T00:00:00+00:00,91370872,20,all_days,reused_three_phase_sample
2026-08-03T00:00:00+00:00,91373252,20,all_days,reused_three_phase_sample
2026-08-03T00:00:00+00:00,91378235,20,all_days,reused_three_phase_sample
2026-08-03T00:00:00+00:00,91379074,20,all_days,reused_three_phase_sample
2026-08-03T00:00:00+00:00,91382910,20,all_days,reused_three_phase_sample
2026-08-03T00:00:00+00:00,91391427,20,all_days,reused_three_phase_sample
2026-08-03T00:00:00+00:00,91394628,20,all_days,reused_three_phase_sample
2026-08-03T00:00:00+00:00,91396296,20,all_days,reused_three_phase_sample
2026-08-04T00:00:00+00:00,91399190,20,all_days,reused_three_phase_sample
2026-08-04T00:00:00+00:00,91405893,20,all_days,reused_three_phase_sample
2026-08-04T00:00:00+00:00,91406415,20,all_days,reused_three_phase_sample
2026-08-04T00:00:00+00:00,91408145,20,all_days,reused_three_phase_sample
2026-08-04T00:00:00+00:00,91408777,20,all_days,reused_three_phase_sample
2026-08-04T00:00:00+00:00,91408779,20,all_days,reused_three_phase_sample
2026-08-04T00:00:00+00:00,91409745,20,all_days,reused_three_phase_sample
2026-08-04T00:00:00+00:00,91411878,20,all_days,reused_three_phase_sample
2026-08-04T00:00:00+00:00,91416666,20,all_days,reused_three_phase_sample
2026-08-04T00:00:00+00:00,91424700,20,all_days,reused_three_phase_sample
2026-08-04T00:00:00+00:00,91425361,20,all_days,reused_three_phase_sample
2026-08-04T00:00:00+00:00,91431800,20,all_days,reused_three_phase_sample
2026-08-04T00:00:00+00:00,91431854,20,all_days,reused_three_phase_sample
2026-08-04T00:00:00+00:00,91432830,20,all_days,reused_three_phase_sample
2026-08-04T00:00:00+00:00,91436178,20,all_days,reused_three_phase_sample
2026-08-04T00:00:00+00:00,91437467,20,all_days,reused_three_phase_sample
2026-08-04T00:00:00+00:00,91442400,20,all_days,reused_three_phase_sample
2026-08-04T00:00:00+00:00,91447237,20,all_days,reused_three_phase_sample
2026-08-04T00:00:00+00:00,91447306,20,all_days,reused_three_phase_sample
2026-08-04T00:00:00+00:00,91455294,20,all_days,reused_three_phase_sample
2026-08-05T00:00:00+00:00,91465376,20,all_days,reused_three_phase_sample
2026-08-05T00:00:00+00:00,91469405,20,all_days,reused_three_phase_sample
2026-08-05T00:00:00+00:00,91474328,20,all_days,reused_three_phase_sample
2026-08-05T00:00:00+00:00,91476023,20,all_days,reused_three_phase_sample
2026-08-05T00:00:00+00:00,91476736,20,all_days,reused_three_phase_sample
2026-08-05T00:00:00+00:00,91479044,20,all_days,reused_three_phase_sample
2026-08-05T00:00:00+00:00,91480673,20,all_days,reused_three_phase_sample
2026-08-05T00:00:00+00:00,91481426,20,all_days,reused_three_phase_sample
2026-08-05T00:00:00+00:00,91484899,20,all_days,reused_three_phase_sample
2026-08-05T00:00:00+00:00,91486495,20,all_days,reused_three_phase_sample
2026-08-05T00:00:00+00:00,91487501,20,all_days,reused_three_phase_sample
2026-08-05T00:00:00+00:00,91488117,20,all_days,reused_three_phase_sample
2026-08-05T00:00:00+00:00,91493366,20,all_days,reused_three_phase_sample
2026-08-05T00:00:00+00:00,91495010,20,all_days,reused_three_phase_sample
2026-08-05T00:00:00+00:00,91498905,20,all_days,reused_three_phase_sample
2026-08-05T00:00:00+00:00,91499471,20,all_days,reused_three_phase_sample
2026-08-05T00:00:00+00:00,91506273,20,all_days,reused_three_phase_sample
2026-08-05T00:00:00+00:00,91506462,20,all_days,reused_three_phase_sample
2026-08-05T00:00:00+00:00,91506912,20,all_days,reused_three_phase_sample
2026-08-05T00:00:00+00:00,91507818,20,all_days,reused_three_phase_sample
2026-08-06T00:00:00+00:00,91513638,20,all_days,reused_three_phase_sample
2026-08-06T00:00:00+00:00,91517683,20,all_days,reused_three_phase_sample
2026-08-06T00:00:00+00:00,91518562,20,all_days,reused_three_phase_sample
2026-08-06T00:00:00+00:00,91518677,20,all_days,reused_three_phase_sample
2026-08-06T00:00:00+00:00,91523094,20,all_days,reused_three_phase_sample
2026-08-06T00:00:00+00:00,91524936,20,all_days,reused_three_phase_sample
2026-08-06T00:00:00+00:00,91525918,20,all_days,reused_three_phase_sample
2026-08-06T00:00:00+00:00,91535500,20,all_days,reused_three_phase_sample
2026-08-06T00:00:00+00:00,91539646,20,all_days,reused_three_phase_sample
2026-08-06T00:00:00+00:00,91541613,20,all_days,reused_three_phase_sample
2026-08-06T00:00:00+00:00,91546231,20,all_days,reused_three_phase_sample
2026-08-06T00:00:00+00:00,91546461,20,all_days,reused_three_phase_sample
2026-08-06T00:00:00+00:00,91549388,20,all_days,reused_three_phase_sample
2026-08-06T00:00:00+00:00,91550733,20,all_days,reused_three_phase_sample
2026-08-06T00:00:00+00:00,91552687,20,all_days,reused_three_phase_sample
2026-08-06T00:00:00+00:00,91553571,20,all_days,reused_three_phase_sample
2026-08-06T00:00:00+00:00,91558525,20,all_days,reused_three_phase_sample
2026-08-06T00:00:00+00:00,91563279,20,all_days,reused_three_phase_sample
2026-08-06T00:00:00+00:00,91563613,20,all_days,reused_three_phase_sample
2026-08-06T00:00:00+00:00,91565368,20,all_days,reused_three_phase_sample
2026-08-07T00:00:00+00:00,91570678,20,all_days,reused_three_phase_sample
2026-08-07T00:00:00+00:00,91571966,20,all_days,reused_three_phase_sample
2026-08-07T00:00:00+00:00,91573476,20,all_days,reused_three_phase_sample
2026-08-07T00:00:00+00:00,91574532,20,all_days,reused_three_phase_sample
2026-08-07T00:00:00+00:00,91578623,20,all_days,reused_three_phase_sample
2026-08-07T00:00:00+00:00,91582502,20,all_days,reused_three_phase_sample
2026-08-07T00:00:00+00:00,91583188,20,all_days,reused_three_phase_sample
2026-08-07T00:00:00+00:00,91586593,20,all_days,reused_three_phase_sample
2026-08-07T00:00:00+00:00,91587703,20,all_days,reused_three_phase_sample
2026-08-07T00:00:00+00:00,91591596,20,all_days,reused_three_phase_sample
2026-08-07T00:00:00+00:00,91592150,20,all_days,reused_three_phase_sample
2026-08-07T00:00:00+00:00,91594489,20,all_days,reused_three_phase_sample
2026-08-07T00:00:00+00:00,91600478,20,all_days,reused_three_phase_sample
2026-08-07T00:00:00+00:00,91600898,20,all_days,reused_three_phase_sample
2026-08-07T00:00:00+00:00,91603515,20,all_days,reused_three_phase_sample
2026-08-07T00:00:00+00:00,91605384,20,all_days,reused_three_phase_sample
2026-08-07T00:00:00+00:00,91608378,20,all_days,reused_three_phase_sample
2026-08-07T00:00:00+00:00,91612046,20,all_days,reused_three_phase_sample
2026-08-07T00:00:00+00:00,91612943,20,all_days,reused_three_phase_sample
2026-08-07T00:00:00+00:00,91621219,20,all_days,reused_three_phase_sample
2026-08-08T00:00:00+00:00,91635652,20,all_days,reused_three_phase_sample
2026-08-08T00:00:00+00:00,91637166,20,all_days,reused_three_phase_sample
2026-08-08T00:00:00+00:00,91642233,20,all_days,reused_three_phase_sample
2026-08-08T00:00:00+00:00,91644157,20,all_days,reused_three_phase_sample
2026-08-08T00:00:00+00:00,91644460,20,all_days,reused_three_phase_sample
2026-08-08T00:00:00+00:00,91644690,20,all_days,reused_three_phase_sample
2026-08-08T00:00:00+00:00,91647818,20,all_days,reused_three_phase_sample
2026-08-08T00:00:00+00:00,91647859,20,all_days,reused_three_phase_sample
2026-08-08T00:00:00+00:00,91647901,20,all_days,reused_three_phase_sample
2026-08-08T00:00:00+00:00,91653986,20,all_days,reused_three_phase_sample
2026-08-08T00:00:00+00:00,91662774,20,all_days,reused_three_phase_sample
2026-08-08T00:00:00+00:00,91662875,20,all_days,reused_three_phase_sample
2026-08-08T00:00:00+00:00,91666223,20,all_days,reused_three_phase_sample
2026-08-08T00:00:00+00:00,91666791,20,all_days,reused_three_phase_sample
2026-08-08T00:00:00+00:00,91667708,20,all_days,reused_three_phase_sample
2026-08-08T00:00:00+00:00,91670877,20,all_days,reused_three_phase_sample
2026-08-08T00:00:00+00:00,91672265,20,all_days,reused_three_phase_sample
2026-08-08T00:00:00+00:00,91674395,20,all_days,reused_three_phase_sample
2026-08-08T00:00:00+00:00,91677952,20,all_days,reused_three_phase_sample
2026-08-08T00:00:00+00:00,91684729,20,all_days,reused_three_phase_sample
2026-08-09T00:00:00+00:00,91686645,20,all_days,reused_three_phase_sample
2026-08-09T00:00:00+00:00,91687030,20,all_days,reused_three_phase_sample
2026-08-09T00:00:00+00:00,91687978,20,all_days,reused_three_phase_sample
2026-08-09T00:00:00+00:00,91693586,20,all_days,reused_three_phase_sample
2026-08-09T00:00:00+00:00,91697491,20,all_days,reused_three_phase_sample
2026-08-09T00:00:00+00:00,91697984,20,all_days,reused_three_phase_sample
2026-08-09T00:00:00+00:00,91698682,20,all_days,reused_three_phase_sample
2026-08-09T00:00:00+00:00,91701789,20,all_days,reused_three_phase_sample
2026-08-09T00:00:00+00:00,91702217,20,all_days,reused_three_phase_sample
2026-08-09T00:00:00+00:00,91709829,20,all_days,reused_three_phase_sample
2026-08-09T00:00:00+00:00,91716486,20,all_days,reused_three_phase_sample
2026-08-09T00:00:00+00:00,91717333,20,all_days,reused_three_phase_sample
2026-08-09T00:00:00+00:00,91718002,20,all_days,reused_three_phase_sample
2026-08-09T00:00:00+00:00,91718149,20,all_days,reused_three_phase_sample
2026-08-09T00:00:00+00:00,91720086,20,all_days,reused_three_phase_sample
2026-08-09T00:00:00+00:00,91720705,20,all_days,reused_three_phase_sample
2026-08-09T00:00:00+00:00,91733632,20,all_days,reused_three_phase_sample
2026-08-09T00:00:00+00:00,91739519,20,all_days,reused_three_phase_sample
2026-08-09T00:00:00+00:00,91742350,20,all_days,reused_three_phase_sample
2026-08-09T00:00:00+00:00,91743070,20,all_days,reused_three_phase_sample
2026-08-10T00:00:00+00:00,91745478,20,all_days,reused_three_phase_sample
2026-08-10T00:00:00+00:00,91747139,20,all_days,reused_three_phase_sample
2026-08-10T00:00:00+00:00,91748892,20,all_days,reused_three_phase_sample
2026-08-10T00:00:00+00:00,91749288,20,all_days,reused_three_phase_sample
2026-08-10T00:00:00+00:00,91755271,20,all_days,reused_three_phase_sample
2026-08-10T00:00:00+00:00,91756428,20,all_days,reused_three_phase_sample
2026-08-10T00:00:00+00:00,91760052,20,all_days,reused_three_phase_sample
2026-08-10T00:00:00+00:00,91760547,20,all_days,reused_three_phase_sample
2026-08-10T00:00:00+00:00,91765015,20,all_days,reused_three_phase_sample
2026-08-10T00:00:00+00:00,91766793,20,all_days,reused_three_phase_sample
2026-08-10T00:00:00+00:00,91773509,20,all_days,reused_three_phase_sample
2026-08-10T00:00:00+00:00,91778732,20,all_days,reused_three_phase_sample
2026-08-10T00:00:00+00:00,91782168,20,all_days,reused_three_phase_sample
2026-08-10T00:00:00+00:00,91784330,20,all_days,reused_three_phase_sample
2026-08-10T00:00:00+00:00,91787473,20,all_days,reused_three_phase_sample
2026-08-10T00:00:00+00:00,91795384,20,all_days,reused_three_phase_sample
2026-08-10T00:00:00+00:00,91795631,20,all_days,reused_three_phase_sample
2026-08-10T00:00:00+00:00,91796039,20,all_days,reused_three_phase_sample
2026-08-10T00:00:00+00:00,91798551,20,all_days,reused_three_phase_sample
2026-08-10T00:00:00+00:00,91798717,20,all_days,reused_three_phase_sample
2026-08-11T00:00:00+00:00,91802801,20,all_days,reused_three_phase_sample
2026-08-11T00:00:00+00:00,91802948,20,all_days,reused_three_phase_sample
2026-08-11T00:00:00+00:00,91807586,20,all_days,reused_three_phase_sample
2026-08-11T00:00:00+00:00,91808392,20,all_days,reused_three_phase_sample
2026-08-11T00:00:00+00:00,91812523,20,all_days,reused_three_phase_sample
2026-08-11T00:00:00+00:00,91813680,20,all_days,reused_three_phase_sample
2026-08-11T00:00:00+00:00,91816172,20,all_days,reused_three_phase_sample
2026-08-11T00:00:00+00:00,91816579,20,all_days,reused_three_phase_sample
2026-08-11T00:00:00+00:00,91816757,20,all_days,reused_three_phase_sample
2026-08-11T00:00:00+00:00,91827590,20,all_days,reused_three_phase_sample
2026-08-11T00:00:00+00:00,91836953,20,all_days,reused_three_phase_sample
2026-08-11T00:00:00+00:00,91838801,20,all_days,reused_three_phase_sample
2026-08-11T00:00:00+00:00,91841178,20,all_days,reused_three_phase_sample
2026-08-11T00:00:00+00:00,91842029,20,all_days,reused_three_phase_sample
2026-08-11T00:00:00+00:00,91842141,20,all_days,reused_three_phase_sample
2026-08-11T00:00:00+00:00,91849527,20,all_days,reused_three_phase_sample
2026-08-11T00:00:00+00:00,91851484,20,all_days,reused_three_phase_sample
2026-08-11T00:00:00+00:00,91851784,20,all_days,reused_three_phase_sample
2026-08-11T00:00:00+00:00,91854595,20,all_days,reused_three_phase_sample
2026-08-11T00:00:00+00:00,91856934,20,all_days,reused_three_phase_sample
2026-08-12T00:00:00+00:00,91859313,20,all_days,reused_three_phase_sample
2026-08-12T00:00:00+00:00,91863134,20,all_days,reused_three_phase_sample
2026-08-12T00:00:00+00:00,91867205,20,all_days,reused_three_phase_sample
2026-08-12T00:00:00+00:00,91867449,20,all_days,reused_three_phase_sample
2026-08-12T00:00:00+00:00,91872805,20,all_days,reused_three_phase_sample
2026-08-12T00:00:00+00:00,91874945,20,all_days,reused_three_phase_sample
2026-08-12T00:00:00+00:00,91877232,20,all_days,reused_three_phase_sample
2026-08-12T00:00:00+00:00,91877849,20,all_days,reused_three_phase_sample
2026-08-12T00:00:00+00:00,91889081,20,all_days,reused_three_phase_sample
2026-08-12T00:00:00+00:00,91893757,20,all_days,reused_three_phase_sample
2026-08-12T00:00:00+00:00,91894386,20,all_days,reused_three_phase_sample
2026-08-12T00:00:00+00:00,91894628,20,all_days,reused_three_phase_sample
2026-08-12T00:00:00+00:00,91897305,20,all_days,reused_three_phase_sample
2026-08-12T00:00:00+00:00,91899843,20,all_days,reused_three_phase_sample
2026-08-12T00:00:00+00:00,91902320,20,all_days,reused_three_phase_sample
2026-08-12T00:00:00+00:00,91906025,20,all_days,reused_three_phase_sample
2026-08-12T00:00:00+00:00,91906957,20,all_days,reused_three_phase_sample
2026-08-12T00:00:00+00:00,91907820,20,all_days,reused_three_phase_sample
2026-08-12T00:00:00+00:00,91909154,20,all_days,reused_three_phase_sample
2026-08-12T00:00:00+00:00,91911387,20,all_days,reused_three_phase_sample
2026-08-13T00:00:00+00:00,91917310,20,all_days,reused_three_phase_sample
2026-08-13T00:00:00+00:00,91928785,20,all_days,reused_three_phase_sample
2026-08-13T00:00:00+00:00,91929088,20,all_days,reused_three_phase_sample
2026-08-13T00:00:00+00:00,91929529,20,all_days,reused_three_phase_sample
2026-08-13T00:00:00+00:00,91932601,20,all_days,reused_three_phase_sample
2026-08-13T00:00:00+00:00,91933480,20,all_days,reused_three_phase_sample
2026-08-13T00:00:00+00:00,91933687,20,all_days,reused_three_phase_sample
2026-08-13T00:00:00+00:00,91934655,20,all_days,reused_three_phase_sample
2026-08-13T00:00:00+00:00,91939275,20,all_days,reused_three_phase_sample
2026-08-13T00:00:00+00:00,91942469,20,all_days,reused_three_phase_sample
2026-08-13T00:00:00+00:00,91947074,20,all_days,reused_three_phase_sample
2026-08-13T00:00:00+00:00,91947170,20,all_days,reused_three_phase_sample
2026-08-13T00:00:00+00:00,91948917,20,all_days,reused_three_phase_sample
2026-08-13T00:00:00+00:00,91953120,20,all_days,reused_three_phase_sample
2026-08-13T00:00:00+00:00,91953750,20,all_days,reused_three_phase_sample
2026-08-13T00:00:00+00:00,91958928,20,all_days,reused_three_phase_sample
2026-08-13T00:00:00+00:00,91962018,20,all_days,reused_three_phase_sample
2026-08-13T00:00:00+00:00,91962792,20,all_days,reused_three_phase_sample
2026-08-13T00:00:00+00:00,91967588,20,all_days,reused_three_phase_sample
2026-08-13T00:00:00+00:00,91973108,20,all_days,reused_three_phase_sample
2026-08-14T00:00:00+00:00,91975671,20,all_days,reused_three_phase_sample
2026-08-14T00:00:00+00:00,91977456,20,all_days,reused_three_phase_sample
2026-08-14T00:00:00+00:00,91979985,20,all_days,reused_three_phase_sample
2026-08-14T00:00:00+00:00,91980207,20,all_days,reused_three_phase_sample
2026-08-14T00:00:00+00:00,91987132,20,all_days,reused_three_phase_sample
2026-08-14T00:00:00+00:00,91989430,20,all_days,reused_three_phase_sample
2026-08-14T00:00:00+00:00,91996900,20,all_days,reused_three_phase_sample
2026-08-14T00:00:00+00:00,92001788,20,all_days,reused_three_phase_sample
2026-08-14T00:00:00+00:00,92003583,20,all_days,reused_three_phase_sample
2026-08-14T00:00:00+00:00,92005438,20,all_days,reused_three_phase_sample
2026-08-14T00:00:00+00:00,92006491,20,all_days,reused_three_phase_sample
2026-08-14T00:00:00+00:00,92008295,20,all_days,reused_three_phase_sample
2026-08-14T00:00:00+00:00,92012780,20,all_days,reused_three_phase_sample
2026-08-14T00:00:00+00:00,92013365,20,all_days,reused_three_phase_sample
2026-08-14T00:00:00+00:00,92014709,20,all_days,reused_three_phase_sample
2026-08-14T00:00:00+00:00,92017829,20,all_days,reused_three_phase_sample
2026-08-14T00:00:00+00:00,92025594,20,all_days,reused_three_phase_sample
2026-08-14T00:00:00+00:00,92025921,20,all_days,reused_three_phase_sample
2026-08-14T00:00:00+00:00,92027659,20,all_days,reused_three_phase_sample
2026-08-14T00:00:00+00:00,92031154,20,all_days,reused_three_phase_sample
2026-08-15T00:00:00+00:00,92036805,20,all_days,reused_three_phase_sample
2026-08-15T00:00:00+00:00,92038225,20,all_days,reused_three_phase_sample
2026-08-15T00:00:00+00:00,92041007,20,all_days,reused_three_phase_sample
2026-08-15T00:00:00+00:00,92042009,20,all_days,reused_three_phase_sample
2026-08-15T00:00:00+00:00,92045668,20,all_days,reused_three_phase_sample
2026-08-15T00:00:00+00:00,92049167,20,all_days,reused_three_phase_sample
2026-08-15T00:00:00+00:00,92053513,20,all_days,reused_three_phase_sample
2026-08-15T00:00:00+00:00,92054811,20,all_days,reused_three_phase_sample
2026-08-15T00:00:00+00:00,92059944,20,all_days,reused_three_phase_sample
2026-08-15T00:00:00+00:00,92060957,20,all_days,reused_three_phase_sample
2026-08-15T00:00:00+00:00,92062668,20,all_days,reused_three_phase_sample
2026-08-15T00:00:00+00:00,92067145,20,all_days,reused_three_phase_sample
2026-08-15T00:00:00+00:00,92067794,20,all_days,reused_three_phase_sample
2026-08-15T00:00:00+00:00,92073583,20,all_days,reused_three_phase_sample
2026-08-15T00:00:00+00:00,92074456,20,all_days,reused_three_phase_sample
2026-08-15T00:00:00+00:00,92076845,20,all_days,reused_three_phase_sample
2026-08-15T00:00:00+00:00,92078270,20,all_days,reused_three_phase_sample
2026-08-15T00:00:00+00:00,92082229,20,all_days,reused_three_phase_sample
2026-08-15T00:00:00+00:00,92082381,20,all_days,reused_three_phase_sample
2026-08-15T00:00:00+00:00,92085323,20,all_days,reused_three_phase_sample
2026-08-16T00:00:00+00:00,92093439,20,all_days,reused_three_phase_sample
2026-08-16T00:00:00+00:00,92095444,20,all_days,reused_three_phase_sample
2026-08-16T00:00:00+00:00,92097463,20,all_days,reused_three_phase_sample
2026-08-16T00:00:00+00:00,92098198,20,all_days,reused_three_phase_sample
2026-08-16T00:00:00+00:00,92105347,20,all_days,reused_three_phase_sample
2026-08-16T00:00:00+00:00,92112374,20,all_days,reused_three_phase_sample
2026-08-16T00:00:00+00:00,92113458,20,all_days,reused_three_phase_sample
2026-08-16T00:00:00+00:00,92113937,20,all_days,reused_three_phase_sample
2026-08-16T00:00:00+00:00,92114587,20,all_days,reused_three_phase_sample
2026-08-16T00:00:00+00:00,92115236,20,all_days,reused_three_phase_sample
2026-08-16T00:00:00+00:00,92115440,20,all_days,reused_three_phase_sample
2026-08-16T00:00:00+00:00,92123967,20,all_days,reused_three_phase_sample
2026-08-16T00:00:00+00:00,92131441,20,all_days,reused_three_phase_sample
2026-08-16T00:00:00+00:00,92136890,20,all_days,reused_three_phase_sample
2026-08-16T00:00:00+00:00,92138622,20,all_days,reused_three_phase_sample
2026-08-16T00:00:00+00:00,92138679,20,all_days,reused_three_phase_sample
2026-08-16T00:00:00+00:00,92140616,20,all_days,reused_three_phase_sample
2026-08-16T00:00:00+00:00,92141643,20,all_days,reused_three_phase_sample
2026-08-16T00:00:00+00:00,92143071,20,all_days,reused_three_phase_sample
2026-08-16T00:00:00+00:00,92146391,20,all_days,reused_three_phase_sample
2026-08-17T00:00:00+00:00,92146740,20,all_days,reused_three_phase_sample
2026-08-17T00:00:00+00:00,92149400,20,all_days,reused_three_phase_sample
2026-08-17T00:00:00+00:00,92151792,20,all_days,reused_three_phase_sample
2026-08-17T00:00:00+00:00,92153554,20,all_days,reused_three_phase_sample
2026-08-17T00:00:00+00:00,92155503,20,all_days,reused_three_phase_sample
2026-08-17T00:00:00+00:00,92164177,20,all_days,reused_three_phase_sample
2026-08-17T00:00:00+00:00,92165483,20,all_days,reused_three_phase_sample
2026-08-17T00:00:00+00:00,92165486,20,all_days,reused_three_phase_sample
2026-08-17T00:00:00+00:00,92167263,20,all_days,reused_three_phase_sample
2026-08-17T00:00:00+00:00,92168397,20,all_days,reused_three_phase_sample
2026-08-17T00:00:00+00:00,92169209,20,all_days,reused_three_phase_sample
2026-08-17T00:00:00+00:00,92169374,20,all_days,reused_three_phase_sample
2026-08-17T00:00:00+00:00,92171704,20,all_days,reused_three_phase_sample
2026-08-17T00:00:00+00:00,92173999,20,all_days,reused_three_phase_sample
2026-08-17T00:00:00+00:00,92174850,20,all_days,reused_three_phase_sample
2026-08-17T00:00:00+00:00,92177870,20,all_days,reused_three_phase_sample
2026-08-17T00:00:00+00:00,92178518,20,all_days,reused_three_phase_sample
2026-08-17T00:00:00+00:00,92179699,20,all_days,reused_three_phase_sample
2026-08-17T00:00:00+00:00,92197636,20,all_days,reused_three_phase_sample
2026-08-17T00:00:00+00:00,92198489,20,all_days,reused_three_phase_sample
2026-08-18T00:00:00+00:00,92206460,20,all_days,reused_three_phase_sample
2026-08-18T00:00:00+00:00,92210029,20,all_days,reused_three_phase_sample
2026-08-18T00:00:00+00:00,92212311,20,all_days,reused_three_phase_sample
2026-08-18T00:00:00+00:00,92212649,20,all_days,reused_three_phase_sample
2026-08-18T00:00:00+00:00,92215763,20,all_days,reused_three_phase_sample
2026-08-18T00:00:00+00:00,92222975,20,all_days,reused_three_phase_sample
2026-08-18T00:00:00+00:00,92227781,20,all_days,reused_three_phase_sample
2026-08-18T00:00:00+00:00,92229441,20,all_days,reused_three_phase_sample
2026-08-18T00:00:00+00:00,92230558,20,all_days,reused_three_phase_sample
2026-08-18T00:00:00+00:00,92231548,20,all_days,reused_three_phase_sample
2026-08-18T00:00:00+00:00,92233237,20,all_days,reused_three_phase_sample
2026-08-18T00:00:00+00:00,92236367,20,all_days,reused_three_phase_sample
2026-08-18T00:00:00+00:00,92237163,20,all_days,reused_three_phase_sample
2026-08-18T00:00:00+00:00,92238349,20,all_days,reused_three_phase_sample
2026-08-18T00:00:00+00:00,92239622,20,all_days,reused_three_phase_sample
2026-08-18T00:00:00+00:00,92245372,20,all_days,reused_three_phase_sample
2026-08-18T00:00:00+00:00,92247110,20,all_days,reused_three_phase_sample
2026-08-18T00:00:00+00:00,92256979,20,all_days,reused_three_phase_sample
2026-08-18T00:00:00+00:00,92259313,20,all_days,reused_three_phase_sample
2026-08-18T00:00:00+00:00,92259629,20,all_days,reused_three_phase_sample
2026-08-19T00:00:00+00:00,92264806,20,all_days,reused_three_phase_sample
2026-08-19T00:00:00+00:00,92266417,20,all_days,reused_three_phase_sample
2026-08-19T00:00:00+00:00,92276884,20,all_days,reused_three_phase_sample
2026-08-19T00:00:00+00:00,92277273,20,all_days,reused_three_phase_sample
2026-08-19T00:00:00+00:00,92278620,20,all_days,reused_three_phase_sample
2026-08-19T00:00:00+00:00,92281269,20,all_days,reused_three_phase_sample
2026-08-19T00:00:00+00:00,92284395,20,all_days,reused_three_phase_sample
2026-08-19T00:00:00+00:00,92286135,20,all_days,reused_three_phase_sample
2026-08-19T00:00:00+00:00,92287913,20,all_days,reused_three_phase_sample
2026-08-19T00:00:00+00:00,92290354,20,all_days,reused_three_phase_sample
2026-08-19T00:00:00+00:00,92291454,20,all_days,reused_three_phase_sample
2026-08-19T00:00:00+00:00,92294711,20,all_days,reused_three_phase_sample
2026-08-19T00:00:00+00:00,92306733,20,all_days,reused_three_phase_sample
2026-08-19T00:00:00+00:00,92308037,20,all_days,reused_three_phase_sample
2026-08-19T00:00:00+00:00,92309918,20,all_days,reused_three_phase_sample
2026-08-19T00:00:00+00:00,92310249,20,all_days,reused_three_phase_sample
2026-08-19T00:00:00+00:00,92311347,20,all_days,reused_three_phase_sample
2026-08-19T00:00:00+00:00,92314440,20,all_days,reused_three_phase_sample
2026-08-19T00:00:00+00:00,92315199,20,all_days,reused_three_phase_sample
2026-08-19T00:00:00+00:00,92317562,20,all_days,reused_three_phase_sample
2026-08-20T00:00:00+00:00,92320091,20,all_days,reused_three_phase_sample
2026-08-20T00:00:00+00:00,92324911,20,all_days,reused_three_phase_sample
2026-08-20T00:00:00+00:00,92325009,20,all_days,reused_three_phase_sample
2026-08-20T00:00:00+00:00,92329618,20,all_days,reused_three_phase_sample
2026-08-20T00:00:00+00:00,92331879,20,all_days,reused_three_phase_sample
2026-08-20T00:00:00+00:00,92332315,20,all_days,reused_three_phase_sample
2026-08-20T00:00:00+00:00,92335063,20,all_days,reused_three_phase_sample
2026-08-20T00:00:00+00:00,92336332,20,all_days,reused_three_phase_sample
2026-08-20T00:00:00+00:00,92338439,20,all_days,reused_three_phase_sample
2026-08-20T00:00:00+00:00,92338458,20,all_days,reused_three_phase_sample
2026-08-20T00:00:00+00:00,92343940,20,all_days,reused_three_phase_sample
2026-08-20T00:00:00+00:00,92345406,20,all_days,reused_three_phase_sample
2026-08-20T00:00:00+00:00,92349017,20,all_days,reused_three_phase_sample
2026-08-20T00:00:00+00:00,92349658,20,all_days,reused_three_phase_sample
2026-08-20T00:00:00+00:00,92364552,20,all_days,reused_three_phase_sample
2026-08-20T00:00:00+00:00,92365045,20,all_days,reused_three_phase_sample
2026-08-20T00:00:00+00:00,92366630,20,all_days,reused_three_phase_sample
2026-08-20T00:00:00+00:00,92366712,20,all_days,reused_three_phase_sample
2026-08-20T00:00:00+00:00,92369784,20,all_days,reused_three_phase_sample
2026-08-20T00:00:00+00:00,92373830,20,all_days,reused_three_phase_sample
2026-08-21T00:00:00+00:00,92377623,20,all_days,reused_three_phase_sample
2026-08-21T00:00:00+00:00,92380840,20,all_days,reused_three_phase_sample
2026-08-21T00:00:00+00:00,92384247,20,all_days,reused_three_phase_sample
2026-08-21T00:00:00+00:00,92385732,20,all_days,reused_three_phase_sample
2026-08-21T00:00:00+00:00,92386252,20,all_days,reused_three_phase_sample
2026-08-21T00:00:00+00:00,92395074,20,all_days,reused_three_phase_sample
2026-08-21T00:00:00+00:00,92395676,20,all_days,reused_three_phase_sample
2026-08-21T00:00:00+00:00,92396757,20,all_days,reused_three_phase_sample
2026-08-21T00:00:00+00:00,92406097,20,all_days,reused_three_phase_sample
2026-08-21T00:00:00+00:00,92408050,20,all_days,reused_three_phase_sample
2026-08-21T00:00:00+00:00,92408112,20,all_days,reused_three_phase_sample
2026-08-21T00:00:00+00:00,92408565,20,all_days,reused_three_phase_sample
2026-08-21T00:00:00+00:00,92410029,20,all_days,reused_three_phase_sample
2026-08-21T00:00:00+00:00,92413391,20,all_days,reused_three_phase_sample
2026-08-21T00:00:00+00:00,92415038,20,all_days,reused_three_phase_sample
2026-08-21T00:00:00+00:00,92415675,20,all_days,reused_three_phase_sample
2026-08-21T00:00:00+00:00,92418222,20,all_days,reused_three_phase_sample
2026-08-21T00:00:00+00:00,92418987,20,all_days,reused_three_phase_sample
2026-08-21T00:00:00+00:00,92421242,20,all_days,reused_three_phase_sample
2026-08-21T00:00:00+00:00,92433159,20,all_days,reused_three_phase_sample
2026-08-22T00:00:00+00:00,92441099,20,all_days,reused_three_phase_sample
2026-08-22T00:00:00+00:00,92441196,20,all_days,reused_three_phase_sample
2026-08-22T00:00:00+00:00,92443951,20,all_days,reused_three_phase_sample
2026-08-22T00:00:00+00:00,92448244,20,all_days,reused_three_phase_sample
2026-08-22T00:00:00+00:00,92452516,20,all_days,reused_three_phase_sample
2026-08-22T00:00:00+00:00,92453218,20,all_days,reused_three_phase_sample
2026-08-22T00:00:00+00:00,92461398,20,all_days,reused_three_phase_sample
2026-08-22T00:00:00+00:00,92463897,20,all_days,reused_three_phase_sample
2026-08-22T00:00:00+00:00,92470442,20,all_days,reused_three_phase_sample
2026-08-22T00:00:00+00:00,92470840,20,all_days,reused_three_phase_sample
2026-08-22T00:00:00+00:00,92475407,20,all_days,reused_three_phase_sample
2026-08-22T00:00:00+00:00,92475946,20,all_days,reused_three_phase_sample
2026-08-22T00:00:00+00:00,92480157,20,all_days,reused_three_phase_sample
2026-08-22T00:00:00+00:00,92480504,20,all_days,reused_three_phase_sample
2026-08-22T00:00:00+00:00,92481000,20,all_days,reused_three_phase_sample
2026-08-22T00:00:00+00:00,92483018,20,all_days,reused_three_phase_sample
2026-08-22T00:00:00+00:00,92486343,20,all_days,reused_three_phase_sample
2026-08-22T00:00:00+00:00,92488725,20,all_days,reused_three_phase_sample
2026-08-22T00:00:00+00:00,92489728,20,all_days,reused_three_phase_sample
2026-08-22T00:00:00+00:00,92491142,20,all_days,reused_three_phase_sample
2026-08-23T00:00:00+00:00,92493990,20,all_days,reused_three_phase_sample
2026-08-23T00:00:00+00:00,92496772,20,all_days,reused_three_phase_sample
2026-08-23T00:00:00+00:00,92498246,20,all_days,reused_three_phase_sample
2026-08-23T00:00:00+00:00,92506556,20,all_days,reused_three_phase_sample
2026-08-23T00:00:00+00:00,92507717,20,all_days,reused_three_phase_sample
2026-08-23T00:00:00+00:00,92510565,20,all_days,reused_three_phase_sample
2026-08-23T00:00:00+00:00,92514755,20,all_days,reused_three_phase_sample
2026-08-23T00:00:00+00:00,92517660,20,all_days,reused_three_phase_sample
2026-08-23T00:00:00+00:00,92522591,20,all_days,reused_three_phase_sample
2026-08-23T00:00:00+00:00,92524659,20,all_days,reused_three_phase_sample
2026-08-23T00:00:00+00:00,92526117,20,all_days,reused_three_phase_sample
2026-08-23T00:00:00+00:00,92530106,20,all_days,reused_three_phase_sample
2026-08-23T00:00:00+00:00,92530827,20,all_days,reused_three_phase_sample
2026-08-23T00:00:00+00:00,92532063,20,all_days,reused_three_phase_sample
2026-08-23T00:00:00+00:00,92533013,20,all_days,reused_three_phase_sample
2026-08-23T00:00:00+00:00,92537906,20,all_days,reused_three_phase_sample
2026-08-23T00:00:00+00:00,92540351,20,all_days,reused_three_phase_sample
2026-08-23T00:00:00+00:00,92541629,20,all_days,reused_three_phase_sample
2026-08-23T00:00:00+00:00,92544916,20,all_days,reused_three_phase_sample
2026-08-23T00:00:00+00:00,92548382,20,all_days,reused_three_phase_sample
2026-08-24T00:00:00+00:00,92550673,20,all_days,reused_three_phase_sample
2026-08-24T00:00:00+00:00,92554629,20,all_days,reused_three_phase_sample
2026-08-24T00:00:00+00:00,92557278,20,all_days,reused_three_phase_sample
2026-08-24T00:00:00+00:00,92557716,20,all_days,reused_three_phase_sample
2026-08-24T00:00:00+00:00,92560368,20,all_days,reused_three_phase_sample
2026-08-24T00:00:00+00:00,92563552,20,all_days,reused_three_phase_sample
2026-08-24T00:00:00+00:00,92563671,20,all_days,reused_three_phase_sample
2026-08-24T00:00:00+00:00,92568546,20,all_days,reused_three_phase_sample
2026-08-24T00:00:00+00:00,92571627,20,all_days,reused_three_phase_sample
2026-08-24T00:00:00+00:00,92575037,20,all_days,reused_three_phase_sample
2026-08-24T00:00:00+00:00,92577176,20,all_days,reused_three_phase_sample
2026-08-24T00:00:00+00:00,92577513,20,all_days,reused_three_phase_sample
2026-08-24T00:00:00+00:00,92584450,20,all_days,reused_three_phase_sample
2026-08-24T00:00:00+00:00,92585272,20,all_days,reused_three_phase_sample
2026-08-24T00:00:00+00:00,92587228,20,all_days,reused_three_phase_sample
2026-08-24T00:00:00+00:00,92590037,20,all_days,reused_three_phase_sample
2026-08-24T00:00:00+00:00,92596188,20,all_days,reused_three_phase_sample
2026-08-24T00:00:00+00:00,92597971,20,all_days,reused_three_phase_sample
2026-08-24T00:00:00+00:00,92604414,20,all_days,reused_three_phase_sample
2026-08-24T00:00:00+00:00,92605368,20,all_days,reused_three_phase_sample
2026-08-25T00:00:00+00:00,92611118,20,all_days,reused_three_phase_sample
2026-08-25T00:00:00+00:00,92611279,20,all_days,reused_three_phase_sample
2026-08-25T00:00:00+00:00,92612631,20,all_days,reused_three_phase_sample
2026-08-25T00:00:00+00:00,92613325,20,all_days,reused_three_phase_sample
2026-08-25T00:00:00+00:00,92615236,20,all_days,reused_three_phase_sample
2026-08-25T00:00:00+00:00,92615873,20,all_days,reused_three_phase_sample
2026-08-25T00:00:00+00:00,92618519,20,all_days,reused_three_phase_sample
2026-08-25T00:00:00+00:00,92618737,20,all_days,reused_three_phase_sample
2026-08-25T00:00:00+00:00,92623211,20,all_days,reused_three_phase_sample
2026-08-25T00:00:00+00:00,92628232,20,all_days,reused_three_phase_sample
2026-08-25T00:00:00+00:00,92629006,20,all_days,reused_three_phase_sample
2026-08-25T00:00:00+00:00,92630978,20,all_days,reused_three_phase_sample
2026-08-25T00:00:00+00:00,92634145,20,all_days,reused_three_phase_sample
2026-08-25T00:00:00+00:00,92637729,20,all_days,reused_three_phase_sample
2026-08-25T00:00:00+00:00,92639073,20,all_days,reused_three_phase_sample
2026-08-25T00:00:00+00:00,92648273,20,all_days,reused_three_phase_sample
2026-08-25T00:00:00+00:00,92654575,20,all_days,reused_three_phase_sample
2026-08-25T00:00:00+00:00,92661278,20,all_days,reused_three_phase_sample
2026-08-25T00:00:00+00:00,92662815,20,all_days,reused_three_phase_sample
2026-08-25T00:00:00+00:00,92663374,20,all_days,reused_three_phase_sample
2026-08-26T00:00:00+00:00,92666416,20,all_days,reused_three_phase_sample
2026-08-26T00:00:00+00:00,92666921,20,all_days,reused_three_phase_sample
2026-08-26T00:00:00+00:00,92672203,20,all_days,reused_three_phase_sample
2026-08-26T00:00:00+00:00,92676338,20,all_days,reused_three_phase_sample
2026-08-26T00:00:00+00:00,92679875,20,all_days,reused_three_phase_sample
2026-08-26T00:00:00+00:00,92681588,20,all_days,reused_three_phase_sample
2026-08-26T00:00:00+00:00,92684847,20,all_days,reused_three_phase_sample
2026-08-26T00:00:00+00:00,92689093,20,all_days,reused_three_phase_sample
2026-08-26T00:00:00+00:00,92692148,20,all_days,reused_three_phase_sample
2026-08-26T00:00:00+00:00,92693666,20,all_days,reused_three_phase_sample
2026-08-26T00:00:00+00:00,92694791,20,all_days,reused_three_phase_sample
2026-08-26T00:00:00+00:00,92697613,20,all_days,reused_three_phase_sample
2026-08-26T00:00:00+00:00,92702739,20,all_days,reused_three_phase_sample
2026-08-26T00:00:00+00:00,92703049,20,all_days,reused_three_phase_sample
2026-08-26T00:00:00+00:00,92703314,20,all_days,reused_three_phase_sample
2026-08-26T00:00:00+00:00,92707319,20,all_days,reused_three_phase_sample
2026-08-26T00:00:00+00:00,92708250,20,all_days,reused_three_phase_sample
2026-08-26T00:00:00+00:00,92714071,20,all_days,reused_three_phase_sample
2026-08-26T00:00:00+00:00,92716407,20,all_days,reused_three_phase_sample
2026-08-26T00:00:00+00:00,92720703,20,all_days,reused_three_phase_sample
2026-08-27T00:00:00+00:00,92725036,20,all_days,reused_three_phase_sample
2026-08-27T00:00:00+00:00,92728207,20,all_days,reused_three_phase_sample
2026-08-27T00:00:00+00:00,92734602,20,all_days,reused_three_phase_sample
2026-08-27T00:00:00+00:00,92735705,20,all_days,reused_three_phase_sample
2026-08-27T00:00:00+00:00,92741442,20,all_days,reused_three_phase_sample
2026-08-27T00:00:00+00:00,92741851,20,all_days,reused_three_phase_sample
2026-08-27T00:00:00+00:00,92745615,20,all_days,reused_three_phase_sample
2026-08-27T00:00:00+00:00,92750459,20,all_days,reused_three_phase_sample
2026-08-27T00:00:00+00:00,92760648,20,all_days,reused_three_phase_sample
2026-08-27T00:00:00+00:00,92761362,20,all_days,reused_three_phase_sample
2026-08-27T00:00:00+00:00,92762394,20,all_days,reused_three_phase_sample
2026-08-27T00:00:00+00:00,92764695,20,all_days,reused_three_phase_sample
2026-08-27T00:00:00+00:00,92764704,20,all_days,reused_three_phase_sample
2026-08-27T00:00:00+00:00,92766736,20,all_days,reused_three_phase_sample
2026-08-27T00:00:00+00:00,92767966,20,all_days,reused_three_phase_sample
2026-08-27T00:00:00+00:00,92769070,20,all_days,reused_three_phase_sample
2026-08-27T00:00:00+00:00,92773076,20,all_days,reused_three_phase_sample
2026-08-27T00:00:00+00:00,92778905,20,all_days,reused_three_phase_sample
2026-08-27T00:00:00+00:00,92778939,20,all_days,reused_three_phase_sample
2026-08-27T00:00:00+00:00,92779284,20,all_days,reused_three_phase_sample
2026-08-28T00:00:00+00:00,92782642,20,all_days,reused_three_phase_sample
2026-08-28T00:00:00+00:00,92784076,20,all_days,reused_three_phase_sample
2026-08-28T00:00:00+00:00,92787256,20,all_days,reused_three_phase_sample
2026-08-28T00:00:00+00:00,92788326,20,all_days,reused_three_phase_sample
2026-08-28T00:00:00+00:00,92789102,20,all_days,reused_three_phase_sample
2026-08-28T00:00:00+00:00,92791395,20,all_days,reused_three_phase_sample
2026-08-28T00:00:00+00:00,92792575,20,all_days,reused_three_phase_sample
2026-08-28T00:00:00+00:00,92798334,20,all_days,reused_three_phase_sample
2026-08-28T00:00:00+00:00,92799192,20,all_days,reused_three_phase_sample
2026-08-28T00:00:00+00:00,92813399,20,all_days,reused_three_phase_sample
2026-08-28T00:00:00+00:00,92813812,20,all_days,reused_three_phase_sample
2026-08-28T00:00:00+00:00,92816090,20,all_days,reused_three_phase_sample
2026-08-28T00:00:00+00:00,92819505,20,all_days,reused_three_phase_sample
2026-08-28T00:00:00+00:00,92824734,20,all_days,reused_three_phase_sample
2026-08-28T00:00:00+00:00,92824852,20,all_days,reused_three_phase_sample
2026-08-28T00:00:00+00:00,92825754,20,all_days,reused_three_phase_sample
2026-08-28T00:00:00+00:00,92828122,20,all_days,reused_three_phase_sample
2026-08-28T00:00:00+00:00,92836337,20,all_days,reused_three_phase_sample
2026-08-28T00:00:00+00:00,92836713,20,all_days,reused_three_phase_sample
2026-08-28T00:00:00+00:00,92837308,20,all_days,reused_three_phase_sample
2026-08-29T00:00:00+00:00,92838808,20,all_days,reused_three_phase_sample
2026-08-29T00:00:00+00:00,92840930,20,all_days,reused_three_phase_sample
2026-08-29T00:00:00+00:00,92841968,20,all_days,reused_three_phase_sample
2026-08-29T00:00:00+00:00,92850032,20,all_days,reused_three_phase_sample
2026-08-29T00:00:00+00:00,92852730,20,all_days,reused_three_phase_sample
2026-08-29T00:00:00+00:00,92854986,20,all_days,reused_three_phase_sample
2026-08-29T00:00:00+00:00,92857355,20,all_days,reused_three_phase_sample
2026-08-29T00:00:00+00:00,92862140,20,all_days,reused_three_phase_sample
2026-08-29T00:00:00+00:00,92864721,20,all_days,reused_three_phase_sample
2026-08-29T00:00:00+00:00,92865624,20,all_days,reused_three_phase_sample
2026-08-29T00:00:00+00:00,92869271,20,all_days,reused_three_phase_sample
2026-08-29T00:00:00+00:00,92870338,20,all_days,reused_three_phase_sample
2026-08-29T00:00:00+00:00,92870726,20,all_days,reused_three_phase_sample
2026-08-29T00:00:00+00:00,92874827,20,all_days,reused_three_phase_sample
2026-08-29T00:00:00+00:00,92879327,20,all_days,reused_three_phase_sample
2026-08-29T00:00:00+00:00,92881329,20,all_days,reused_three_phase_sample
2026-08-29T00:00:00+00:00,92882483,20,all_days,reused_three_phase_sample
2026-08-29T00:00:00+00:00,92887753,20,all_days,reused_three_phase_sample
2026-08-29T00:00:00+00:00,92888328,20,all_days,reused_three_phase_sample
2026-08-29T00:00:00+00:00,92891584,20,all_days,reused_three_phase_sample
2026-08-30T00:00:00+00:00,92896220,20,all_days,reused_three_phase_sample
2026-08-30T00:00:00+00:00,92897689,20,all_days,reused_three_phase_sample
2026-08-30T00:00:00+00:00,92899535,20,all_days,reused_three_phase_sample
2026-08-30T00:00:00+00:00,92900709,20,all_days,reused_three_phase_sample
2026-08-30T00:00:00+00:00,92902317,20,all_days,reused_three_phase_sample
2026-08-30T00:00:00+00:00,92905404,20,all_days,reused_three_phase_sample
2026-08-30T00:00:00+00:00,92910161,20,all_days,reused_three_phase_sample
2026-08-30T00:00:00+00:00,92915552,20,all_days,reused_three_phase_sample
2026-08-30T00:00:00+00:00,92917981,20,all_days,reused_three_phase_sample
2026-08-30T00:00:00+00:00,92922778,20,all_days,reused_three_phase_sample
2026-08-30T00:00:00+00:00,92926844,20,all_days,reused_three_phase_sample
2026-08-30T00:00:00+00:00,92927859,20,all_days,reused_three_phase_sample
2026-08-30T00:00:00+00:00,92929397,20,all_days,reused_three_phase_sample
2026-08-30T00:00:00+00:00,92931753,20,all_days,reused_three_phase_sample
2026-08-30T00:00:00+00:00,92937139,20,all_days,reused_three_phase_sample
2026-08-30T00:00:00+00:00,92937770,20,all_days,reused_three_phase_sample
2026-08-30T00:00:00+00:00,92944430,20,all_days,reused_three_phase_sample
2026-08-30T00:00:00+00:00,92944832,20,all_days,reused_three_phase_sample
2026-08-30T00:00:00+00:00,92948193,20,all_days,reused_three_phase_sample
2026-08-30T00:00:00+00:00,92950268,20,all_days,reused_three_phase_sample
2026-08-31T00:00:00+00:00,92953934,20,all_days,reused_three_phase_sample
2026-08-31T00:00:00+00:00,92955823,20,all_days,reused_three_phase_sample
2026-08-31T00:00:00+00:00,92957279,20,all_days,reused_three_phase_sample
2026-08-31T00:00:00+00:00,92966730,20,all_days,reused_three_phase_sample
2026-08-31T00:00:00+00:00,92968444,20,all_days,reused_three_phase_sample
2026-08-31T00:00:00+00:00,92977309,20,all_days,reused_three_phase_sample
2026-08-31T00:00:00+00:00,92980581,20,all_days,reused_three_phase_sample
2026-08-31T00:00:00+00:00,92981302,20,all_days,reused_three_phase_sample
2026-08-31T00:00:00+00:00,92984247,20,all_days,reused_three_phase_sample
2026-08-31T00:00:00+00:00,92985880,20,all_days,reused_three_phase_sample
2026-08-31T00:00:00+00:00,92986017,20,all_days,reused_three_phase_sample
2026-08-31T00:00:00+00:00,92986336,20,all_days,reused_three_phase_sample
2026-08-31T00:00:00+00:00,92987914,20,all_days,reused_three_phase_sample
2026-08-31T00:00:00+00:00,92987944,20,all_days,reused_three_phase_sample
2026-08-31T00:00:00+00:00,92989176,20,all_days,reused_three_phase_sample
2026-08-31T00:00:00+00:00,92991910,20,all_days,reused_three_phase_sample
2026-08-31T00:00:00+00:00,93002674,20,all_days,reused_three_phase_sample
2026-08-31T00:00:00+00:00,93005389,20,all_days,reused_three_phase_sample
2026-08-31T00:00:00+00:00,93007632,20,all_days,reused_three_phase_sample
2026-08-31T00:00:00+00:00,93008988,20,all_days,reused_three_phase_sample
2026-09-01T00:00:00+00:00,93011117,20,all_days,reused_three_phase_sample
2026-09-01T00:00:00+00:00,93013723,20,all_days,reused_three_phase_sample
2026-09-01T00:00:00+00:00,93015577,20,all_days,reused_three_phase_sample
2026-09-01T00:00:00+00:00,93016033,20,all_days,reused_three_phase_sample
2026-09-01T00:00:00+00:00,93019331,20,all_days,reused_three_phase_sample
2026-09-01T00:00:00+00:00,93020596,20,all_days,reused_three_phase_sample
2026-09-01T00:00:00+00:00,93027542,20,all_days,reused_three_phase_sample
2026-09-01T00:00:00+00:00,93028577,20,all_days,reused_three_phase_sample
2026-09-01T00:00:00+00:00,93028706,20,all_days,reused_three_phase_sample
2026-09-01T00:00:00+00:00,93029669,20,all_days,reused_three_phase_sample
2026-09-01T00:00:00+00:00,93029829,20,all_days,reused_three_phase_sample
2026-09-01T00:00:00+00:00,93040742,20,all_days,reused_three_phase_sample
2026-09-01T00:00:00+00:00,93046032,20,all_days,reused_three_phase_sample
2026-09-01T00:00:00+00:00,93052057,20,all_days,reused_three_phase_sample
2026-09-01T00:00:00+00:00,93054690,20,all_days,reused_three_phase_sample
2026-09-01T00:00:00+00:00,93061045,20,all_days,reused_three_phase_sample
2026-09-01T00:00:00+00:00,93064128,20,all_days,reused_three_phase_sample
2026-09-01T00:00:00+00:00,93066139,20,all_days,reused_three_phase_sample
2026-09-01T00:00:00+00:00,93066626,20,all_days,reused_three_phase_sample
2026-09-01T00:00:00+00:00,93066816,20,all_days,reused_three_phase_sample
2026-09-02T00:00:00+00:00,93074930,20,all_days,reused_three_phase_sample
2026-09-02T00:00:00+00:00,93076646,20,all_days,reused_three_phase_sample
2026-09-02T00:00:00+00:00,93079343,20,all_days,reused_three_phase_sample
2026-09-02T00:00:00+00:00,93079950,20,all_days,reused_three_phase_sample
2026-09-02T00:00:00+00:00,93084551,20,all_days,reused_three_phase_sample
2026-09-02T00:00:00+00:00,93089252,20,all_days,reused_three_phase_sample
2026-09-02T00:00:00+00:00,93093143,20,all_days,reused_three_phase_sample
2026-09-02T00:00:00+00:00,93093421,20,all_days,reused_three_phase_sample
2026-09-02T00:00:00+00:00,93095740,20,all_days,reused_three_phase_sample
2026-09-02T00:00:00+00:00,93098304,20,all_days,reused_three_phase_sample
2026-09-02T00:00:00+00:00,93101448,20,all_days,reused_three_phase_sample
2026-09-02T00:00:00+00:00,93104395,20,all_days,reused_three_phase_sample
2026-09-02T00:00:00+00:00,93105459,20,all_days,reused_three_phase_sample
2026-09-02T00:00:00+00:00,93107222,20,all_days,reused_three_phase_sample
2026-09-02T00:00:00+00:00,93108734,20,all_days,reused_three_phase_sample
2026-09-02T00:00:00+00:00,93109430,20,all_days,reused_three_phase_sample
2026-09-02T00:00:00+00:00,93109611,20,all_days,reused_three_phase_sample
2026-09-02T00:00:00+00:00,93118401,20,all_days,reused_three_phase_sample
2026-09-02T00:00:00+00:00,93118425,20,all_days,reused_three_phase_sample
2026-09-02T00:00:00+00:00,93118996,20,all_days,reused_three_phase_sample
2026-09-03T00:00:00+00:00,93126609,20,all_days,reused_three_phase_sample
2026-09-03T00:00:00+00:00,93133053,20,all_days,reused_three_phase_sample
2026-09-03T00:00:00+00:00,93135920,20,all_days,reused_three_phase_sample
2026-09-03T00:00:00+00:00,93136327,20,all_days,reused_three_phase_sample
2026-09-03T00:00:00+00:00,93136481,20,all_days,reused_three_phase_sample
2026-09-03T00:00:00+00:00,93137314,20,all_days,reused_three_phase_sample
2026-09-03T00:00:00+00:00,93138773,20,all_days,reused_three_phase_sample
2026-09-03T00:00:00+00:00,93139864,20,all_days,reused_three_phase_sample
2026-09-03T00:00:00+00:00,93151267,20,all_days,reused_three_phase_sample
2026-09-03T00:00:00+00:00,93153323,20,all_days,reused_three_phase_sample
2026-09-03T00:00:00+00:00,93157326,20,all_days,reused_three_phase_sample
2026-09-03T00:00:00+00:00,93158299,20,all_days,reused_three_phase_sample
2026-09-03T00:00:00+00:00,93158802,20,all_days,reused_three_phase_sample
2026-09-03T00:00:00+00:00,93161509,20,all_days,reused_three_phase_sample
2026-09-03T00:00:00+00:00,93162026,20,all_days,reused_three_phase_sample
2026-09-03T00:00:00+00:00,93163065,20,all_days,reused_three_phase_sample
2026-09-03T00:00:00+00:00,93163561,20,all_days,reused_three_phase_sample
2026-09-03T00:00:00+00:00,93166541,20,all_days,reused_three_phase_sample
2026-09-03T00:00:00+00:00,93167356,20,all_days,reused_three_phase_sample
2026-09-03T00:00:00+00:00,93181963,20,all_days,reused_three_phase_sample
2026-09-04T00:00:00+00:00,93186500,20,all_days,reused_three_phase_sample
2026-09-04T00:00:00+00:00,93191936,20,all_days,reused_three_phase_sample
2026-09-04T00:00:00+00:00,93193280,20,all_days,reused_three_phase_sample
2026-09-04T00:00:00+00:00,93195427,20,all_days,reused_three_phase_sample
2026-09-04T00:00:00+00:00,93195431,20,all_days,reused_three_phase_sample
2026-09-04T00:00:00+00:00,93200275,20,all_days,reused_three_phase_sample
2026-09-04T00:00:00+00:00,93205270,20,all_days,reused_three_phase_sample
2026-09-04T00:00:00+00:00,93207720,20,all_days,reused_three_phase_sample
2026-09-04T00:00:00+00:00,93208769,20,all_days,reused_three_phase_sample
2026-09-04T00:00:00+00:00,93209031,20,all_days,reused_three_phase_sample
2026-09-04T00:00:00+00:00,93209979,20,all_days,reused_three_phase_sample
2026-09-04T00:00:00+00:00,93210282,20,all_days,reused_three_phase_sample
2026-09-04T00:00:00+00:00,93210855,20,all_days,reused_three_phase_sample
2026-09-04T00:00:00+00:00,93213301,20,all_days,reused_three_phase_sample
2026-09-04T00:00:00+00:00,93215532,20,all_days,reused_three_phase_sample
2026-09-04T00:00:00+00:00,93215713,20,all_days,reused_three_phase_sample
2026-09-04T00:00:00+00:00,93218650,20,all_days,reused_three_phase_sample
2026-09-04T00:00:00+00:00,93221076,20,all_days,reused_three_phase_sample
2026-09-04T00:00:00+00:00,93222321,20,all_days,reused_three_phase_sample
2026-09-04T00:00:00+00:00,93229059,20,all_days,reused_three_phase_sample
2026-09-05T00:00:00+00:00,93243579,20,all_days,reused_three_phase_sample
2026-09-05T00:00:00+00:00,93245999,20,all_days,reused_three_phase_sample
2026-09-05T00:00:00+00:00,93249191,20,all_days,reused_three_phase_sample
2026-09-05T00:00:00+00:00,93249714,20,all_days,reused_three_phase_sample
2026-09-05T00:00:00+00:00,93253401,20,all_days,reused_three_phase_sample
2026-09-05T00:00:00+00:00,93253859,20,all_days,reused_three_phase_sample
2026-09-05T00:00:00+00:00,93254412,20,all_days,reused_three_phase_sample
2026-09-05T00:00:00+00:00,93260956,20,all_days,reused_three_phase_sample
2026-09-05T00:00:00+00:00,93263329,20,all_days,reused_three_phase_sample
2026-09-05T00:00:00+00:00,93272257,20,all_days,reused_three_phase_sample
2026-09-05T00:00:00+00:00,93272261,20,all_days,reused_three_phase_sample
2026-09-05T00:00:00+00:00,93272669,20,all_days,reused_three_phase_sample
2026-09-05T00:00:00+00:00,93274160,20,all_days,reused_three_phase_sample
2026-09-05T00:00:00+00:00,93279899,20,all_days,reused_three_phase_sample
2026-09-05T00:00:00+00:00,93280257,20,all_days,reused_three_phase_sample
2026-09-05T00:00:00+00:00,93281298,20,all_days,reused_three_phase_sample
2026-09-05T00:00:00+00:00,93285840,20,all_days,reused_three_phase_sample
2026-09-05T00:00:00+00:00,93286342,20,all_days,reused_three_phase_sample
2026-09-05T00:00:00+00:00,93292898,20,all_days,reused_three_phase_sample
2026-09-05T00:00:00+00:00,93294903,20,all_days,reused_three_phase_sample
2026-09-06T00:00:00+00:00,93299401,20,all_days,reused_three_phase_sample
2026-09-06T00:00:00+00:00,93303774,20,all_days,reused_three_phase_sample
2026-09-06T00:00:00+00:00,93309059,20,all_days,reused_three_phase_sample
2026-09-06T00:00:00+00:00,93311418,20,all_days,reused_three_phase_sample
2026-09-06T00:00:00+00:00,93323395,20,all_days,reused_three_phase_sample
2026-09-06T00:00:00+00:00,93325866,20,all_days,reused_three_phase_sample
2026-09-06T00:00:00+00:00,93327535,20,all_days,reused_three_phase_sample
2026-09-06T00:00:00+00:00,93328447,20,all_days,reused_three_phase_sample
2026-09-06T00:00:00+00:00,93330348,20,all_days,reused_three_phase_sample
2026-09-06T00:00:00+00:00,93333724,20,all_days,reused_three_phase_sample
2026-09-06T00:00:00+00:00,93336044,20,all_days,reused_three_phase_sample
2026-09-06T00:00:00+00:00,93337985,20,all_days,reused_three_phase_sample
2026-09-06T00:00:00+00:00,93339991,20,all_days,reused_three_phase_sample
2026-09-06T00:00:00+00:00,93340549,20,all_days,reused_three_phase_sample
2026-09-06T00:00:00+00:00,93343911,20,all_days,reused_three_phase_sample
2026-09-06T00:00:00+00:00,93344725,20,all_days,reused_three_phase_sample
2026-09-06T00:00:00+00:00,93349701,20,all_days,reused_three_phase_sample
2026-09-06T00:00:00+00:00,93350890,20,all_days,reused_three_phase_sample
2026-09-06T00:00:00+00:00,93351676,20,all_days,reused_three_phase_sample
2026-09-06T00:00:00+00:00,93352960,20,all_days,reused_three_phase_sample
2026-09-07T00:00:00+00:00,93362714,20,all_days,reused_three_phase_sample
2026-09-07T00:00:00+00:00,93368491,20,all_days,reused_three_phase_sample
2026-09-07T00:00:00+00:00,93368583,20,all_days,reused_three_phase_sample
2026-09-07T00:00:00+00:00,93371173,20,all_days,reused_three_phase_sample
2026-09-07T00:00:00+00:00,93372711,20,all_days,reused_three_phase_sample
2026-09-07T00:00:00+00:00,93373110,20,all_days,reused_three_phase_sample
2026-09-07T00:00:00+00:00,93379179,20,all_days,reused_three_phase_sample
2026-09-07T00:00:00+00:00,93380496,20,all_days,reused_three_phase_sample
2026-09-07T00:00:00+00:00,93387479,20,all_days,reused_three_phase_sample
2026-09-07T00:00:00+00:00,93403467,20,all_days,reused_three_phase_sample
2026-09-07T00:00:00+00:00,93404069,20,all_days,reused_three_phase_sample
2026-09-07T00:00:00+00:00,93404480,20,all_days,reused_three_phase_sample
2026-09-07T00:00:00+00:00,93405371,20,all_days,reused_three_phase_sample
2026-09-07T00:00:00+00:00,93406551,20,all_days,reused_three_phase_sample
2026-09-07T00:00:00+00:00,93406570,20,all_days,reused_three_phase_sample
2026-09-07T00:00:00+00:00,93408586,20,all_days,reused_three_phase_sample
2026-09-07T00:00:00+00:00,93409171,20,all_days,reused_three_phase_sample
2026-09-07T00:00:00+00:00,93409229,20,all_days,reused_three_phase_sample
2026-09-07T00:00:00+00:00,93411064,20,all_days,reused_three_phase_sample
2026-09-07T00:00:00+00:00,93412720,20,all_days,reused_three_phase_sample
2026-09-08T00:00:00+00:00,93422648,20,all_days,reused_three_phase_sample
2026-09-08T00:00:00+00:00,93431923,20,all_days,reused_three_phase_sample
2026-09-08T00:00:00+00:00,93432636,20,all_days,reused_three_phase_sample
2026-09-08T00:00:00+00:00,93435725,20,all_days,reused_three_phase_sample
2026-09-08T00:00:00+00:00,93438093,20,all_days,reused_three_phase_sample
2026-09-08T00:00:00+00:00,93439023,20,all_days,reused_three_phase_sample
2026-09-08T00:00:00+00:00,93440527,20,all_days,reused_three_phase_sample
2026-09-08T00:00:00+00:00,93440641,20,all_days,reused_three_phase_sample
2026-09-08T00:00:00+00:00,93440905,20,all_days,reused_three_phase_sample
2026-09-08T00:00:00+00:00,93443170,20,all_days,reused_three_phase_sample
2026-09-08T00:00:00+00:00,93451738,20,all_days,reused_three_phase_sample
2026-09-08T00:00:00+00:00,93452498,20,all_days,reused_three_phase_sample
2026-09-08T00:00:00+00:00,93454077,20,all_days,reused_three_phase_sample
2026-09-08T00:00:00+00:00,93455488,20,all_days,reused_three_phase_sample
2026-09-08T00:00:00+00:00,93460304,20,all_days,reused_three_phase_sample
2026-09-08T00:00:00+00:00,93464798,20,all_days,reused_three_phase_sample
2026-09-08T00:00:00+00:00,93466024,20,all_days,reused_three_phase_sample
2026-09-08T00:00:00+00:00,93468419,20,all_days,reused_three_phase_sample
2026-09-08T00:00:00+00:00,93470101,20,all_days,reused_three_phase_sample
2026-09-08T00:00:00+00:00,93470700,20,all_days,reused_three_phase_sample
2026-09-09T00:00:00+00:00,93471855,20,all_days,reused_three_phase_sample
2026-09-09T00:00:00+00:00,93476325,20,all_days,reused_three_phase_sample
2026-09-09T00:00:00+00:00,93478569,20,all_days,reused_three_phase_sample
2026-09-09T00:00:00+00:00,93480367,20,all_days,reused_three_phase_sample
2026-09-09T00:00:00+00:00,93481643,20,all_days,reused_three_phase_sample
2026-09-09T00:00:00+00:00,93494189,20,all_days,reused_three_phase_sample
2026-09-09T00:00:00+00:00,93495515,20,all_days,reused_three_phase_sample
2026-09-09T00:00:00+00:00,93495614,20,all_days,reused_three_phase_sample
2026-09-09T00:00:00+00:00,93500606,20,all_days,reused_three_phase_sample
2026-09-09T00:00:00+00:00,93502229,20,all_days,reused_three_phase_sample
2026-09-09T00:00:00+00:00,93502968,20,all_days,reused_three_phase_sample
2026-09-09T00:00:00+00:00,93503451,20,all_days,reused_three_phase_sample
2026-09-09T00:00:00+00:00,93504335,20,all_days,reused_three_phase_sample
2026-09-09T00:00:00+00:00,93504848,20,all_days,reused_three_phase_sample
2026-09-09T00:00:00+00:00,93507831,20,all_days,reused_three_phase_sample
2026-09-09T00:00:00+00:00,93515637,20,all_days,reused_three_phase_sample
2026-09-09T00:00:00+00:00,93516191,20,all_days,reused_three_phase_sample
2026-09-09T00:00:00+00:00,93521943,20,all_days,reused_three_phase_sample
2026-09-09T00:00:00+00:00,93524445,20,all_days,reused_three_phase_sample
2026-09-09T00:00:00+00:00,93528218,20,all_days,reused_three_phase_sample
2026-09-10T00:00:00+00:00,93534696,20,all_days,reused_three_phase_sample
2026-09-10T00:00:00+00:00,93535740,20,all_days,reused_three_phase_sample
2026-09-10T00:00:00+00:00,93536152,20,all_days,reused_three_phase_sample
2026-09-10T00:00:00+00:00,93537773,20,all_days,reused_three_phase_sample
2026-09-10T00:00:00+00:00,93539502,20,all_days,reused_three_phase_sample
2026-09-10T00:00:00+00:00,93539578,20,all_days,reused_three_phase_sample
2026-09-10T00:00:00+00:00,93542850,20,all_days,reused_three_phase_sample
2026-09-10T00:00:00+00:00,93546777,20,all_days,reused_three_phase_sample
2026-09-10T00:00:00+00:00,93550618,20,all_days,reused_three_phase_sample
2026-09-10T00:00:00+00:00,93551641,20,all_days,reused_three_phase_sample
2026-09-10T00:00:00+00:00,93554388,20,all_days,reused_three_phase_sample
2026-09-10T00:00:00+00:00,93560115,20,all_days,reused_three_phase_sample
2026-09-10T00:00:00+00:00,93561968,20,all_days,reused_three_phase_sample
2026-09-10T00:00:00+00:00,93565193,20,all_days,reused_three_phase_sample
2026-09-10T00:00:00+00:00,93568302,20,all_days,reused_three_phase_sample
2026-09-10T00:00:00+00:00,93570891,20,all_days,reused_three_phase_sample
2026-09-10T00:00:00+00:00,93571386,20,all_days,reused_three_phase_sample
2026-09-10T00:00:00+00:00,93573891,20,all_days,reused_three_phase_sample
2026-09-10T00:00:00+00:00,93581477,20,all_days,reused_three_phase_sample
2026-09-10T00:00:00+00:00,93583986,20,all_days,reused_three_phase_sample
2026-09-11T00:00:00+00:00,93597342,20,all_days,reused_three_phase_sample
2026-09-11T00:00:00+00:00,93597921,20,all_days,reused_three_phase_sample
2026-09-11T00:00:00+00:00,93602691,20,all_days,reused_three_phase_sample
2026-09-11T00:00:00+00:00,93613616,20,all_days,reused_three_phase_sample
2026-09-11T00:00:00+00:00,93614366,20,all_days,reused_three_phase_sample
2026-09-11T00:00:00+00:00,93616875,20,all_days,reused_three_phase_sample
2026-09-11T00:00:00+00:00,93620237,20,all_days,reused_three_phase_sample
2026-09-11T00:00:00+00:00,93622076,20,all_days,reused_three_phase_sample
2026-09-11T00:00:00+00:00,93622532,20,all_days,reused_three_phase_sample
2026-09-11T00:00:00+00:00,93623156,20,all_days,reused_three_phase_sample
2026-09-11T00:00:00+00:00,93624268,20,all_days,reused_three_phase_sample
2026-09-11T00:00:00+00:00,93625870,20,all_days,reused_three_phase_sample
2026-09-11T00:00:00+00:00,93626211,20,all_days,reused_three_phase_sample
2026-09-11T00:00:00+00:00,93630922,20,all_days,reused_three_phase_sample
2026-09-11T00:00:00+00:00,93631109,20,all_days,reused_three_phase_sample
2026-09-11T00:00:00+00:00,93634270,20,all_days,reused_three_phase_sample
2026-09-11T00:00:00+00:00,93635088,20,all_days,reused_three_phase_sample
2026-09-11T00:00:00+00:00,93638109,20,all_days,reused_three_phase_sample
2026-09-11T00:00:00+00:00,93638523,20,all_days,reused_three_phase_sample
2026-09-11T00:00:00+00:00,93639543,20,all_days,reused_three_phase_sample
2026-09-12T00:00:00+00:00,93651905,20,all_days,completion_random_sample
2026-09-12T00:00:00+00:00,93652016,20,all_days,completion_random_sample
2026-09-12T00:00:00+00:00,93654017,20,all_days,completion_random_sample
2026-09-12T00:00:00+00:00,93654578,20,all_days,completion_random_sample
2026-09-12T00:00:00+00:00,93655369,20,all_days,completion_random_sample
2026-09-12T00:00:00+00:00,93655850,20,all_days,completion_random_sample
2026-09-12T00:00:00+00:00,93657104,20,all_days,completion_random_sample
2026-09-12T00:00:00+00:00,93658206,20,all_days,completion_random_sample
2026-09-12T00:00:00+00:00,93658950,20,all_days,completion_random_sample
2026-09-12T00:00:00+00:00,93660421,20,all_days,completion_random_sample
2026-09-12T00:00:00+00:00,93663446,20,all_days,completion_random_sample
2026-09-12T00:00:00+00:00,93665646,20,all_days,completion_random_sample
2026-09-12T00:00:00+00:00,93667064,20,all_days,completion_random_sample
2026-09-12T00:00:00+00:00,93673482,20,all_days,completion_random_sample
2026-09-12T00:00:00+00:00,93680920,20,all_days,completion_random_sample
2026-09-12T00:00:00+00:00,93684089,20,all_days,completion_random_sample
2026-09-12T00:00:00+00:00,93685104,20,all_days,completion_random_sample
2026-09-12T00:00:00+00:00,93689967,20,all_days,completion_random_sample
2026-09-12T00:00:00+00:00,93690493,20,all_days,completion_random_sample
2026-09-12T00:00:00+00:00,93697138,20,all_days,completion_random_sample
2026-09-13T00:00:00+00:00,93701924,20,all_days,completion_random_sample
2026-09-13T00:00:00+00:00,93703155,20,all_days,completion_random_sample
2026-09-13T00:00:00+00:00,93704114,20,all_days,completion_random_sample
2026-09-13T00:00:00+00:00,93709184,20,all_days,completion_random_sample
2026-09-13T00:00:00+00:00,93711118,20,all_days,completion_random_sample
2026-09-13T00:00:00+00:00,93711303,20,all_days,completion_random_sample
2026-09-13T00:00:00+00:00,93711810,20,all_days,completion_random_sample
2026-09-13T00:00:00+00:00,93712215,20,all_days,completion_random_sample
2026-09-13T00:00:00+00:00,93720197,20,all_days,completion_random_sample
2026-09-13T00:00:00+00:00,93720583,20,all_days,completion_random_sample
2026-09-13T00:00:00+00:00,93727945,20,all_days,completion_random_sample
2026-09-13T00:00:00+00:00,93728253,20,all_days,completion_random_sample
2026-09-13T00:00:00+00:00,93730838,20,all_days,completion_random_sample
2026-09-13T00:00:00+00:00,93732110,20,all_days,completion_random_sample
2026-09-13T00:00:00+00:00,93734091,20,all_days,completion_random_sample
2026-09-13T00:00:00+00:00,93734103,20,all_days,completion_random_sample
2026-09-13T00:00:00+00:00,93734160,20,all_days,completion_random_sample
2026-09-13T00:00:00+00:00,93734922,20,all_days,completion_random_sample
2026-09-13T00:00:00+00:00,93740455,20,all_days,completion_random_sample
2026-09-13T00:00:00+00:00,93741042,20,all_days,completion_random_sample
2026-09-14T00:00:00+00:00,93760196,20,all_days,completion_random_sample
2026-09-14T00:00:00+00:00,93760938,20,all_days,completion_random_sample
2026-09-14T00:00:00+00:00,93765023,20,all_days,completion_random_sample
2026-09-14T00:00:00+00:00,93766490,20,all_days,completion_random_sample
2026-09-14T00:00:00+00:00,93768254,20,all_days,completion_random_sample
2026-09-14T00:00:00+00:00,93775704,20,all_days,completion_random_sample
2026-09-14T00:00:00+00:00,93777779,20,all_days,completion_random_sample
2026-09-14T00:00:00+00:00,93780247,20,all_days,completion_random_sample
2026-09-14T00:00:00+00:00,93783001,20,all_days,completion_random_sample
2026-09-14T00:00:00+00:00,93792261,20,all_days,completion_random_sample
2026-09-14T00:00:00+00:00,93795822,20,all_days,completion_random_sample
2026-09-14T00:00:00+00:00,93796944,20,all_days,completion_random_sample
2026-09-14T00:00:00+00:00,93799097,20,all_days,completion_random_sample
2026-09-14T00:00:00+00:00,93807243,20,all_days,completion_random_sample
2026-09-14T00:00:00+00:00,93808107,20,all_days,completion_random_sample
2026-09-14T00:00:00+00:00,93809159,20,all_days,completion_random_sample
2026-09-14T00:00:00+00:00,93809931,20,all_days,completion_random_sample
2026-09-14T00:00:00+00:00,93810063,20,all_days,completion_random_sample
2026-09-14T00:00:00+00:00,93811610,20,all_days,completion_random_sample
2026-09-14T00:00:00+00:00,93816396,20,all_days,completion_random_sample
2026-09-15T00:00:00+00:00,93816990,20,all_days,completion_random_sample
2026-09-15T00:00:00+00:00,93819325,20,all_days,completion_random_sample
2026-09-15T00:00:00+00:00,93821258,20,all_days,completion_random_sample
2026-09-15T00:00:00+00:00,93826816,20,all_days,completion_random_sample
2026-09-15T00:00:00+00:00,93827731,20,all_days,completion_random_sample
2026-09-15T00:00:00+00:00,93829538,20,all_days,completion_random_sample
2026-09-15T00:00:00+00:00,93835613,20,all_days,completion_random_sample
2026-09-15T00:00:00+00:00,93841490,20,all_days,completion_random_sample
2026-09-15T00:00:00+00:00,93843751,20,all_days,completion_random_sample
2026-09-15T00:00:00+00:00,93846846,20,all_days,completion_random_sample
2026-09-15T00:00:00+00:00,93854677,20,all_days,completion_random_sample
2026-09-15T00:00:00+00:00,93855028,20,all_days,completion_random_sample
2026-09-15T00:00:00+00:00,93855281,20,all_days,completion_random_sample
2026-09-15T00:00:00+00:00,93856988,20,all_days,completion_random_sample
2026-09-15T00:00:00+00:00,93858646,20,all_days,completion_random_sample
2026-09-15T00:00:00+00:00,93860028,20,all_days,completion_random_sample
2026-09-15T00:00:00+00:00,93866777,20,all_days,completion_random_sample
2026-09-15T00:00:00+00:00,93868820,20,all_days,completion_random_sample
2026-09-15T00:00:00+00:00,93870153,20,all_days,completion_random_sample
2026-09-15T00:00:00+00:00,93870516,20,all_days,completion_random_sample
2026-09-16T00:00:00+00:00,93879021,20,all_days,reused_three_phase_sample
2026-09-16T00:00:00+00:00,93883271,20,all_days,reused_three_phase_sample
2026-09-16T00:00:00+00:00,93885200,20,all_days,reused_three_phase_sample
2026-09-16T00:00:00+00:00,93890110,20,all_days,reused_three_phase_sample
2026-09-16T00:00:00+00:00,93891163,20,all_days,reused_three_phase_sample
2026-09-16T00:00:00+00:00,93895295,20,all_days,reused_three_phase_sample
2026-09-16T00:00:00+00:00,93901125,20,all_days,reused_three_phase_sample
2026-09-16T00:00:00+00:00,93901552,20,all_days,reused_three_phase_sample
2026-09-16T00:00:00+00:00,93903539,20,all_days,reused_three_phase_sample
2026-09-16T00:00:00+00:00,93905277,20,all_days,reused_three_phase_sample
2026-09-16T00:00:00+00:00,93906928,20,all_days,reused_three_phase_sample
2026-09-16T00:00:00+00:00,93908223,20,all_days,reused_three_phase_sample
2026-09-16T00:00:00+00:00,93913397,20,all_days,reused_three_phase_sample
2026-09-16T00:00:00+00:00,93913719,20,all_days,reused_three_phase_sample
2026-09-16T00:00:00+00:00,93915283,20,all_days,reused_three_phase_sample
2026-09-16T00:00:00+00:00,93917019,20,all_days,reused_three_phase_sample
2026-09-16T00:00:00+00:00,93925777,20,all_days,reused_three_phase_sample
2026-09-16T00:00:00+00:00,93927829,20,all_days,reused_three_phase_sample
2026-09-16T00:00:00+00:00,93928722,20,all_days,reused_three_phase_sample
2026-09-16T00:00:00+00:00,93930608,20,all_days,reused_three_phase_sample
2026-09-17T00:00:00+00:00,93936896,20,all_days,reused_three_phase_sample
2026-09-17T00:00:00+00:00,93938745,20,all_days,reused_three_phase_sample
2026-09-17T00:00:00+00:00,93940143,20,all_days,reused_three_phase_sample
2026-09-17T00:00:00+00:00,93941148,20,all_days,reused_three_phase_sample
2026-09-17T00:00:00+00:00,93943522,20,all_days,reused_three_phase_sample
2026-09-17T00:00:00+00:00,93944650,20,all_days,reused_three_phase_sample
2026-09-17T00:00:00+00:00,93948527,20,all_days,reused_three_phase_sample
2026-09-17T00:00:00+00:00,93948866,20,all_days,reused_three_phase_sample
2026-09-17T00:00:00+00:00,93950487,20,all_days,reused_three_phase_sample
2026-09-17T00:00:00+00:00,93959984,20,all_days,reused_three_phase_sample
2026-09-17T00:00:00+00:00,93966859,20,all_days,reused_three_phase_sample
2026-09-17T00:00:00+00:00,93968376,20,all_days,reused_three_phase_sample
2026-09-17T00:00:00+00:00,93969075,20,all_days,reused_three_phase_sample
2026-09-17T00:00:00+00:00,93970575,20,all_days,reused_three_phase_sample
2026-09-17T00:00:00+00:00,93972658,20,all_days,reused_three_phase_sample
2026-09-17T00:00:00+00:00,93972885,20,all_days,reused_three_phase_sample
2026-09-17T00:00:00+00:00,93982300,20,all_days,reused_three_phase_sample
2026-09-17T00:00:00+00:00,93982306,20,all_days,reused_three_phase_sample
2026-09-17T00:00:00+00:00,93982587,20,all_days,reused_three_phase_sample
2026-09-17T00:00:00+00:00,93988545,20,all_days,reused_three_phase_sample
2026-09-18T00:00:00+00:00,93991333,20,all_days,reused_three_phase_sample
2026-09-18T00:00:00+00:00,93992309,20,all_days,reused_three_phase_sample
2026-09-18T00:00:00+00:00,93997825,20,all_days,reused_three_phase_sample
2026-09-18T00:00:00+00:00,93998637,20,all_days,reused_three_phase_sample
2026-09-18T00:00:00+00:00,94006955,20,all_days,reused_three_phase_sample
2026-09-18T00:00:00+00:00,94007002,20,all_days,reused_three_phase_sample
2026-09-18T00:00:00+00:00,94009748,20,all_days,reused_three_phase_sample
2026-09-18T00:00:00+00:00,94011571,20,all_days,reused_three_phase_sample
2026-09-18T00:00:00+00:00,94016291,20,all_days,reused_three_phase_sample
2026-09-18T00:00:00+00:00,94016469,20,all_days,reused_three_phase_sample
2026-09-18T00:00:00+00:00,94017270,20,all_days,reused_three_phase_sample
2026-09-18T00:00:00+00:00,94018327,20,all_days,reused_three_phase_sample
2026-09-18T00:00:00+00:00,94022267,20,all_days,reused_three_phase_sample
2026-09-18T00:00:00+00:00,94023176,20,all_days,reused_three_phase_sample
2026-09-18T00:00:00+00:00,94023516,20,all_days,reused_three_phase_sample
2026-09-18T00:00:00+00:00,94032918,20,all_days,reused_three_phase_sample
2026-09-18T00:00:00+00:00,94035806,20,all_days,reused_three_phase_sample
2026-09-18T00:00:00+00:00,94041229,20,all_days,reused_three_phase_sample
2026-09-18T00:00:00+00:00,94042244,20,all_days,reused_three_phase_sample
2026-09-18T00:00:00+00:00,94043730,20,all_days,reused_three_phase_sample
2026-09-19T00:00:00+00:00,94048171,20,all_days,reused_three_phase_sample
2026-09-19T00:00:00+00:00,94049731,20,all_days,reused_three_phase_sample
2026-09-19T00:00:00+00:00,94051822,20,all_days,reused_three_phase_sample
2026-09-19T00:00:00+00:00,94052306,20,all_days,reused_three_phase_sample
2026-09-19T00:00:00+00:00,94053305,20,all_days,reused_three_phase_sample
2026-09-19T00:00:00+00:00,94056582,20,all_days,reused_three_phase_sample
2026-09-19T00:00:00+00:00,94057505,20,all_days,reused_three_phase_sample
2026-09-19T00:00:00+00:00,94059547,20,all_days,reused_three_phase_sample
2026-09-19T00:00:00+00:00,94061290,20,all_days,reused_three_phase_sample
2026-09-19T00:00:00+00:00,94069709,20,all_days,reused_three_phase_sample
2026-09-19T00:00:00+00:00,94073477,20,all_days,reused_three_phase_sample
2026-09-19T00:00:00+00:00,94076650,20,all_days,reused_three_phase_sample
2026-09-19T00:00:00+00:00,94080355,20,all_days,reused_three_phase_sample
2026-09-19T00:00:00+00:00,94080452,20,all_days,reused_three_phase_sample
2026-09-19T00:00:00+00:00,94085419,20,all_days,reused_three_phase_sample
2026-09-19T00:00:00+00:00,94085771,20,all_days,reused_three_phase_sample
2026-09-19T00:00:00+00:00,94091773,20,all_days,reused_three_phase_sample
2026-09-19T00:00:00+00:00,94093295,20,all_days,reused_three_phase_sample
2026-09-19T00:00:00+00:00,94100973,20,all_days,reused_three_phase_sample
2026-09-19T00:00:00+00:00,94104052,20,all_days,reused_three_phase_sample
2026-09-20T00:00:00+00:00,94109642,20,all_days,reused_three_phase_sample
2026-09-20T00:00:00+00:00,94117955,20,all_days,reused_three_phase_sample
2026-09-20T00:00:00+00:00,94119927,20,all_days,reused_three_phase_sample
2026-09-20T00:00:00+00:00,94121068,20,all_days,reused_three_phase_sample
2026-09-20T00:00:00+00:00,94123543,20,all_days,reused_three_phase_sample
2026-09-20T00:00:00+00:00,94127507,20,all_days,reused_three_phase_sample
2026-09-20T00:00:00+00:00,94128400,20,all_days,reused_three_phase_sample
2026-09-20T00:00:00+00:00,94128580,20,all_days,reused_three_phase_sample
2026-09-20T00:00:00+00:00,94131414,20,all_days,reused_three_phase_sample
2026-09-20T00:00:00+00:00,94131881,20,all_days,reused_three_phase_sample
2026-09-20T00:00:00+00:00,94136006,20,all_days,reused_three_phase_sample
2026-09-20T00:00:00+00:00,94140640,20,all_days,reused_three_phase_sample
2026-09-20T00:00:00+00:00,94141943,20,all_days,reused_three_phase_sample
2026-09-20T00:00:00+00:00,94142106,20,all_days,reused_three_phase_sample
2026-09-20T00:00:00+00:00,94143181,20,all_days,reused_three_phase_sample
2026-09-20T00:00:00+00:00,94143473,20,all_days,reused_three_phase_sample
2026-09-20T00:00:00+00:00,94144600,20,all_days,reused_three_phase_sample
2026-09-20T00:00:00+00:00,94146177,20,all_days,reused_three_phase_sample
2026-09-20T00:00:00+00:00,94149666,20,all_days,reused_three_phase_sample
2026-09-20T00:00:00+00:00,94154371,20,all_days,reused_three_phase_sample
2026-09-21T00:00:00+00:00,94165841,20,all_days,reused_three_phase_sample
2026-09-21T00:00:00+00:00,94171166,20,all_days,reused_three_phase_sample
2026-09-21T00:00:00+00:00,94177772,20,all_days,reused_three_phase_sample
2026-09-21T00:00:00+00:00,94181198,20,all_days,reused_three_phase_sample
2026-09-21T00:00:00+00:00,94183191,20,all_days,reused_three_phase_sample
2026-09-21T00:00:00+00:00,94184407,20,all_days,reused_three_phase_sample
2026-09-21T00:00:00+00:00,94184699,20,all_days,reused_three_phase_sample
2026-09-21T00:00:00+00:00,94190889,20,all_days,reused_three_phase_sample
2026-09-21T00:00:00+00:00,94194819,20,all_days,reused_three_phase_sample
2026-09-21T00:00:00+00:00,94195983,20,all_days,reused_three_phase_sample
2026-09-21T00:00:00+00:00,94198140,20,all_days,reused_three_phase_sample
2026-09-21T00:00:00+00:00,94198733,20,all_days,reused_three_phase_sample
2026-09-21T00:00:00+00:00,94199790,20,all_days,reused_three_phase_sample
2026-09-21T00:00:00+00:00,94206088,20,all_days,reused_three_phase_sample
2026-09-21T00:00:00+00:00,94208633,20,all_days,reused_three_phase_sample
2026-09-21T00:00:00+00:00,94210332,20,all_days,reused_three_phase_sample
2026-09-21T00:00:00+00:00,94212786,20,all_days,reused_three_phase_sample
2026-09-21T00:00:00+00:00,94217228,20,all_days,reused_three_phase_sample
2026-09-21T00:00:00+00:00,94218727,20,all_days,reused_three_phase_sample
2026-09-21T00:00:00+00:00,94219881,20,all_days,reused_three_phase_sample
2026-09-22T00:00:00+00:00,94220971,20,all_days,reused_three_phase_sample
2026-09-22T00:00:00+00:00,94232289,20,all_days,reused_three_phase_sample
2026-09-22T00:00:00+00:00,94234217,20,all_days,reused_three_phase_sample
2026-09-22T00:00:00+00:00,94234893,20,all_days,reused_three_phase_sample
2026-09-22T00:00:00+00:00,94236321,20,all_days,reused_three_phase_sample
2026-09-22T00:00:00+00:00,94249958,20,all_days,reused_three_phase_sample
2026-09-22T00:00:00+00:00,94250980,20,all_days,reused_three_phase_sample
2026-09-22T00:00:00+00:00,94251539,20,all_days,reused_three_phase_sample
2026-09-22T00:00:00+00:00,94253186,20,all_days,reused_three_phase_sample
2026-09-22T00:00:00+00:00,94254112,20,all_days,reused_three_phase_sample
2026-09-22T00:00:00+00:00,94257101,20,all_days,reused_three_phase_sample
2026-09-22T00:00:00+00:00,94258071,20,all_days,reused_three_phase_sample
2026-09-22T00:00:00+00:00,94260412,20,all_days,reused_three_phase_sample
2026-09-22T00:00:00+00:00,94262235,20,all_days,reused_three_phase_sample
2026-09-22T00:00:00+00:00,94265648,20,all_days,reused_three_phase_sample
2026-09-22T00:00:00+00:00,94269219,20,all_days,reused_three_phase_sample
2026-09-22T00:00:00+00:00,94272595,20,all_days,reused_three_phase_sample
2026-09-22T00:00:00+00:00,94273434,20,all_days,reused_three_phase_sample
2026-09-22T00:00:00+00:00,94273619,20,all_days,reused_three_phase_sample
2026-09-22T00:00:00+00:00,94273954,20,all_days,reused_three_phase_sample
